1,"mistral-large2","\N","14 classified",\\N,"SUCCESS","\N","2026-07-24 07:03:25.066","CLASSIFY_BATCH","\N",\\N,\\N,\\N,"\N",1
101,"mistral-large2","\N","9 classified",\\N,"SUCCESS","\N","2026-07-24 07:03:46.924","CLASSIFY_BATCH","\N",\\N,\\N,\\N,"\N",101
102,"llama3-8b","Return ONLY a JSON object (no markdown, no explanation). Stats: Total BLs: 10009, Pending: 1200, SAP Posted: 201, Avg charges: $5299.49, Open fraud alerts: 182. Format: {""status"":""SUCCESS"",""insights"":[{""category"":""RISK"",""priority"":""HIGH"",""title"":""..."",""insight"":""...""},{""category"":""OPPORTUNITY"",""priority"":""MEDIUM"",""title"":""..."",""insight"":""...""},{""category"":""TREND"",""priority"":""LOW"",""title"":""..."",""insight"":""...""}],""data_summary"":""...""}","{
  ""status"": ""SUCCESS"",
  ""insights"": [
    {
      ""category"": ""RISK"",
      ""priority"": ""HIGH"",
      ""title"": ""Open fraud alerts: 182"",
      ""insight"": ""Total BLs: 10009, Pending: 1200, SAP Posted: 201, Avg charges: $5299.49""
    }
  ],
  ""data_summary"": ""Total BLs: 10009, Pending: 1200, SAP Posted: 201, Avg charges: $5299.49, Open fraud alerts: 182""
}",1500,"SUCCESS","\N","2026-07-24 07:04:24.921","AI_GENERATE_INSIGHTS","AI_GENERATE_INSIGHTS",\\N,\\N,\\N,"SUCCESS",102
103,"mistral-large2","Summarize in 5 words: shipment delayed due to customs inspection"," Shipment delayed: customs inspection.",\\N,"SUCCESS","\N","2026-07-24 07:04:47.332","DEMO_FINOPS","\N",\\N,\\N,474,"\N",103
2,"llama3-8b","Return ONLY a JSON object (no markdown, no explanation). Stats: Total BLs: 10009, Pending: 1200, SAP Posted: 201, Avg charges: $5299.49, Open fraud alerts: 182. Format: {""status"":""SUCCESS"",""insights"":[{""category"":""RISK"",""priority"":""HIGH"",""title"":""..."",""insight"":""...""},{""category"":""OPPORTUNITY"",""priority"":""MEDIUM"",""title"":""..."",""insight"":""...""},{""category"":""TREND"",""priority"":""LOW"",""title"":""..."",""insight"":""...""}],""data_summary"":""...""}","{
  ""status"": ""SUCCESS"",
  ""insights"": [
    {
      ""category"": ""RISK"",
      ""priority"": ""HIGH"",
      ""title"": ""Open fraud alerts"",
      ""insight"": ""182""
    },
    {
      ""category"": ""RISK"",
      ""priority"": ""HIGH"",
      ""title"": ""Pending BLs"",
      ""insight"": ""1200""
    },
    {
      ""category"": ""RISK"",
      ""priority"": ""HIGH"",
      ""title"": ""Total BLs"",
      ""insight"": ""10009""
    },
    {
      ""category"": ""OPPORTUNITY"",
      ""priority"": ""MEDIUM"",
      ""title"": ""SAP Posted"",
      ""insight"": ""201""
    },
    {
      ""category"": ""TREND"",
      ""priority"": ""LOW"",
      ""title"": ""Avg charges"",
      ""insight"": ""$5299.49""
    }
  ],
  ""data_summary"": ""Total BLs: 10009, Pending: 1200, SAP Posted: 201, Avg charges: $5299.49, Open fraud alerts: 182""
}",1500,"SUCCESS","\N","2026-07-24 07:06:01.643","AI_GENERATE_INSIGHTS","AI_GENERATE_INSIGHTS",\\N,\\N,\\N,"SUCCESS",2
201,"mistral-large2","Say hello in 5 words","\N",\\N,"ERROR","SQL compilation error:
Invalid expression [CAST(PARSE_JSON(:V_RESPONSE) AS VARCHAR(134217728))] in VALUES clause","2026-07-27 08:18:04.099","AI_COMPLETE_WITH_RETRY","\N",\\N,\\N,\\N,"\N",201
202,"mistral-large2","Say hello in 5 words","\N",\\N,"ERROR","SQL compilation error:
Invalid expression [CAST(PARSE_JSON(:V_RESPONSE) AS VARCHAR(134217728))] in VALUES clause","2026-07-27 08:18:05.861","AI_COMPLETE_WITH_RETRY","\N",\\N,\\N,\\N,"\N",202
203,"mistral-large2","Say hello in 5 words","\N",\\N,"ERROR","SQL compilation error:
Invalid expression [CAST(PARSE_JSON(:V_RESPONSE) AS VARCHAR(134217728))] in VALUES clause","2026-07-27 08:18:06.755","AI_COMPLETE_WITH_RETRY","\N",\\N,\\N,\\N,"\N",203
301,"llama3-8b","Say hello in exactly 5 words","Hello, how are you today?",\\N,"SUCCESS","\N","2026-07-27 08:19:18.572","AI_COMPLETE_WITH_RETRY","\N",\\N,\\N,\\N,"\N",301
302,"llama3-8b","You are a logistics fraud analyst. Explain this fraud alert in business terms for English readers. Alert type: COST_PER_KG_ANOMALY. Description: Auto-scan: DEMO032020 | $75000 | 95000kg. Provide: 1) What happened, 2) Why it matters, 3) Recommended actions. Keep it under 200 words.","**Fraud Alert: COST_PER_KG_ANOMALY**

**What happened:** A suspicious transaction has been detected in the DEMO032020 shipment, where the cost per kilogram (kg) of goods transported appears to be significantly higher than expected. The shipment, valued at $75,000, contains 95,000 kg of goods, resulting in an unusually high cost per kg of $0.79.

**Why it matters:** This anomaly may indicate fraudulent activity, such as misdeclaration of goods or inflated pricing. As a logistics company, it is essential to identify and address such discrepancies to maintain the integrity of our operations and protect our reputation.

**Recommended actions:**

1. **Verify shipment details:** Confirm the contents and weight of the shipment with the shipper to ensure accuracy.
2. **Investigate pricing:** Review the pricing structure and negotiate with the shipper to validate the cost per kg.
3. **Monitor and report:** Closely monitor the shipment's progress and report any further anomalies to our internal fraud team for further investigation and potential legal action.",\\N,"SUCCESS","\N","2026-07-27 08:19:42.734","AI_COMPLETE_WITH_RETRY","\N",\\N,\\N,\\N,"\N",302
1,"llama3-8b","Return ONLY a JSON object (no markdown, no explanation). Stats: Total BLs: 10025, Pending: 1195, SAP Posted: 229, Avg charges: $5305.9, Open fraud alerts: 174. Format: {""status"":""SUCCESS"",""insights"":[{""category"":""RISK"",""priority"":""HIGH"",""title"":""..."",""insight"":""...""},{""category"":""OPPORTUNITY"",""priority"":""MEDIUM"",""title"":""..."",""insight"":""...""},{""category"":""TREND"",""priority"":""LOW"",""title"":""..."",""insight"":""...""}],""data_summary"":""...""}","{
  ""status"": ""SUCCESS"",
  ""insights"": [
    {
      ""category"": ""RISK"",
      ""priority"": ""HIGH"",
      ""title"": ""Open fraud alerts: 174"",
      ""insight"": ""Total BLs: 10025, Pending: 1195, SAP Posted: 229, Avg charges: $5305.9""
    }
  ],
  ""data_summary"": ""Total BLs: 10025, Pending: 1195, SAP Posted: 229, Avg charges: $5305.9, Open fraud alerts: 174""
}",199,"SUCCESS","\N","2026-08-01 22:30:47.840","AI_GENERATE_INSIGHTS","AI_GENERATE_INSIGHTS",109,90,1403,"SUCCESS",400
2,"mistral-large2","You are a maritime logistics fraud and compliance analyst. Analyze the alert below and produce: 1) Risk assessment (HIGH/MEDIUM/LOW), 2) Key indicators with the actual numbers, 3) The action you decide. Be concise.

Apply THIS RUBRIC and follow it strictly:
- BLOCK: sanctions matches > 0, OR cost/kg exceeds 5x the peer median, OR the counterparty name indicates a shell/front company (e.g. contains ""SUSPICIOUS"", ""SHELL"", ""UNKNOWN"", or is a generic non-identifiable trading name).
- ESCALATE: a required commercial figure is missing or unverifiable so a human must judge; OR the document provenance section reports an extraction confidence below 60/100 or a failed validation, because the underlying data cannot be trusted enough to clear or block automatically.
- CLEAR: sanctions matches = 0 AND cost/kg is at or below the 95th percentile AND total charges are at or below the 95th percentile AND both counterparties are recognisable real businesses AND (if document provenance is given) the extraction validated cleanly. A weight or duplicate-BL flag alone, with normal economics and clean screening, is a routine data-quality issue and should be CLEARED.

Do not invent thresholds beyond those above. Justify your decision with the numbers given.

You MUST end your response with exactly two final lines in this format:
DECISION: <BLOCK or ESCALATE or CLEAR>
REASON: <one sentence, max 200 characters, citing the decisive evidence>

Alert evidence: Alert type: DOCUMENT_QUALITY. BL: HLCU2026014. Shipper: (not stated). Consignee: (not stated). Carrier: (not stated). Route: ? -> ?. Charges: $not stated. Weight: 0kg. Cost per kg: $not computable. PEER BASELINE across all shipments: median cost/kg $0.2558, 95th percentile cost/kg $1.0692, 95th percentile total charges $7831. Sanctions/export-restriction list matches for the counterparties: 0 (0 = both parties clear, -1 = screening data unavailable). DOCUMENT PROVENANCE: this shipment was created by AI extraction from the PDF bill_of_lading/BL_HAPAG_LLOYD_HLCU2026014_ERROR.pdf. Extraction confidence 75/100. Extraction validation result: GrossWeightKg. Detail: GrossWeightKg is invalid because the value is 0, which violates the rule that it must be strictly greater than 0."," **Risk Assessment:** MEDIUM

**Key Indicators:**
- Sanctions matches: 0
- Cost/kg: Not computable (due to missing weight and charges)
- Document provenance: Extraction confidence 75/100, validation result: GrossWeightKg is invalid

**Action:**

DECISON: ESCALATE
REASON: Required commercial figures (weight and charges) are missing, necessitating human judgment.",650,"SUCCESS","\N","2026-08-01 22:31:05.583","fraud_investigation","WORKFLOW_INVESTIGATE_ANOMALY",559,91,2868,"SUCCESS",401
3,"llama3-8b","Return ONLY a JSON object (no markdown, no explanation). Stats: Total BLs: 10025, Pending: 1195, SAP Posted: 229, Avg charges: $5305.9, Open fraud alerts: 173. Format: {""status"":""SUCCESS"",""insights"":[{""category"":""RISK"",""priority"":""HIGH"",""title"":""..."",""insight"":""...""},{""category"":""OPPORTUNITY"",""priority"":""MEDIUM"",""title"":""..."",""insight"":""...""},{""category"":""TREND"",""priority"":""LOW"",""title"":""..."",""insight"":""...""}],""data_summary"":""...""}","{
  ""status"": ""SUCCESS"",
  ""insights"": [
    {
      ""category"": ""RISK"",
      ""priority"": ""HIGH"",
      ""title"": ""Open fraud alerts: 173"",
      ""insight"": ""High risk due to open fraud alerts""
    },
    {
      ""category"": ""OPPORTUNITY"",
      ""priority"": ""MEDIUM"",
      ""title"": ""Average charges: $5305.9"",
      ""insight"": ""Medium opportunity due to high average charges""
    },
    {
      ""category"": ""TREND"",
      ""priority"": ""LOW"",
      ""title"": ""Total BLs: 10025, Pending: 1195, SAP Posted: 229"",
      ""insight"": ""Low trend due to steady BLs and pending""
    }
  ],
  ""data_summary"": ""Total BLs: 10025, Pending: 1195, SAP Posted: 229, Avg charges: $5305.9, Open fraud alerts: 173""
}",283,"SUCCESS","\N","2026-08-01 22:32:36.575","AI_GENERATE_INSIGHTS","AI_GENERATE_INSIGHTS",109,174,1812,"SUCCESS",402
4,"mistral-large2","You are a maritime logistics fraud and compliance analyst. Analyze the alert below and produce: 1) Risk assessment (HIGH/MEDIUM/LOW), 2) Key indicators with the actual numbers, 3) The action you decide. Be concise.

Apply THIS RUBRIC and follow it strictly:
- BLOCK: sanctions matches > 0, OR cost/kg exceeds 5x the peer median, OR the counterparty name indicates a shell/front company (e.g. contains ""SUSPICIOUS"", ""SHELL"", ""UNKNOWN"", or is a generic non-identifiable trading name).
- ESCALATE: a required commercial figure is missing or unverifiable so a human must judge; OR the document provenance section reports an extraction confidence below 60/100 or a failed validation, because the underlying data cannot be trusted enough to clear or block automatically.
- CLEAR: sanctions matches = 0 AND cost/kg is at or below the 95th percentile AND total charges are at or below the 95th percentile AND both counterparties are recognisable real businesses AND (if document provenance is given) the extraction validated cleanly. A weight or duplicate-BL flag alone, with normal economics and clean screening, is a routine data-quality issue and should be CLEARED.

Do not invent thresholds beyond those above. Justify your decision with the numbers given.

You MUST end your response with exactly two final lines in this format:
DECISION: <BLOCK or ESCALATE or CLEAR>
REASON: <one sentence, max 200 characters, citing the decisive evidence>

Alert evidence: Alert type: HIGH_VALUE_ANOMALY. BL: MOCK22341301. Shipper: SUSPICIOUS TRADING CO. Consignee: SHELL CORP INTL. Carrier: MAERSK. Route: VNSGN -> KRPUS. Charges: $75000. Weight: 30000kg. Cost per kg: $2.5. PEER BASELINE across all shipments: median cost/kg $0.2558, 95th percentile cost/kg $1.0701, 95th percentile total charges $7832. Sanctions/export-restriction list matches for the counterparties: 0 (0 = both parties clear, -1 = screening data unavailable)."," **Risk Assessment:** HIGH

**Key Indicators:**
- Cost per kg: $2.5
- Peer median cost/kg: $0.2558
- Peer 95th percentile cost/kg: $1.0701
- Shipper name: SUSPICIOUS TRADING CO
- Consignee name: SHELL CORP INTL

**Action:**
The cost per kg ($2.5) exceeds 5 times the peer median ($0.2558). Additionally, the shipper name contains ""SUSPICIOUS,"" indicating a potential shell/front company.

DECISION: BLOCK
REASON: Cost per kg exceeds 5x peer median and shipper name indicates a shell/front company.",604,"SUCCESS","\N","2026-08-01 22:34:34.644","fraud_investigation","WORKFLOW_INVESTIGATE_ANOMALY",479,125,6339,"SUCCESS",403
5,"mistral-large2","You are a maritime logistics fraud and compliance analyst. Analyze the alert below and produce: 1) Risk assessment (HIGH/MEDIUM/LOW), 2) Key indicators with the actual numbers, 3) The action you decide. Be concise.

Apply THIS RUBRIC and follow it strictly:
- BLOCK: sanctions matches > 0, OR cost/kg exceeds 5x the peer median, OR the counterparty name indicates a shell/front company (e.g. contains ""SUSPICIOUS"", ""SHELL"", ""UNKNOWN"", or is a generic non-identifiable trading name).
- ESCALATE: a required commercial figure is missing or unverifiable so a human must judge; OR the document provenance section reports an extraction confidence below 60/100 or a failed validation, because the underlying data cannot be trusted enough to clear or block automatically.
- CLEAR: sanctions matches = 0 AND cost/kg is at or below the 95th percentile AND total charges are at or below the 95th percentile AND both counterparties are recognisable real businesses AND (if document provenance is given) the extraction validated cleanly. A weight or duplicate-BL flag alone, with normal economics and clean screening, is a routine data-quality issue and should be CLEARED.

Do not invent thresholds beyond those above. Justify your decision with the numbers given.

You MUST end your response with exactly two final lines in this format:
DECISION: <BLOCK or ESCALATE or CLEAR>
REASON: <one sentence, max 200 characters, citing the decisive evidence>

Alert evidence: Alert type: HIGH_VALUE_ANOMALY. BL: MOCK22341302. Shipper: Pacific Rim Trading Co. Consignee: Global Freight Solutions Ltd. Carrier: CMA CGM. Route: VNSGN -> JPYOK. Charges: $51000. Weight: 50000kg. Cost per kg: $1.02. PEER BASELINE across all shipments: median cost/kg $0.2558, 95th percentile cost/kg $1.0701, 95th percentile total charges $7832. Sanctions/export-restriction list matches for the counterparties: 0 (0 = both parties clear, -1 = screening data unavailable)."," **Risk Assessment:** MEDIUM

**Key Indicators:**
- Cost per kg: $1.02
- Peer median cost/kg: $0.2558
- 95th percentile cost/kg: $1.0701
- Total charges: $51,000
- 95th percentile total charges: $7,832
- Sanctions matches: 0

**Action:**
The cost per kg ($1.02) is below the 95th percentile ($1.0701), but the total charges ($51,000) significantly exceed the 95th percentile ($7,832). Both counterparties are recognizable real businesses, and there are no sanctions matches.

DECISION: ESCALATE
REASON: Total charges ($51,000) exceed the 95th percentile ($7,832), requiring human judgment.",631,"SUCCESS","\N","2026-08-01 22:35:09.123","fraud_investigation","WORKFLOW_INVESTIGATE_ANOMALY",483,148,8435,"SUCCESS",404
6,"mistral-large2","You are a maritime logistics fraud and compliance analyst. Analyze the alert below and produce: 1) Risk assessment (HIGH/MEDIUM/LOW), 2) Key indicators with the actual numbers, 3) The action you decide. Be concise.

Apply THIS RUBRIC and follow it strictly:
- BLOCK: sanctions matches > 0, OR cost/kg exceeds 5x the peer median, OR the counterparty name indicates a shell/front company (e.g. contains ""SUSPICIOUS"", ""SHELL"", ""UNKNOWN"", or is a generic non-identifiable trading name).
- ESCALATE: a required commercial figure is missing or unverifiable so a human must judge; OR the document provenance section reports an extraction confidence below 60/100 or a failed validation, because the underlying data cannot be trusted enough to clear or block automatically.
- CLEAR: sanctions matches = 0 AND cost/kg is at or below the 95th percentile AND total charges are at or below the 95th percentile AND both counterparties are recognisable real businesses AND (if document provenance is given) the extraction validated cleanly. A weight or duplicate-BL flag alone, with normal economics and clean screening, is a routine data-quality issue and should be CLEARED.

Do not invent thresholds beyond those above. Justify your decision with the numbers given.

You MUST end your response with exactly two final lines in this format:
DECISION: <BLOCK or ESCALATE or CLEAR>
REASON: <one sentence, max 200 characters, citing the decisive evidence>

Alert evidence: Alert type: HIGH_VALUE_ANOMALY. BL: EGLV00020. Shipper: Viglacera Corp. Consignee: Best Buy USA. Carrier: YANG_MING. Route: MYPKG -> VNHPH. Charges: $68000. Weight: 19888kg. Cost per kg: $3.4191. PEER BASELINE across all shipments: median cost/kg $0.2559, 95th percentile cost/kg $1.0762, 95th percentile total charges $7840. Sanctions/export-restriction list matches for the counterparties: 0 (0 = both parties clear, -1 = screening data unavailable)."," **Risk Assessment:** HIGH

**Key Indicators:**
- Cost per kg: $3.4191
- Peer median cost/kg: $0.2559
- 95th percentile cost/kg: $1.0762
- Total charges: $68,000
- 95th percentile total charges: $7,840
- Sanctions matches: 0

**Action:**
The cost per kg ($3.4191) exceeds 5 times the peer median ($0.2559), and the total charges ($68,000) are significantly higher than the 95th percentile ($7,840).

DECISION: BLOCK
REASON: Cost per kg exceeds 5x the peer median and total charges exceed the 95th percentile.",604,"SUCCESS","\N","2026-08-01 22:40:49.442","fraud_investigation","WORKFLOW_INVESTIGATE_ANOMALY",477,127,5974,"SUCCESS",405
7,"mistral-large2","You are a maritime logistics fraud and compliance analyst. Apply THIS RUBRIC strictly:
- BLOCK: sanctions matches > 0, OR cost/kg exceeds 5x the peer median, OR a counterparty name indicates a shell/front company (contains SUSPICIOUS, SHELL, UNKNOWN, or is a generic non-identifiable trading name).
- ESCALATE: a required commercial figure is missing or unverifiable so a human must judge; OR document provenance reports extraction confidence below 60/100 or a failed validation.
- CLEAR: sanctions matches = 0 AND cost/kg is at or below the 95th percentile AND total charges are at or below the 95th percentile AND both counterparties are recognisable real businesses AND (if provenance is given) the extraction validated cleanly. A weight or duplicate-BL flag alone, with normal economics and clean screening, is a routine data-quality issue and should be CLEARED.

Do not invent thresholds beyond those above. Cite the actual numbers in your reason.
Return: decision (one of BLOCK/ESCALATE/CLEAR), reason (one sentence, max 200 chars, citing the decisive evidence), assessment (a short risk assessment naming the key indicators and their values).

Alert evidence: Alert type: HIGH_VALUE_ANOMALY. BL: EGLV00020. Shipper: Viglacera Corp. Consignee: Best Buy USA. Carrier: YANG_MING. Route: MYPKG -> VNHPH. Charges: $68000. Weight: 19888kg. Cost per kg: $3.4191. PEER BASELINE across all shipments: median cost/kg $0.2559, 95th percentile cost/kg $1.0762, 95th percentile total charges $7840. Sanctions/export-restriction list matches for the counterparties: 0 (0 = both parties clear, -1 = screening data unavailable).","{""assessment"":""The key indicators are cost/kg at $3.4191, which exceeds 5x the peer median of $0.2559, and total charges at $68000, which exceeds the 95th percentile of $7840. Both counterparties are recognizable real businesses, and there are no sanctions matches."",""decision"":""BLOCK"",""reason"":""Cost/kg exceeds 5x the peer median ($3.4191 > 5 * $0.2559).""}",632,"SUCCESS","\N","2026-08-01 23:23:09.721","fraud_investigation:attempt1","WORKFLOW_INVESTIGATE_ANOMALY",494,138,3724,"SUCCESS",406
8,"mistral-large2","You are a maritime logistics fraud and compliance analyst. Apply THIS RUBRIC strictly:
- BLOCK: sanctions matches > 0, OR cost/kg exceeds 5x the peer median, OR a counterparty name indicates a shell/front company (contains SUSPICIOUS, SHELL, UNKNOWN, or is a generic non-identifiable trading name).
- ESCALATE: a required commercial figure is missing or unverifiable so a human must judge; OR document provenance reports extraction confidence below 60/100 or a failed validation.
- CLEAR: sanctions matches = 0 AND cost/kg is at or below the 95th percentile AND total charges are at or below the 95th percentile AND both counterparties are recognisable real businesses AND (if provenance is given) the extraction validated cleanly. A weight or duplicate-BL flag alone, with normal economics and clean screening, is a routine data-quality issue and should be CLEARED.

Do not invent thresholds beyond those above. Cite the actual numbers in your reason.
Return: decision (one of BLOCK/ESCALATE/CLEAR), reason (one sentence, max 200 chars, citing the decisive evidence), assessment (a short risk assessment naming the key indicators and their values).

Alert evidence: Alert type: HIGH_VALUE_ANOMALY. BL: YMLU00023. Shipper: Trung Nguyen Coffee. Consignee: Construction Supply Co. Carrier: CMA_CGM. Route: MYPKG -> VNHPH. Charges: $65000. Weight: 8212kg. Cost per kg: $7.9152. PEER BASELINE across all shipments: median cost/kg $0.2559, 95th percentile cost/kg $1.0762, 95th percentile total charges $7840. Sanctions/export-restriction list matches for the counterparties: 0 (0 = both parties clear, -1 = screening data unavailable).","{""assessment"":""The key indicators are cost/kg ($7.9152) exceeding 5x the peer median ($0.2559), and total charges ($65000) exceeding the 95th percentile ($7840)."",""decision"":""BLOCK"",""reason"":""Cost/kg exceeds 5x the peer median ($7.9152 > 5 * $0.2559).""}",609,"SUCCESS","\N","2026-08-01 23:26:22.683","fraud_investigation:attempt1","WORKFLOW_INVESTIGATE_ANOMALY",494,115,3039,"SUCCESS",407
9,"mistral-large2","You are a maritime logistics fraud and compliance analyst. Apply THIS RUBRIC strictly:
- BLOCK: sanctions matches > 0, OR cost/kg exceeds 5x the peer median, OR a counterparty name indicates a shell/front company (contains SUSPICIOUS, SHELL, UNKNOWN, or is a generic non-identifiable trading name).
- ESCALATE: a required commercial figure is missing or unverifiable so a human must judge; OR document provenance reports extraction confidence below 60/100 or a failed validation.
- CLEAR: sanctions matches = 0 AND cost/kg is at or below the 95th percentile AND total charges are at or below the 95th percentile AND both counterparties are recognisable real businesses AND (if provenance is given) the extraction validated cleanly. A weight or duplicate-BL flag alone, with normal economics and clean screening, is a routine data-quality issue and should be CLEARED.

Do not invent thresholds beyond those above. Cite the actual numbers in your reason.
Return: decision (one of BLOCK/ESCALATE/CLEAR), reason (one sentence, max 200 chars, citing the decisive evidence), assessment (a short risk assessment naming the key indicators and their values).

Alert evidence: Alert type: HIGH_VALUE_ANOMALY. BL: OOLU00013. Shipper: Tan Hiep Phat. Consignee: Construction Supply Co. Carrier: COSCO. Route: CNNGB -> THLCH. Charges: $52000. Weight: 43643kg. Cost per kg: $1.1915. PEER BASELINE across all shipments: median cost/kg $0.2559, 95th percentile cost/kg $1.0762, 95th percentile total charges $7840. Sanctions/export-restriction list matches for the counterparties: 0 (0 = both parties clear, -1 = screening data unavailable).","{""assessment"":""The key indicators are cost/kg ($1.1915) exceeding the 95th percentile ($1.0762) and total charges ($52000) exceeding the 95th percentile ($7840)."",""decision"":""BLOCK"",""reason"":""Cost/kg ($1.1915) exceeds 5x the peer median ($0.2559).""}",603,"SUCCESS","\N","2026-08-01 23:26:59.781","fraud_investigation:attempt1","WORKFLOW_INVESTIGATE_ANOMALY",490,113,3030,"SUCCESS",408
10,"mistral-large2","You are a maritime logistics fraud and compliance analyst. Apply THIS RUBRIC strictly:
- BLOCK: sanctions matches > 0, OR cost/kg exceeds 5x the peer median, OR a counterparty name indicates a shell/front company (contains SUSPICIOUS, SHELL, UNKNOWN, or is a generic non-identifiable trading name).
- ESCALATE: a required commercial figure is missing or unverifiable so a human must judge; OR document provenance reports extraction confidence below 60/100 or a failed validation.
- CLEAR: sanctions matches = 0 AND cost/kg is at or below the 95th percentile AND total charges are at or below the 95th percentile AND both counterparties are recognisable real businesses AND (if provenance is given) the extraction validated cleanly. A weight or duplicate-BL flag alone, with normal economics and clean screening, is a routine data-quality issue and should be CLEARED.

Do not invent thresholds beyond those above. Cite the actual numbers in your reason.
Return: decision (one of BLOCK/ESCALATE/CLEAR), reason (one sentence, max 200 chars, citing the decisive evidence), assessment (a short risk assessment naming the key indicators and their values).

Alert evidence: Alert type: HIGH_VALUE_ANOMALY. BL: YMLU00024. Shipper: ABC Electronics Vietnam. Consignee: Metro AG. Carrier: YANG_MING. Route: HKHKG -> VNSGN. Charges: $77000. Weight: 3214kg. Cost per kg: $23.9577. PEER BASELINE across all shipments: median cost/kg $0.2559, 95th percentile cost/kg $1.0762, 95th percentile total charges $7840. Sanctions/export-restriction list matches for the counterparties: 0 (0 = both parties clear, -1 = screening data unavailable).","{""assessment"":""The key indicators are cost per kg ($23.9577) and the peer median cost/kg ($0.2559). The cost per kg exceeds 5x the peer median, which is a significant anomaly."",""decision"":""BLOCK"",""reason"":""Cost/kg ($23.9577) exceeds 5x the peer median ($0.2559).""}",599,"SUCCESS","\N","2026-08-01 23:27:06.636","fraud_investigation:attempt1","WORKFLOW_INVESTIGATE_ANOMALY",492,107,2822,"SUCCESS",409
11,"mistral-large2","You are a maritime logistics fraud and compliance analyst. Apply THIS RUBRIC strictly:
- BLOCK: sanctions matches > 0, OR cost/kg exceeds 5x the peer median, OR a counterparty name indicates a shell/front company (contains SUSPICIOUS, SHELL, UNKNOWN, or is a generic non-identifiable trading name).
- ESCALATE: a required commercial figure is missing or unverifiable so a human must judge; OR document provenance reports extraction confidence below 60/100 or a failed validation.
- CLEAR: sanctions matches = 0 AND cost/kg is at or below the 95th percentile AND total charges are at or below the 95th percentile AND both counterparties are recognisable real businesses AND (if provenance is given) the extraction validated cleanly. A weight or duplicate-BL flag alone, with normal economics and clean screening, is a routine data-quality issue and should be CLEARED.

Do not invent thresholds beyond those above. Cite the actual numbers in your reason.
Return: decision (one of BLOCK/ESCALATE/CLEAR), reason (one sentence, max 200 chars, citing the decisive evidence), assessment (a short risk assessment naming the key indicators and their values).

Alert evidence: Alert type: HIGH_VALUE_ANOMALY. BL: EGLV00025. Shipper: Canon Vietnam. Consignee: Tesco PLC. Carrier: COSCO. Route: DEHAM -> JPYOK. Charges: $91000. Weight: 36390kg. Cost per kg: $2.5007. PEER BASELINE across all shipments: median cost/kg $0.2559, 95th percentile cost/kg $1.0762, 95th percentile total charges $7840. Sanctions/export-restriction list matches for the counterparties: 0 (0 = both parties clear, -1 = screening data unavailable).","{""assessment"":""The key indicators are cost/kg at $2.5007, which exceeds the 95th percentile of $1.0762, and total charges at $91000, which exceeds the 95th percentile of $7840. Both counterparties are recognizable real businesses, and there are no sanctions matches."",""decision"":""BLOCK"",""reason"":""Cost/kg exceeds 5x the peer median ($2.5007 > 5 * $0.2559).""}",627,"SUCCESS","\N","2026-08-01 23:27:14.188","fraud_investigation:attempt1","WORKFLOW_INVESTIGATE_ANOMALY",488,139,3683,"SUCCESS",410
12,"mistral-large2","You are a maritime logistics fraud and compliance analyst. Apply THIS RUBRIC strictly:
- BLOCK: sanctions matches > 0, OR cost/kg exceeds 5x the peer median, OR a counterparty name indicates a shell/front company (contains SUSPICIOUS, SHELL, UNKNOWN, or is a generic non-identifiable trading name).
- ESCALATE: a required commercial figure is missing or unverifiable so a human must judge; OR document provenance reports extraction confidence below 60/100 or a failed validation.
- CLEAR: sanctions matches = 0 AND cost/kg is at or below the 95th percentile of cost/kg AND both counterparties are recognisable real businesses AND (if provenance is given) the extraction validated cleanly.

Judge the economics by COST PER KG against the peer baseline, not by the absolute invoice total: a large shipment with a normal cost/kg is commercially ordinary and should be CLEARED. A heavy-weight or duplicate-BL flag alone, with normal cost/kg and clean screening, is a routine data-quality issue and should also be CLEARED.

Do not invent thresholds beyond those above. Cite the actual numbers in your reason.
Return: decision (one of BLOCK/ESCALATE/CLEAR), reason (one sentence, max 200 chars, citing the decisive evidence), assessment (a short risk assessment naming the key indicators and their values).

Alert evidence: Alert type: HIGH_VALUE_ANOMALY. BL: OOLU08503. Shipper: Hoa Sen Group. Consignee: Lazada Group. Carrier: HAPAG_LLOYD. Route: AEJEA -> JPYOK. Charges: $8774. Weight: 6232kg. Cost per kg: $1.4079. PEER BASELINE across all shipments: median cost/kg $0.2558, 95th percentile cost/kg $1.0692. Sanctions/export-restriction list matches for the counterparties: 0 (0 = both parties clear, -1 = screening data unavailable).","{""assessment"":""The cost per kg of $1.4079 exceeds the 95th percentile of $1.0692, indicating a significant anomaly in pricing. Both counterparties are recognizable real businesses, and there are no sanctions matches."",""decision"":""BLOCK"",""reason"":""Cost per kg ($1.4079) exceeds the 95th percentile ($1.0692).""}",633,"SUCCESS","\N","2026-08-01 23:34:22.825","fraud_investigation:attempt1","WORKFLOW_INVESTIGATE_ANOMALY",522,111,3075,"SUCCESS",411
13,"mistral-large2","You are a maritime logistics fraud and compliance analyst. Apply THIS RUBRIC strictly:
- BLOCK: sanctions matches > 0, OR cost/kg exceeds 5x the peer median, OR a counterparty name indicates a shell/front company (contains SUSPICIOUS, SHELL, UNKNOWN, or is a generic non-identifiable trading name).
- ESCALATE: a required commercial figure is missing or unverifiable so a human must judge; OR document provenance reports extraction confidence below 60/100 or a failed validation.
- CLEAR: sanctions matches = 0 AND cost/kg is at or below the 95th percentile of cost/kg AND both counterparties are recognisable real businesses AND (if provenance is given) the extraction validated cleanly.

Judge the economics by COST PER KG against the peer baseline, not by the absolute invoice total: a large shipment with a normal cost/kg is commercially ordinary and should be CLEARED. A heavy-weight or duplicate-BL flag alone, with normal cost/kg and clean screening, is a routine data-quality issue and should also be CLEARED.

Do not invent thresholds beyond those above. Cite the actual numbers in your reason.
Return: decision (one of BLOCK/ESCALATE/CLEAR), reason (one sentence, max 200 chars, citing the decisive evidence), assessment (a short risk assessment naming the key indicators and their values).

Alert evidence: Alert type: HIGH_VALUE_ANOMALY. BL: MAEU03225. Shipper: Binh Tien Consumer. Consignee: AEON Japan. Carrier: HAPAG_LLOYD. Route: CNNGB -> USNYC. Charges: $8772. Weight: 4274kg. Cost per kg: $2.0524. PEER BASELINE across all shipments: median cost/kg $0.2558, 95th percentile cost/kg $1.0692. Sanctions/export-restriction list matches for the counterparties: 0 (0 = both parties clear, -1 = screening data unavailable).","{""assessment"":""The cost per kg ($2.0524) exceeds 5x the peer median ($0.2558), indicating a significant anomaly in pricing."",""decision"":""BLOCK"",""reason"":""Cost per kg ($2.0524) exceeds 5x the peer median ($0.2558).""}",612,"SUCCESS","\N","2026-08-01 23:34:30.478","fraud_investigation:attempt1","WORKFLOW_INVESTIGATE_ANOMALY",522,90,3849,"SUCCESS",412
14,"mistral-large2","You are a maritime logistics fraud and compliance analyst. Apply THIS RUBRIC strictly:
- BLOCK: sanctions matches > 0, OR cost/kg exceeds 5x the peer median, OR a counterparty name indicates a shell/front company (contains SUSPICIOUS, SHELL, UNKNOWN, or is a generic non-identifiable trading name).
- ESCALATE: a required commercial figure is missing or unverifiable so a human must judge; OR document provenance reports extraction confidence below 60/100 or a failed validation.
- CLEAR: sanctions matches = 0 AND cost/kg is at or below the 95th percentile of cost/kg AND both counterparties are recognisable real businesses AND (if provenance is given) the extraction validated cleanly.

Judge the economics by COST PER KG against the peer baseline, not by the absolute invoice total: a large shipment with a normal cost/kg is commercially ordinary and should be CLEARED. A heavy-weight or duplicate-BL flag alone, with normal cost/kg and clean screening, is a routine data-quality issue and should also be CLEARED.

Do not invent thresholds beyond those above. Cite the actual numbers in your reason.
Return: decision (one of BLOCK/ESCALATE/CLEAR), reason (one sentence, max 200 chars, citing the decisive evidence), assessment (a short risk assessment naming the key indicators and their values).

Alert evidence: Alert type: HIGH_VALUE_ANOMALY. BL: CAXU01631. Shipper: Nike Vietnam. Consignee: Seven Eleven Japan. Carrier: HAPAG_LLOYD. Route: CNNGB -> INMUN. Charges: $8760. Weight: 4824kg. Cost per kg: $1.8159. PEER BASELINE across all shipments: median cost/kg $0.2558, 95th percentile cost/kg $1.0692. Sanctions/export-restriction list matches for the counterparties: 0 (0 = both parties clear, -1 = screening data unavailable).","{""assessment"":""The cost per kg of $1.8159 exceeds the 95th percentile of $1.0692, indicating a significant anomaly in pricing."",""decision"":""BLOCK"",""reason"":""Cost per kg ($1.8159) exceeds 5x the peer median ($0.2558).""}",611,"SUCCESS","\N","2026-08-01 23:34:37.346","fraud_investigation:attempt1","WORKFLOW_INVESTIGATE_ANOMALY",519,92,3108,"SUCCESS",413
15,"mistral-large2","You are a maritime logistics fraud and compliance analyst. Apply THIS RUBRIC strictly:
- BLOCK: sanctions matches > 0, OR cost/kg exceeds 5x the peer median, OR a counterparty name indicates a shell/front company (contains SUSPICIOUS, SHELL, UNKNOWN, or is a generic non-identifiable trading name).
- ESCALATE: a required commercial figure is missing or unverifiable so a human must judge; OR document provenance reports extraction confidence below 60/100 or a failed validation.
- CLEAR: sanctions matches = 0 AND cost/kg is at or below the 95th percentile of cost/kg AND both counterparties are recognisable real businesses AND (if provenance is given) the extraction validated cleanly.

Judge the economics by COST PER KG against the peer baseline, not by the absolute invoice total: a large shipment with a normal cost/kg is commercially ordinary and should be CLEARED. A heavy-weight or duplicate-BL flag alone, with normal cost/kg and clean screening, is a routine data-quality issue and should also be CLEARED.

Do not invent thresholds beyond those above. Cite the actual numbers in your reason.
Return: decision (one of BLOCK/ESCALATE/CLEAR), reason (one sentence, max 200 chars, citing the decisive evidence), assessment (a short risk assessment naming the key indicators and their values).

Alert evidence: Alert type: COST_PER_KG_ANOMALY. BL: CAXU04156. Shipper: LG Display Vietnam. Consignee: Fashion Retail Inc. Carrier: ONE. Route: GBFXT -> MYPKG. Charges: $5118. Weight: 1557kg. Cost per kg: $3.2871. PEER BASELINE across all shipments: median cost/kg $0.2558, 95th percentile cost/kg $1.0692. Sanctions/export-restriction list matches for the counterparties: 0 (0 = both parties clear, -1 = screening data unavailable).","{""assessment"":""The cost per kg ($3.2871) significantly exceeds the peer median ($0.2558) and the 95th percentile ($1.0692), indicating a potential anomaly. Both counterparties are recognizable real businesses, and there are no sanctions matches."",""decision"":""BLOCK"",""reason"":""Cost per kg ($3.2871) exceeds 5x the peer median ($0.2558).""}",638,"SUCCESS","\N","2026-08-01 23:34:44.536","fraud_investigation:attempt1","WORKFLOW_INVESTIGATE_ANOMALY",518,120,3278,"SUCCESS",414
16,"mistral-large2","You are a maritime logistics fraud and compliance analyst. Apply THIS RUBRIC strictly:
- BLOCK: sanctions matches > 0, OR cost/kg exceeds 5x the peer median, OR a counterparty name indicates a shell/front company (contains SUSPICIOUS, SHELL, UNKNOWN, or is a generic non-identifiable trading name).
- ESCALATE: a required commercial figure is missing or unverifiable so a human must judge; OR document provenance reports extraction confidence below 60/100 or a failed validation.
- CLEAR: sanctions matches = 0 AND cost/kg is at or below the 95th percentile of cost/kg AND both counterparties are recognisable real businesses AND (if provenance is given) the extraction validated cleanly.

Judge the economics by COST PER KG against the peer baseline, not by the absolute invoice total: a large shipment with a normal cost/kg is commercially ordinary and should be CLEARED. A heavy-weight or duplicate-BL flag alone, with normal cost/kg and clean screening, is a routine data-quality issue and should also be CLEARED.

Do not invent thresholds beyond those above. Cite the actual numbers in your reason.
Return: decision (one of BLOCK/ESCALATE/CLEAR), reason (one sentence, max 200 chars, citing the decisive evidence), assessment (a short risk assessment naming the key indicators and their values).

Alert evidence: Alert type: COST_PER_KG_ANOMALY. BL: APZU01579. Shipper: Trung Nguyen Coffee. Consignee: Walmart Inc. Carrier: ONE. Route: DEHAM -> JPYOK. Charges: $5597. Weight: 1813kg. Cost per kg: $3.0871. PEER BASELINE across all shipments: median cost/kg $0.2558, 95th percentile cost/kg $1.0692. Sanctions/export-restriction list matches for the counterparties: 0 (0 = both parties clear, -1 = screening data unavailable).","{""assessment"":""The cost per kg of $3.0871 significantly exceeds the peer median of $0.2558 and the 95th percentile of $1.0692, indicating a potential anomaly in pricing."",""decision"":""BLOCK"",""reason"":""Cost per kg ($3.0871) exceeds 5x the peer median ($0.2558).""}",624,"SUCCESS","\N","2026-08-01 23:34:51.190","fraud_investigation:attempt1","WORKFLOW_INVESTIGATE_ANOMALY",519,105,2873,"SUCCESS",415
17,"mistral-large2","You are a maritime logistics fraud and compliance analyst. Apply THIS RUBRIC strictly:
- BLOCK: sanctions matches > 0, OR cost/kg exceeds 5x the peer median, OR a counterparty name indicates a shell/front company (contains SUSPICIOUS, SHELL, UNKNOWN, or is a generic non-identifiable trading name).
- ESCALATE: a required commercial figure is missing or unverifiable so a human must judge; OR document provenance reports extraction confidence below 60/100 or a failed validation.
- CLEAR: sanctions matches = 0 AND cost/kg is at or below the 95th percentile of cost/kg AND both counterparties are recognisable real businesses AND (if provenance is given) the extraction validated cleanly.

Judge the economics by COST PER KG against the peer baseline, not by the absolute invoice total: a large shipment with a normal cost/kg is commercially ordinary and should be CLEARED. A heavy-weight or duplicate-BL flag alone, with normal cost/kg and clean screening, is a routine data-quality issue and should also be CLEARED.

Do not invent thresholds beyond those above. Cite the actual numbers in your reason.
Return: decision (one of BLOCK/ESCALATE/CLEAR), reason (one sentence, max 200 chars, citing the decisive evidence), assessment (a short risk assessment naming the key indicators and their values).

Alert evidence: Alert type: HIGH_VALUE_ANOMALY. BL: OOLU06357. Shipper: Panasonic Vietnam. Consignee: Costco Wholesale. Carrier: HAPAG_LLOYD. Route: VNHPH -> JPYOK. Charges: $8675. Weight: 3951kg. Cost per kg: $2.1956. PEER BASELINE across all shipments: median cost/kg $0.2558, 95th percentile cost/kg $1.0692. Sanctions/export-restriction list matches for the counterparties: 0 (0 = both parties clear, -1 = screening data unavailable).","{""assessment"":""The cost per kg of $2.1956 exceeds the peer median by more than 5 times, which is a significant anomaly. Both counterparties are recognizable real businesses, and there are no sanctions matches. The high cost per kg is the key indicator of potential risk."",""decision"":""BLOCK"",""reason"":""Cost per kg ($2.1956) exceeds 5x the peer median ($0.2558).""}",639,"SUCCESS","\N","2026-08-01 23:36:30.986","fraud_investigation:attempt1","WORKFLOW_INVESTIGATE_ANOMALY",523,116,3027,"SUCCESS",416
18,"mistral-large2","You are a maritime logistics fraud and compliance analyst. Apply THIS RUBRIC strictly:
- BLOCK: sanctions matches > 0, OR cost/kg exceeds 5x the peer median, OR a counterparty name indicates a shell/front company (contains SUSPICIOUS, SHELL, UNKNOWN, or is a generic non-identifiable trading name).
- ESCALATE: a required commercial figure is missing or unverifiable so a human must judge; OR document provenance reports extraction confidence below 60/100 or a failed validation.
- CLEAR: sanctions matches = 0 AND cost/kg is at or below the 95th percentile of cost/kg AND both counterparties are recognisable real businesses AND (if provenance is given) the extraction validated cleanly.

Judge the economics by COST PER KG against the peer baseline, not by the absolute invoice total: a large shipment with a normal cost/kg is commercially ordinary and should be CLEARED. A heavy-weight or duplicate-BL flag alone, with normal cost/kg and clean screening, is a routine data-quality issue and should also be CLEARED.

Do not invent thresholds beyond those above. Cite the actual numbers in your reason.
Return: decision (one of BLOCK/ESCALATE/CLEAR), reason (one sentence, max 200 chars, citing the decisive evidence), assessment (a short risk assessment naming the key indicators and their values).

Alert evidence: Alert type: HIGH_VALUE_ANOMALY. BL: EGLV04225. Shipper: Viettel Electronics. Consignee: Amazon Logistics. Carrier: HAPAG_LLOYD. Route: USLGB -> USLAX. Charges: $8666. Weight: 4245kg. Cost per kg: $2.0415. PEER BASELINE across all shipments: median cost/kg $0.2558, 95th percentile cost/kg $1.0692. Sanctions/export-restriction list matches for the counterparties: 0 (0 = both parties clear, -1 = screening data unavailable).","{""assessment"":""The cost per kg of $2.0415 exceeds the peer median by more than 5 times, which is a significant anomaly. Both counterparties are recognizable real businesses, and there are no sanctions matches."",""decision"":""BLOCK"",""reason"":""Cost per kg ($2.0415) exceeds 5x the peer median ($0.2558).""}",625,"SUCCESS","\N","2026-08-01 23:36:38.006","fraud_investigation:attempt1","WORKFLOW_INVESTIGATE_ANOMALY",522,103,2814,"SUCCESS",417
19,"mistral-large2","You are a maritime logistics fraud and compliance analyst. Apply THIS RUBRIC strictly:
- BLOCK: sanctions matches > 0, OR cost/kg exceeds 5x the peer median, OR a counterparty name indicates a shell/front company (contains SUSPICIOUS, SHELL, UNKNOWN, or is a generic non-identifiable trading name).
- ESCALATE: a required commercial figure is missing or unverifiable so a human must judge; OR document provenance reports extraction confidence below 60/100 or a failed validation.
- CLEAR: sanctions matches = 0 AND cost/kg is at or below the 95th percentile of cost/kg AND both counterparties are recognisable real businesses AND (if provenance is given) the extraction validated cleanly.

Judge the economics by COST PER KG against the peer baseline, not by the absolute invoice total: a large shipment with a normal cost/kg is commercially ordinary and should be CLEARED. A heavy-weight or duplicate-BL flag alone, with normal cost/kg and clean screening, is a routine data-quality issue and should also be CLEARED.

Do not invent thresholds beyond those above. Cite the actual numbers in your reason.
Return: decision (one of BLOCK/ESCALATE/CLEAR), reason (one sentence, max 200 chars, citing the decisive evidence), assessment (a short risk assessment naming the key indicators and their values).

Alert evidence: Alert type: COST_PER_KG_ANOMALY. BL: EGLV07578. Shipper: Foxconn Vietnam. Consignee: Asian Foods LLC. Carrier: OOCL. Route: JPYOK -> GBFXT. Charges: $5645. Weight: 2049kg. Cost per kg: $2.755. PEER BASELINE across all shipments: median cost/kg $0.2558, 95th percentile cost/kg $1.0692. Sanctions/export-restriction list matches for the counterparties: 0 (0 = both parties clear, -1 = screening data unavailable).","{""assessment"":""The cost per kg of $2.755 exceeds the peer median by more than 5 times, which is a significant anomaly. The sanctions screening is clear, but the cost discrepancy is a major red flag."",""decision"":""BLOCK"",""reason"":""Cost per kg ($2.755) exceeds 5x the peer median ($0.2558).""}",619,"SUCCESS","\N","2026-08-01 23:36:44.795","fraud_investigation:attempt1","WORKFLOW_INVESTIGATE_ANOMALY",517,102,2752,"SUCCESS",418
20,"mistral-large2","You are a maritime logistics fraud and compliance analyst. Apply THIS RUBRIC strictly:
- BLOCK: sanctions matches > 0, OR cost/kg exceeds 5x the peer median, OR a counterparty name indicates a shell/front company (contains SUSPICIOUS, SHELL, UNKNOWN, or is a generic non-identifiable trading name).
- ESCALATE: a required commercial figure is missing or unverifiable so a human must judge; OR document provenance reports extraction confidence below 60/100 or a failed validation.
- CLEAR: sanctions matches = 0 AND cost/kg is at or below the 95th percentile of cost/kg AND both counterparties are recognisable real businesses AND (if provenance is given) the extraction validated cleanly.

Judge the economics by COST PER KG against the peer baseline, not by the absolute invoice total: a large shipment with a normal cost/kg is commercially ordinary and should be CLEARED. A heavy-weight or duplicate-BL flag alone, with normal cost/kg and clean screening, is a routine data-quality issue and should also be CLEARED.

Do not invent thresholds beyond those above. Cite the actual numbers in your reason.
Return: decision (one of BLOCK/ESCALATE/CLEAR), reason (one sentence, max 200 chars, citing the decisive evidence), assessment (a short risk assessment naming the key indicators and their values).

Alert evidence: Alert type: COST_PER_KG_ANOMALY. BL: OOLU03704. Shipper: Panasonic Vietnam. Consignee: Tesco PLC. Carrier: YANG_MING. Route: USLGB -> GBFXT. Charges: $4711. Weight: 1719kg. Cost per kg: $2.7405. PEER BASELINE across all shipments: median cost/kg $0.2558, 95th percentile cost/kg $1.0692. Sanctions/export-restriction list matches for the counterparties: 0 (0 = both parties clear, -1 = screening data unavailable).","{""assessment"":""The cost per kg of $2.7405 exceeds the peer median by more than 5 times, which is a significant anomaly. Both counterparties are recognizable real businesses, and there are no sanctions matches."",""decision"":""BLOCK"",""reason"":""Cost per kg ($2.7405) exceeds 5x the peer median ($0.2558).""}",624,"SUCCESS","\N","2026-08-01 23:36:51.608","fraud_investigation:attempt1","WORKFLOW_INVESTIGATE_ANOMALY",521,103,2915,"SUCCESS",419
21,"mistral-large2","You are a maritime logistics fraud and compliance analyst. Apply THIS RUBRIC strictly:
- BLOCK: sanctions matches > 0, OR cost/kg exceeds 5x the peer median, OR a counterparty name indicates a shell/front company (contains SUSPICIOUS, SHELL, UNKNOWN, or is a generic non-identifiable trading name).
- ESCALATE: a required commercial figure is missing or unverifiable so a human must judge; OR document provenance reports extraction confidence below 60/100 or a failed validation.
- CLEAR: sanctions matches = 0 AND cost/kg is at or below the 95th percentile of cost/kg AND both counterparties are recognisable real businesses AND (if provenance is given) the extraction validated cleanly.

Judge the economics by COST PER KG against the peer baseline, not by the absolute invoice total: a large shipment with a normal cost/kg is commercially ordinary and should be CLEARED. A heavy-weight or duplicate-BL flag alone, with normal cost/kg and clean screening, is a routine data-quality issue and should also be CLEARED.

Do not invent thresholds beyond those above. Cite the actual numbers in your reason.
Return: decision (one of BLOCK/ESCALATE/CLEAR), reason (one sentence, max 200 chars, citing the decisive evidence), assessment (a short risk assessment naming the key indicators and their values).

Alert evidence: Alert type: COST_PER_KG_ANOMALY. BL: OOLU02469. Shipper: FPT Software. Consignee: Fashion Retail Inc. Carrier: APL. Route: NLRTM -> THLCH. Charges: $4158. Weight: 1528kg. Cost per kg: $2.7212. PEER BASELINE across all shipments: median cost/kg $0.2558, 95th percentile cost/kg $1.0692. Sanctions/export-restriction list matches for the counterparties: 0 (0 = both parties clear, -1 = screening data unavailable).","{""assessment"":""The cost per kg of $2.7212 exceeds the peer median by more than 5 times, which is a significant anomaly. Both counterparties are recognizable real businesses, and there are no sanctions matches."",""decision"":""BLOCK"",""reason"":""Cost per kg ($2.7212) exceeds 5x the peer median ($0.2558).""}",621,"SUCCESS","\N","2026-08-01 23:36:58.450","fraud_investigation:attempt1","WORKFLOW_INVESTIGATE_ANOMALY",518,103,2907,"SUCCESS",420
22,"mistral-large2","You are a maritime logistics fraud and compliance analyst. Apply THIS RUBRIC strictly:
- BLOCK: sanctions matches > 0, OR cost/kg exceeds 5x the peer median, OR a counterparty name indicates a shell/front company (contains SUSPICIOUS, SHELL, UNKNOWN, or is a generic non-identifiable trading name).
- ESCALATE: a required commercial figure is missing or unverifiable so a human must judge; OR document provenance reports extraction confidence below 60/100 or a failed validation.
- CLEAR: sanctions matches = 0 AND cost/kg is at or below the 95th percentile of cost/kg AND both counterparties are recognisable real businesses AND (if provenance is given) the extraction validated cleanly.

Judge the economics by COST PER KG against the peer baseline, not by the absolute invoice total: a large shipment with a normal cost/kg is commercially ordinary and should be CLEARED. A heavy-weight or duplicate-BL flag alone, with normal cost/kg and clean screening, is a routine data-quality issue and should also be CLEARED.

Do not invent thresholds beyond those above. Cite the actual numbers in your reason.
Return: decision (one of BLOCK/ESCALATE/CLEAR), reason (one sentence, max 200 chars, citing the decisive evidence), assessment (a short risk assessment naming the key indicators and their values).

Alert evidence: Alert type: COST_PER_KG_ANOMALY. BL: MAEU09993. Shipper: LG Display Vietnam. Consignee: Costco Wholesale. Carrier: ONE. Route: HKHKG -> DEHAM. Charges: $5083. Weight: 1874kg. Cost per kg: $2.7124. PEER BASELINE across all shipments: median cost/kg $0.2558, 95th percentile cost/kg $1.0692. Sanctions/export-restriction list matches for the counterparties: 0 (0 = both parties clear, -1 = screening data unavailable).","{""assessment"":""The cost per kg of $2.7124 exceeds the peer median by more than 5x ($0.2558 * 5 = $1.279). Both counterparties are recognizable real businesses and there are no sanctions matches."",""decision"":""BLOCK"",""reason"":""Cost per kg ($2.7124) exceeds 5x the peer median ($0.2558).""}",632,"SUCCESS","\N","2026-08-01 23:37:05.448","fraud_investigation:attempt1","WORKFLOW_INVESTIGATE_ANOMALY",520,112,2891,"SUCCESS",421
23,"mistral-large2","You are a maritime logistics fraud and compliance analyst. Apply THIS RUBRIC strictly:
- BLOCK: sanctions matches > 0, OR cost/kg exceeds 5x the peer median, OR a counterparty name indicates a shell/front company (contains SUSPICIOUS, SHELL, UNKNOWN, or is a generic non-identifiable trading name).
- ESCALATE: a required commercial figure is missing or unverifiable so a human must judge; OR document provenance reports extraction confidence below 60/100 or a failed validation.
- CLEAR: sanctions matches = 0 AND cost/kg is at or below the 95th percentile of cost/kg AND both counterparties are recognisable real businesses AND (if provenance is given) the extraction validated cleanly.

Judge the economics by COST PER KG against the peer baseline, not by the absolute invoice total: a large shipment with a normal cost/kg is commercially ordinary and should be CLEARED. A heavy-weight or duplicate-BL flag alone, with normal cost/kg and clean screening, is a routine data-quality issue and should also be CLEARED.

Do not invent thresholds beyond those above. Cite the actual numbers in your reason.
Return: decision (one of BLOCK/ESCALATE/CLEAR), reason (one sentence, max 200 chars, citing the decisive evidence), assessment (a short risk assessment naming the key indicators and their values).

Alert evidence: Alert type: WEIGHT_ANOMALY. BL: APZU06252. Shipper: FPT Software. Consignee: Amazon Logistics. Carrier: COSCO. Route: HKHKG -> SGSIN. Charges: $5042. Weight: 44844kg. Cost per kg: $0.1124. PEER BASELINE across all shipments: median cost/kg $0.2558, 95th percentile cost/kg $1.0692. Sanctions/export-restriction list matches for the counterparties: 0 (0 = both parties clear, -1 = screening data unavailable).","{""assessment"":""The cost per kg ($0.1124) is significantly below the peer median ($0.2558) and the 95th percentile ($1.0692). Both counterparties are recognizable real businesses, and there are no sanctions matches. The weight anomaly alone does not warrant blocking or escalation."",""decision"":""CLEAR"",""reason"":""Cost per kg ($0.1124) is below the peer median ($0.2558) and 95th percentile ($1.0692), with no sanctions matches and recognizable counterparties.""}",666,"SUCCESS","\N","2026-08-01 23:39:09.515","fraud_investigation:attempt1","WORKFLOW_INVESTIGATE_ANOMALY",515,151,3765,"SUCCESS",422
24,"mistral-large2","You are a maritime logistics fraud and compliance analyst. Apply THIS RUBRIC strictly:
- BLOCK: sanctions matches > 0, OR cost/kg exceeds 5x the peer median, OR a counterparty name indicates a shell/front company (contains SUSPICIOUS, SHELL, UNKNOWN, or is a generic non-identifiable trading name).
- ESCALATE: a required commercial figure is missing or unverifiable so a human must judge; OR document provenance reports extraction confidence below 60/100 or a failed validation.
- CLEAR: sanctions matches = 0 AND cost/kg is at or below the 95th percentile of cost/kg AND both counterparties are recognisable real businesses AND (if provenance is given) the extraction validated cleanly.

Judge the economics by COST PER KG against the peer baseline, not by the absolute invoice total: a large shipment with a normal cost/kg is commercially ordinary and should be CLEARED. A heavy-weight or duplicate-BL flag alone, with normal cost/kg and clean screening, is a routine data-quality issue and should also be CLEARED.

Do not invent thresholds beyond those above. Cite the actual numbers in your reason.
Return: decision (one of BLOCK/ESCALATE/CLEAR), reason (one sentence, max 200 chars, citing the decisive evidence), assessment (a short risk assessment naming the key indicators and their values).

Alert evidence: Alert type: HIGH_VALUE_ANOMALY. BL: MAEU01374. Shipper: Intel Products Vietnam. Consignee: Tech Solutions GmbH. Carrier: HAPAG_LLOYD. Route: KRPUS -> CNNGB. Charges: $8632. Weight: 7221kg. Cost per kg: $1.1954. PEER BASELINE across all shipments: median cost/kg $0.2558, 95th percentile cost/kg $1.0692. Sanctions/export-restriction list matches for the counterparties: 0 (0 = both parties clear, -1 = screening data unavailable).","{""assessment"":""The cost per kg of $1.1954 exceeds the 95th percentile of $1.0692, indicating a significant anomaly in pricing."",""decision"":""BLOCK"",""reason"":""Cost per kg ($1.1954) exceeds the 95th percentile ($1.0692).""}",613,"SUCCESS","\N","2026-08-01 23:39:50.818","fraud_investigation:attempt1","WORKFLOW_INVESTIGATE_ANOMALY",520,93,9008,"SUCCESS",423
25,"mistral-large2","You are a maritime logistics fraud and compliance analyst. Apply THIS RUBRIC strictly:
- BLOCK: sanctions matches > 0, OR cost/kg exceeds 5x the peer median, OR a counterparty name indicates a shell/front company (contains SUSPICIOUS, SHELL, UNKNOWN, or is a generic non-identifiable trading name).
- ESCALATE: a required commercial figure is missing or unverifiable so a human must judge; OR document provenance reports extraction confidence below 60/100 or a failed validation.
- CLEAR: sanctions matches = 0 AND cost/kg is at or below the 95th percentile of cost/kg AND both counterparties are recognisable real businesses AND (if provenance is given) the extraction validated cleanly.

Judge the economics by COST PER KG against the peer baseline, not by the absolute invoice total: a large shipment with a normal cost/kg is commercially ordinary and should be CLEARED. A heavy-weight or duplicate-BL flag alone, with normal cost/kg and clean screening, is a routine data-quality issue and should also be CLEARED.

Do not invent thresholds beyond those above. Cite the actual numbers in your reason.
Return: decision (one of BLOCK/ESCALATE/CLEAR), reason (one sentence, max 200 chars, citing the decisive evidence), assessment (a short risk assessment naming the key indicators and their values).

Alert evidence: Alert type: HIGH_VALUE_ANOMALY. BL: EGLV04067. Shipper: Trung Nguyen Coffee. Consignee: Asian Foods LLC. Carrier: HAPAG_LLOYD. Route: USNYC -> JPYOK. Charges: $8631. Weight: 5048kg. Cost per kg: $1.7098. PEER BASELINE across all shipments: median cost/kg $0.2558, 95th percentile cost/kg $1.0692. Sanctions/export-restriction list matches for the counterparties: 0 (0 = both parties clear, -1 = screening data unavailable).","{""assessment"":""The cost per kg of $1.7098 exceeds the peer median by more than 5x ($0.2558). Both counterparties are recognizable businesses, and there are no sanctions matches."",""decision"":""BLOCK"",""reason"":""Cost per kg ($1.7098) exceeds 5x the peer median ($0.2558).""}",626,"SUCCESS","\N","2026-08-01 23:39:57.623","fraud_investigation:attempt1","WORKFLOW_INVESTIGATE_ANOMALY",524,102,2770,"SUCCESS",424
26,"mistral-large2","You are a maritime logistics fraud and compliance analyst. Apply THIS RUBRIC strictly:
- BLOCK: sanctions matches > 0, OR cost/kg exceeds 5x the peer median, OR a counterparty name indicates a shell/front company (contains SUSPICIOUS, SHELL, UNKNOWN, or is a generic non-identifiable trading name).
- ESCALATE: a required commercial figure is missing or unverifiable so a human must judge; OR document provenance reports extraction confidence below 60/100 or a failed validation.
- CLEAR: sanctions matches = 0 AND cost/kg is at or below the 95th percentile of cost/kg AND both counterparties are recognisable real businesses AND (if provenance is given) the extraction validated cleanly.

Judge the economics by COST PER KG against the peer baseline, not by the absolute invoice total: a large shipment with a normal cost/kg is commercially ordinary and should be CLEARED. A heavy-weight or duplicate-BL flag alone, with normal cost/kg and clean screening, is a routine data-quality issue and should also be CLEARED.

Do not invent thresholds beyond those above. Cite the actual numbers in your reason.
Return: decision (one of BLOCK/ESCALATE/CLEAR), reason (one sentence, max 200 chars, citing the decisive evidence), assessment (a short risk assessment naming the key indicators and their values).

Alert evidence: Alert type: COST_PER_KG_ANOMALY. BL: MSKU05777. Shipper: Tan Hiep Phat. Consignee: Shopee Express. Carrier: OOCL. Route: CNSHA -> KRPUS. Charges: $5706. Weight: 2185kg. Cost per kg: $2.6114. PEER BASELINE across all shipments: median cost/kg $0.2558, 95th percentile cost/kg $1.0692. Sanctions/export-restriction list matches for the counterparties: 0 (0 = both parties clear, -1 = screening data unavailable).","{""assessment"":""The cost per kg of $2.6114 exceeds the peer median by more than 5x, which is a significant anomaly. Both counterparties are recognizable businesses, and there are no sanctions matches."",""decision"":""BLOCK"",""reason"":""Cost per kg ($2.6114) exceeds 5x the peer median ($0.2558).""}",623,"SUCCESS","\N","2026-08-01 23:40:04.250","fraud_investigation:attempt1","WORKFLOW_INVESTIGATE_ANOMALY",521,102,2689,"SUCCESS",425
27,"mistral-large2","You are a maritime logistics fraud and compliance analyst. Apply THIS RUBRIC strictly:
- BLOCK: sanctions matches > 0, OR cost/kg exceeds 5x the peer median, OR a counterparty name indicates a shell/front company (contains SUSPICIOUS, SHELL, UNKNOWN, or is a generic non-identifiable trading name).
- ESCALATE: a required commercial figure is missing or unverifiable so a human must judge; OR document provenance reports extraction confidence below 60/100 or a failed validation.
- CLEAR: sanctions matches = 0 AND cost/kg is at or below the 95th percentile of cost/kg AND both counterparties are recognisable real businesses AND (if provenance is given) the extraction validated cleanly.

Judge the economics by COST PER KG against the peer baseline, not by the absolute invoice total: a large shipment with a normal cost/kg is commercially ordinary and should be CLEARED. A heavy-weight or duplicate-BL flag alone, with normal cost/kg and clean screening, is a routine data-quality issue and should also be CLEARED.

Do not invent thresholds beyond those above. Cite the actual numbers in your reason.
Return: decision (one of BLOCK/ESCALATE/CLEAR), reason (one sentence, max 200 chars, citing the decisive evidence), assessment (a short risk assessment naming the key indicators and their values).

Alert evidence: Alert type: COST_PER_KG_ANOMALY. BL: MSKU02234. Shipper: FPT Software. Consignee: Tesco PLC. Carrier: EVERGREEN. Route: CNSHA -> VNSGN. Charges: $6068. Weight: 2363kg. Cost per kg: $2.5679. PEER BASELINE across all shipments: median cost/kg $0.2558, 95th percentile cost/kg $1.0692. Sanctions/export-restriction list matches for the counterparties: 0 (0 = both parties clear, -1 = screening data unavailable).","{""assessment"":""The cost per kg of $2.5679 exceeds the peer median by more than 5 times, which is a significant anomaly. Both counterparties are recognizable real businesses, and there are no sanctions matches."",""decision"":""BLOCK"",""reason"":""Cost per kg ($2.5679) exceeds 5x the peer median ($0.2558).""}",622,"SUCCESS","\N","2026-08-01 23:40:10.989","fraud_investigation:attempt1","WORKFLOW_INVESTIGATE_ANOMALY",519,103,2701,"SUCCESS",426
28,"mistral-large2","You are a maritime logistics fraud and compliance analyst. Apply THIS RUBRIC strictly:
- BLOCK: sanctions matches > 0, OR cost/kg exceeds 5x the peer median, OR a counterparty name indicates a shell/front company (contains SUSPICIOUS, SHELL, UNKNOWN, or is a generic non-identifiable trading name).
- ESCALATE: a required commercial figure is missing or unverifiable so a human must judge; OR document provenance reports extraction confidence below 60/100 or a failed validation.
- CLEAR: sanctions matches = 0 AND cost/kg is at or below the 95th percentile of cost/kg AND both counterparties are recognisable real businesses AND (if provenance is given) the extraction validated cleanly.

Judge the economics by COST PER KG against the peer baseline, not by the absolute invoice total: a large shipment with a normal cost/kg is commercially ordinary and should be CLEARED. A heavy-weight or duplicate-BL flag alone, with normal cost/kg and clean screening, is a routine data-quality issue and should also be CLEARED.

Do not invent thresholds beyond those above. Cite the actual numbers in your reason.
Return: decision (one of BLOCK/ESCALATE/CLEAR), reason (one sentence, max 200 chars, citing the decisive evidence), assessment (a short risk assessment naming the key indicators and their values).

Alert evidence: Alert type: COST_PER_KG_ANOMALY. BL: HLCU03706. Shipper: Panasonic Vietnam. Consignee: Fashion Retail Inc. Carrier: YANG_MING. Route: USNYC -> THLCH. Charges: $4810. Weight: 1901kg. Cost per kg: $2.5302. PEER BASELINE across all shipments: median cost/kg $0.2558, 95th percentile cost/kg $1.0692. Sanctions/export-restriction list matches for the counterparties: 0 (0 = both parties clear, -1 = screening data unavailable).","{""assessment"":""The cost per kg ($2.5302) exceeds 5x the peer median ($0.2558), indicating a significant anomaly in pricing."",""decision"":""BLOCK"",""reason"":""Cost per kg ($2.5302) exceeds 5x the peer median ($0.2558).""}",612,"SUCCESS","\N","2026-08-01 23:40:17.436","fraud_investigation:attempt1","WORKFLOW_INVESTIGATE_ANOMALY",522,90,2519,"SUCCESS",427
29,"mistral-large2","You are a maritime logistics fraud and compliance analyst. Apply THIS RUBRIC strictly:
- BLOCK: sanctions matches > 0, OR cost/kg exceeds 5x the peer median, OR a counterparty name indicates a shell/front company (contains SUSPICIOUS, SHELL, UNKNOWN, or is a generic non-identifiable trading name).
- ESCALATE: a required commercial figure is missing or unverifiable so a human must judge; OR document provenance reports extraction confidence below 60/100 or a failed validation.
- CLEAR: sanctions matches = 0 AND cost/kg is at or below the 95th percentile of cost/kg AND both counterparties are recognisable real businesses AND (if provenance is given) the extraction validated cleanly.

Judge the economics by COST PER KG against the peer baseline, not by the absolute invoice total: a large shipment with a normal cost/kg is commercially ordinary and should be CLEARED. A heavy-weight or duplicate-BL flag alone, with normal cost/kg and clean screening, is a routine data-quality issue and should also be CLEARED.

Do not invent thresholds beyond those above. Cite the actual numbers in your reason.
Return: decision (one of BLOCK/ESCALATE/CLEAR), reason (one sentence, max 200 chars, citing the decisive evidence), assessment (a short risk assessment naming the key indicators and their values).

Alert evidence: Alert type: COST_PER_KG_ANOMALY. BL: MSKU06661. Shipper: Phong Phu Garment. Consignee: Target Corp. Carrier: EVERGREEN. Route: KRPUS -> DEHAM. Charges: $6448. Weight: 2569kg. Cost per kg: $2.5099. PEER BASELINE across all shipments: median cost/kg $0.2558, 95th percentile cost/kg $1.0692. Sanctions/export-restriction list matches for the counterparties: 0 (0 = both parties clear, -1 = screening data unavailable).","{""assessment"":""The cost per kg of $2.5099 exceeds 5x the peer median of $0.2558, indicating a significant anomaly."",""decision"":""BLOCK"",""reason"":""Cost per kg ($2.5099) exceeds 5x the peer median ($0.2558).""}",610,"SUCCESS","\N","2026-08-01 23:40:23.765","fraud_investigation:attempt1","WORKFLOW_INVESTIGATE_ANOMALY",521,89,2386,"SUCCESS",428
30,"mistral-large2","You are a maritime logistics fraud and compliance analyst. Apply THIS RUBRIC strictly:
- BLOCK: sanctions matches > 0, OR cost/kg exceeds 5x the peer median, OR a counterparty name indicates a shell/front company (contains SUSPICIOUS, SHELL, UNKNOWN, or is a generic non-identifiable trading name).
- ESCALATE: a required commercial figure is missing or unverifiable so a human must judge; OR document provenance reports extraction confidence below 60/100 or a failed validation.
- CLEAR: sanctions matches = 0 AND cost/kg is at or below the 95th percentile of cost/kg AND both counterparties are recognisable real businesses AND (if provenance is given) the extraction validated cleanly.

Judge the economics by COST PER KG against the peer baseline, not by the absolute invoice total: a large shipment with a normal cost/kg is commercially ordinary and should be CLEARED. A heavy-weight or duplicate-BL flag alone, with normal cost/kg and clean screening, is a routine data-quality issue and should also be CLEARED.

Do not invent thresholds beyond those above. Cite the actual numbers in your reason.
Return: decision (one of BLOCK/ESCALATE/CLEAR), reason (one sentence, max 200 chars, citing the decisive evidence), assessment (a short risk assessment naming the key indicators and their values).

Alert evidence: Alert type: COST_PER_KG_ANOMALY. BL: CMDU01128. Shipper: Foxconn Vietnam. Consignee: Costco Wholesale. Carrier: HAPAG_LLOYD. Route: MYPKG -> HKHKG. Charges: $8579. Weight: 3552kg. Cost per kg: $2.4153. PEER BASELINE across all shipments: median cost/kg $0.2558, 95th percentile cost/kg $1.0692. Sanctions/export-restriction list matches for the counterparties: 0 (0 = both parties clear, -1 = screening data unavailable).","{""assessment"":""The cost per kg of $2.4153 exceeds the peer median by more than 5 times, which is a significant anomaly. Both counterparties are recognizable real businesses, and there are no sanctions matches."",""decision"":""BLOCK"",""reason"":""Cost per kg ($2.4153) exceeds 5x the peer median ($0.2558).""}",629,"SUCCESS","\N","2026-08-01 23:40:30.516","fraud_investigation:attempt1","WORKFLOW_INVESTIGATE_ANOMALY",526,103,2747,"SUCCESS",429
31,"mistral-large2","You are a maritime logistics fraud and compliance analyst. Apply THIS RUBRIC strictly:
- BLOCK: sanctions matches > 0, OR cost/kg exceeds 5x the peer median, OR a counterparty name indicates a shell/front company (contains SUSPICIOUS, SHELL, UNKNOWN, or is a generic non-identifiable trading name).
- ESCALATE: a required commercial figure is missing or unverifiable so a human must judge; OR document provenance reports extraction confidence below 60/100 or a failed validation.
- CLEAR: sanctions matches = 0 AND cost/kg is at or below the 95th percentile of cost/kg AND both counterparties are recognisable real businesses AND (if provenance is given) the extraction validated cleanly.

Judge the economics by COST PER KG against the peer baseline, not by the absolute invoice total: a large shipment with a normal cost/kg is commercially ordinary and should be CLEARED. A heavy-weight or duplicate-BL flag alone, with normal cost/kg and clean screening, is a routine data-quality issue and should also be CLEARED.

Do not invent thresholds beyond those above. Cite the actual numbers in your reason.
Return: decision (one of BLOCK/ESCALATE/CLEAR), reason (one sentence, max 200 chars, citing the decisive evidence), assessment (a short risk assessment naming the key indicators and their values).

Alert evidence: Alert type: COST_PER_KG_ANOMALY. BL: ONEY07640. Shipper: Samsung Vietnam. Consignee: Lotte Corp. Carrier: EVERGREEN. Route: KRPUS -> VNSGN. Charges: $4002. Weight: 1659kg. Cost per kg: $2.4123. PEER BASELINE across all shipments: median cost/kg $0.2558, 95th percentile cost/kg $1.0692. Sanctions/export-restriction list matches for the counterparties: 0 (0 = both parties clear, -1 = screening data unavailable).","{""assessment"":""The cost per kg of $2.4123 exceeds the peer median by more than 5 times, which is a significant anomaly. Both counterparties are recognizable real businesses, and there are no sanctions matches."",""decision"":""BLOCK"",""reason"":""Cost per kg ($2.4123) exceeds 5x the peer median ($0.2558).""}",620,"SUCCESS","\N","2026-08-01 23:40:37.073","fraud_investigation:attempt1","WORKFLOW_INVESTIGATE_ANOMALY",517,103,2713,"SUCCESS",430
32,"mistral-large2","You are a maritime logistics fraud and compliance analyst. Apply THIS RUBRIC strictly:
- BLOCK: sanctions matches > 0, OR cost/kg exceeds 5x the peer median, OR a counterparty name indicates a shell/front company (contains SUSPICIOUS, SHELL, UNKNOWN, or is a generic non-identifiable trading name).
- ESCALATE: a required commercial figure is missing or unverifiable so a human must judge; OR document provenance reports extraction confidence below 60/100 or a failed validation.
- CLEAR: sanctions matches = 0 AND cost/kg is at or below the 95th percentile of cost/kg AND both counterparties are recognisable real businesses AND (if provenance is given) the extraction validated cleanly.

Judge the economics by COST PER KG against the peer baseline, not by the absolute invoice total: a large shipment with a normal cost/kg is commercially ordinary and should be CLEARED. A heavy-weight or duplicate-BL flag alone, with normal cost/kg and clean screening, is a routine data-quality issue and should also be CLEARED.

Do not invent thresholds beyond those above. Cite the actual numbers in your reason.
Return: decision (one of BLOCK/ESCALATE/CLEAR), reason (one sentence, max 200 chars, citing the decisive evidence), assessment (a short risk assessment naming the key indicators and their values).

Alert evidence: Alert type: COST_PER_KG_ANOMALY. BL: OOLU06885. Shipper: Phong Phu Garment. Consignee: Alibaba Trade. Carrier: HAPAG_LLOYD. Route: NLRTM -> VNHPH. Charges: $8317. Weight: 3449kg. Cost per kg: $2.4114. PEER BASELINE across all shipments: median cost/kg $0.2558, 95th percentile cost/kg $1.0692. Sanctions/export-restriction list matches for the counterparties: 0 (0 = both parties clear, -1 = screening data unavailable).","{""assessment"":""The cost per kg of $2.4114 exceeds the peer median by more than 5 times, which is a significant anomaly. Both counterparties are recognizable real businesses, and there are no sanctions matches."",""decision"":""BLOCK"",""reason"":""Cost per kg ($2.4114) exceeds 5x the peer median ($0.2558).""}",630,"SUCCESS","\N","2026-08-01 23:40:43.874","fraud_investigation:attempt1","WORKFLOW_INVESTIGATE_ANOMALY",527,103,2705,"SUCCESS",431
33,"mistral-large2","You are a maritime logistics fraud and compliance analyst. Apply THIS RUBRIC strictly:
- BLOCK: sanctions matches > 0, OR cost/kg exceeds 5x the peer median, OR a counterparty name indicates a shell/front company (contains SUSPICIOUS, SHELL, UNKNOWN, or is a generic non-identifiable trading name).
- ESCALATE: a required commercial figure is missing or unverifiable so a human must judge; OR document provenance reports extraction confidence below 60/100 or a failed validation.
- CLEAR: sanctions matches = 0 AND cost/kg is at or below the 95th percentile of cost/kg AND both counterparties are recognisable real businesses AND (if provenance is given) the extraction validated cleanly.

Judge the economics by COST PER KG against the peer baseline, not by the absolute invoice total: a large shipment with a normal cost/kg is commercially ordinary and should be CLEARED. A heavy-weight or duplicate-BL flag alone, with normal cost/kg and clean screening, is a routine data-quality issue and should also be CLEARED.

Do not invent thresholds beyond those above. Cite the actual numbers in your reason.
Return: decision (one of BLOCK/ESCALATE/CLEAR), reason (one sentence, max 200 chars, citing the decisive evidence), assessment (a short risk assessment naming the key indicators and their values).

Alert evidence: Alert type: COST_PER_KG_ANOMALY. BL: EGLV03114. Shipper: Binh Tien Consumer. Consignee: Tesco PLC. Carrier: ONE. Route: THLCH -> JPYOK. Charges: $6094. Weight: 2552kg. Cost per kg: $2.3879. PEER BASELINE across all shipments: median cost/kg $0.2558, 95th percentile cost/kg $1.0692. Sanctions/export-restriction list matches for the counterparties: 0 (0 = both parties clear, -1 = screening data unavailable).","{""assessment"":""The cost per kg ($2.3879) exceeds 5x the peer median ($0.2558), indicating a significant anomaly."",""decision"":""BLOCK"",""reason"":""Cost per kg ($2.3879) exceeds 5x the peer median ($0.2558).""}",607,"SUCCESS","\N","2026-08-01 23:40:50.404","fraud_investigation:attempt1","WORKFLOW_INVESTIGATE_ANOMALY",519,88,2535,"SUCCESS",432
34,"mistral-large2","You are a maritime logistics fraud and compliance analyst. Apply THIS RUBRIC strictly:
- BLOCK: sanctions matches > 0, OR cost/kg exceeds 5x the peer median, OR a counterparty name indicates a shell/front company (contains SUSPICIOUS, SHELL, UNKNOWN, or is a generic non-identifiable trading name).
- ESCALATE: a required commercial figure is missing or unverifiable so a human must judge; OR document provenance reports extraction confidence below 60/100 or a failed validation.
- CLEAR: sanctions matches = 0 AND cost/kg is at or below the 95th percentile of cost/kg AND both counterparties are recognisable real businesses AND (if provenance is given) the extraction validated cleanly.

Judge the economics by COST PER KG against the peer baseline, not by the absolute invoice total: a large shipment with a normal cost/kg is commercially ordinary and should be CLEARED. A heavy-weight or duplicate-BL flag alone, with normal cost/kg and clean screening, is a routine data-quality issue and should also be CLEARED.

Do not invent thresholds beyond those above. Cite the actual numbers in your reason.
Return: decision (one of BLOCK/ESCALATE/CLEAR), reason (one sentence, max 200 chars, citing the decisive evidence), assessment (a short risk assessment naming the key indicators and their values).

Alert evidence: Alert type: COST_PER_KG_ANOMALY. BL: EGLV01221. Shipper: Tan Hiep Phat. Consignee: Seven Eleven Japan. Carrier: OOCL. Route: DEHAM -> JPTYO. Charges: $5692. Weight: 2129kg. Cost per kg: $2.6736. PEER BASELINE across all shipments: median cost/kg $0.2558, 95th percentile cost/kg $1.0692. Sanctions/export-restriction list matches for the counterparties: 0 (0 = both parties clear, -1 = screening data unavailable).","{""assessment"":""The cost per kg ($2.6736) exceeds 5x the peer median ($0.2558), indicating a significant anomaly in pricing."",""decision"":""BLOCK"",""reason"":""Cost per kg ($2.6736) exceeds 5x the peer median ($0.2558).""}",612,"SUCCESS","\N","2026-08-01 23:40:59.319","fraud_investigation:attempt1","WORKFLOW_INVESTIGATE_ANOMALY",522,90,4943,"SUCCESS",433
35,"mistral-large2","You are a maritime logistics fraud and compliance analyst. Apply THIS RUBRIC strictly:
- BLOCK: sanctions matches > 0, OR cost/kg exceeds 5x the peer median, OR a counterparty name indicates a shell/front company (contains SUSPICIOUS, SHELL, UNKNOWN, or is a generic non-identifiable trading name).
- ESCALATE: a required commercial figure is missing or unverifiable so a human must judge; OR document provenance reports extraction confidence below 60/100 or a failed validation.
- CLEAR: sanctions matches = 0 AND cost/kg is at or below the 95th percentile of cost/kg AND both counterparties are recognisable real businesses AND (if provenance is given) the extraction validated cleanly.

Judge the economics by COST PER KG against the peer baseline, not by the absolute invoice total: a large shipment with a normal cost/kg is commercially ordinary and should be CLEARED. A heavy-weight or duplicate-BL flag alone, with normal cost/kg and clean screening, is a routine data-quality issue and should also be CLEARED.

Do not invent thresholds beyond those above. Cite the actual numbers in your reason.
Return: decision (one of BLOCK/ESCALATE/CLEAR), reason (one sentence, max 200 chars, citing the decisive evidence), assessment (a short risk assessment naming the key indicators and their values).

Alert evidence: Alert type: COST_PER_KG_ANOMALY. BL: YMLU03616. Shipper: Phong Phu Garment. Consignee: Asian Foods LLC. Carrier: EVERGREEN. Route: THLCH -> USLGB. Charges: $6394. Weight: 2407kg. Cost per kg: $2.6564. PEER BASELINE across all shipments: median cost/kg $0.2558, 95th percentile cost/kg $1.0692. Sanctions/export-restriction list matches for the counterparties: 0 (0 = both parties clear, -1 = screening data unavailable).","{""assessment"":""The cost per kg ($2.6564) exceeds 5x the peer median ($0.2558), indicating a significant anomaly in pricing."",""decision"":""BLOCK"",""reason"":""Cost per kg ($2.6564) exceeds 5x the peer median ($0.2558).""}",612,"SUCCESS","\N","2026-08-01 23:41:06.393","fraud_investigation:attempt1","WORKFLOW_INVESTIGATE_ANOMALY",522,90,2514,"SUCCESS",434
36,"mistral-large2","You are a maritime logistics fraud and compliance analyst. Apply THIS RUBRIC strictly:
- BLOCK: sanctions matches > 0, OR cost/kg exceeds 5x the peer median, OR a counterparty name indicates a shell/front company (contains SUSPICIOUS, SHELL, UNKNOWN, or is a generic non-identifiable trading name).
- ESCALATE: a required commercial figure is missing or unverifiable so a human must judge; OR document provenance reports extraction confidence below 60/100 or a failed validation.
- CLEAR: sanctions matches = 0 AND cost/kg is at or below the 95th percentile of cost/kg AND both counterparties are recognisable real businesses AND (if provenance is given) the extraction validated cleanly.

Judge the economics by COST PER KG against the peer baseline, not by the absolute invoice total: a large shipment with a normal cost/kg is commercially ordinary and should be CLEARED. A heavy-weight or duplicate-BL flag alone, with normal cost/kg and clean screening, is a routine data-quality issue and should also be CLEARED.

Do not invent thresholds beyond those above. Cite the actual numbers in your reason.
Return: decision (one of BLOCK/ESCALATE/CLEAR), reason (one sentence, max 200 chars, citing the decisive evidence), assessment (a short risk assessment naming the key indicators and their values).

Alert evidence: Alert type: COST_PER_KG_ANOMALY. BL: EGLV02152. Shipper: Canon Vietnam. Consignee: Costco Wholesale. Carrier: OOCL. Route: INMUN -> VNHPH. Charges: $5419. Weight: 2041kg. Cost per kg: $2.6551. PEER BASELINE across all shipments: median cost/kg $0.2558, 95th percentile cost/kg $1.0692. Sanctions/export-restriction list matches for the counterparties: 0 (0 = both parties clear, -1 = screening data unavailable).","{""assessment"":""The cost per kg of $2.6551 exceeds the peer median by more than 5x, which is a significant anomaly. Both counterparties are recognizable real businesses, and there are no sanctions matches."",""decision"":""BLOCK"",""reason"":""Cost per kg ($2.6551) exceeds 5x the peer median ($0.2558).""}",623,"SUCCESS","\N","2026-08-01 23:41:14.658","fraud_investigation:attempt1","WORKFLOW_INVESTIGATE_ANOMALY",520,103,4242,"SUCCESS",435
37,"mistral-large2","You are a maritime logistics fraud and compliance analyst. Apply THIS RUBRIC strictly:
- BLOCK: sanctions matches > 0, OR cost/kg exceeds 5x the peer median, OR a counterparty name indicates a shell/front company (contains SUSPICIOUS, SHELL, UNKNOWN, or is a generic non-identifiable trading name).
- ESCALATE: a required commercial figure is missing or unverifiable so a human must judge; OR document provenance reports extraction confidence below 60/100 or a failed validation.
- CLEAR: sanctions matches = 0 AND cost/kg is at or below the 95th percentile of cost/kg AND both counterparties are recognisable real businesses AND (if provenance is given) the extraction validated cleanly.

Judge the economics by COST PER KG against the peer baseline, not by the absolute invoice total: a large shipment with a normal cost/kg is commercially ordinary and should be CLEARED. A heavy-weight or duplicate-BL flag alone, with normal cost/kg and clean screening, is a routine data-quality issue and should also be CLEARED.

Do not invent thresholds beyond those above. Cite the actual numbers in your reason.
Return: decision (one of BLOCK/ESCALATE/CLEAR), reason (one sentence, max 200 chars, citing the decisive evidence), assessment (a short risk assessment naming the key indicators and their values).

Alert evidence: Alert type: COST_PER_KG_ANOMALY. BL: MAEU01757. Shipper: Samsung Vietnam. Consignee: Walmart Inc. Carrier: EVERGREEN. Route: USLAX -> CNNGB. Charges: $5332. Weight: 2024kg. Cost per kg: $2.6344. PEER BASELINE across all shipments: median cost/kg $0.2558, 95th percentile cost/kg $1.0692. Sanctions/export-restriction list matches for the counterparties: 0 (0 = both parties clear, -1 = screening data unavailable).","{""assessment"":""The cost per kg of $2.6344 exceeds the peer median by more than 5 times, which is a significant anomaly. Both counterparties are recognizable real businesses, and there are no sanctions matches."",""decision"":""BLOCK"",""reason"":""Cost per kg ($2.6344) exceeds 5x the peer median ($0.2558).""}",619,"SUCCESS","\N","2026-08-01 23:41:22.649","fraud_investigation:attempt1","WORKFLOW_INVESTIGATE_ANOMALY",516,103,4008,"SUCCESS",436
38,"mistral-large2","You are a maritime logistics fraud and compliance analyst. Apply THIS RUBRIC strictly:
- BLOCK: sanctions matches > 0, OR cost/kg exceeds 5x the peer median, OR a counterparty name indicates a shell/front company (contains SUSPICIOUS, SHELL, UNKNOWN, or is a generic non-identifiable trading name).
- ESCALATE: a required commercial figure is missing or unverifiable so a human must judge; OR document provenance reports extraction confidence below 60/100 or a failed validation.
- CLEAR: sanctions matches = 0 AND cost/kg is at or below the 95th percentile of cost/kg AND both counterparties are recognisable real businesses AND (if provenance is given) the extraction validated cleanly.

Judge the economics by COST PER KG against the peer baseline, not by the absolute invoice total: a large shipment with a normal cost/kg is commercially ordinary and should be CLEARED. A heavy-weight or duplicate-BL flag alone, with normal cost/kg and clean screening, is a routine data-quality issue and should also be CLEARED.

Do not invent thresholds beyond those above. Cite the actual numbers in your reason.
Return: decision (one of BLOCK/ESCALATE/CLEAR), reason (one sentence, max 200 chars, citing the decisive evidence), assessment (a short risk assessment naming the key indicators and their values).

Alert evidence: Alert type: COST_PER_KG_ANOMALY. BL: EGLV03941. Shipper: Tan Hiep Phat. Consignee: Shopee Express. Carrier: ONE. Route: HKHKG -> NLRTM. Charges: $6172. Weight: 2002kg. Cost per kg: $3.0829. PEER BASELINE across all shipments: median cost/kg $0.2558, 95th percentile cost/kg $1.0692. Sanctions/export-restriction list matches for the counterparties: 0 (0 = both parties clear, -1 = screening data unavailable).","{""assessment"":""The cost per kg ($3.0829) significantly exceeds the peer median ($0.2558) and the 95th percentile ($1.0692), indicating a potential anomaly in pricing."",""decision"":""BLOCK"",""reason"":""Cost per kg ($3.0829) exceeds 5x the peer median ($0.2558).""}",625,"SUCCESS","\N","2026-08-01 23:41:31.303","fraud_investigation:attempt1","WORKFLOW_INVESTIGATE_ANOMALY",521,104,4045,"SUCCESS",437
39,"mistral-large2","You are a maritime logistics fraud and compliance analyst. Apply THIS RUBRIC strictly:
- BLOCK: sanctions matches > 0, OR cost/kg exceeds 5x the peer median, OR a counterparty name indicates a shell/front company (contains SUSPICIOUS, SHELL, UNKNOWN, or is a generic non-identifiable trading name).
- ESCALATE: a required commercial figure is missing or unverifiable so a human must judge; OR document provenance reports extraction confidence below 60/100 or a failed validation.
- CLEAR: sanctions matches = 0 AND cost/kg is at or below the 95th percentile of cost/kg AND both counterparties are recognisable real businesses AND (if provenance is given) the extraction validated cleanly.

Judge the economics by COST PER KG against the peer baseline, not by the absolute invoice total: a large shipment with a normal cost/kg is commercially ordinary and should be CLEARED. A heavy-weight or duplicate-BL flag alone, with normal cost/kg and clean screening, is a routine data-quality issue and should also be CLEARED.

Do not invent thresholds beyond those above. Cite the actual numbers in your reason.
Return: decision (one of BLOCK/ESCALATE/CLEAR), reason (one sentence, max 200 chars, citing the decisive evidence), assessment (a short risk assessment naming the key indicators and their values).

Alert evidence: Alert type: COST_PER_KG_ANOMALY. BL: YMLU03136. Shipper: Hoa Sen Group. Consignee: Best Buy USA. Carrier: ONE. Route: KRPUS -> THLCH. Charges: $5363. Weight: 1750kg. Cost per kg: $3.0646. PEER BASELINE across all shipments: median cost/kg $0.2558, 95th percentile cost/kg $1.0692. Sanctions/export-restriction list matches for the counterparties: 0 (0 = both parties clear, -1 = screening data unavailable).","{""assessment"":""The cost per kg of $3.0646 significantly exceeds the peer median of $0.2558 and the 95th percentile of $1.0692, indicating a potential anomaly."",""decision"":""BLOCK"",""reason"":""Cost per kg ($3.0646) exceeds 5x the peer median ($0.2558).""}",619,"SUCCESS","\N","2026-08-01 23:41:37.946","fraud_investigation:attempt1","WORKFLOW_INVESTIGATE_ANOMALY",516,103,2729,"SUCCESS",438
40,"mistral-large2","You are a maritime logistics fraud and compliance analyst. Apply THIS RUBRIC strictly:
- BLOCK: sanctions matches > 0, OR cost/kg exceeds 5x the peer median, OR a counterparty name indicates a shell/front company (contains SUSPICIOUS, SHELL, UNKNOWN, or is a generic non-identifiable trading name).
- ESCALATE: a required commercial figure is missing or unverifiable so a human must judge; OR document provenance reports extraction confidence below 60/100 or a failed validation.
- CLEAR: sanctions matches = 0 AND cost/kg is at or below the 95th percentile of cost/kg AND both counterparties are recognisable real businesses AND (if provenance is given) the extraction validated cleanly.

Judge the economics by COST PER KG against the peer baseline, not by the absolute invoice total: a large shipment with a normal cost/kg is commercially ordinary and should be CLEARED. A heavy-weight or duplicate-BL flag alone, with normal cost/kg and clean screening, is a routine data-quality issue and should also be CLEARED.

Do not invent thresholds beyond those above. Cite the actual numbers in your reason.
Return: decision (one of BLOCK/ESCALATE/CLEAR), reason (one sentence, max 200 chars, citing the decisive evidence), assessment (a short risk assessment naming the key indicators and their values).

Alert evidence: Alert type: COST_PER_KG_ANOMALY. BL: ONEY01940. Shipper: Toyota Vietnam. Consignee: JD Logistics. Carrier: ONE. Route: CNSHA -> CNSHA. Charges: $5594. Weight: 1845kg. Cost per kg: $3.032. PEER BASELINE across all shipments: median cost/kg $0.2558, 95th percentile cost/kg $1.0692. Sanctions/export-restriction list matches for the counterparties: 0 (0 = both parties clear, -1 = screening data unavailable).","{""assessment"":""The cost per kg of $3.032 significantly exceeds the peer median of $0.2558 and the 95th percentile of $1.0692, indicating a potential anomaly."",""decision"":""BLOCK"",""reason"":""Cost per kg ($3.032) exceeds 5x the peer median ($0.2558).""}",615,"SUCCESS","\N","2026-08-01 23:41:45.998","fraud_investigation:attempt1","WORKFLOW_INVESTIGATE_ANOMALY",514,101,3964,"SUCCESS",439
41,"mistral-large2","You are a maritime logistics fraud and compliance analyst. Apply THIS RUBRIC strictly:
- BLOCK: sanctions matches > 0, OR cost/kg exceeds 5x the peer median, OR a counterparty name indicates a shell/front company (contains SUSPICIOUS, SHELL, UNKNOWN, or is a generic non-identifiable trading name).
- ESCALATE: a required commercial figure is missing or unverifiable so a human must judge; OR document provenance reports extraction confidence below 60/100 or a failed validation.
- CLEAR: sanctions matches = 0 AND cost/kg is at or below the 95th percentile of cost/kg AND both counterparties are recognisable real businesses AND (if provenance is given) the extraction validated cleanly.

Judge the economics by COST PER KG against the peer baseline, not by the absolute invoice total: a large shipment with a normal cost/kg is commercially ordinary and should be CLEARED. A heavy-weight or duplicate-BL flag alone, with normal cost/kg and clean screening, is a routine data-quality issue and should also be CLEARED.

Do not invent thresholds beyond those above. Cite the actual numbers in your reason.
Return: decision (one of BLOCK/ESCALATE/CLEAR), reason (one sentence, max 200 chars, citing the decisive evidence), assessment (a short risk assessment naming the key indicators and their values).

Alert evidence: Alert type: COST_PER_KG_ANOMALY. BL: APZU07368. Shipper: Trung Nguyen Coffee. Consignee: Metro AG. Carrier: EVERGREEN. Route: USLAX -> SGSIN. Charges: $4985. Weight: 1690kg. Cost per kg: $2.9497. PEER BASELINE across all shipments: median cost/kg $0.2558, 95th percentile cost/kg $1.0692. Sanctions/export-restriction list matches for the counterparties: 0 (0 = both parties clear, -1 = screening data unavailable).","{""assessment"":""The cost per kg of $2.9497 exceeds the peer median by more than 5 times, which is a significant anomaly. Both counterparties are recognizable real businesses, and there are no sanctions matches."",""decision"":""BLOCK"",""reason"":""Cost per kg ($2.9497) exceeds 5x the peer median ($0.2558).""}",624,"SUCCESS","\N","2026-08-01 23:41:58.758","fraud_investigation:attempt1","WORKFLOW_INVESTIGATE_ANOMALY",521,103,8887,"SUCCESS",440
42,"mistral-large2","You are a maritime logistics fraud and compliance analyst. Apply THIS RUBRIC strictly:
- BLOCK: sanctions matches > 0, OR cost/kg exceeds 5x the peer median, OR a counterparty name indicates a shell/front company (contains SUSPICIOUS, SHELL, UNKNOWN, or is a generic non-identifiable trading name).
- ESCALATE: a required commercial figure is missing or unverifiable so a human must judge; OR document provenance reports extraction confidence below 60/100 or a failed validation.
- CLEAR: sanctions matches = 0 AND cost/kg is at or below the 95th percentile of cost/kg AND both counterparties are recognisable real businesses AND (if provenance is given) the extraction validated cleanly.

Judge the economics by COST PER KG against the peer baseline, not by the absolute invoice total: a large shipment with a normal cost/kg is commercially ordinary and should be CLEARED. A heavy-weight or duplicate-BL flag alone, with normal cost/kg and clean screening, is a routine data-quality issue and should also be CLEARED.

Do not invent thresholds beyond those above. Cite the actual numbers in your reason.
Return: decision (one of BLOCK/ESCALATE/CLEAR), reason (one sentence, max 200 chars, citing the decisive evidence), assessment (a short risk assessment naming the key indicators and their values).

Alert evidence: Alert type: COST_PER_KG_ANOMALY. BL: CMDU06591. Shipper: Hoa Sen Group. Consignee: Target Corp. Carrier: ONE. Route: MYPKG -> USLGB. Charges: $5196. Weight: 1779kg. Cost per kg: $2.9207. PEER BASELINE across all shipments: median cost/kg $0.2558, 95th percentile cost/kg $1.0692. Sanctions/export-restriction list matches for the counterparties: 0 (0 = both parties clear, -1 = screening data unavailable).","{""assessment"":""The cost per kg of $2.9207 significantly exceeds the peer median of $0.2558 and the 95th percentile of $1.0692, indicating a potential anomaly in pricing."",""decision"":""BLOCK"",""reason"":""Cost per kg ($2.9207) exceeds 5x the peer median ($0.2558).""}",621,"SUCCESS","\N","2026-08-01 23:42:06.417","fraud_investigation:attempt1","WORKFLOW_INVESTIGATE_ANOMALY",516,105,2731,"SUCCESS",441
43,"mistral-large2","You are a maritime logistics fraud and compliance analyst. Apply THIS RUBRIC strictly:
- BLOCK: sanctions matches > 0, OR cost/kg exceeds 5x the peer median, OR a counterparty name indicates a shell/front company (contains SUSPICIOUS, SHELL, UNKNOWN, or is a generic non-identifiable trading name).
- ESCALATE: a required commercial figure is missing or unverifiable so a human must judge; OR document provenance reports extraction confidence below 60/100 or a failed validation.
- CLEAR: sanctions matches = 0 AND cost/kg is at or below the 95th percentile of cost/kg AND both counterparties are recognisable real businesses AND (if provenance is given) the extraction validated cleanly.

Judge the economics by COST PER KG against the peer baseline, not by the absolute invoice total: a large shipment with a normal cost/kg is commercially ordinary and should be CLEARED. A heavy-weight or duplicate-BL flag alone, with normal cost/kg and clean screening, is a routine data-quality issue and should also be CLEARED.

Do not invent thresholds beyond those above. Cite the actual numbers in your reason.
Return: decision (one of BLOCK/ESCALATE/CLEAR), reason (one sentence, max 200 chars, citing the decisive evidence), assessment (a short risk assessment naming the key indicators and their values).

Alert evidence: Alert type: COST_PER_KG_ANOMALY. BL: MAEU07886. Shipper: Phong Phu Garment. Consignee: Best Buy USA. Carrier: OOCL. Route: USLAX -> HKHKG. Charges: $5733. Weight: 2060kg. Cost per kg: $2.783. PEER BASELINE across all shipments: median cost/kg $0.2558, 95th percentile cost/kg $1.0692. Sanctions/export-restriction list matches for the counterparties: 0 (0 = both parties clear, -1 = screening data unavailable).","{""assessment"":""The cost per kg of $2.783 exceeds the peer median by more than 5 times, which is a significant anomaly. Both counterparties are recognizable real businesses, and there are no sanctions matches. The key indicator is the cost per kg, which is $2.783 compared to the peer median of $0.2558."",""decision"":""BLOCK"",""reason"":""Cost per kg ($2.783) exceeds 5x the peer median ($0.2558).""}",653,"SUCCESS","\N","2026-08-01 23:42:14.065","fraud_investigation:attempt1","WORKFLOW_INVESTIGATE_ANOMALY",521,132,3544,"SUCCESS",442
44,"mistral-large2","You are a maritime logistics fraud and compliance analyst. Apply THIS RUBRIC strictly, using the stated multiple of the peer median cost per kg:
- BLOCK: sanctions matches > 0, OR cost/kg is MORE THAN 10x the peer median, OR a counterparty name indicates a shell/front company (contains SUSPICIOUS, SHELL, UNKNOWN, or is a generic non-identifiable trading name).
- ESCALATE: cost/kg is between 5x and 10x the peer median (elevated but not conclusive, so a human decides), OR a required commercial figure is missing or unverifiable, OR document provenance reports extraction confidence below 60/100 or a failed validation.
- CLEAR: sanctions matches = 0 AND cost/kg is at or below 5x the peer median AND both counterparties are recognisable real businesses AND (if provenance is given) the extraction validated cleanly.

Judge the economics by the stated cost-per-kg multiple, not by the absolute invoice total: a large shipment with a normal cost/kg is commercially ordinary and should be CLEARED. A heavy-weight or duplicate-BL flag alone, with normal cost/kg and clean screening, is a routine data-quality issue and should also be CLEARED.

Do not invent thresholds beyond those above. Cite the actual numbers in your reason.
Return: decision (one of BLOCK/ESCALATE/CLEAR), reason (one sentence, max 200 chars, citing the decisive evidence), assessment (a short risk assessment naming the key indicators and their values).

Alert evidence: Alert type: HIGH_VALUE_ANOMALY. BL: APZU09208. Shipper: Binh Tien Consumer. Consignee: Home Depot. Carrier: HAPAG_LLOYD. Route: GBFXT -> CNSHA. Charges: $8786. Weight: 3295kg. Cost per kg: $2.6665. PEER BASELINE: median cost/kg $0.2558, 95th percentile cost/kg $1.0692. THIS SHIPMENT IS 10.42x THE PEER MEDIAN COST PER KG. Sanctions/export-restriction list matches for the counterparties: 0 (0 = both parties clear, -1 = screening data unavailable).","{""assessment"":""The shipment is flagged due to the cost per kg being significantly higher than the peer median. The cost per kg is $2.6665, which is 10.42x the peer median cost of $0.2558. No sanctions or export-restriction list matches were found for the counterparties."",""decision"":""BLOCK"",""reason"":""Cost/kg is MORE THAN 10x the peer median ($2.6665 vs $0.2558).""}",711,"SUCCESS","\N","2026-08-01 23:51:39.033","fraud_investigation:attempt1","WORKFLOW_INVESTIGATE_ANOMALY",579,132,5334,"SUCCESS",443
45,"mistral-large2","You are a maritime logistics fraud and compliance analyst. Apply THIS RUBRIC strictly, using the stated multiple of the peer median cost per kg:
- BLOCK: sanctions matches > 0, OR cost/kg is MORE THAN 10x the peer median, OR a counterparty name indicates a shell/front company (contains SUSPICIOUS, SHELL, UNKNOWN, or is a generic non-identifiable trading name).
- ESCALATE: cost/kg is between 5x and 10x the peer median (elevated but not conclusive, so a human decides), OR a required commercial figure is missing or unverifiable, OR document provenance reports extraction confidence below 60/100 or a failed validation.
- CLEAR: sanctions matches = 0 AND cost/kg is at or below 5x the peer median AND both counterparties are recognisable real businesses AND (if provenance is given) the extraction validated cleanly.

Judge the economics by the stated cost-per-kg multiple, not by the absolute invoice total: a large shipment with a normal cost/kg is commercially ordinary and should be CLEARED. A heavy-weight or duplicate-BL flag alone, with normal cost/kg and clean screening, is a routine data-quality issue and should also be CLEARED.

Do not invent thresholds beyond those above. Cite the actual numbers in your reason.
Return: decision (one of BLOCK/ESCALATE/CLEAR), reason (one sentence, max 200 chars, citing the decisive evidence), assessment (a short risk assessment naming the key indicators and their values).

Alert evidence: Alert type: COST_PER_KG_ANOMALY. BL: CMDU06733. Shipper: Hoa Sen Group. Consignee: Best Buy USA. Carrier: EVERGREEN. Route: SGSIN -> JPTYO. Charges: $6292. Weight: 1557kg. Cost per kg: $4.0411. PEER BASELINE: median cost/kg $0.2558, 95th percentile cost/kg $1.0692. THIS SHIPMENT IS 15.8x THE PEER MEDIAN COST PER KG. Sanctions/export-restriction list matches for the counterparties: 0 (0 = both parties clear, -1 = screening data unavailable).","{""assessment"":""The key indicator is the cost per kg, which is 15.8x the peer median cost per kg. This is significantly higher than the threshold for blocking, indicating a high risk of fraud or non-compliance."",""decision"":""BLOCK"",""reason"":""Cost/kg is 15.8x the peer median.""}",663,"SUCCESS","\N","2026-08-01 23:51:47.609","fraud_investigation:attempt1","WORKFLOW_INVESTIGATE_ANOMALY",576,87,4611,"SUCCESS",444
46,"mistral-large2","You are a maritime logistics fraud and compliance analyst. Apply THIS RUBRIC strictly, using the stated multiple of the peer median cost per kg:
- BLOCK: sanctions matches > 0, OR cost/kg is MORE THAN 10x the peer median, OR a counterparty name indicates a shell/front company (contains SUSPICIOUS, SHELL, UNKNOWN, or is a generic non-identifiable trading name).
- ESCALATE: cost/kg is between 5x and 10x the peer median (elevated but not conclusive, so a human decides), OR a required commercial figure is missing or unverifiable, OR document provenance reports extraction confidence below 60/100 or a failed validation.
- CLEAR: sanctions matches = 0 AND cost/kg is at or below 5x the peer median AND both counterparties are recognisable real businesses AND (if provenance is given) the extraction validated cleanly.

Judge the economics by the stated cost-per-kg multiple, not by the absolute invoice total: a large shipment with a normal cost/kg is commercially ordinary and should be CLEARED. A heavy-weight or duplicate-BL flag alone, with normal cost/kg and clean screening, is a routine data-quality issue and should also be CLEARED.

Do not invent thresholds beyond those above. Cite the actual numbers in your reason.
Return: decision (one of BLOCK/ESCALATE/CLEAR), reason (one sentence, max 200 chars, citing the decisive evidence), assessment (a short risk assessment naming the key indicators and their values).

Alert evidence: Alert type: COST_PER_KG_ANOMALY. BL: OOLU08621. Shipper: Nike Vietnam. Consignee: Amazon Logistics. Carrier: EVERGREEN. Route: DEHAM -> HKHKG. Charges: $6185. Weight: 1673kg. Cost per kg: $3.697. PEER BASELINE: median cost/kg $0.2558, 95th percentile cost/kg $1.0692. THIS SHIPMENT IS 14.45x THE PEER MEDIAN COST PER KG. Sanctions/export-restriction list matches for the counterparties: 0 (0 = both parties clear, -1 = screening data unavailable).","{""assessment"":""The key indicator is the cost per kg, which is 14.45x the peer median cost per kg. This is significantly higher than the threshold for blocking, indicating a high risk of fraud or non-compliance."",""decision"":""BLOCK"",""reason"":""Cost per kg is 14.45x the peer median.""}",665,"SUCCESS","\N","2026-08-01 23:51:53.939","fraud_investigation:attempt1","WORKFLOW_INVESTIGATE_ANOMALY",576,89,2482,"SUCCESS",445
47,"mistral-large2","You are a maritime logistics fraud and compliance analyst. Apply THIS RUBRIC strictly, using the stated multiple of the peer median cost per kg:
- BLOCK: sanctions matches > 0, OR cost/kg is MORE THAN 10x the peer median, OR a counterparty name indicates a shell/front company (contains SUSPICIOUS, SHELL, UNKNOWN, or is a generic non-identifiable trading name).
- ESCALATE: cost/kg is between 5x and 10x the peer median (elevated but not conclusive, so a human decides), OR a required commercial figure is missing or unverifiable, OR document provenance reports extraction confidence below 60/100 or a failed validation.
- CLEAR: sanctions matches = 0 AND cost/kg is at or below 5x the peer median AND both counterparties are recognisable real businesses AND (if provenance is given) the extraction validated cleanly.

Judge the economics by the stated cost-per-kg multiple, not by the absolute invoice total: a large shipment with a normal cost/kg is commercially ordinary and should be CLEARED. A heavy-weight or duplicate-BL flag alone, with normal cost/kg and clean screening, is a routine data-quality issue and should also be CLEARED.

Do not invent thresholds beyond those above. Cite the actual numbers in your reason.
Return: decision (one of BLOCK/ESCALATE/CLEAR), reason (one sentence, max 200 chars, citing the decisive evidence), assessment (a short risk assessment naming the key indicators and their values).

Alert evidence: Alert type: COST_PER_KG_ANOMALY. BL: EGLV08157. Shipper: Hoa Sen Group. Consignee: Costco Wholesale. Carrier: ONE. Route: JPYOK -> BEANR. Charges: $5880. Weight: 1624kg. Cost per kg: $3.6207. PEER BASELINE: median cost/kg $0.2558, 95th percentile cost/kg $1.0692. THIS SHIPMENT IS 14.15x THE PEER MEDIAN COST PER KG. Sanctions/export-restriction list matches for the counterparties: 0 (0 = both parties clear, -1 = screening data unavailable).","{""assessment"":""The key indicator is the cost per kg, which is 14.15x the peer median cost per kg. This is significantly higher than the threshold for blocking, indicating a high risk of fraud or non-compliance."",""decision"":""BLOCK"",""reason"":""Cost per kg is 14.15x the peer median.""}",664,"SUCCESS","\N","2026-08-01 23:52:04.355","fraud_investigation:attempt1","WORKFLOW_INVESTIGATE_ANOMALY",575,89,6664,"SUCCESS",446
48,"mistral-large2","You are a maritime logistics fraud and compliance analyst. Apply THIS RUBRIC strictly, using the stated multiple of the peer median cost per kg:
- BLOCK: sanctions matches > 0, OR cost/kg is MORE THAN 10x the peer median, OR a counterparty name indicates a shell/front company (contains SUSPICIOUS, SHELL, UNKNOWN, or is a generic non-identifiable trading name).
- ESCALATE: cost/kg is between 5x and 10x the peer median (elevated but not conclusive, so a human decides), OR a required commercial figure is missing or unverifiable, OR document provenance reports extraction confidence below 60/100 or a failed validation.
- CLEAR: sanctions matches = 0 AND cost/kg is at or below 5x the peer median AND both counterparties are recognisable real businesses AND (if provenance is given) the extraction validated cleanly.

Judge the economics by the stated cost-per-kg multiple, not by the absolute invoice total: a large shipment with a normal cost/kg is commercially ordinary and should be CLEARED. A heavy-weight or duplicate-BL flag alone, with normal cost/kg and clean screening, is a routine data-quality issue and should also be CLEARED.

Do not invent thresholds beyond those above. Cite the actual numbers in your reason.
Return: decision (one of BLOCK/ESCALATE/CLEAR), reason (one sentence, max 200 chars, citing the decisive evidence), assessment (a short risk assessment naming the key indicators and their values).

Alert evidence: Alert type: COST_PER_KG_ANOMALY. BL: MAEU08129. Shipper: Foxconn Vietnam. Consignee: Carrefour SA. Carrier: ONE. Route: THLCH -> BEANR. Charges: $5720. Weight: 1589kg. Cost per kg: $3.5997. PEER BASELINE: median cost/kg $0.2558, 95th percentile cost/kg $1.0692. THIS SHIPMENT IS 14.07x THE PEER MEDIAN COST PER KG. Sanctions/export-restriction list matches for the counterparties: 0 (0 = both parties clear, -1 = screening data unavailable).","{""assessment"":""The key indicator is the cost per kg, which is 14.07x the peer median cost per kg. This is significantly higher than the threshold for blocking, indicating a high risk of fraud or non-compliance."",""decision"":""BLOCK"",""reason"":""Cost/kg is 14.07x the peer median.""}",662,"SUCCESS","\N","2026-08-01 23:52:10.828","fraud_investigation:attempt1","WORKFLOW_INVESTIGATE_ANOMALY",573,89,2719,"SUCCESS",447
49,"mistral-large2","You are a maritime logistics fraud and compliance analyst. Apply THIS RUBRIC strictly, using the stated multiple of the peer median cost per kg:
- BLOCK: sanctions matches > 0, OR cost/kg is MORE THAN 10x the peer median, OR a counterparty name indicates a shell/front company (contains SUSPICIOUS, SHELL, UNKNOWN, or is a generic non-identifiable trading name).
- ESCALATE: cost/kg is between 5x and 10x the peer median (elevated but not conclusive, so a human decides), OR a required commercial figure is missing or unverifiable, OR document provenance reports extraction confidence below 60/100 or a failed validation.
- CLEAR: sanctions matches = 0 AND cost/kg is at or below 5x the peer median AND both counterparties are recognisable real businesses AND (if provenance is given) the extraction validated cleanly.

Judge the economics by the stated cost-per-kg multiple, not by the absolute invoice total: a large shipment with a normal cost/kg is commercially ordinary and should be CLEARED. A heavy-weight or duplicate-BL flag alone, with normal cost/kg and clean screening, is a routine data-quality issue and should also be CLEARED.

Do not invent thresholds beyond those above. Cite the actual numbers in your reason.
Return: decision (one of BLOCK/ESCALATE/CLEAR), reason (one sentence, max 200 chars, citing the decisive evidence), assessment (a short risk assessment naming the key indicators and their values).

Alert evidence: Alert type: COST_PER_KG_ANOMALY. BL: CMDU09063. Shipper: Foxconn Vietnam. Consignee: Asian Foods LLC. Carrier: ONE. Route: CNSHA -> AEJEA. Charges: $6153. Weight: 1718kg. Cost per kg: $3.5815. PEER BASELINE: median cost/kg $0.2558, 95th percentile cost/kg $1.0692. THIS SHIPMENT IS 14x THE PEER MEDIAN COST PER KG. Sanctions/export-restriction list matches for the counterparties: 0 (0 = both parties clear, -1 = screening data unavailable).","{""assessment"":""The key indicator is the cost per kg, which is 14x the peer median cost per kg ($3.5815 vs $0.2558). This significant discrepancy raises concerns about potential fraud or overvaluation."",""decision"":""BLOCK"",""reason"":""Cost/kg is MORE THAN 10x the peer median ($3.5815 vs $0.2558).""}",681,"SUCCESS","\N","2026-08-01 23:52:17.519","fraud_investigation:attempt1","WORKFLOW_INVESTIGATE_ANOMALY",571,110,2894,"SUCCESS",448
50,"mistral-large2","You are a maritime logistics fraud and compliance analyst. Apply THIS RUBRIC strictly, using the stated multiple of the peer median cost per kg:
- BLOCK: sanctions matches > 0, OR cost/kg is MORE THAN 10x the peer median, OR a counterparty name indicates a shell/front company (contains SUSPICIOUS, SHELL, UNKNOWN, or is a generic non-identifiable trading name).
- ESCALATE: cost/kg is between 5x and 10x the peer median (elevated but not conclusive, so a human decides), OR a required commercial figure is missing or unverifiable, OR document provenance reports extraction confidence below 60/100 or a failed validation.
- CLEAR: sanctions matches = 0 AND cost/kg is at or below 5x the peer median AND both counterparties are recognisable real businesses AND (if provenance is given) the extraction validated cleanly.

Judge the economics by the stated cost-per-kg multiple, not by the absolute invoice total: a large shipment with a normal cost/kg is commercially ordinary and should be CLEARED. A heavy-weight or duplicate-BL flag alone, with normal cost/kg and clean screening, is a routine data-quality issue and should also be CLEARED.

Do not invent thresholds beyond those above. Cite the actual numbers in your reason.
Return: decision (one of BLOCK/ESCALATE/CLEAR), reason (one sentence, max 200 chars, citing the decisive evidence), assessment (a short risk assessment naming the key indicators and their values).

Alert evidence: Alert type: COST_PER_KG_ANOMALY. BL: CMDU01779. Shipper: Nike Vietnam. Consignee: Target Corp. Carrier: EVERGREEN. Route: HKHKG -> VNSGN. Charges: $5559. Weight: 1589kg. Cost per kg: $3.4984. PEER BASELINE: median cost/kg $0.2558, 95th percentile cost/kg $1.0692. THIS SHIPMENT IS 13.68x THE PEER MEDIAN COST PER KG. Sanctions/export-restriction list matches for the counterparties: 0 (0 = both parties clear, -1 = screening data unavailable).","{""assessment"":""The key indicator is the cost per kg, which is 13.68x the peer median cost per kg. This is significantly higher than the threshold for blocking, indicating a high risk of fraud or non-compliance."",""decision"":""BLOCK"",""reason"":""Cost per kg is 13.68x the peer median.""}",666,"SUCCESS","\N","2026-08-01 23:52:23.613","fraud_investigation:attempt1","WORKFLOW_INVESTIGATE_ANOMALY",577,89,2393,"SUCCESS",449
51,"mistral-large2","You are a maritime logistics fraud and compliance analyst. Apply THIS RUBRIC strictly, using the stated multiple of the peer median cost per kg:
- BLOCK: sanctions matches > 0, OR cost/kg is MORE THAN 10x the peer median, OR a counterparty name indicates a shell/front company (contains SUSPICIOUS, SHELL, UNKNOWN, or is a generic non-identifiable trading name).
- ESCALATE: cost/kg is between 5x and 10x the peer median (elevated but not conclusive, so a human decides), OR a required commercial figure is missing or unverifiable, OR document provenance reports extraction confidence below 60/100 or a failed validation.
- CLEAR: sanctions matches = 0 AND cost/kg is at or below 5x the peer median AND both counterparties are recognisable real businesses AND (if provenance is given) the extraction validated cleanly.

Judge the economics by the stated cost-per-kg multiple, not by the absolute invoice total: a large shipment with a normal cost/kg is commercially ordinary and should be CLEARED. A heavy-weight or duplicate-BL flag alone, with normal cost/kg and clean screening, is a routine data-quality issue and should also be CLEARED.

Do not invent thresholds beyond those above. Cite the actual numbers in your reason.
Return: decision (one of BLOCK/ESCALATE/CLEAR), reason (one sentence, max 200 chars, citing the decisive evidence), assessment (a short risk assessment naming the key indicators and their values).

Alert evidence: Alert type: COST_PER_KG_ANOMALY. BL: HLCU00344. Shipper: Hoa Sen Group. Consignee: AEON Japan. Carrier: EVERGREEN. Route: JPYOK -> SGSIN. Charges: $6252. Weight: 1802kg. Cost per kg: $3.4695. PEER BASELINE: median cost/kg $0.2558, 95th percentile cost/kg $1.0692. THIS SHIPMENT IS 13.56x THE PEER MEDIAN COST PER KG. Sanctions/export-restriction list matches for the counterparties: 0 (0 = both parties clear, -1 = screening data unavailable).","{""assessment"":""The key indicator is the cost per kg, which is 13.56x the peer median cost per kg. This is significantly higher than the threshold for blocking, indicating a high risk of fraud or non-compliance."",""decision"":""BLOCK"",""reason"":""Cost per kg is 13.56x the peer median.""}",666,"SUCCESS","\N","2026-08-01 23:52:29.712","fraud_investigation:attempt1","WORKFLOW_INVESTIGATE_ANOMALY",577,89,2385,"SUCCESS",450
52,"mistral-large2","You are a maritime logistics fraud and compliance analyst. Apply THIS RUBRIC strictly, using the stated multiple of the peer median cost per kg:
- BLOCK: sanctions matches > 0, OR cost/kg is MORE THAN 10x the peer median, OR a counterparty name indicates a shell/front company (contains SUSPICIOUS, SHELL, UNKNOWN, or is a generic non-identifiable trading name).
- ESCALATE: cost/kg is between 5x and 10x the peer median (elevated but not conclusive, so a human decides), OR a required commercial figure is missing or unverifiable, OR document provenance reports extraction confidence below 60/100 or a failed validation.
- CLEAR: sanctions matches = 0 AND cost/kg is at or below 5x the peer median AND both counterparties are recognisable real businesses AND (if provenance is given) the extraction validated cleanly.

Judge the economics by the stated cost-per-kg multiple, not by the absolute invoice total: a large shipment with a normal cost/kg is commercially ordinary and should be CLEARED. A heavy-weight or duplicate-BL flag alone, with normal cost/kg and clean screening, is a routine data-quality issue and should also be CLEARED.

Do not invent thresholds beyond those above. Cite the actual numbers in your reason.
Return: decision (one of BLOCK/ESCALATE/CLEAR), reason (one sentence, max 200 chars, citing the decisive evidence), assessment (a short risk assessment naming the key indicators and their values).

Alert evidence: Alert type: COST_PER_KG_ANOMALY. BL: MAEU02771. Shipper: Phong Phu Garment. Consignee: JD Logistics. Carrier: EVERGREEN. Route: USNYC -> CNSHA. Charges: $5688. Weight: 1641kg. Cost per kg: $3.4662. PEER BASELINE: median cost/kg $0.2558, 95th percentile cost/kg $1.0692. THIS SHIPMENT IS 13.55x THE PEER MEDIAN COST PER KG. Sanctions/export-restriction list matches for the counterparties: 0 (0 = both parties clear, -1 = screening data unavailable).","{""assessment"":""The key indicator is the cost per kg, which is 13.55x the peer median cost per kg. This is significantly higher than the threshold for blocking, indicating a high risk of fraud or non-compliance."",""decision"":""BLOCK"",""reason"":""Cost per kg is 13.55x the peer median.""}",668,"SUCCESS","\N","2026-08-01 23:55:47.553","fraud_investigation:attempt1","WORKFLOW_INVESTIGATE_ANOMALY",579,89,2587,"SUCCESS",451
53,"mistral-large2","You are a maritime logistics fraud and compliance analyst. Apply THIS RUBRIC strictly, using the stated multiple of the peer median cost per kg:
- BLOCK: sanctions matches > 0, OR cost/kg is MORE THAN 10x the peer median, OR a counterparty name indicates a shell/front company (contains SUSPICIOUS, SHELL, UNKNOWN, or is a generic non-identifiable trading name).
- ESCALATE: cost/kg is between 5x and 10x the peer median (elevated but not conclusive, so a human decides), OR a required commercial figure is missing or unverifiable, OR document provenance reports extraction confidence below 60/100 or a failed validation.
- CLEAR: sanctions matches = 0 AND cost/kg is at or below 5x the peer median AND both counterparties are recognisable real businesses AND (if provenance is given) the extraction validated cleanly.

Judge the economics by the stated cost-per-kg multiple, not by the absolute invoice total: a large shipment with a normal cost/kg is commercially ordinary and should be CLEARED. A heavy-weight or duplicate-BL flag alone, with normal cost/kg and clean screening, is a routine data-quality issue and should also be CLEARED.

Do not invent thresholds beyond those above. Cite the actual numbers in your reason.
Return: decision (one of BLOCK/ESCALATE/CLEAR), reason (one sentence, max 200 chars, citing the decisive evidence), assessment (a short risk assessment naming the key indicators and their values).

Alert evidence: Alert type: WEIGHT_ANOMALY. BL: YMLU01558. Shipper: Intel Products Vietnam. Consignee: Walmart Inc. Carrier: COSCO. Route: AEJEA -> CNNGB. Charges: $2510. Weight: 44742kg. Cost per kg: $0.0561. PEER BASELINE: median cost/kg $0.2558, 95th percentile cost/kg $1.0692. THIS SHIPMENT IS 0.22x THE PEER MEDIAN COST PER KG. Sanctions/export-restriction list matches for the counterparties: 0 (0 = both parties clear, -1 = screening data unavailable).","{""assessment"":""The shipment's cost per kg is significantly below the peer median, and there are no sanctions matches. Both counterparties are recognizable real businesses."",""decision"":""CLEAR"",""reason"":""Cost per kg is 0.22x the peer median, and sanctions matches = 0.""}",651,"SUCCESS","\N","2026-08-01 23:55:54.138","fraud_investigation:attempt1","WORKFLOW_INVESTIGATE_ANOMALY",569,82,2409,"SUCCESS",452
54,"mistral-large2","You are a maritime logistics fraud and compliance analyst. Apply THIS RUBRIC strictly, using the stated multiple of the peer median cost per kg:
- BLOCK: sanctions matches > 0, OR cost/kg is MORE THAN 10x the peer median, OR a counterparty name indicates a shell/front company (contains SUSPICIOUS, SHELL, UNKNOWN, or is a generic non-identifiable trading name).
- ESCALATE: cost/kg is between 5x and 10x the peer median (elevated but not conclusive, so a human decides), OR a required commercial figure is missing or unverifiable, OR document provenance reports extraction confidence below 60/100 or a failed validation.
- CLEAR: sanctions matches = 0 AND cost/kg is at or below 5x the peer median AND both counterparties are recognisable real businesses AND (if provenance is given) the extraction validated cleanly.

Judge the economics by the stated cost-per-kg multiple, not by the absolute invoice total: a large shipment with a normal cost/kg is commercially ordinary and should be CLEARED. A heavy-weight or duplicate-BL flag alone, with normal cost/kg and clean screening, is a routine data-quality issue and should also be CLEARED.

Do not invent thresholds beyond those above. Cite the actual numbers in your reason.
Return: decision (one of BLOCK/ESCALATE/CLEAR), reason (one sentence, max 200 chars, citing the decisive evidence), assessment (a short risk assessment naming the key indicators and their values).

Alert evidence: Alert type: WEIGHT_ANOMALY. BL: OOLU00419. Shipper: Foxconn Vietnam. Consignee: Best Buy USA. Carrier: COSCO. Route: MYPKG -> USLAX. Charges: $5008. Weight: 44721kg. Cost per kg: $0.112. PEER BASELINE: median cost/kg $0.2558, 95th percentile cost/kg $1.0692. THIS SHIPMENT IS 0.44x THE PEER MEDIAN COST PER KG. Sanctions/export-restriction list matches for the counterparties: 0 (0 = both parties clear, -1 = screening data unavailable).","{""assessment"":""The shipment's cost per kg is significantly below the peer median, and there are no sanctions matches. Both counterparties are recognizable real businesses."",""decision"":""CLEAR"",""reason"":""Cost per kg is 0.44x the peer median, and sanctions matches = 0.""}",650,"SUCCESS","\N","2026-08-01 23:56:02.204","fraud_investigation:attempt1","WORKFLOW_INVESTIGATE_ANOMALY",568,82,3299,"SUCCESS",453
55,"mistral-large2","You are a maritime logistics fraud and compliance analyst. Apply THIS RUBRIC strictly, using the stated multiple of the peer median cost per kg:
- BLOCK: sanctions matches > 0, OR cost/kg is MORE THAN 10x the peer median, OR a counterparty name indicates a shell/front company (contains SUSPICIOUS, SHELL, UNKNOWN, or is a generic non-identifiable trading name).
- ESCALATE: cost/kg is between 5x and 10x the peer median (elevated but not conclusive, so a human decides), OR a required commercial figure is missing or unverifiable, OR document provenance reports extraction confidence below 60/100 or a failed validation.
- CLEAR: sanctions matches = 0 AND cost/kg is at or below 5x the peer median AND both counterparties are recognisable real businesses AND (if provenance is given) the extraction validated cleanly.

Judge the economics by the stated cost-per-kg multiple, not by the absolute invoice total: a large shipment with a normal cost/kg is commercially ordinary and should be CLEARED. A heavy-weight or duplicate-BL flag alone, with normal cost/kg and clean screening, is a routine data-quality issue and should also be CLEARED.

Do not invent thresholds beyond those above. Cite the actual numbers in your reason.
Return: decision (one of BLOCK/ESCALATE/CLEAR), reason (one sentence, max 200 chars, citing the decisive evidence), assessment (a short risk assessment naming the key indicators and their values).

Alert evidence: Alert type: WEIGHT_ANOMALY. BL: CMDU09790. Shipper: Nike Vietnam. Consignee: Alibaba Trade. Carrier: COSCO. Route: JPYOK -> VNSGN. Charges: $3573. Weight: 44706kg. Cost per kg: $0.0799. PEER BASELINE: median cost/kg $0.2558, 95th percentile cost/kg $1.0692. THIS SHIPMENT IS 0.31x THE PEER MEDIAN COST PER KG. Sanctions/export-restriction list matches for the counterparties: 0 (0 = both parties clear, -1 = screening data unavailable).","{""assessment"":""The shipment's cost per kg is significantly below the peer median, and there are no sanctions matches. Both counterparties are recognizable real businesses."",""decision"":""CLEAR"",""reason"":""Cost/kg is 0.31x the peer median, and sanctions matches = 0.""}",652,"SUCCESS","\N","2026-08-01 23:56:09.152","fraud_investigation:attempt1","WORKFLOW_INVESTIGATE_ANOMALY",570,82,2383,"SUCCESS",454
56,"mistral-large2","You are a maritime logistics fraud and compliance analyst. Apply THIS RUBRIC strictly, using the stated multiple of the peer median cost per kg:
- BLOCK: sanctions matches > 0, OR cost/kg is MORE THAN 10x the peer median, OR a counterparty name indicates a shell/front company (contains SUSPICIOUS, SHELL, UNKNOWN, or is a generic non-identifiable trading name).
- ESCALATE: cost/kg is between 5x and 10x the peer median (elevated but not conclusive, so a human decides), OR a required commercial figure is missing or unverifiable, OR document provenance reports extraction confidence below 60/100 or a failed validation.
- CLEAR: sanctions matches = 0 AND cost/kg is at or below 5x the peer median AND both counterparties are recognisable real businesses AND (if provenance is given) the extraction validated cleanly.

Judge the economics by the stated cost-per-kg multiple, not by the absolute invoice total: a large shipment with a normal cost/kg is commercially ordinary and should be CLEARED. A heavy-weight or duplicate-BL flag alone, with normal cost/kg and clean screening, is a routine data-quality issue and should also be CLEARED.

Do not invent thresholds beyond those above. Cite the actual numbers in your reason.
Return: decision (one of BLOCK/ESCALATE/CLEAR), reason (one sentence, max 200 chars, citing the decisive evidence), assessment (a short risk assessment naming the key indicators and their values).

Alert evidence: Alert type: WEIGHT_ANOMALY. BL: CAXU08547. Shipper: Panasonic Vietnam. Consignee: AEON Japan. Carrier: MSC. Route: DEHAM -> KRPUS. Charges: $4738. Weight: 44699kg. Cost per kg: $0.106. PEER BASELINE: median cost/kg $0.2558, 95th percentile cost/kg $1.0692. THIS SHIPMENT IS 0.41x THE PEER MEDIAN COST PER KG. Sanctions/export-restriction list matches for the counterparties: 0 (0 = both parties clear, -1 = screening data unavailable).","{""assessment"":""The shipment is well below the peer median cost per kg and both counterparties are recognizable real businesses with no sanctions matches."",""decision"":""CLEAR"",""reason"":""Cost/kg is 0.41x the peer median and sanctions matches = 0.""}",645,"SUCCESS","\N","2026-08-01 23:56:16.695","fraud_investigation:attempt1","WORKFLOW_INVESTIGATE_ANOMALY",569,76,3099,"SUCCESS",455
57,"mistral-large2","You are a maritime logistics fraud and compliance analyst. Apply THIS RUBRIC strictly, using the stated multiple of the peer median cost per kg:
- BLOCK: sanctions matches > 0, OR cost/kg is MORE THAN 10x the peer median, OR a counterparty name indicates a shell/front company (contains SUSPICIOUS, SHELL, UNKNOWN, or is a generic non-identifiable trading name).
- ESCALATE: cost/kg is between 5x and 10x the peer median (elevated but not conclusive, so a human decides), OR a required commercial figure is missing or unverifiable, OR document provenance reports extraction confidence below 60/100 or a failed validation.
- CLEAR: sanctions matches = 0 AND cost/kg is at or below 5x the peer median AND both counterparties are recognisable real businesses AND (if provenance is given) the extraction validated cleanly.

Judge the economics by the stated cost-per-kg multiple, not by the absolute invoice total: a large shipment with a normal cost/kg is commercially ordinary and should be CLEARED. A heavy-weight or duplicate-BL flag alone, with normal cost/kg and clean screening, is a routine data-quality issue and should also be CLEARED.

Do not invent thresholds beyond those above. Cite the actual numbers in your reason.
Return: decision (one of BLOCK/ESCALATE/CLEAR), reason (one sentence, max 200 chars, citing the decisive evidence), assessment (a short risk assessment naming the key indicators and their values).

Alert evidence: Alert type: WEIGHT_ANOMALY. BL: CAXU08941. Shipper: ABC Electronics Vietnam. Consignee: Lotte Corp. Carrier: MAERSK. Route: USLAX -> THLCH. Charges: $7676. Weight: 44696kg. Cost per kg: $0.1717. PEER BASELINE: median cost/kg $0.2558, 95th percentile cost/kg $1.0692. THIS SHIPMENT IS 0.67x THE PEER MEDIAN COST PER KG. Sanctions/export-restriction list matches for the counterparties: 0 (0 = both parties clear, -1 = screening data unavailable).","{""assessment"":""The shipment's cost per kg is 0.67x the peer median, which is well below the threshold for concern. Both counterparties are recognizable real businesses, and there are no sanctions matches. The weight anomaly alone is not sufficient to warrant a block or escalation."",""decision"":""CLEAR"",""reason"":""Cost per kg is 0.67x the peer median, and both counterparties are clear of sanctions.""}",686,"SUCCESS","\N","2026-08-01 23:56:24.113","fraud_investigation:attempt1","WORKFLOW_INVESTIGATE_ANOMALY",572,114,3128,"SUCCESS",456
58,"mistral-large2","You are a maritime logistics fraud and compliance analyst. Apply THIS RUBRIC strictly, using the stated multiple of the peer median cost per kg:
- BLOCK: sanctions matches > 0, OR cost/kg is MORE THAN 10x the peer median, OR a counterparty name indicates a shell/front company (contains SUSPICIOUS, SHELL, UNKNOWN, or is a generic non-identifiable trading name).
- ESCALATE: cost/kg is between 5x and 10x the peer median (elevated but not conclusive, so a human decides), OR a required commercial figure is missing or unverifiable, OR document provenance reports extraction confidence below 60/100 or a failed validation.
- CLEAR: sanctions matches = 0 AND cost/kg is at or below 5x the peer median AND both counterparties are recognisable real businesses AND (if provenance is given) the extraction validated cleanly.

Judge the economics by the stated cost-per-kg multiple, not by the absolute invoice total: a large shipment with a normal cost/kg is commercially ordinary and should be CLEARED. A heavy-weight or duplicate-BL flag alone, with normal cost/kg and clean screening, is a routine data-quality issue and should also be CLEARED.

Do not invent thresholds beyond those above. Cite the actual numbers in your reason.
Return: decision (one of BLOCK/ESCALATE/CLEAR), reason (one sentence, max 200 chars, citing the decisive evidence), assessment (a short risk assessment naming the key indicators and their values).

Alert evidence: Alert type: WEIGHT_ANOMALY. BL: YMLU09216. Shipper: LG Display Vietnam. Consignee: AEON Japan. Carrier: COSCO. Route: USNYC -> BEANR. Charges: $5417. Weight: 44695kg. Cost per kg: $0.1212. PEER BASELINE: median cost/kg $0.2558, 95th percentile cost/kg $1.0692. THIS SHIPMENT IS 0.47x THE PEER MEDIAN COST PER KG. Sanctions/export-restriction list matches for the counterparties: 0 (0 = both parties clear, -1 = screening data unavailable).","{""assessment"":""The shipment's cost per kg is significantly below the peer median, and there are no sanctions matches. Both counterparties are recognizable real businesses."",""decision"":""CLEAR"",""reason"":""Cost per kg is 0.47x the peer median, and sanctions matches = 0.""}",653,"SUCCESS","\N","2026-08-01 23:56:31.095","fraud_investigation:attempt1","WORKFLOW_INVESTIGATE_ANOMALY",571,82,2389,"SUCCESS",457
59,"mistral-large2","You are a maritime logistics fraud and compliance analyst. Apply THIS RUBRIC strictly, using the stated multiple of the peer median cost per kg:
- BLOCK: sanctions matches > 0, OR cost/kg is MORE THAN 10x the peer median, OR a counterparty name indicates a shell/front company (contains SUSPICIOUS, SHELL, UNKNOWN, or is a generic non-identifiable trading name).
- ESCALATE: cost/kg is between 5x and 10x the peer median (elevated but not conclusive, so a human decides), OR a required commercial figure is missing or unverifiable, OR document provenance reports extraction confidence below 60/100 or a failed validation.
- CLEAR: sanctions matches = 0 AND cost/kg is at or below 5x the peer median AND both counterparties are recognisable real businesses AND (if provenance is given) the extraction validated cleanly.

Judge the economics by the stated cost-per-kg multiple, not by the absolute invoice total: a large shipment with a normal cost/kg is commercially ordinary and should be CLEARED. A heavy-weight or duplicate-BL flag alone, with normal cost/kg and clean screening, is a routine data-quality issue and should also be CLEARED.

Do not invent thresholds beyond those above. Cite the actual numbers in your reason.
Return: decision (one of BLOCK/ESCALATE/CLEAR), reason (one sentence, max 200 chars, citing the decisive evidence), assessment (a short risk assessment naming the key indicators and their values).

Alert evidence: Alert type: WEIGHT_ANOMALY. BL: MAEU00828. Shipper: Binh Tien Consumer. Consignee: Tesco PLC. Carrier: MAERSK. Route: CNNGB -> NLRTM. Charges: $5444. Weight: 44679kg. Cost per kg: $0.1218. PEER BASELINE: median cost/kg $0.2558, 95th percentile cost/kg $1.0692. THIS SHIPMENT IS 0.48x THE PEER MEDIAN COST PER KG. Sanctions/export-restriction list matches for the counterparties: 0 (0 = both parties clear, -1 = screening data unavailable).","{""assessment"":""The shipment's cost per kg is significantly below the peer median, and there are no sanctions matches. Both counterparties are recognizable real businesses. The weight anomaly alone does not warrant blocking or escalation."",""decision"":""CLEAR"",""reason"":""Cost/kg is 0.48x the peer median, sanctions matches = 0, and both counterparties are recognizable real businesses.""}",677,"SUCCESS","\N","2026-08-01 23:56:39.611","fraud_investigation:attempt1","WORKFLOW_INVESTIGATE_ANOMALY",572,105,4115,"SUCCESS",458
60,"mistral-large2","You are a maritime logistics fraud and compliance analyst. Apply THIS RUBRIC strictly, using the stated multiple of the peer median cost per kg:
- BLOCK: sanctions matches > 0, OR cost/kg is MORE THAN 10x the peer median, OR a counterparty name indicates a shell/front company (contains SUSPICIOUS, SHELL, UNKNOWN, or is a generic non-identifiable trading name).
- ESCALATE: cost/kg is between 5x and 10x the peer median (elevated but not conclusive, so a human decides), OR a required commercial figure is missing or unverifiable, OR document provenance reports extraction confidence below 60/100 or a failed validation.
- CLEAR: sanctions matches = 0 AND cost/kg is at or below 5x the peer median AND both counterparties are recognisable real businesses AND (if provenance is given) the extraction validated cleanly.

Judge the economics by the stated cost-per-kg multiple, not by the absolute invoice total: a large shipment with a normal cost/kg is commercially ordinary and should be CLEARED. A heavy-weight or duplicate-BL flag alone, with normal cost/kg and clean screening, is a routine data-quality issue and should also be CLEARED.

Do not invent thresholds beyond those above. Cite the actual numbers in your reason.
Return: decision (one of BLOCK/ESCALATE/CLEAR), reason (one sentence, max 200 chars, citing the decisive evidence), assessment (a short risk assessment naming the key indicators and their values).

Alert evidence: Alert type: WEIGHT_ANOMALY. BL: YMLU04544. Shipper: Samsung Vietnam. Consignee: Walmart Inc. Carrier: MSC. Route: CNNGB -> THLCH. Charges: $7408. Weight: 44657kg. Cost per kg: $0.1659. PEER BASELINE: median cost/kg $0.2558, 95th percentile cost/kg $1.0692. THIS SHIPMENT IS 0.65x THE PEER MEDIAN COST PER KG. Sanctions/export-restriction list matches for the counterparties: 0 (0 = both parties clear, -1 = screening data unavailable).","{""assessment"":""The shipment is well below the peer median cost per kg and both counterparties are recognizable real businesses with no sanctions matches."",""decision"":""CLEAR"",""reason"":""Cost/kg is 0.65x the peer median and sanctions matches = 0.""}",642,"SUCCESS","\N","2026-08-01 23:57:46.991","fraud_investigation:attempt1","WORKFLOW_INVESTIGATE_ANOMALY",566,76,2120,"SUCCESS",459
61,"mistral-large2","You are a maritime logistics fraud and compliance analyst. Apply THIS RUBRIC strictly, using the stated multiple of the peer median cost per kg:
- BLOCK: sanctions matches > 0, OR cost/kg is MORE THAN 10x the peer median, OR a counterparty name indicates a shell/front company (contains SUSPICIOUS, SHELL, UNKNOWN, or is a generic non-identifiable trading name).
- ESCALATE: cost/kg is between 5x and 10x the peer median (elevated but not conclusive, so a human decides), OR a required commercial figure is missing or unverifiable, OR document provenance reports extraction confidence below 60/100 or a failed validation.
- CLEAR: sanctions matches = 0 AND cost/kg is at or below 5x the peer median AND both counterparties are recognisable real businesses AND (if provenance is given) the extraction validated cleanly.

Judge the economics by the stated cost-per-kg multiple, not by the absolute invoice total: a large shipment with a normal cost/kg is commercially ordinary and should be CLEARED. A heavy-weight or duplicate-BL flag alone, with normal cost/kg and clean screening, is a routine data-quality issue and should also be CLEARED.

Do not invent thresholds beyond those above. Cite the actual numbers in your reason.
Return: decision (one of BLOCK/ESCALATE/CLEAR), reason (one sentence, max 200 chars, citing the decisive evidence), assessment (a short risk assessment naming the key indicators and their values).

Alert evidence: Alert type: WEIGHT_ANOMALY. BL: YMLU04644. Shipper: Tan Hiep Phat. Consignee: Construction Supply Co. Carrier: MSC. Route: CNSHA -> AEJEA. Charges: $6296. Weight: 44644kg. Cost per kg: $0.141. PEER BASELINE: median cost/kg $0.2558, 95th percentile cost/kg $1.0692. THIS SHIPMENT IS 0.55x THE PEER MEDIAN COST PER KG. Sanctions/export-restriction list matches for the counterparties: 0 (0 = both parties clear, -1 = screening data unavailable).","{""assessment"":""The shipment's cost per kg is significantly below the peer median, and there are no sanctions matches. The counterparties are recognizable businesses. The weight anomaly alone is not a sufficient reason to block or escalate."",""decision"":""CLEAR"",""reason"":""Cost per kg is 0.55x the peer median, and no sanctions matches.""}",667,"SUCCESS","\N","2026-08-01 23:57:54.544","fraud_investigation:attempt1","WORKFLOW_INVESTIGATE_ANOMALY",572,95,2667,"SUCCESS",460
62,"mistral-large2","You are a maritime logistics fraud and compliance analyst. Apply THIS RUBRIC strictly, using the stated multiple of the peer median cost per kg:
- BLOCK: sanctions matches > 0, OR cost/kg is MORE THAN 10x the peer median, OR a counterparty name indicates a shell/front company (contains SUSPICIOUS, SHELL, UNKNOWN, or is a generic non-identifiable trading name).
- ESCALATE: cost/kg is between 5x and 10x the peer median (elevated but not conclusive, so a human decides), OR a required commercial figure is missing or unverifiable, OR document provenance reports extraction confidence below 60/100 or a failed validation.
- CLEAR: sanctions matches = 0 AND cost/kg is at or below 5x the peer median AND both counterparties are recognisable real businesses AND (if provenance is given) the extraction validated cleanly.

Judge the economics by the stated cost-per-kg multiple, not by the absolute invoice total: a large shipment with a normal cost/kg is commercially ordinary and should be CLEARED. A heavy-weight or duplicate-BL flag alone, with normal cost/kg and clean screening, is a routine data-quality issue and should also be CLEARED.

Do not invent thresholds beyond those above. Cite the actual numbers in your reason.
Return: decision (one of BLOCK/ESCALATE/CLEAR), reason (one sentence, max 200 chars, citing the decisive evidence), assessment (a short risk assessment naming the key indicators and their values).

Alert evidence: Alert type: WEIGHT_ANOMALY. BL: EGLV06637. Shipper: Viettel Electronics. Consignee: AEON Japan. Carrier: MSC. Route: CNNGB -> USLAX. Charges: $7067. Weight: 44631kg. Cost per kg: $0.1583. PEER BASELINE: median cost/kg $0.2558, 95th percentile cost/kg $1.0692. THIS SHIPMENT IS 0.62x THE PEER MEDIAN COST PER KG. Sanctions/export-restriction list matches for the counterparties: 0 (0 = both parties clear, -1 = screening data unavailable).","{""assessment"":""The shipment's cost per kg is 0.62x the peer median, which is well below the threshold for concern. Both counterparties are recognizable real businesses, and there are no sanctions matches. The weight anomaly alone is not sufficient to warrant a block or escalation."",""decision"":""CLEAR"",""reason"":""Cost per kg is 0.62x the peer median, both counterparties are recognizable, and no sanctions matches.""}",688,"SUCCESS","\N","2026-08-01 23:58:02.006","fraud_investigation:attempt1","WORKFLOW_INVESTIGATE_ANOMALY",571,117,2784,"SUCCESS",461
63,"mistral-large2","You are a maritime logistics fraud and compliance analyst. Apply THIS RUBRIC strictly, using the stated multiple of the peer median cost per kg:
- BLOCK: sanctions matches > 0, OR cost/kg is MORE THAN 10x the peer median, OR a counterparty name indicates a shell/front company (contains SUSPICIOUS, SHELL, UNKNOWN, or is a generic non-identifiable trading name).
- ESCALATE: cost/kg is between 5x and 10x the peer median (elevated but not conclusive, so a human decides), OR a required commercial figure is missing or unverifiable, OR document provenance reports extraction confidence below 60/100 or a failed validation.
- CLEAR: sanctions matches = 0 AND cost/kg is at or below 5x the peer median AND both counterparties are recognisable real businesses AND (if provenance is given) the extraction validated cleanly.

Judge the economics by the stated cost-per-kg multiple, not by the absolute invoice total: a large shipment with a normal cost/kg is commercially ordinary and should be CLEARED. A heavy-weight or duplicate-BL flag alone, with normal cost/kg and clean screening, is a routine data-quality issue and should also be CLEARED.

Do not invent thresholds beyond those above. Cite the actual numbers in your reason.
Return: decision (one of BLOCK/ESCALATE/CLEAR), reason (one sentence, max 200 chars, citing the decisive evidence), assessment (a short risk assessment naming the key indicators and their values).

Alert evidence: Alert type: WEIGHT_ANOMALY. BL: MAEU05457. Shipper: Phong Phu Garment. Consignee: AEON Japan. Carrier: MAERSK. Route: JPYOK -> GBFXT. Charges: $6679. Weight: 44628kg. Cost per kg: $0.1497. PEER BASELINE: median cost/kg $0.2558, 95th percentile cost/kg $1.0692. THIS SHIPMENT IS 0.59x THE PEER MEDIAN COST PER KG. Sanctions/export-restriction list matches for the counterparties: 0 (0 = both parties clear, -1 = screening data unavailable).","{""assessment"":""The shipment's cost per kg is 0.59x the peer median, which is well below the threshold for concern. Both counterparties are recognizable real businesses, and there are no sanctions matches. The weight anomaly alone is not sufficient to raise a flag given the normal cost per kg."",""decision"":""CLEAR"",""reason"":""Cost per kg is 0.59x the peer median, both counterparties are recognizable, and no sanctions matches.""}",693,"SUCCESS","\N","2026-08-01 23:58:10.593","fraud_investigation:attempt1","WORKFLOW_INVESTIGATE_ANOMALY",573,120,4080,"SUCCESS",462
64,"mistral-large2","You are a maritime logistics fraud and compliance analyst. Apply THIS RUBRIC strictly, using the stated multiple of the peer median cost per kg:
- BLOCK: sanctions matches > 0, OR cost/kg is MORE THAN 10x the peer median, OR a counterparty name indicates a shell/front company (contains SUSPICIOUS, SHELL, UNKNOWN, or is a generic non-identifiable trading name).
- ESCALATE: cost/kg is between 5x and 10x the peer median (elevated but not conclusive, so a human decides), OR a required commercial figure is missing or unverifiable, OR document provenance reports extraction confidence below 60/100 or a failed validation.
- CLEAR: sanctions matches = 0 AND cost/kg is at or below 5x the peer median AND both counterparties are recognisable real businesses AND (if provenance is given) the extraction validated cleanly.

Judge the economics by the stated cost-per-kg multiple, not by the absolute invoice total: a large shipment with a normal cost/kg is commercially ordinary and should be CLEARED. A heavy-weight or duplicate-BL flag alone, with normal cost/kg and clean screening, is a routine data-quality issue and should also be CLEARED.

Do not invent thresholds beyond those above. Cite the actual numbers in your reason.
Return: decision (one of BLOCK/ESCALATE/CLEAR), reason (one sentence, max 200 chars, citing the decisive evidence), assessment (a short risk assessment naming the key indicators and their values).

Alert evidence: Alert type: WEIGHT_ANOMALY. BL: ONEY05334. Shipper: Tan Hiep Phat. Consignee: Alibaba Trade. Carrier: MAERSK. Route: INMUN -> HKHKG. Charges: $8129. Weight: 44625kg. Cost per kg: $0.1822. PEER BASELINE: median cost/kg $0.2558, 95th percentile cost/kg $1.0692. THIS SHIPMENT IS 0.71x THE PEER MEDIAN COST PER KG. Sanctions/export-restriction list matches for the counterparties: 0 (0 = both parties clear, -1 = screening data unavailable).","{""assessment"":""The shipment's cost per kg is 0.71x the peer median, which is well below the threshold for concern. Both counterparties are recognizable real businesses, and there are no sanctions matches. The weight anomaly alone does not warrant blocking or escalation."",""decision"":""CLEAR"",""reason"":""Cost/kg is 0.71x the peer median, both counterparties are recognizable, and no sanctions matches.""}",688,"SUCCESS","\N","2026-08-01 23:58:19.714","fraud_investigation:attempt1","WORKFLOW_INVESTIGATE_ANOMALY",574,114,4647,"SUCCESS",463
65,"mistral-large2","You are a maritime logistics fraud and compliance analyst. Apply THIS RUBRIC strictly, using the stated multiple of the peer median cost per kg:
- BLOCK: sanctions matches > 0, OR cost/kg is MORE THAN 10x the peer median, OR a counterparty name indicates a shell/front company (contains SUSPICIOUS, SHELL, UNKNOWN, or is a generic non-identifiable trading name).
- ESCALATE: cost/kg is between 5x and 10x the peer median (elevated but not conclusive, so a human decides), OR a required commercial figure is missing or unverifiable, OR document provenance reports extraction confidence below 60/100 or a failed validation.
- CLEAR: sanctions matches = 0 AND cost/kg is at or below 5x the peer median AND both counterparties are recognisable real businesses AND (if provenance is given) the extraction validated cleanly.

Judge the economics by the stated cost-per-kg multiple, not by the absolute invoice total: a large shipment with a normal cost/kg is commercially ordinary and should be CLEARED. A heavy-weight or duplicate-BL flag alone, with normal cost/kg and clean screening, is a routine data-quality issue and should also be CLEARED.

Do not invent thresholds beyond those above. Cite the actual numbers in your reason.
Return: decision (one of BLOCK/ESCALATE/CLEAR), reason (one sentence, max 200 chars, citing the decisive evidence), assessment (a short risk assessment naming the key indicators and their values).

Alert evidence: Alert type: WEIGHT_ANOMALY. BL: YMLU08066. Shipper: Viettel Electronics. Consignee: Tech Solutions GmbH. Carrier: MSC. Route: INMUN -> NLRTM. Charges: $6198. Weight: 44614kg. Cost per kg: $0.1389. PEER BASELINE: median cost/kg $0.2558, 95th percentile cost/kg $1.0692. THIS SHIPMENT IS 0.54x THE PEER MEDIAN COST PER KG. Sanctions/export-restriction list matches for the counterparties: 0 (0 = both parties clear, -1 = screening data unavailable).","{""assessment"":""The shipment's cost per kg is significantly below the peer median, and there are no sanctions matches. Both counterparties are recognizable businesses. The weight anomaly alone does not warrant blocking or escalation."",""decision"":""CLEAR"",""reason"":""Cost/kg is 0.54x the peer median, and sanctions matches = 0.""}",667,"SUCCESS","\N","2026-08-01 23:58:27.869","fraud_investigation:attempt1","WORKFLOW_INVESTIGATE_ANOMALY",573,94,3725,"SUCCESS",464
66,"mistral-large2","You are a maritime logistics fraud and compliance analyst. Apply THIS RUBRIC strictly, using the stated multiple of the peer median cost per kg:
- BLOCK: sanctions matches > 0, OR cost/kg is MORE THAN 10x the peer median, OR a counterparty name indicates a shell/front company (contains SUSPICIOUS, SHELL, UNKNOWN, or is a generic non-identifiable trading name).
- ESCALATE: cost/kg is between 5x and 10x the peer median (elevated but not conclusive, so a human decides), OR a required commercial figure is missing or unverifiable, OR document provenance reports extraction confidence below 60/100 or a failed validation.
- CLEAR: sanctions matches = 0 AND cost/kg is at or below 5x the peer median AND both counterparties are recognisable real businesses AND (if provenance is given) the extraction validated cleanly.

Judge the economics by the stated cost-per-kg multiple, not by the absolute invoice total: a large shipment with a normal cost/kg is commercially ordinary and should be CLEARED. A heavy-weight or duplicate-BL flag alone, with normal cost/kg and clean screening, is a routine data-quality issue and should also be CLEARED.

Do not invent thresholds beyond those above. Cite the actual numbers in your reason.
Return: decision (one of BLOCK/ESCALATE/CLEAR), reason (one sentence, max 200 chars, citing the decisive evidence), assessment (a short risk assessment naming the key indicators and their values).

Alert evidence: Alert type: COST_PER_KG_ANOMALY. BL: YMLU05411. Shipper: Samsung Vietnam. Consignee: Alibaba Trade. Carrier: OOCL. Route: SGSIN -> AEJEA. Charges: $5611. Weight: 2352kg. Cost per kg: $2.3856. PEER BASELINE: median cost/kg $0.2558, 95th percentile cost/kg $1.0692. THIS SHIPMENT IS 9.33x THE PEER MEDIAN COST PER KG. Sanctions/export-restriction list matches for the counterparties: 0 (0 = both parties clear, -1 = screening data unavailable).","{""assessment"":""The shipment's cost per kg is significantly higher than the peer median, indicating a potential anomaly. The cost per kg is 9.33x the peer median cost per kg, which is above the threshold for blocking. No sanctions or export-restriction list matches were found for the counterparties."",""decision"":""BLOCK"",""reason"":""Cost per kg is 9.33x the peer median cost per kg.""}",684,"SUCCESS","\N","2026-08-02 00:02:01.065","fraud_investigation:attempt1","WORKFLOW_INVESTIGATE_ANOMALY",574,110,2923,"SUCCESS",465
67,"mistral-large2","You are a maritime logistics fraud and compliance analyst.

The cost-per-kg threshold comparison has ALREADY been computed for you and is given as PRE-COMPUTED COST-PER-KG BAND. Trust that band and the rule stated next to it. Do not re-derive it or substitute your own thresholds.

Apply this rubric:
- BLOCK if sanctions matches > 0, OR the band is EXTREME_ABOVE_10X_MEDIAN, OR a counterparty name indicates a shell/front company (contains SUSPICIOUS, SHELL, UNKNOWN, or is a generic non-identifiable trading name).
- ESCALATE if the band is ELEVATED_BETWEEN_5X_AND_10X_MEDIAN, OR cost per kg was not computable, OR a required commercial figure is missing, OR document provenance reports extraction confidence below 60/100 or a failed validation. An ELEVATED band alone must NOT be blocked.
- CLEAR if sanctions matches = 0 AND the band is NORMAL_AT_OR_BELOW_5X_MEDIAN AND both counterparties are recognisable real businesses AND (if provenance is given) the extraction validated cleanly. A heavy-weight, high-value or duplicate-BL flag alone, with a NORMAL band and clean screening, is a routine data-quality issue and should be CLEARED.

Cite the actual numbers in your reason.
Return: decision (one of BLOCK/ESCALATE/CLEAR), reason (one sentence, max 200 chars, citing the decisive evidence), assessment (a short risk assessment naming the key indicators and their values).

Alert evidence: Alert type: COST_PER_KG_ANOMALY. BL: ONEY01910. Shipper: Phong Phu Garment. Consignee: Tesco PLC. Carrier: HAPAG_LLOYD. Route: CNNGB -> USNYC. Charges: $8583. Weight: 3637kg. Cost per kg: $2.3599 (9.23x the peer median of $0.2558). PRE-COMPUTED COST-PER-KG BAND: ELEVATED_BETWEEN_5X_AND_10X_MEDIAN. This band mandates ESCALATE for human judgement - it is NOT sufficient for BLOCK. Sanctions/export-restriction list matches for the counterparties: 0 (0 = both parties clear, -1 = screening data unavailable).","{""assessment"":""The key indicator is the cost per kg, which is $2.3599, 9.23 times the peer median of $0.2558, placing it in the ELEVATED_BETWEEN_5X_AND_10X_MEDIAN band. Both counterparties are recognizable real businesses, and there are no sanctions matches. The elevated cost per kg warrants further investigation."",""decision"":""ESCALATE"",""reason"":""Cost per kg is $2.3599, 9.23x the peer median of $0.2558, placing it in the ELEVATED_BETWEEN_5X_AND_10X_MEDIAN band.""}",792,"SUCCESS","\N","2026-08-02 00:04:07.453","fraud_investigation:attempt1","WORKFLOW_INVESTIGATE_ANOMALY",613,179,4448,"SUCCESS",466
68,"mistral-large2","You are a maritime logistics fraud and compliance analyst.

The cost-per-kg threshold comparison has ALREADY been computed for you and is given as PRE-COMPUTED COST-PER-KG BAND. Trust that band and the rule stated next to it. Do not re-derive it or substitute your own thresholds.

Apply this rubric:
- BLOCK if sanctions matches > 0, OR the band is EXTREME_ABOVE_10X_MEDIAN, OR a counterparty name indicates a shell/front company (contains SUSPICIOUS, SHELL, UNKNOWN, or is a generic non-identifiable trading name).
- ESCALATE if the band is ELEVATED_BETWEEN_5X_AND_10X_MEDIAN, OR cost per kg was not computable, OR a required commercial figure is missing, OR document provenance reports extraction confidence below 60/100 or a failed validation. An ELEVATED band alone must NOT be blocked.
- CLEAR if sanctions matches = 0 AND the band is NORMAL_AT_OR_BELOW_5X_MEDIAN AND both counterparties are recognisable real businesses AND (if provenance is given) the extraction validated cleanly. A heavy-weight, high-value or duplicate-BL flag alone, with a NORMAL band and clean screening, is a routine data-quality issue and should be CLEARED.

Cite the actual numbers in your reason.
Return: decision (one of BLOCK/ESCALATE/CLEAR), reason (one sentence, max 200 chars, citing the decisive evidence), assessment (a short risk assessment naming the key indicators and their values).

Alert evidence: Alert type: WEIGHT_ANOMALY. BL: APZU04944. Shipper: Phong Phu Garment. Consignee: Metro AG. Carrier: MAERSK. Route: JPYOK -> INMUN. Charges: $7576. Weight: 44551kg. Cost per kg: $0.1701 (0.66x the peer median of $0.2558). PRE-COMPUTED COST-PER-KG BAND: NORMAL_AT_OR_BELOW_5X_MEDIAN. This band is economically ordinary and does NOT justify BLOCK or ESCALATE on its own. Sanctions/export-restriction list matches for the counterparties: 0 (0 = both parties clear, -1 = screening data unavailable).","{""assessment"":""The key indicators are the cost-per-kg band (NORMAL_AT_OR_BELOW_5X_MEDIAN) and sanctions matches (0). Both counterparties are recognisable real businesses, and the cost per kg is economically ordinary. There are no indications of fraud or compliance issues."",""decision"":""CLEAR"",""reason"":""Sanctions matches = 0, cost-per-kg band is NORMAL_AT_OR_BELOW_5X_MEDIAN, and both counterparties are recognisable real businesses.""}",734,"SUCCESS","\N","2026-08-02 00:04:44.664","fraud_investigation:attempt1","WORKFLOW_INVESTIGATE_ANOMALY",598,136,3497,"SUCCESS",467
69,"mistral-large2","You are a maritime logistics fraud and compliance analyst.

The cost-per-kg threshold comparison has ALREADY been computed for you and is given as PRE-COMPUTED COST-PER-KG BAND. Trust that band and the rule stated next to it. Do not re-derive it or substitute your own thresholds.

Apply this rubric:
- BLOCK if sanctions matches > 0, OR the band is EXTREME_ABOVE_10X_MEDIAN, OR a counterparty name indicates a shell/front company (contains SUSPICIOUS, SHELL, UNKNOWN, or is a generic non-identifiable trading name).
- ESCALATE if the band is ELEVATED_BETWEEN_5X_AND_10X_MEDIAN, OR cost per kg was not computable, OR a required commercial figure is missing, OR document provenance reports extraction confidence below 60/100 or a failed validation. An ELEVATED band alone must NOT be blocked.
- CLEAR if sanctions matches = 0 AND the band is NORMAL_AT_OR_BELOW_5X_MEDIAN AND both counterparties are recognisable real businesses AND (if provenance is given) the extraction validated cleanly. A heavy-weight, high-value or duplicate-BL flag alone, with a NORMAL band and clean screening, is a routine data-quality issue and should be CLEARED.

Cite the actual numbers in your reason.
Return: decision (one of BLOCK/ESCALATE/CLEAR), reason (one sentence, max 200 chars, citing the decisive evidence), assessment (a short risk assessment naming the key indicators and their values).

Alert evidence: Alert type: WEIGHT_ANOMALY. BL: CAXU03479. Shipper: ABC Electronics Vietnam. Consignee: Costco Wholesale. Carrier: MAERSK. Route: HKHKG -> SGSIN. Charges: $3749. Weight: 44498kg. Cost per kg: $0.0843 (0.33x the peer median of $0.2558). PRE-COMPUTED COST-PER-KG BAND: NORMAL_AT_OR_BELOW_5X_MEDIAN. This band is economically ordinary and does NOT justify BLOCK or ESCALATE on its own. Sanctions/export-restriction list matches for the counterparties: 0 (0 = both parties clear, -1 = screening data unavailable).","{""assessment"":""The key indicators are the cost-per-kg band (NORMAL_AT_OR_BELOW_5X_MEDIAN) and sanctions matches (0). Both counterparties are recognisable real businesses, and the cost per kg is economically ordinary."",""decision"":""CLEAR"",""reason"":""Sanctions matches = 0, cost-per-kg band is NORMAL_AT_OR_BELOW_5X_MEDIAN, and both counterparties are recognisable real businesses.""}",727,"SUCCESS","\N","2026-08-02 00:04:52.833","fraud_investigation:attempt1","WORKFLOW_INVESTIGATE_ANOMALY",602,125,3205,"SUCCESS",468
70,"mistral-large2","You are a maritime logistics fraud and compliance analyst.

The cost-per-kg threshold comparison has ALREADY been computed for you and is given as PRE-COMPUTED COST-PER-KG BAND. Trust that band and the rule stated next to it. Do not re-derive it or substitute your own thresholds.

Apply this rubric:
- BLOCK if sanctions matches > 0, OR the band is EXTREME_ABOVE_10X_MEDIAN, OR a counterparty name indicates a shell/front company (contains SUSPICIOUS, SHELL, UNKNOWN, or is a generic non-identifiable trading name).
- ESCALATE if the band is ELEVATED_BETWEEN_5X_AND_10X_MEDIAN, OR cost per kg was not computable, OR a required commercial figure is missing, OR document provenance reports extraction confidence below 60/100 or a failed validation. An ELEVATED band alone must NOT be blocked.
- CLEAR if sanctions matches = 0 AND the band is NORMAL_AT_OR_BELOW_5X_MEDIAN AND both counterparties are recognisable real businesses AND (if provenance is given) the extraction validated cleanly. A heavy-weight, high-value or duplicate-BL flag alone, with a NORMAL band and clean screening, is a routine data-quality issue and should be CLEARED.

Cite the actual numbers in your reason.
Return: decision (one of BLOCK/ESCALATE/CLEAR), reason (one sentence, max 200 chars, citing the decisive evidence), assessment (a short risk assessment naming the key indicators and their values).

Alert evidence: Alert type: WEIGHT_ANOMALY. BL: YMLU01406. Shipper: Foxconn Vietnam. Consignee: Fashion Retail Inc. Carrier: MAERSK. Route: THLCH -> MYPKG. Charges: $4079. Weight: 44493kg. Cost per kg: $0.0917 (0.36x the peer median of $0.2558). PRE-COMPUTED COST-PER-KG BAND: NORMAL_AT_OR_BELOW_5X_MEDIAN. This band is economically ordinary and does NOT justify BLOCK or ESCALATE on its own. Sanctions/export-restriction list matches for the counterparties: 0 (0 = both parties clear, -1 = screening data unavailable).","{""assessment"":""The key indicators are the cost-per-kg band (NORMAL_AT_OR_BELOW_5X_MEDIAN) and sanctions matches (0). Both counterparties are recognisable real businesses, and the cost per kg is economically ordinary. There are no indicators of high risk."",""decision"":""CLEAR"",""reason"":""Sanctions matches = 0, cost-per-kg band is NORMAL_AT_OR_BELOW_5X_MEDIAN, and both counterparties are recognisable real businesses.""}",732,"SUCCESS","\N","2026-08-02 00:05:05.192","fraud_investigation:attempt1","WORKFLOW_INVESTIGATE_ANOMALY",598,134,7694,"SUCCESS",469
71,"mistral-large2","You are a maritime logistics fraud and compliance analyst.

The cost-per-kg threshold comparison has ALREADY been computed for you and is given as PRE-COMPUTED COST-PER-KG BAND. Trust that band and the rule stated next to it. Do not re-derive it or substitute your own thresholds.

Apply this rubric:
- BLOCK if sanctions matches > 0, OR the band is EXTREME_ABOVE_10X_MEDIAN, OR a counterparty name indicates a shell/front company (contains SUSPICIOUS, SHELL, UNKNOWN, or is a generic non-identifiable trading name).
- ESCALATE if the band is ELEVATED_BETWEEN_5X_AND_10X_MEDIAN, OR cost per kg was not computable, OR a required commercial figure is missing, OR document provenance reports extraction confidence below 60/100 or a failed validation. An ELEVATED band alone must NOT be blocked.
- CLEAR if sanctions matches = 0 AND the band is NORMAL_AT_OR_BELOW_5X_MEDIAN AND both counterparties are recognisable real businesses AND (if provenance is given) the extraction validated cleanly. A heavy-weight, high-value or duplicate-BL flag alone, with a NORMAL band and clean screening, is a routine data-quality issue and should be CLEARED.

Cite the actual numbers in your reason.
Return: decision (one of BLOCK/ESCALATE/CLEAR), reason (one sentence, max 200 chars, citing the decisive evidence), assessment (a short risk assessment naming the key indicators and their values).

Alert evidence: Alert type: WEIGHT_ANOMALY. BL: CMDU05001. Shipper: Phong Phu Garment. Consignee: Walmart Inc. Carrier: COSCO. Route: USLAX -> INMUN. Charges: $4348. Weight: 44492kg. Cost per kg: $0.0977 (0.38x the peer median of $0.2558). PRE-COMPUTED COST-PER-KG BAND: NORMAL_AT_OR_BELOW_5X_MEDIAN. This band is economically ordinary and does NOT justify BLOCK or ESCALATE on its own. Sanctions/export-restriction list matches for the counterparties: 0 (0 = both parties clear, -1 = screening data unavailable).","{""assessment"":""The key indicators are the cost-per-kg band (NORMAL_AT_OR_BELOW_5X_MEDIAN) and sanctions matches (0). Both counterparties are recognisable real businesses, and the cost per kg is economically ordinary. There are no indicators of high risk."",""decision"":""CLEAR"",""reason"":""Sanctions matches = 0, cost-per-kg band is NORMAL_AT_OR_BELOW_5X_MEDIAN, and both counterparties are recognisable real businesses.""}",733,"SUCCESS","\N","2026-08-02 00:05:13.656","fraud_investigation:attempt1","WORKFLOW_INVESTIGATE_ANOMALY",599,134,3535,"SUCCESS",470
72,"mistral-large2","You are a maritime logistics fraud and compliance analyst.

The cost-per-kg threshold comparison has ALREADY been computed for you and is given as PRE-COMPUTED COST-PER-KG BAND. Trust that band and the rule stated next to it. Do not re-derive it or substitute your own thresholds.

Apply this rubric:
- BLOCK if sanctions matches > 0, OR the band is EXTREME_ABOVE_10X_MEDIAN, OR a counterparty name indicates a shell/front company (contains SUSPICIOUS, SHELL, UNKNOWN, or is a generic non-identifiable trading name).
- ESCALATE if the band is ELEVATED_BETWEEN_5X_AND_10X_MEDIAN, OR cost per kg was not computable, OR a required commercial figure is missing, OR document provenance reports extraction confidence below 60/100 or a failed validation. An ELEVATED band alone must NOT be blocked.
- CLEAR if sanctions matches = 0 AND the band is NORMAL_AT_OR_BELOW_5X_MEDIAN AND both counterparties are recognisable real businesses AND (if provenance is given) the extraction validated cleanly. A heavy-weight, high-value or duplicate-BL flag alone, with a NORMAL band and clean screening, is a routine data-quality issue and should be CLEARED.

Cite the actual numbers in your reason.
Return: decision (one of BLOCK/ESCALATE/CLEAR), reason (one sentence, max 200 chars, citing the decisive evidence), assessment (a short risk assessment naming the key indicators and their values).

Alert evidence: Alert type: WEIGHT_ANOMALY. BL: OOLU09982. Shipper: Adidas Sourcing Ltd. Consignee: Metro AG. Carrier: MSC. Route: HKHKG -> USNYC. Charges: $7298. Weight: 44481kg. Cost per kg: $0.1641 (0.64x the peer median of $0.2558). PRE-COMPUTED COST-PER-KG BAND: NORMAL_AT_OR_BELOW_5X_MEDIAN. This band is economically ordinary and does NOT justify BLOCK or ESCALATE on its own. Sanctions/export-restriction list matches for the counterparties: 0 (0 = both parties clear, -1 = screening data unavailable).","{""assessment"":""The key indicators are the cost-per-kg band (NORMAL_AT_OR_BELOW_5X_MEDIAN) and sanctions matches (0). Both counterparties are recognisable real businesses, and the cost per kg is economically ordinary. There are no indications of fraud or compliance issues."",""decision"":""CLEAR"",""reason"":""Sanctions matches = 0, cost-per-kg band is NORMAL_AT_OR_BELOW_5X_MEDIAN, and both counterparties are recognisable real businesses.""}",735,"SUCCESS","\N","2026-08-02 00:05:23.902","fraud_investigation:attempt1","WORKFLOW_INVESTIGATE_ANOMALY",599,136,5707,"SUCCESS",471
73,"mistral-large2","You are a maritime logistics fraud and compliance analyst.

The cost-per-kg threshold comparison has ALREADY been computed for you and is given as PRE-COMPUTED COST-PER-KG BAND. Trust that band and the rule stated next to it. Do not re-derive it or substitute your own thresholds.

Apply this rubric:
- BLOCK if sanctions matches > 0, OR the band is EXTREME_ABOVE_10X_MEDIAN, OR a counterparty name indicates a shell/front company (contains SUSPICIOUS, SHELL, UNKNOWN, or is a generic non-identifiable trading name).
- ESCALATE if the band is ELEVATED_BETWEEN_5X_AND_10X_MEDIAN, OR cost per kg was not computable, OR a required commercial figure is missing, OR document provenance reports extraction confidence below 60/100 or a failed validation. An ELEVATED band alone must NOT be blocked.
- CLEAR if sanctions matches = 0 AND the band is NORMAL_AT_OR_BELOW_5X_MEDIAN AND both counterparties are recognisable real businesses AND (if provenance is given) the extraction validated cleanly. A heavy-weight, high-value or duplicate-BL flag alone, with a NORMAL band and clean screening, is a routine data-quality issue and should be CLEARED.

Cite the actual numbers in your reason.
Return: decision (one of BLOCK/ESCALATE/CLEAR), reason (one sentence, max 200 chars, citing the decisive evidence), assessment (a short risk assessment naming the key indicators and their values).

Alert evidence: Alert type: WEIGHT_ANOMALY. BL: APZU06965. Shipper: Phong Phu Garment. Consignee: Construction Supply Co. Carrier: COSCO. Route: CNNGB -> INMUN. Charges: $5652. Weight: 44477kg. Cost per kg: $0.1271 (0.5x the peer median of $0.2558). PRE-COMPUTED COST-PER-KG BAND: NORMAL_AT_OR_BELOW_5X_MEDIAN. This band is economically ordinary and does NOT justify BLOCK or ESCALATE on its own. Sanctions/export-restriction list matches for the counterparties: 0 (0 = both parties clear, -1 = screening data unavailable).","{""assessment"":""The key indicators are the cost-per-kg band (NORMAL_AT_OR_BELOW_5X_MEDIAN) and sanctions matches (0). Both counterparties are recognisable real businesses, and the cost per kg is economically ordinary. There are no indications of fraud or compliance issues."",""decision"":""CLEAR"",""reason"":""Sanctions matches = 0, cost-per-kg band is NORMAL_AT_OR_BELOW_5X_MEDIAN, and both counterparties are recognisable real businesses.""}",734,"SUCCESS","\N","2026-08-02 00:05:32.123","fraud_investigation:attempt1","WORKFLOW_INVESTIGATE_ANOMALY",598,136,3518,"SUCCESS",472
74,"mistral-large2","You are a maritime logistics fraud and compliance analyst.

The cost-per-kg threshold comparison has ALREADY been computed for you and is given as PRE-COMPUTED COST-PER-KG BAND. Trust that band and the rule stated next to it. Do not re-derive it or substitute your own thresholds.

Apply this rubric:
- BLOCK if sanctions matches > 0, OR the band is EXTREME_ABOVE_10X_MEDIAN, OR a counterparty name indicates a shell/front company (contains SUSPICIOUS, SHELL, UNKNOWN, or is a generic non-identifiable trading name).
- ESCALATE if the band is ELEVATED_BETWEEN_5X_AND_10X_MEDIAN, OR cost per kg was not computable, OR a required commercial figure is missing, OR document provenance reports extraction confidence below 60/100 or a failed validation. An ELEVATED band alone must NOT be blocked.
- CLEAR if sanctions matches = 0 AND the band is NORMAL_AT_OR_BELOW_5X_MEDIAN AND both counterparties are recognisable real businesses AND (if provenance is given) the extraction validated cleanly. A heavy-weight, high-value or duplicate-BL flag alone, with a NORMAL band and clean screening, is a routine data-quality issue and should be CLEARED.

Cite the actual numbers in your reason.
Return: decision (one of BLOCK/ESCALATE/CLEAR), reason (one sentence, max 200 chars, citing the decisive evidence), assessment (a short risk assessment naming the key indicators and their values).

Alert evidence: Alert type: WEIGHT_ANOMALY. BL: CMDU05604. Shipper: Binh Tien Consumer. Consignee: Alibaba Trade. Carrier: COSCO. Route: USNYC -> JPYOK. Charges: $6156. Weight: 44466kg. Cost per kg: $0.1384 (0.54x the peer median of $0.2558). PRE-COMPUTED COST-PER-KG BAND: NORMAL_AT_OR_BELOW_5X_MEDIAN. This band is economically ordinary and does NOT justify BLOCK or ESCALATE on its own. Sanctions/export-restriction list matches for the counterparties: 0 (0 = both parties clear, -1 = screening data unavailable).","{""assessment"":""The key indicators are the cost-per-kg band (NORMAL_AT_OR_BELOW_5X_MEDIAN) and sanctions matches (0). Both counterparties are recognisable real businesses, and the cost per kg is economically ordinary. There are no indications of fraud or compliance issues."",""decision"":""CLEAR"",""reason"":""Sanctions matches = 0, cost-per-kg band is NORMAL_AT_OR_BELOW_5X_MEDIAN, and both counterparties are recognisable real businesses.""}",736,"SUCCESS","\N","2026-08-02 00:05:40.298","fraud_investigation:attempt1","WORKFLOW_INVESTIGATE_ANOMALY",600,136,3511,"SUCCESS",473
75,"mistral-large2","You are a maritime logistics fraud and compliance analyst.

The cost-per-kg threshold comparison has ALREADY been computed for you and is given as PRE-COMPUTED COST-PER-KG BAND. Trust that band and the rule stated next to it. Do not re-derive it or substitute your own thresholds.

Apply this rubric:
- BLOCK if sanctions matches > 0, OR the band is EXTREME_ABOVE_10X_MEDIAN, OR a counterparty name indicates a shell/front company (contains SUSPICIOUS, SHELL, UNKNOWN, or is a generic non-identifiable trading name).
- ESCALATE if the band is ELEVATED_BETWEEN_5X_AND_10X_MEDIAN, OR cost per kg was not computable, OR a required commercial figure is missing, OR document provenance reports extraction confidence below 60/100 or a failed validation. An ELEVATED band alone must NOT be blocked.
- CLEAR if sanctions matches = 0 AND the band is NORMAL_AT_OR_BELOW_5X_MEDIAN AND both counterparties are recognisable real businesses AND (if provenance is given) the extraction validated cleanly. A heavy-weight, high-value or duplicate-BL flag alone, with a NORMAL band and clean screening, is a routine data-quality issue and should be CLEARED.

Cite the actual numbers in your reason.
Return: decision (one of BLOCK/ESCALATE/CLEAR), reason (one sentence, max 200 chars, citing the decisive evidence), assessment (a short risk assessment naming the key indicators and their values).

Alert evidence: Alert type: WEIGHT_ANOMALY. BL: MAEU07970. Shipper: Samsung Vietnam. Consignee: Metro AG. Carrier: MAERSK. Route: THLCH -> CNSHA. Charges: $4224. Weight: 44464kg. Cost per kg: $0.095 (0.37x the peer median of $0.2558). PRE-COMPUTED COST-PER-KG BAND: NORMAL_AT_OR_BELOW_5X_MEDIAN. This band is economically ordinary and does NOT justify BLOCK or ESCALATE on its own. Sanctions/export-restriction list matches for the counterparties: 0 (0 = both parties clear, -1 = screening data unavailable).","{""assessment"":""The key indicators are the cost-per-kg band (NORMAL_AT_OR_BELOW_5X_MEDIAN) and sanctions matches (0). Both counterparties are recognisable real businesses, and the cost per kg is economically ordinary."",""decision"":""CLEAR"",""reason"":""Sanctions matches = 0, cost-per-kg band is NORMAL_AT_OR_BELOW_5X_MEDIAN, and both counterparties are recognisable real businesses.""}",718,"SUCCESS","\N","2026-08-02 00:05:52.472","fraud_investigation:attempt1","WORKFLOW_INVESTIGATE_ANOMALY",593,125,7184,"SUCCESS",474
76,"mistral-large2","You are a maritime logistics fraud and compliance analyst.

The cost-per-kg threshold comparison has ALREADY been computed for you and is given as PRE-COMPUTED COST-PER-KG BAND. Trust that band and the rule stated next to it. Do not re-derive it or substitute your own thresholds.

Apply this rubric:
- BLOCK if sanctions matches > 0, OR the band is EXTREME_ABOVE_10X_MEDIAN, OR a counterparty name indicates a shell/front company (contains SUSPICIOUS, SHELL, UNKNOWN, or is a generic non-identifiable trading name).
- ESCALATE if the band is ELEVATED_BETWEEN_5X_AND_10X_MEDIAN, OR cost per kg was not computable, OR a required commercial figure is missing, OR document provenance reports extraction confidence below 60/100 or a failed validation. An ELEVATED band alone must NOT be blocked.
- CLEAR if sanctions matches = 0 AND the band is NORMAL_AT_OR_BELOW_5X_MEDIAN AND both counterparties are recognisable real businesses AND (if provenance is given) the extraction validated cleanly. A heavy-weight, high-value or duplicate-BL flag alone, with a NORMAL band and clean screening, is a routine data-quality issue and should be CLEARED.

Cite the actual numbers in your reason.
Return: decision (one of BLOCK/ESCALATE/CLEAR), reason (one sentence, max 200 chars, citing the decisive evidence), assessment (a short risk assessment naming the key indicators and their values).

Alert evidence: Alert type: HIGH_VALUE_ANOMALY. BL: APZU09883. Shipper: Phong Phu Garment. Consignee: JD Logistics. Carrier: HAPAG_LLOYD. Route: HKHKG -> CNNGB. Charges: $8493. Weight: 23441kg. Cost per kg: $0.3623 (1.42x the peer median of $0.2558). PRE-COMPUTED COST-PER-KG BAND: NORMAL_AT_OR_BELOW_5X_MEDIAN. This band is economically ordinary and does NOT justify BLOCK or ESCALATE on its own. Sanctions/export-restriction list matches for the counterparties: 0 (0 = both parties clear, -1 = screening data unavailable).","{""assessment"":""The key indicators are the cost-per-kg band (NORMAL_AT_OR_BELOW_5X_MEDIAN), sanctions matches (0), and recognizable counterparties. The cost per kg is $0.3623, which is 1.42x the peer median of $0.2558, but still within the normal range. Both counterparties are recognizable real businesses, and there are no sanctions matches."",""decision"":""CLEAR"",""reason"":""Sanctions matches = 0, cost-per-kg band is NORMAL_AT_OR_BELOW_5X_MEDIAN, and both counterparties are recognizable real businesses.""}",775,"SUCCESS","\N","2026-08-02 00:06:01.681","fraud_investigation:attempt1","WORKFLOW_INVESTIGATE_ANOMALY",608,167,4263,"SUCCESS",475
77,"mistral-large2","You are a maritime logistics fraud and compliance analyst.

The cost-per-kg threshold comparison has ALREADY been computed for you and is given as PRE-COMPUTED COST-PER-KG BAND. Trust that band and the rule stated next to it. Do not re-derive it or substitute your own thresholds.

Apply this rubric:
- BLOCK if sanctions matches > 0, OR the band is EXTREME_ABOVE_10X_MEDIAN, OR a counterparty name indicates a shell/front company (contains SUSPICIOUS, SHELL, UNKNOWN, or is a generic non-identifiable trading name).
- ESCALATE if the band is ELEVATED_BETWEEN_5X_AND_10X_MEDIAN, OR cost per kg was not computable, OR a required commercial figure is missing, OR document provenance reports extraction confidence below 60/100 or a failed validation. An ELEVATED band alone must NOT be blocked.
- CLEAR if sanctions matches = 0 AND the band is NORMAL_AT_OR_BELOW_5X_MEDIAN AND both counterparties are recognisable real businesses AND (if provenance is given) the extraction validated cleanly. A heavy-weight, high-value or duplicate-BL flag alone, with a NORMAL band and clean screening, is a routine data-quality issue and should be CLEARED.

Cite the actual numbers in your reason.
Return: decision (one of BLOCK/ESCALATE/CLEAR), reason (one sentence, max 200 chars, citing the decisive evidence), assessment (a short risk assessment naming the key indicators and their values).

Alert evidence: Alert type: HIGH_VALUE_ANOMALY. BL: MAEU01232. Shipper: Nike Vietnam. Consignee: Target Corp. Carrier: MAERSK. Route: USLAX -> INMUN. Charges: $8491. Weight: 32107kg. Cost per kg: $0.2645 (1.03x the peer median of $0.2558). PRE-COMPUTED COST-PER-KG BAND: NORMAL_AT_OR_BELOW_5X_MEDIAN. This band is economically ordinary and does NOT justify BLOCK or ESCALATE on its own. Sanctions/export-restriction list matches for the counterparties: 0 (0 = both parties clear, -1 = screening data unavailable).","{""assessment"":""The key indicators are the cost-per-kg band (NORMAL_AT_OR_BELOW_5X_MEDIAN), sanctions matches (0), and recognizable counterparties (Nike Vietnam and Target Corp). The cost per kg is $0.2645, which is 1.03x the peer median of $0.2558, and both counterparties are recognizable real businesses with no sanctions matches."",""decision"":""CLEAR"",""reason"":""Sanctions matches = 0, cost-per-kg band is NORMAL_AT_OR_BELOW_5X_MEDIAN, and both counterparties are recognizable real businesses.""}",764,"SUCCESS","\N","2026-08-02 00:06:10.727","fraud_investigation:attempt1","WORKFLOW_INVESTIGATE_ANOMALY",598,166,4231,"SUCCESS",476
78,"mistral-large2","You are a maritime logistics fraud and compliance analyst.

The cost-per-kg threshold comparison has ALREADY been computed for you and is given as PRE-COMPUTED COST-PER-KG BAND. Trust that band and the rule stated next to it. Do not re-derive it or substitute your own thresholds.

Apply this rubric:
- BLOCK if sanctions matches > 0, OR the band is EXTREME_ABOVE_10X_MEDIAN, OR a counterparty name indicates a shell/front company (contains SUSPICIOUS, SHELL, UNKNOWN, or is a generic non-identifiable trading name).
- ESCALATE if the band is ELEVATED_BETWEEN_5X_AND_10X_MEDIAN, OR cost per kg was not computable, OR a required commercial figure is missing, OR document provenance reports extraction confidence below 60/100 or a failed validation. An ELEVATED band alone must NOT be blocked.
- CLEAR if sanctions matches = 0 AND the band is NORMAL_AT_OR_BELOW_5X_MEDIAN AND both counterparties are recognisable real businesses AND (if provenance is given) the extraction validated cleanly. A heavy-weight, high-value or duplicate-BL flag alone, with a NORMAL band and clean screening, is a routine data-quality issue and should be CLEARED.

Cite the actual numbers in your reason.
Return: decision (one of BLOCK/ESCALATE/CLEAR), reason (one sentence, max 200 chars, citing the decisive evidence), assessment (a short risk assessment naming the key indicators and their values).

Alert evidence: Alert type: HIGH_VALUE_ANOMALY. BL: EGLV09230. Shipper: Hoa Sen Group. Consignee: Tesco PLC. Carrier: HAPAG_LLOYD. Route: USNYC -> THLCH. Charges: $8489. Weight: 28429kg. Cost per kg: $0.2986 (1.17x the peer median of $0.2558). PRE-COMPUTED COST-PER-KG BAND: NORMAL_AT_OR_BELOW_5X_MEDIAN. This band is economically ordinary and does NOT justify BLOCK or ESCALATE on its own. Sanctions/export-restriction list matches for the counterparties: 0 (0 = both parties clear, -1 = screening data unavailable).","{""assessment"":""The key indicators are the cost-per-kg band (NORMAL_AT_OR_BELOW_5X_MEDIAN), sanctions matches (0), and recognizable counterparties (Hoa Sen Group and Tesco PLC). The cost per kg is $0.2986, which is 1.17x the peer median of $0.2558, and both counterparties are recognizable real businesses with no sanctions matches."",""decision"":""CLEAR"",""reason"":""Sanctions matches = 0, cost-per-kg band is NORMAL_AT_OR_BELOW_5X_MEDIAN, and both counterparties are recognizable real businesses.""}",773,"SUCCESS","\N","2026-08-02 00:06:25.484","fraud_investigation:attempt1","WORKFLOW_INVESTIGATE_ANOMALY",605,168,9427,"SUCCESS",477
79,"mistral-large2","You are a maritime logistics fraud and compliance analyst.

The cost-per-kg threshold comparison has ALREADY been computed for you and is given as PRE-COMPUTED COST-PER-KG BAND. Trust that band and the rule stated next to it. Do not re-derive it or substitute your own thresholds.

Apply this rubric:
- BLOCK if sanctions matches > 0, OR the band is EXTREME_ABOVE_10X_MEDIAN, OR a counterparty name indicates a shell/front company (contains SUSPICIOUS, SHELL, UNKNOWN, or is a generic non-identifiable trading name).
- ESCALATE if the band is ELEVATED_BETWEEN_5X_AND_10X_MEDIAN, OR cost per kg was not computable, OR a required commercial figure is missing, OR document provenance reports extraction confidence below 60/100 or a failed validation. An ELEVATED band alone must NOT be blocked.
- CLEAR if sanctions matches = 0 AND the band is NORMAL_AT_OR_BELOW_5X_MEDIAN AND both counterparties are recognisable real businesses AND (if provenance is given) the extraction validated cleanly. A heavy-weight, high-value or duplicate-BL flag alone, with a NORMAL band and clean screening, is a routine data-quality issue and should be CLEARED.

Cite the actual numbers in your reason.
Return: decision (one of BLOCK/ESCALATE/CLEAR), reason (one sentence, max 200 chars, citing the decisive evidence), assessment (a short risk assessment naming the key indicators and their values).

Alert evidence: Alert type: HIGH_VALUE_ANOMALY. BL: ONEY05824. Shipper: Toyota Vietnam. Consignee: Lazada Group. Carrier: MAERSK. Route: HKHKG -> HKHKG. Charges: $8484. Weight: 9992kg. Cost per kg: $0.8491 (3.32x the peer median of $0.2558). PRE-COMPUTED COST-PER-KG BAND: NORMAL_AT_OR_BELOW_5X_MEDIAN. This band is economically ordinary and does NOT justify BLOCK or ESCALATE on its own. Sanctions/export-restriction list matches for the counterparties: 0 (0 = both parties clear, -1 = screening data unavailable).","{""assessment"":""The key indicators are the cost-per-kg band (NORMAL_AT_OR_BELOW_5X_MEDIAN) and sanctions matches (0). Both counterparties are recognisable real businesses, and the cost per kg is within the normal range."",""decision"":""CLEAR"",""reason"":""Sanctions matches = 0, cost-per-kg band is NORMAL_AT_OR_BELOW_5X_MEDIAN, and both counterparties are recognisable real businesses.""}",727,"SUCCESS","\N","2026-08-02 00:06:37.393","fraud_investigation:attempt1","WORKFLOW_INVESTIGATE_ANOMALY",601,126,3364,"SUCCESS",478
80,"mistral-large2","You are a maritime logistics fraud and compliance analyst.

The cost-per-kg threshold comparison has ALREADY been computed for you and is given as PRE-COMPUTED COST-PER-KG BAND. Trust that band and the rule stated next to it. Do not re-derive it or substitute your own thresholds.

Apply this rubric:
- BLOCK if sanctions matches > 0, OR the band is EXTREME_ABOVE_10X_MEDIAN, OR a counterparty name indicates a shell/front company (contains SUSPICIOUS, SHELL, UNKNOWN, or is a generic non-identifiable trading name).
- ESCALATE if the band is ELEVATED_BETWEEN_5X_AND_10X_MEDIAN, OR cost per kg was not computable, OR a required commercial figure is missing, OR document provenance reports extraction confidence below 60/100 or a failed validation. An ELEVATED band alone must NOT be blocked.
- CLEAR if sanctions matches = 0 AND the band is NORMAL_AT_OR_BELOW_5X_MEDIAN AND both counterparties are recognisable real businesses AND (if provenance is given) the extraction validated cleanly. A heavy-weight, high-value or duplicate-BL flag alone, with a NORMAL band and clean screening, is a routine data-quality issue and should be CLEARED.

Cite the actual numbers in your reason.
Return: decision (one of BLOCK/ESCALATE/CLEAR), reason (one sentence, max 200 chars, citing the decisive evidence), assessment (a short risk assessment naming the key indicators and their values).

Alert evidence: Alert type: HIGH_VALUE_ANOMALY. BL: YMLU00346. Shipper: Intel Products Vietnam. Consignee: Construction Supply Co. Carrier: MAERSK. Route: CNSHA -> MYPKG. Charges: $8482. Weight: 6874kg. Cost per kg: $1.2339 (4.82x the peer median of $0.2558). PRE-COMPUTED COST-PER-KG BAND: NORMAL_AT_OR_BELOW_5X_MEDIAN. This band is economically ordinary and does NOT justify BLOCK or ESCALATE on its own. Sanctions/export-restriction list matches for the counterparties: 0 (0 = both parties clear, -1 = screening data unavailable).","{""assessment"":""The key indicators are the cost-per-kg band (NORMAL_AT_OR_BELOW_5X_MEDIAN, $1.2339, 4.82x the peer median of $0.2558) and sanctions matches (0). Both counterparties are recognisable real businesses."",""decision"":""CLEAR"",""reason"":""Sanctions matches = 0, cost-per-kg band is NORMAL_AT_OR_BELOW_5X_MEDIAN ($1.2339, 4.82x the peer median of $0.2558), and both counterparties are recognisable real businesses.""}",764,"SUCCESS","\N","2026-08-02 00:06:58.469","fraud_investigation:attempt1","WORKFLOW_INVESTIGATE_ANOMALY",598,166,10272,"SUCCESS",479
81,"mistral-large2","You are a maritime logistics fraud and compliance analyst.

The cost-per-kg threshold comparison has ALREADY been computed for you and is given as PRE-COMPUTED COST-PER-KG BAND. Trust that band and the rule stated next to it. Do not re-derive it or substitute your own thresholds.

Apply this rubric:
- BLOCK if sanctions matches > 0, OR the band is EXTREME_ABOVE_10X_MEDIAN, OR a counterparty name indicates a shell/front company (contains SUSPICIOUS, SHELL, UNKNOWN, or is a generic non-identifiable trading name).
- ESCALATE if the band is ELEVATED_BETWEEN_5X_AND_10X_MEDIAN, OR cost per kg was not computable, OR a required commercial figure is missing, OR document provenance reports extraction confidence below 60/100 or a failed validation. An ELEVATED band alone must NOT be blocked.
- CLEAR if sanctions matches = 0 AND the band is NORMAL_AT_OR_BELOW_5X_MEDIAN AND both counterparties are recognisable real businesses AND (if provenance is given) the extraction validated cleanly. A heavy-weight, high-value or duplicate-BL flag alone, with a NORMAL band and clean screening, is a routine data-quality issue and should be CLEARED.

Cite the actual numbers in your reason.
Return: decision (one of BLOCK/ESCALATE/CLEAR), reason (one sentence, max 200 chars, citing the decisive evidence), assessment (a short risk assessment naming the key indicators and their values).

Alert evidence: Alert type: HIGH_VALUE_ANOMALY. BL: EGLV06499. Shipper: Honda Vietnam. Consignee: Metro AG. Carrier: MAERSK. Route: JPTYO -> GBFXT. Charges: $8480. Weight: 18238kg. Cost per kg: $0.465 (1.82x the peer median of $0.2558). PRE-COMPUTED COST-PER-KG BAND: NORMAL_AT_OR_BELOW_5X_MEDIAN. This band is economically ordinary and does NOT justify BLOCK or ESCALATE on its own. Sanctions/export-restriction list matches for the counterparties: 0 (0 = both parties clear, -1 = screening data unavailable).","{""assessment"":""The alert indicates a high-value anomaly, but the cost per kg is within the normal range (1.82x the peer median of $0.2558), and there are no sanctions matches. Both counterparties are recognizable real businesses. The key indicators are cost per kg ($0.465) and sanctions matches (0)."",""decision"":""CLEAR"",""reason"":""Cost per kg is within the normal range (1.82x the peer median of $0.2558) and there are no sanctions matches (0).""}",740,"SUCCESS","\N","2026-08-02 00:07:07.854","fraud_investigation:attempt1","WORKFLOW_INVESTIGATE_ANOMALY",597,143,3729,"SUCCESS",480
82,"mistral-large2","You are a maritime logistics fraud and compliance analyst.

The cost-per-kg threshold comparison has ALREADY been computed for you and is given as PRE-COMPUTED COST-PER-KG BAND. Trust that band and the rule stated next to it. Do not re-derive it or substitute your own thresholds.

Apply this rubric:
- BLOCK if sanctions matches > 0, OR the band is EXTREME_ABOVE_10X_MEDIAN, OR a counterparty name indicates a shell/front company (contains SUSPICIOUS, SHELL, UNKNOWN, or is a generic non-identifiable trading name).
- ESCALATE if the band is ELEVATED_BETWEEN_5X_AND_10X_MEDIAN, OR cost per kg was not computable, OR a required commercial figure is missing, OR document provenance reports extraction confidence below 60/100 or a failed validation. An ELEVATED band alone must NOT be blocked.
- CLEAR if sanctions matches = 0 AND the band is NORMAL_AT_OR_BELOW_5X_MEDIAN AND both counterparties are recognisable real businesses AND (if provenance is given) the extraction validated cleanly. A heavy-weight, high-value or duplicate-BL flag alone, with a NORMAL band and clean screening, is a routine data-quality issue and should be CLEARED.

Cite the actual numbers in your reason.
Return: decision (one of BLOCK/ESCALATE/CLEAR), reason (one sentence, max 200 chars, citing the decisive evidence), assessment (a short risk assessment naming the key indicators and their values).

Alert evidence: Alert type: HIGH_VALUE_ANOMALY. BL: CMDU02566. Shipper: FPT Software. Consignee: JD Logistics. Carrier: MAERSK. Route: INMUN -> CNSHA. Charges: $8474. Weight: 14926kg. Cost per kg: $0.5677 (2.22x the peer median of $0.2558). PRE-COMPUTED COST-PER-KG BAND: NORMAL_AT_OR_BELOW_5X_MEDIAN. This band is economically ordinary and does NOT justify BLOCK or ESCALATE on its own. Sanctions/export-restriction list matches for the counterparties: 0 (0 = both parties clear, -1 = screening data unavailable).","{""assessment"":""The key indicators are the cost-per-kg band (NORMAL_AT_OR_BELOW_5X_MEDIAN) and sanctions matches (0). Both counterparties are recognisable real businesses, and the cost per kg is within normal limits."",""decision"":""CLEAR"",""reason"":""Sanctions matches = 0, cost-per-kg band is NORMAL_AT_OR_BELOW_5X_MEDIAN, and both counterparties are recognisable real businesses.""}",724,"SUCCESS","\N","2026-08-02 00:07:16.061","fraud_investigation:attempt1","WORKFLOW_INVESTIGATE_ANOMALY",599,125,3511,"SUCCESS",481
83,"mistral-large2","You are a maritime logistics fraud and compliance analyst.

The cost-per-kg threshold comparison has ALREADY been computed for you and is given as PRE-COMPUTED COST-PER-KG BAND. Trust that band and the rule stated next to it. Do not re-derive it or substitute your own thresholds.

Apply this rubric:
- BLOCK if sanctions matches > 0, OR the band is EXTREME_ABOVE_10X_MEDIAN, OR a counterparty name indicates a shell/front company (contains SUSPICIOUS, SHELL, UNKNOWN, or is a generic non-identifiable trading name).
- ESCALATE if the band is ELEVATED_BETWEEN_5X_AND_10X_MEDIAN, OR cost per kg was not computable, OR a required commercial figure is missing, OR document provenance reports extraction confidence below 60/100 or a failed validation. An ELEVATED band alone must NOT be blocked.
- CLEAR if sanctions matches = 0 AND the band is NORMAL_AT_OR_BELOW_5X_MEDIAN AND both counterparties are recognisable real businesses AND (if provenance is given) the extraction validated cleanly. A heavy-weight, high-value or duplicate-BL flag alone, with a NORMAL band and clean screening, is a routine data-quality issue and should be CLEARED.

Cite the actual numbers in your reason.
Return: decision (one of BLOCK/ESCALATE/CLEAR), reason (one sentence, max 200 chars, citing the decisive evidence), assessment (a short risk assessment naming the key indicators and their values).

Alert evidence: Alert type: HIGH_VALUE_ANOMALY. BL: CAXU02545. Shipper: Viglacera Corp. Consignee: Lotte Corp. Carrier: HAPAG_LLOYD. Route: JPTYO -> DEHAM. Charges: $8474. Weight: 10717kg. Cost per kg: $0.7907 (3.09x the peer median of $0.2558). PRE-COMPUTED COST-PER-KG BAND: NORMAL_AT_OR_BELOW_5X_MEDIAN. This band is economically ordinary and does NOT justify BLOCK or ESCALATE on its own. Sanctions/export-restriction list matches for the counterparties: 0 (0 = both parties clear, -1 = screening data unavailable).","{""assessment"":""The key indicators are the cost-per-kg band (NORMAL_AT_OR_BELOW_5X_MEDIAN) and sanctions matches (0). Both counterparties are recognisable real businesses, and the cost per kg is within the normal range."",""decision"":""CLEAR"",""reason"":""Sanctions matches = 0, cost-per-kg band is NORMAL_AT_OR_BELOW_5X_MEDIAN, and both counterparties are recognisable real businesses.""}",735,"SUCCESS","\N","2026-08-02 00:07:24.184","fraud_investigation:attempt1","WORKFLOW_INVESTIGATE_ANOMALY",609,126,3490,"SUCCESS",482
84,"mistral-large2","You are a maritime logistics fraud and compliance analyst.

The cost-per-kg threshold comparison has ALREADY been computed for you and is given as PRE-COMPUTED COST-PER-KG BAND. Trust that band and the rule stated next to it. Do not re-derive it or substitute your own thresholds.

Apply this rubric:
- BLOCK if sanctions matches > 0, OR the band is EXTREME_ABOVE_10X_MEDIAN, OR a counterparty name indicates a shell/front company (contains SUSPICIOUS, SHELL, UNKNOWN, or is a generic non-identifiable trading name).
- ESCALATE if the band is ELEVATED_BETWEEN_5X_AND_10X_MEDIAN, OR cost per kg was not computable, OR a required commercial figure is missing, OR document provenance reports extraction confidence below 60/100 or a failed validation. An ELEVATED band alone must NOT be blocked.
- CLEAR if sanctions matches = 0 AND the band is NORMAL_AT_OR_BELOW_5X_MEDIAN AND both counterparties are recognisable real businesses AND (if provenance is given) the extraction validated cleanly. A heavy-weight, high-value or duplicate-BL flag alone, with a NORMAL band and clean screening, is a routine data-quality issue and should be CLEARED.

Cite the actual numbers in your reason.
Return: decision (one of BLOCK/ESCALATE/CLEAR), reason (one sentence, max 200 chars, citing the decisive evidence), assessment (a short risk assessment naming the key indicators and their values).

Alert evidence: Alert type: COST_PER_KG_ANOMALY. BL: YMLU03250. Shipper: Binh Tien Consumer. Consignee: AEON Japan. Carrier: HAPAG_LLOYD. Route: USLGB -> CNNGB. Charges: $8350. Weight: 3898kg. Cost per kg: $2.1421 (8.37x the peer median of $0.2558). PRE-COMPUTED COST-PER-KG BAND: ELEVATED_BETWEEN_5X_AND_10X_MEDIAN. This band mandates ESCALATE for human judgement - it is NOT sufficient for BLOCK. Sanctions/export-restriction list matches for the counterparties: 0 (0 = both parties clear, -1 = screening data unavailable).","{""assessment"":""The key indicator is the cost per kg, which is $2.1421, 8.37 times the peer median of $0.2558, placing it in the ELEVATED_BETWEEN_5X_AND_10X_MEDIAN band. Both counterparties are recognizable real businesses, and there are no sanctions matches. The elevated cost per kg warrants further investigation."",""decision"":""ESCALATE"",""reason"":""Cost per kg is $2.1421, 8.37x the peer median of $0.2558, placing it in the ELEVATED_BETWEEN_5X_AND_10X_MEDIAN band.""}",793,"SUCCESS","\N","2026-08-02 00:07:38.947","fraud_investigation:attempt1","WORKFLOW_INVESTIGATE_ANOMALY",614,179,10215,"SUCCESS",483
85,"mistral-large2","You are a maritime logistics fraud and compliance analyst.

The cost-per-kg threshold comparison has ALREADY been computed for you and is given as PRE-COMPUTED COST-PER-KG BAND. Trust that band and the rule stated next to it. Do not re-derive it or substitute your own thresholds.

Apply this rubric:
- BLOCK if sanctions matches > 0, OR the band is EXTREME_ABOVE_10X_MEDIAN, OR a counterparty name indicates a shell/front company (contains SUSPICIOUS, SHELL, UNKNOWN, or is a generic non-identifiable trading name).
- ESCALATE if the band is ELEVATED_BETWEEN_5X_AND_10X_MEDIAN, OR cost per kg was not computable, OR a required commercial figure is missing, OR document provenance reports extraction confidence below 60/100 or a failed validation. An ELEVATED band alone must NOT be blocked.
- CLEAR if sanctions matches = 0 AND the band is NORMAL_AT_OR_BELOW_5X_MEDIAN AND both counterparties are recognisable real businesses AND (if provenance is given) the extraction validated cleanly. A heavy-weight, high-value or duplicate-BL flag alone, with a NORMAL band and clean screening, is a routine data-quality issue and should be CLEARED.

Cite the actual numbers in your reason.
Return: decision (one of BLOCK/ESCALATE/CLEAR), reason (one sentence, max 200 chars, citing the decisive evidence), assessment (a short risk assessment naming the key indicators and their values).

Alert evidence: Alert type: COST_PER_KG_ANOMALY. BL: CMDU07060. Shipper: Tan Hiep Phat. Consignee: Home Depot. Carrier: EVERGREEN. Route: AEJEA -> MYPKG. Charges: $6282. Weight: 2939kg. Cost per kg: $2.1375 (8.36x the peer median of $0.2558). PRE-COMPUTED COST-PER-KG BAND: ELEVATED_BETWEEN_5X_AND_10X_MEDIAN. This band mandates ESCALATE for human judgement - it is NOT sufficient for BLOCK. Sanctions/export-restriction list matches for the counterparties: 0 (0 = both parties clear, -1 = screening data unavailable).","{""assessment"":""The key indicator is the cost per kg, which is $2.1375, 8.36x the peer median of $0.2558, placing it in the ELEVATED_BETWEEN_5X_AND_10X_MEDIAN band. Both counterparties are clear of sanctions."",""decision"":""ESCALATE"",""reason"":""Cost per kg is $2.1375, 8.36x the peer median of $0.2558, placing it in the ELEVATED_BETWEEN_5X_AND_10X_MEDIAN band.""}",770,"SUCCESS","\N","2026-08-02 00:07:50.067","fraud_investigation:attempt1","WORKFLOW_INVESTIGATE_ANOMALY",611,159,6806,"SUCCESS",484
86,"mistral-large2","You are a maritime logistics fraud and compliance analyst.

The cost-per-kg threshold comparison has ALREADY been computed for you and is given as PRE-COMPUTED COST-PER-KG BAND. Trust that band and the rule stated next to it. Do not re-derive it or substitute your own thresholds.

Apply this rubric:
- BLOCK if sanctions matches > 0, OR the band is EXTREME_ABOVE_10X_MEDIAN, OR a counterparty name indicates a shell/front company (contains SUSPICIOUS, SHELL, UNKNOWN, or is a generic non-identifiable trading name).
- ESCALATE if the band is ELEVATED_BETWEEN_5X_AND_10X_MEDIAN, OR cost per kg was not computable, OR a required commercial figure is missing, OR document provenance reports extraction confidence below 60/100 or a failed validation. An ELEVATED band alone must NOT be blocked.
- CLEAR if sanctions matches = 0 AND the band is NORMAL_AT_OR_BELOW_5X_MEDIAN AND both counterparties are recognisable real businesses AND (if provenance is given) the extraction validated cleanly. A heavy-weight, high-value or duplicate-BL flag alone, with a NORMAL band and clean screening, is a routine data-quality issue and should be CLEARED.

Cite the actual numbers in your reason.
Return: decision (one of BLOCK/ESCALATE/CLEAR), reason (one sentence, max 200 chars, citing the decisive evidence), assessment (a short risk assessment naming the key indicators and their values).

Alert evidence: Alert type: COST_PER_KG_ANOMALY. BL: MAEU07710. Shipper: LG Display Vietnam. Consignee: Construction Supply Co. Carrier: CMA_CGM. Route: CNNGB -> SGSIN. Charges: $6877. Weight: 3235kg. Cost per kg: $2.1258 (8.31x the peer median of $0.2558). PRE-COMPUTED COST-PER-KG BAND: ELEVATED_BETWEEN_5X_AND_10X_MEDIAN. This band mandates ESCALATE for human judgement - it is NOT sufficient for BLOCK. Sanctions/export-restriction list matches for the counterparties: 0 (0 = both parties clear, -1 = screening data unavailable).","{""assessment"":""The key indicator is the cost per kg, which is $2.1258, 8.31 times the peer median of $0.2558, placing it in the ELEVATED_BETWEEN_5X_AND_10X_MEDIAN band. Both counterparties are clear of sanctions."",""decision"":""ESCALATE"",""reason"":""Cost per kg is $2.1258, 8.31x the peer median of $0.2558, falling in the ELEVATED_BETWEEN_5X_AND_10X_MEDIAN band.""}",767,"SUCCESS","\N","2026-08-02 00:07:58.134","fraud_investigation:attempt1","WORKFLOW_INVESTIGATE_ANOMALY",609,158,4043,"SUCCESS",485
87,"mistral-large2","You are a maritime logistics fraud and compliance analyst.

The cost-per-kg threshold comparison has ALREADY been computed for you and is given as PRE-COMPUTED COST-PER-KG BAND. Trust that band and the rule stated next to it. Do not re-derive it or substitute your own thresholds.

Apply this rubric:
- BLOCK if sanctions matches > 0, OR the band is EXTREME_ABOVE_10X_MEDIAN, OR a counterparty name indicates a shell/front company (contains SUSPICIOUS, SHELL, UNKNOWN, or is a generic non-identifiable trading name).
- ESCALATE if the band is ELEVATED_BETWEEN_5X_AND_10X_MEDIAN, OR cost per kg was not computable, OR a required commercial figure is missing, OR document provenance reports extraction confidence below 60/100 or a failed validation. An ELEVATED band alone must NOT be blocked.
- CLEAR if sanctions matches = 0 AND the band is NORMAL_AT_OR_BELOW_5X_MEDIAN AND both counterparties are recognisable real businesses AND (if provenance is given) the extraction validated cleanly. A heavy-weight, high-value or duplicate-BL flag alone, with a NORMAL band and clean screening, is a routine data-quality issue and should be CLEARED.

Cite the actual numbers in your reason.
Return: decision (one of BLOCK/ESCALATE/CLEAR), reason (one sentence, max 200 chars, citing the decisive evidence), assessment (a short risk assessment naming the key indicators and their values).

Alert evidence: Alert type: COST_PER_KG_ANOMALY. BL: MSKU05116. Shipper: Viglacera Corp. Consignee: Lotte Corp. Carrier: ONE. Route: SGSIN -> NLRTM. Charges: $5778. Weight: 2750kg. Cost per kg: $2.1011 (8.21x the peer median of $0.2558). PRE-COMPUTED COST-PER-KG BAND: ELEVATED_BETWEEN_5X_AND_10X_MEDIAN. This band mandates ESCALATE for human judgement - it is NOT sufficient for BLOCK. Sanctions/export-restriction list matches for the counterparties: 0 (0 = both parties clear, -1 = screening data unavailable).","{""assessment"":""The key indicator is the cost per kg, which is $2.1011, 8.21 times the peer median of $0.2558, placing it in the ELEVATED_BETWEEN_5X_AND_10X_MEDIAN band. Both counterparties are recognizable real businesses, and there are no sanctions matches."",""decision"":""ESCALATE"",""reason"":""Cost per kg is $2.1011, 8.21x the peer median of $0.2558, placing it in the ELEVATED_BETWEEN_5X_AND_10X_MEDIAN band.""}",776,"SUCCESS","\N","2026-08-02 00:08:06.728","fraud_investigation:attempt1","WORKFLOW_INVESTIGATE_ANOMALY",609,167,4209,"SUCCESS",486
88,"mistral-large2","You are a maritime logistics fraud and compliance analyst.

The cost-per-kg threshold comparison has ALREADY been computed for you and is given as PRE-COMPUTED COST-PER-KG BAND. Trust that band and the rule stated next to it. Do not re-derive it or substitute your own thresholds.

Apply this rubric:
- BLOCK if sanctions matches > 0, OR the band is EXTREME_ABOVE_10X_MEDIAN, OR a counterparty name indicates a shell/front company (contains SUSPICIOUS, SHELL, UNKNOWN, or is a generic non-identifiable trading name).
- ESCALATE if the band is ELEVATED_BETWEEN_5X_AND_10X_MEDIAN, OR cost per kg was not computable, OR a required commercial figure is missing, OR document provenance reports extraction confidence below 60/100 or a failed validation. An ELEVATED band alone must NOT be blocked.
- CLEAR if sanctions matches = 0 AND the band is NORMAL_AT_OR_BELOW_5X_MEDIAN AND both counterparties are recognisable real businesses AND (if provenance is given) the extraction validated cleanly. A heavy-weight, high-value or duplicate-BL flag alone, with a NORMAL band and clean screening, is a routine data-quality issue and should be CLEARED.

Cite the actual numbers in your reason.
Return: decision (one of BLOCK/ESCALATE/CLEAR), reason (one sentence, max 200 chars, citing the decisive evidence), assessment (a short risk assessment naming the key indicators and their values).

Alert evidence: Alert type: COST_PER_KG_ANOMALY. BL: MAEU04318. Shipper: Canon Vietnam. Consignee: Construction Supply Co. Carrier: EVERGREEN. Route: VNHPH -> VNSGN. Charges: $3912. Weight: 1867kg. Cost per kg: $2.0953 (8.19x the peer median of $0.2558). PRE-COMPUTED COST-PER-KG BAND: ELEVATED_BETWEEN_5X_AND_10X_MEDIAN. This band mandates ESCALATE for human judgement - it is NOT sufficient for BLOCK. Sanctions/export-restriction list matches for the counterparties: 0 (0 = both parties clear, -1 = screening data unavailable).","{""assessment"":""The key indicator is the cost per kg, which is $2.0953, 8.19 times the peer median of $0.2558, placing it in the ELEVATED_BETWEEN_5X_AND_10X_MEDIAN band. Both counterparties are clear of sanctions."",""decision"":""ESCALATE"",""reason"":""Cost per kg is $2.0953, 8.19x the median of $0.2558, falling in the ELEVATED band.""}",749,"SUCCESS","\N","2026-08-02 00:08:14.302","fraud_investigation:attempt1","WORKFLOW_INVESTIGATE_ANOMALY",609,140,3519,"SUCCESS",487
89,"mistral-large2","You are a maritime logistics fraud and compliance analyst.

The cost-per-kg threshold comparison has ALREADY been computed for you and is given as PRE-COMPUTED COST-PER-KG BAND. Trust that band and the rule stated next to it. Do not re-derive it or substitute your own thresholds.

Apply this rubric:
- BLOCK if sanctions matches > 0, OR the band is EXTREME_ABOVE_10X_MEDIAN, OR a counterparty name indicates a shell/front company (contains SUSPICIOUS, SHELL, UNKNOWN, or is a generic non-identifiable trading name).
- ESCALATE if the band is ELEVATED_BETWEEN_5X_AND_10X_MEDIAN, OR cost per kg was not computable, OR a required commercial figure is missing, OR document provenance reports extraction confidence below 60/100 or a failed validation. An ELEVATED band alone must NOT be blocked.
- CLEAR if sanctions matches = 0 AND the band is NORMAL_AT_OR_BELOW_5X_MEDIAN AND both counterparties are recognisable real businesses AND (if provenance is given) the extraction validated cleanly. A heavy-weight, high-value or duplicate-BL flag alone, with a NORMAL band and clean screening, is a routine data-quality issue and should be CLEARED.

Cite the actual numbers in your reason.
Return: decision (one of BLOCK/ESCALATE/CLEAR), reason (one sentence, max 200 chars, citing the decisive evidence), assessment (a short risk assessment naming the key indicators and their values).

Alert evidence: Alert type: COST_PER_KG_ANOMALY. BL: MSKU05348. Shipper: Vinamilk Co Ltd. Consignee: Alibaba Trade. Carrier: EVERGREEN. Route: THLCH -> THLCH. Charges: $5960. Weight: 2845kg. Cost per kg: $2.0949 (8.19x the peer median of $0.2558). PRE-COMPUTED COST-PER-KG BAND: ELEVATED_BETWEEN_5X_AND_10X_MEDIAN. This band mandates ESCALATE for human judgement - it is NOT sufficient for BLOCK. Sanctions/export-restriction list matches for the counterparties: 0 (0 = both parties clear, -1 = screening data unavailable).","{""assessment"":""The key indicator is the cost per kg, which is $2.0949, 8.19 times the peer median of $0.2558, placing it in the ELEVATED_BETWEEN_5X_AND_10X_MEDIAN band. Both counterparties are recognizable real businesses, and there are no sanctions matches. The elevated cost per kg warrants further investigation."",""decision"":""ESCALATE"",""reason"":""Cost per kg is $2.0949, 8.19x the peer median of $0.2558, falling in the ELEVATED_BETWEEN_5X_AND_10X_MEDIAN band.""}",788,"SUCCESS","\N","2026-08-02 00:08:23.560","fraud_investigation:attempt1","WORKFLOW_INVESTIGATE_ANOMALY",610,178,4650,"SUCCESS",488
90,"mistral-large2","You are a maritime logistics fraud and compliance analyst.

The cost-per-kg threshold comparison has ALREADY been computed for you and is given as PRE-COMPUTED COST-PER-KG BAND. Trust that band and the rule stated next to it. Do not re-derive it or substitute your own thresholds.

Apply this rubric:
- BLOCK if sanctions matches > 0, OR the band is EXTREME_ABOVE_10X_MEDIAN, OR a counterparty name indicates a shell/front company (contains SUSPICIOUS, SHELL, UNKNOWN, or is a generic non-identifiable trading name).
- ESCALATE if the band is ELEVATED_BETWEEN_5X_AND_10X_MEDIAN, OR cost per kg was not computable, OR a required commercial figure is missing, OR document provenance reports extraction confidence below 60/100 or a failed validation. An ELEVATED band alone must NOT be blocked.
- CLEAR if sanctions matches = 0 AND the band is NORMAL_AT_OR_BELOW_5X_MEDIAN AND both counterparties are recognisable real businesses AND (if provenance is given) the extraction validated cleanly. A heavy-weight, high-value or duplicate-BL flag alone, with a NORMAL band and clean screening, is a routine data-quality issue and should be CLEARED.

Cite the actual numbers in your reason.
Return: decision (one of BLOCK/ESCALATE/CLEAR), reason (one sentence, max 200 chars, citing the decisive evidence), assessment (a short risk assessment naming the key indicators and their values).

Alert evidence: Alert type: COST_PER_KG_ANOMALY. BL: EGLV03327. Shipper: Canon Vietnam. Consignee: Amazon Logistics. Carrier: HAPAG_LLOYD. Route: VNSGN -> USLGB. Charges: $6585. Weight: 3156kg. Cost per kg: $2.0865 (8.16x the peer median of $0.2558). PRE-COMPUTED COST-PER-KG BAND: ELEVATED_BETWEEN_5X_AND_10X_MEDIAN. This band mandates ESCALATE for human judgement - it is NOT sufficient for BLOCK. Sanctions/export-restriction list matches for the counterparties: 0 (0 = both parties clear, -1 = screening data unavailable).","{""assessment"":""The key indicator is the cost per kg, which is $2.0865, 8.16x the peer median of $0.2558, placing it in the ELEVATED_BETWEEN_5X_AND_10X_MEDIAN band. Both counterparties are recognizable real businesses, and there are no sanctions matches."",""decision"":""ESCALATE"",""reason"":""Cost per kg is $2.0865, 8.16x the peer median of $0.2558, placing it in the ELEVATED_BETWEEN_5X_AND_10X_MEDIAN band.""}",778,"SUCCESS","\N","2026-08-02 00:08:31.676","fraud_investigation:attempt1","WORKFLOW_INVESTIGATE_ANOMALY",611,167,4119,"SUCCESS",489
91,"mistral-large2","You are a maritime logistics fraud and compliance analyst.

The cost-per-kg threshold comparison has ALREADY been computed for you and is given as PRE-COMPUTED COST-PER-KG BAND. Trust that band and the rule stated next to it. Do not re-derive it or substitute your own thresholds.

Apply this rubric:
- BLOCK if sanctions matches > 0, OR the band is EXTREME_ABOVE_10X_MEDIAN, OR a counterparty name indicates a shell/front company (contains SUSPICIOUS, SHELL, UNKNOWN, or is a generic non-identifiable trading name).
- ESCALATE if the band is ELEVATED_BETWEEN_5X_AND_10X_MEDIAN, OR cost per kg was not computable, OR a required commercial figure is missing, OR document provenance reports extraction confidence below 60/100 or a failed validation. An ELEVATED band alone must NOT be blocked.
- CLEAR if sanctions matches = 0 AND the band is NORMAL_AT_OR_BELOW_5X_MEDIAN AND both counterparties are recognisable real businesses AND (if provenance is given) the extraction validated cleanly. A heavy-weight, high-value or duplicate-BL flag alone, with a NORMAL band and clean screening, is a routine data-quality issue and should be CLEARED.

Cite the actual numbers in your reason.
Return: decision (one of BLOCK/ESCALATE/CLEAR), reason (one sentence, max 200 chars, citing the decisive evidence), assessment (a short risk assessment naming the key indicators and their values).

Alert evidence: Alert type: COST_PER_KG_ANOMALY. BL: APZU06186. Shipper: Viglacera Corp. Consignee: Walmart Inc. Carrier: EVERGREEN. Route: BEANR -> MYPKG. Charges: $6337. Weight: 3062kg. Cost per kg: $2.0696 (8.09x the peer median of $0.2558). PRE-COMPUTED COST-PER-KG BAND: ELEVATED_BETWEEN_5X_AND_10X_MEDIAN. This band mandates ESCALATE for human judgement - it is NOT sufficient for BLOCK. Sanctions/export-restriction list matches for the counterparties: 0 (0 = both parties clear, -1 = screening data unavailable).","{""assessment"":""The key indicator is the cost per kg, which is $2.0696, 8.09 times the peer median of $0.2558, placing it in the ELEVATED_BETWEEN_5X_AND_10X_MEDIAN band. Both counterparties are recognizable real businesses, and there are no sanctions matches."",""decision"":""ESCALATE"",""reason"":""Cost per kg is $2.0696, 8.09x the peer median of $0.2558, placing it in the ELEVATED_BETWEEN_5X_AND_10X_MEDIAN band.""}",778,"SUCCESS","\N","2026-08-02 00:08:42.235","fraud_investigation:attempt1","WORKFLOW_INVESTIGATE_ANOMALY",611,167,6555,"SUCCESS",490
92,"mistral-large2","You are a maritime logistics fraud and compliance analyst.

The cost-per-kg threshold comparison has ALREADY been computed for you and is given as PRE-COMPUTED COST-PER-KG BAND. Trust that band and the rule stated next to it. Do not re-derive it or substitute your own thresholds.

Apply this rubric:
- BLOCK if sanctions matches > 0, OR the band is EXTREME_ABOVE_10X_MEDIAN, OR a counterparty name indicates a shell/front company (contains SUSPICIOUS, SHELL, UNKNOWN, or is a generic non-identifiable trading name).
- ESCALATE if the band is ELEVATED_BETWEEN_5X_AND_10X_MEDIAN, OR cost per kg was not computable, OR a required commercial figure is missing, OR document provenance reports extraction confidence below 60/100 or a failed validation. An ELEVATED band alone must NOT be blocked.
- CLEAR if sanctions matches = 0 AND the band is NORMAL_AT_OR_BELOW_5X_MEDIAN AND both counterparties are recognisable real businesses AND (if provenance is given) the extraction validated cleanly. A heavy-weight, high-value or duplicate-BL flag alone, with a NORMAL band and clean screening, is a routine data-quality issue and should be CLEARED.

Cite the actual numbers in your reason.
Return: decision (one of BLOCK/ESCALATE/CLEAR), reason (one sentence, max 200 chars, citing the decisive evidence), assessment (a short risk assessment naming the key indicators and their values).

Alert evidence: Alert type: WEIGHT_ANOMALY. BL: CAXU03487. Shipper: LG Display Vietnam. Consignee: Shopee Express. Carrier: MSC. Route: HKHKG -> INMUN. Charges: $5769. Weight: 44607kg. Cost per kg: $0.1293 (0.51x the peer median of $0.2558). PRE-COMPUTED COST-PER-KG BAND: NORMAL_AT_OR_BELOW_5X_MEDIAN. This band is economically ordinary and does NOT justify BLOCK or ESCALATE on its own. Sanctions/export-restriction list matches for the counterparties: 0 (0 = both parties clear, -1 = screening data unavailable).","{""assessment"":""The key indicators are the cost-per-kg band (NORMAL_AT_OR_BELOW_5X_MEDIAN) and sanctions matches (0). Both counterparties are recognisable real businesses, and the cost per kg is economically ordinary. There are no indications of shell/front companies or extraction issues."",""decision"":""CLEAR"",""reason"":""Sanctions matches = 0, cost-per-kg band is NORMAL_AT_OR_BELOW_5X_MEDIAN, and both counterparties are recognisable real businesses.""}",739,"SUCCESS","\N","2026-08-02 00:08:54.185","fraud_investigation:attempt1","WORKFLOW_INVESTIGATE_ANOMALY",599,140,7927,"SUCCESS",491
93,"mistral-large2","You are a maritime logistics fraud and compliance analyst.

The cost-per-kg threshold comparison has ALREADY been computed for you and is given as PRE-COMPUTED COST-PER-KG BAND. Trust that band and the rule stated next to it. Do not re-derive it or substitute your own thresholds.

Apply this rubric:
- BLOCK if sanctions matches > 0, OR the band is EXTREME_ABOVE_10X_MEDIAN, OR a counterparty name indicates a shell/front company (contains SUSPICIOUS, SHELL, UNKNOWN, or is a generic non-identifiable trading name).
- ESCALATE if the band is ELEVATED_BETWEEN_5X_AND_10X_MEDIAN, OR cost per kg was not computable, OR a required commercial figure is missing, OR document provenance reports extraction confidence below 60/100 or a failed validation. An ELEVATED band alone must NOT be blocked.
- CLEAR if sanctions matches = 0 AND the band is NORMAL_AT_OR_BELOW_5X_MEDIAN AND both counterparties are recognisable real businesses AND (if provenance is given) the extraction validated cleanly. A heavy-weight, high-value or duplicate-BL flag alone, with a NORMAL band and clean screening, is a routine data-quality issue and should be CLEARED.

Cite the actual numbers in your reason.
Return: decision (one of BLOCK/ESCALATE/CLEAR), reason (one sentence, max 200 chars, citing the decisive evidence), assessment (a short risk assessment naming the key indicators and their values).

Alert evidence: Alert type: WEIGHT_ANOMALY. BL: MAEU06161. Shipper: Adidas Sourcing Ltd. Consignee: Lazada Group. Carrier: MSC. Route: GBFXT -> SGSIN. Charges: $5377. Weight: 44598kg. Cost per kg: $0.1206 (0.47x the peer median of $0.2558). PRE-COMPUTED COST-PER-KG BAND: NORMAL_AT_OR_BELOW_5X_MEDIAN. This band is economically ordinary and does NOT justify BLOCK or ESCALATE on its own. Sanctions/export-restriction list matches for the counterparties: 0 (0 = both parties clear, -1 = screening data unavailable).","{""assessment"":""The key indicators are the cost-per-kg band (NORMAL_AT_OR_BELOW_5X_MEDIAN) and sanctions matches (0). Both counterparties are recognisable real businesses, and the cost per kg is economically ordinary. There are no indications of fraud or compliance issues."",""decision"":""CLEAR"",""reason"":""Sanctions matches = 0, cost-per-kg band is NORMAL_AT_OR_BELOW_5X_MEDIAN, and both counterparties are recognisable real businesses.""}",735,"SUCCESS","\N","2026-08-02 00:09:02.921","fraud_investigation:attempt1","WORKFLOW_INVESTIGATE_ANOMALY",599,136,3607,"SUCCESS",492
94,"mistral-large2","You are a maritime logistics fraud and compliance analyst.

The cost-per-kg threshold comparison has ALREADY been computed for you and is given as PRE-COMPUTED COST-PER-KG BAND. Trust that band and the rule stated next to it. Do not re-derive it or substitute your own thresholds.

Apply this rubric:
- BLOCK if sanctions matches > 0, OR the band is EXTREME_ABOVE_10X_MEDIAN, OR a counterparty name indicates a shell/front company (contains SUSPICIOUS, SHELL, UNKNOWN, or is a generic non-identifiable trading name).
- ESCALATE if the band is ELEVATED_BETWEEN_5X_AND_10X_MEDIAN, OR cost per kg was not computable, OR a required commercial figure is missing, OR document provenance reports extraction confidence below 60/100 or a failed validation. An ELEVATED band alone must NOT be blocked.
- CLEAR if sanctions matches = 0 AND the band is NORMAL_AT_OR_BELOW_5X_MEDIAN AND both counterparties are recognisable real businesses AND (if provenance is given) the extraction validated cleanly. A heavy-weight, high-value or duplicate-BL flag alone, with a NORMAL band and clean screening, is a routine data-quality issue and should be CLEARED.

Cite the actual numbers in your reason.
Return: decision (one of BLOCK/ESCALATE/CLEAR), reason (one sentence, max 200 chars, citing the decisive evidence), assessment (a short risk assessment naming the key indicators and their values).

Alert evidence: Alert type: HIGH_VALUE_ANOMALY. BL: EGLV05264. Shipper: Adidas Sourcing Ltd. Consignee: JD Logistics. Carrier: HAPAG_LLOYD. Route: JPYOK -> DEHAM. Charges: $8536. Weight: 5600kg. Cost per kg: $1.5243 (5.96x the peer median of $0.2558). PRE-COMPUTED COST-PER-KG BAND: ELEVATED_BETWEEN_5X_AND_10X_MEDIAN. This band mandates ESCALATE for human judgement - it is NOT sufficient for BLOCK. Sanctions/export-restriction list matches for the counterparties: 0 (0 = both parties clear, -1 = screening data unavailable).","{""assessment"":""The key indicators are the cost-per-kg band (ELEVATED_BETWEEN_5X_AND_10X_MEDIAN) and the sanctions matches (0). The cost per kg is $1.5243, which is 5.96x the peer median of $0.2558. Both counterparties are recognisable real businesses and there are no sanctions matches."",""decision"":""ESCALATE"",""reason"":""Cost per kg is 5.96x the peer median, falling into the ELEVATED_BETWEEN_5X_AND_10X_MEDIAN band.""}",774,"SUCCESS","\N","2026-08-02 00:09:19.785","fraud_investigation:attempt1","WORKFLOW_INVESTIGATE_ANOMALY",612,162,10528,"SUCCESS",493
95,"mistral-large2","You are a maritime logistics fraud and compliance analyst.

The cost-per-kg threshold comparison has ALREADY been computed for you and is given as PRE-COMPUTED COST-PER-KG BAND. Trust that band and the rule stated next to it. Do not re-derive it or substitute your own thresholds.

Apply this rubric:
- BLOCK if sanctions matches > 0, OR the band is EXTREME_ABOVE_10X_MEDIAN, OR a counterparty name indicates a shell/front company (contains SUSPICIOUS, SHELL, UNKNOWN, or is a generic non-identifiable trading name).
- ESCALATE if the band is ELEVATED_BETWEEN_5X_AND_10X_MEDIAN, OR cost per kg was not computable, OR a required commercial figure is missing, OR document provenance reports extraction confidence below 60/100 or a failed validation. An ELEVATED band alone must NOT be blocked.
- CLEAR if sanctions matches = 0 AND the band is NORMAL_AT_OR_BELOW_5X_MEDIAN AND both counterparties are recognisable real businesses AND (if provenance is given) the extraction validated cleanly. A heavy-weight, high-value or duplicate-BL flag alone, with a NORMAL band and clean screening, is a routine data-quality issue and should be CLEARED.

Cite the actual numbers in your reason.
Return: decision (one of BLOCK/ESCALATE/CLEAR), reason (one sentence, max 200 chars, citing the decisive evidence), assessment (a short risk assessment naming the key indicators and their values).

Alert evidence: Alert type: HIGH_VALUE_ANOMALY. BL: CMDU07837. Shipper: Intel Products Vietnam. Consignee: Carrefour SA. Carrier: HAPAG_LLOYD. Route: USNYC -> BEANR. Charges: $8511. Weight: 22097kg. Cost per kg: $0.3852 (1.51x the peer median of $0.2558). PRE-COMPUTED COST-PER-KG BAND: NORMAL_AT_OR_BELOW_5X_MEDIAN. This band is economically ordinary and does NOT justify BLOCK or ESCALATE on its own. Sanctions/export-restriction list matches for the counterparties: 0 (0 = both parties clear, -1 = screening data unavailable).","{""assessment"":""The alert indicates a high-value anomaly, but the cost per kg is within the normal range (1.51x the peer median of $0.2558), and there are no sanctions matches. Both counterparties are recognizable real businesses. The key indicators are the cost per kg band (NORMAL_AT_OR_BELOW_5X_MEDIAN) and sanctions matches (0)."",""decision"":""CLEAR"",""reason"":""Cost per kg is within normal range (1.51x the peer median of $0.2558) and no sanctions matches (0).""}",755,"SUCCESS","\N","2026-08-02 00:09:32.956","fraud_investigation:attempt1","WORKFLOW_INVESTIGATE_ANOMALY",604,151,9058,"SUCCESS",494
96,"mistral-large2","You are a maritime logistics fraud and compliance analyst.

The cost-per-kg threshold comparison has ALREADY been computed for you and is given as PRE-COMPUTED COST-PER-KG BAND. Trust that band and the rule stated next to it. Do not re-derive it or substitute your own thresholds.

Apply this rubric:
- BLOCK if sanctions matches > 0, OR the band is EXTREME_ABOVE_10X_MEDIAN, OR a counterparty name indicates a shell/front company (contains SUSPICIOUS, SHELL, UNKNOWN, or is a generic non-identifiable trading name).
- ESCALATE if the band is ELEVATED_BETWEEN_5X_AND_10X_MEDIAN, OR cost per kg was not computable, OR a required commercial figure is missing, OR document provenance reports extraction confidence below 60/100 or a failed validation. An ELEVATED band alone must NOT be blocked.
- CLEAR if sanctions matches = 0 AND the band is NORMAL_AT_OR_BELOW_5X_MEDIAN AND both counterparties are recognisable real businesses AND (if provenance is given) the extraction validated cleanly. A heavy-weight, high-value or duplicate-BL flag alone, with a NORMAL band and clean screening, is a routine data-quality issue and should be CLEARED.

Cite the actual numbers in your reason.
Return: decision (one of BLOCK/ESCALATE/CLEAR), reason (one sentence, max 200 chars, citing the decisive evidence), assessment (a short risk assessment naming the key indicators and their values).

Alert evidence: Alert type: HIGH_VALUE_ANOMALY. BL: APZU04176. Shipper: ABC Electronics Vietnam. Consignee: Construction Supply Co. Carrier: HAPAG_LLOYD. Route: KRPUS -> AEJEA. Charges: $8506. Weight: 5363kg. Cost per kg: $1.5861 (6.2x the peer median of $0.2558). PRE-COMPUTED COST-PER-KG BAND: ELEVATED_BETWEEN_5X_AND_10X_MEDIAN. This band mandates ESCALATE for human judgement - it is NOT sufficient for BLOCK. Sanctions/export-restriction list matches for the counterparties: 0 (0 = both parties clear, -1 = screening data unavailable).","{""assessment"":""The key indicators are the cost per kg of $1.5861, which is 6.2x the peer median of $0.2558, placing it in the ELEVATED_BETWEEN_5X_AND_10X_MEDIAN band, and the sanctions/export-restriction list matches for the counterparties is 0. The elevated cost per kg band mandates escalation for human judgment."",""decision"":""ESCALATE"",""reason"":""Cost per kg is $1.5861 (6.2x the peer median of $0.2558), placing it in the ELEVATED_BETWEEN_5X_AND_10X_MEDIAN band, which mandates escalation for human judgment.""}",803,"SUCCESS","\N","2026-08-02 00:09:41.742","fraud_investigation:attempt1","WORKFLOW_INVESTIGATE_ANOMALY",611,192,4112,"SUCCESS",495
97,"mistral-large2","You are a maritime logistics fraud and compliance analyst.

The cost-per-kg threshold comparison has ALREADY been computed for you and is given as PRE-COMPUTED COST-PER-KG BAND. Trust that band and the rule stated next to it. Do not re-derive it or substitute your own thresholds.

Apply this rubric:
- BLOCK if sanctions matches > 0, OR the band is EXTREME_ABOVE_10X_MEDIAN, OR a counterparty name indicates a shell/front company (contains SUSPICIOUS, SHELL, UNKNOWN, or is a generic non-identifiable trading name).
- ESCALATE if the band is ELEVATED_BETWEEN_5X_AND_10X_MEDIAN, OR cost per kg was not computable, OR a required commercial figure is missing, OR document provenance reports extraction confidence below 60/100 or a failed validation. An ELEVATED band alone must NOT be blocked.
- CLEAR if sanctions matches = 0 AND the band is NORMAL_AT_OR_BELOW_5X_MEDIAN AND both counterparties are recognisable real businesses AND (if provenance is given) the extraction validated cleanly. A heavy-weight, high-value or duplicate-BL flag alone, with a NORMAL band and clean screening, is a routine data-quality issue and should be CLEARED.

Cite the actual numbers in your reason.
Return: decision (one of BLOCK/ESCALATE/CLEAR), reason (one sentence, max 200 chars, citing the decisive evidence), assessment (a short risk assessment naming the key indicators and their values).

Alert evidence: Alert type: HIGH_VALUE_ANOMALY. BL: APZU05811. Shipper: Vinamilk Co Ltd. Consignee: Home Depot. Carrier: HAPAG_LLOYD. Route: JPTYO -> AEJEA. Charges: $8504. Weight: 34761kg. Cost per kg: $0.2446 (0.96x the peer median of $0.2558). PRE-COMPUTED COST-PER-KG BAND: NORMAL_AT_OR_BELOW_5X_MEDIAN. This band is economically ordinary and does NOT justify BLOCK or ESCALATE on its own. Sanctions/export-restriction list matches for the counterparties: 0 (0 = both parties clear, -1 = screening data unavailable).","{""assessment"":""The alert indicates a high-value anomaly, but the cost per kg is within the normal range (0.96x the peer median of $0.2558), and there are no sanctions matches. Both counterparties are recognizable real businesses. The key indicators are the cost per kg ($0.2446) and sanctions matches (0)."",""decision"":""CLEAR"",""reason"":""Cost per kg is within the normal range (0.96x the peer median of $0.2558) and there are no sanctions matches (0).""}",752,"SUCCESS","\N","2026-08-02 00:09:49.748","fraud_investigation:attempt1","WORKFLOW_INVESTIGATE_ANOMALY",607,145,3879,"SUCCESS",496
98,"mistral-large2","You are a maritime logistics fraud and compliance analyst.

The cost-per-kg threshold comparison has ALREADY been computed for you and is given as PRE-COMPUTED COST-PER-KG BAND. Trust that band and the rule stated next to it. Do not re-derive it or substitute your own thresholds.

Apply this rubric:
- BLOCK if sanctions matches > 0, OR the band is EXTREME_ABOVE_10X_MEDIAN, OR a counterparty name indicates a shell/front company (contains SUSPICIOUS, SHELL, UNKNOWN, or is a generic non-identifiable trading name).
- ESCALATE if the band is ELEVATED_BETWEEN_5X_AND_10X_MEDIAN, OR cost per kg was not computable, OR a required commercial figure is missing, OR document provenance reports extraction confidence below 60/100 or a failed validation. An ELEVATED band alone must NOT be blocked.
- CLEAR if sanctions matches = 0 AND the band is NORMAL_AT_OR_BELOW_5X_MEDIAN AND both counterparties are recognisable real businesses AND (if provenance is given) the extraction validated cleanly. A heavy-weight, high-value or duplicate-BL flag alone, with a NORMAL band and clean screening, is a routine data-quality issue and should be CLEARED.

Cite the actual numbers in your reason.
Return: decision (one of BLOCK/ESCALATE/CLEAR), reason (one sentence, max 200 chars, citing the decisive evidence), assessment (a short risk assessment naming the key indicators and their values).

Alert evidence: Alert type: HIGH_VALUE_ANOMALY. BL: APZU01763. Shipper: Foxconn Vietnam. Consignee: Alibaba Trade. Carrier: HAPAG_LLOYD. Route: NLRTM -> MYPKG. Charges: $8502. Weight: 7918kg. Cost per kg: $1.0738 (4.2x the peer median of $0.2558). PRE-COMPUTED COST-PER-KG BAND: NORMAL_AT_OR_BELOW_5X_MEDIAN. This band is economically ordinary and does NOT justify BLOCK or ESCALATE on its own. Sanctions/export-restriction list matches for the counterparties: 0 (0 = both parties clear, -1 = screening data unavailable).","{""assessment"":""The key indicators are the cost-per-kg band (NORMAL_AT_OR_BELOW_5X_MEDIAN) and sanctions matches (0). Both counterparties are recognisable real businesses, and the cost per kg is within the normal range."",""decision"":""CLEAR"",""reason"":""Sanctions matches = 0, cost-per-kg band is NORMAL_AT_OR_BELOW_5X_MEDIAN, and both counterparties are recognisable real businesses.""}",728,"SUCCESS","\N","2026-08-02 00:09:57.223","fraud_investigation:attempt1","WORKFLOW_INVESTIGATE_ANOMALY",602,126,2862,"SUCCESS",497
99,"mistral-large2","You are a maritime logistics fraud and compliance analyst.

The cost-per-kg threshold comparison has ALREADY been computed for you and is given as PRE-COMPUTED COST-PER-KG BAND. Trust that band and the rule stated next to it. Do not re-derive it or substitute your own thresholds.

Apply this rubric:
- BLOCK if sanctions matches > 0, OR the band is EXTREME_ABOVE_10X_MEDIAN, OR a counterparty name indicates a shell/front company (contains SUSPICIOUS, SHELL, UNKNOWN, or is a generic non-identifiable trading name).
- ESCALATE if the band is ELEVATED_BETWEEN_5X_AND_10X_MEDIAN, OR cost per kg was not computable, OR a required commercial figure is missing, OR document provenance reports extraction confidence below 60/100 or a failed validation. An ELEVATED band alone must NOT be blocked.
- CLEAR if sanctions matches = 0 AND the band is NORMAL_AT_OR_BELOW_5X_MEDIAN AND both counterparties are recognisable real businesses AND (if provenance is given) the extraction validated cleanly. A heavy-weight, high-value or duplicate-BL flag alone, with a NORMAL band and clean screening, is a routine data-quality issue and should be CLEARED.

Cite the actual numbers in your reason.
Return: decision (one of BLOCK/ESCALATE/CLEAR), reason (one sentence, max 200 chars, citing the decisive evidence), assessment (a short risk assessment naming the key indicators and their values).

Alert evidence: Alert type: HIGH_VALUE_ANOMALY. BL: HLCU01560. Shipper: Canon Vietnam. Consignee: Metro AG. Carrier: HAPAG_LLOYD. Route: SGSIN -> DEHAM. Charges: $8501. Weight: 25097kg. Cost per kg: $0.3387 (1.32x the peer median of $0.2558). PRE-COMPUTED COST-PER-KG BAND: NORMAL_AT_OR_BELOW_5X_MEDIAN. This band is economically ordinary and does NOT justify BLOCK or ESCALATE on its own. Sanctions/export-restriction list matches for the counterparties: 0 (0 = both parties clear, -1 = screening data unavailable).","{""assessment"":""The key indicators are the cost-per-kg band (NORMAL_AT_OR_BELOW_5X_MEDIAN), sanctions matches (0), and recognizable counterparties (Canon Vietnam, Metro AG). The cost per kg is $0.3387, which is 1.32x the peer median of $0.2558, but still within the normal range. Both counterparties are recognizable real businesses, and there are no sanctions matches."",""decision"":""CLEAR"",""reason"":""Sanctions matches = 0, cost-per-kg band is NORMAL_AT_OR_BELOW_5X_MEDIAN, and both counterparties are recognizable real businesses.""}",776,"SUCCESS","\N","2026-08-02 00:10:06.697","fraud_investigation:attempt1","WORKFLOW_INVESTIGATE_ANOMALY",602,174,4306,"SUCCESS",498
100,"mistral-large2","You are a maritime logistics fraud and compliance analyst.

The cost-per-kg threshold comparison has ALREADY been computed for you and is given as PRE-COMPUTED COST-PER-KG BAND. Trust that band and the rule stated next to it. Do not re-derive it or substitute your own thresholds.

Apply this rubric:
- BLOCK if sanctions matches > 0, OR the band is EXTREME_ABOVE_10X_MEDIAN, OR a counterparty name indicates a shell/front company (contains SUSPICIOUS, SHELL, UNKNOWN, or is a generic non-identifiable trading name).
- ESCALATE if the band is ELEVATED_BETWEEN_5X_AND_10X_MEDIAN, OR cost per kg was not computable, OR a required commercial figure is missing, OR document provenance reports extraction confidence below 60/100 or a failed validation. An ELEVATED band alone must NOT be blocked.
- CLEAR if sanctions matches = 0 AND the band is NORMAL_AT_OR_BELOW_5X_MEDIAN AND both counterparties are recognisable real businesses AND (if provenance is given) the extraction validated cleanly. A heavy-weight, high-value or duplicate-BL flag alone, with a NORMAL band and clean screening, is a routine data-quality issue and should be CLEARED.

Cite the actual numbers in your reason.
Return: decision (one of BLOCK/ESCALATE/CLEAR), reason (one sentence, max 200 chars, citing the decisive evidence), assessment (a short risk assessment naming the key indicators and their values).

Alert evidence: Alert type: HIGH_VALUE_ANOMALY. BL: YMLU00588. Shipper: Honda Vietnam. Consignee: AEON Japan. Carrier: MAERSK. Route: DEHAM -> VNSGN. Charges: $8500. Weight: 5083kg. Cost per kg: $1.6722 (6.54x the peer median of $0.2558). PRE-COMPUTED COST-PER-KG BAND: ELEVATED_BETWEEN_5X_AND_10X_MEDIAN. This band mandates ESCALATE for human judgement - it is NOT sufficient for BLOCK. Sanctions/export-restriction list matches for the counterparties: 0 (0 = both parties clear, -1 = screening data unavailable).","{""assessment"":""The key indicators are the cost per kg of $1.6722, which is 6.54x the peer median of $0.2558, placing it in the ELEVATED_BETWEEN_5X_AND_10X_MEDIAN band, and the sanctions/export-restriction list matches for the counterparties is 0. Both counterparties are recognisable real businesses."",""decision"":""ESCALATE"",""reason"":""Cost per kg is 6.54x the peer median, placing it in the ELEVATED_BETWEEN_5X_AND_10X_MEDIAN band.""}",770,"SUCCESS","\N","2026-08-02 00:10:15.005","fraud_investigation:attempt1","WORKFLOW_INVESTIGATE_ANOMALY",604,166,3590,"SUCCESS",499
101,"mistral-large2","You are a maritime logistics fraud and compliance analyst.

The cost-per-kg threshold comparison has ALREADY been computed for you and is given as PRE-COMPUTED COST-PER-KG BAND. Trust that band and the rule stated next to it. Do not re-derive it or substitute your own thresholds.

Apply this rubric:
- BLOCK if sanctions matches > 0, OR the band is EXTREME_ABOVE_10X_MEDIAN, OR a counterparty name indicates a shell/front company (contains SUSPICIOUS, SHELL, UNKNOWN, or is a generic non-identifiable trading name).
- ESCALATE if the band is ELEVATED_BETWEEN_5X_AND_10X_MEDIAN, OR cost per kg was not computable, OR a required commercial figure is missing, OR document provenance reports extraction confidence below 60/100 or a failed validation. An ELEVATED band alone must NOT be blocked.
- CLEAR if sanctions matches = 0 AND the band is NORMAL_AT_OR_BELOW_5X_MEDIAN AND both counterparties are recognisable real businesses AND (if provenance is given) the extraction validated cleanly. A heavy-weight, high-value or duplicate-BL flag alone, with a NORMAL band and clean screening, is a routine data-quality issue and should be CLEARED.

Cite the actual numbers in your reason.
Return: decision (one of BLOCK/ESCALATE/CLEAR), reason (one sentence, max 200 chars, citing the decisive evidence), assessment (a short risk assessment naming the key indicators and their values).

Alert evidence: Alert type: HIGH_VALUE_ANOMALY. BL: CMDU07958. Shipper: Panasonic Vietnam. Consignee: Fashion Retail Inc. Carrier: MAERSK. Route: INMUN -> SGSIN. Charges: $8498. Weight: 29789kg. Cost per kg: $0.2853 (1.12x the peer median of $0.2558). PRE-COMPUTED COST-PER-KG BAND: NORMAL_AT_OR_BELOW_5X_MEDIAN. This band is economically ordinary and does NOT justify BLOCK or ESCALATE on its own. Sanctions/export-restriction list matches for the counterparties: 0 (0 = both parties clear, -1 = screening data unavailable).","{""assessment"":""The alert indicates a high-value anomaly, but the cost per kg is within the normal range (1.12x the peer median of $0.2558), and there are no sanctions matches. Both counterparties are recognizable real businesses. The key indicators are cost per kg ($0.2853) and sanctions matches (0)."",""decision"":""CLEAR"",""reason"":""Cost per kg is within the normal range (1.12x the peer median of $0.2558) and no sanctions matches (0).""}",743,"SUCCESS","\N","2026-08-02 00:10:22.784","fraud_investigation:attempt1","WORKFLOW_INVESTIGATE_ANOMALY",601,142,3565,"SUCCESS",500
102,"mistral-large2","You are a maritime logistics fraud and compliance analyst.

The cost-per-kg threshold comparison has ALREADY been computed for you and is given as PRE-COMPUTED COST-PER-KG BAND. Trust that band and the rule stated next to it. Do not re-derive it or substitute your own thresholds.

Apply this rubric:
- BLOCK if sanctions matches > 0, OR the band is EXTREME_ABOVE_10X_MEDIAN, OR a counterparty name indicates a shell/front company (contains SUSPICIOUS, SHELL, UNKNOWN, or is a generic non-identifiable trading name).
- ESCALATE if the band is ELEVATED_BETWEEN_5X_AND_10X_MEDIAN, OR cost per kg was not computable, OR a required commercial figure is missing, OR document provenance reports extraction confidence below 60/100 or a failed validation. An ELEVATED band alone must NOT be blocked.
- CLEAR if sanctions matches = 0 AND the band is NORMAL_AT_OR_BELOW_5X_MEDIAN AND both counterparties are recognisable real businesses AND (if provenance is given) the extraction validated cleanly. A heavy-weight, high-value or duplicate-BL flag alone, with a NORMAL band and clean screening, is a routine data-quality issue and should be CLEARED.

Cite the actual numbers in your reason.
Return: decision (one of BLOCK/ESCALATE/CLEAR), reason (one sentence, max 200 chars, citing the decisive evidence), assessment (a short risk assessment naming the key indicators and their values).

Alert evidence: Alert type: COST_PER_KG_ANOMALY. BL: ONEY08053. Shipper: LG Display Vietnam. Consignee: Carrefour SA. Carrier: EVERGREEN. Route: KRPUS -> KRPUS. Charges: $3977. Weight: 1767kg. Cost per kg: $2.2507 (8.8x the peer median of $0.2558). PRE-COMPUTED COST-PER-KG BAND: ELEVATED_BETWEEN_5X_AND_10X_MEDIAN. This band mandates ESCALATE for human judgement - it is NOT sufficient for BLOCK. Sanctions/export-restriction list matches for the counterparties: 0 (0 = both parties clear, -1 = screening data unavailable).","{""assessment"":""The key indicator is the cost per kg, which is $2.2507, 8.8 times the peer median of $0.2558. This falls into the ELEVATED_BETWEEN_5X_AND_10X_MEDIAN band, which mandates escalation for human judgment. There are no sanctions or export-restriction list matches for the counterparties."",""decision"":""ESCALATE"",""reason"":""Cost per kg is $2.2507, 8.8x the peer median of $0.2558, falling into the ELEVATED_BETWEEN_5X_AND_10X_MEDIAN band.""}",781,"SUCCESS","\N","2026-08-02 00:10:32.210","fraud_investigation:attempt1","WORKFLOW_INVESTIGATE_ANOMALY",607,174,4593,"SUCCESS",501
103,"mistral-large2","You are a maritime logistics fraud and compliance analyst.

The cost-per-kg threshold comparison has ALREADY been computed for you and is given as PRE-COMPUTED COST-PER-KG BAND. Trust that band and the rule stated next to it. Do not re-derive it or substitute your own thresholds.

Apply this rubric:
- BLOCK if sanctions matches > 0, OR the band is EXTREME_ABOVE_10X_MEDIAN, OR a counterparty name indicates a shell/front company (contains SUSPICIOUS, SHELL, UNKNOWN, or is a generic non-identifiable trading name).
- ESCALATE if the band is ELEVATED_BETWEEN_5X_AND_10X_MEDIAN, OR cost per kg was not computable, OR a required commercial figure is missing, OR document provenance reports extraction confidence below 60/100 or a failed validation. An ELEVATED band alone must NOT be blocked.
- CLEAR if sanctions matches = 0 AND the band is NORMAL_AT_OR_BELOW_5X_MEDIAN AND both counterparties are recognisable real businesses AND (if provenance is given) the extraction validated cleanly. A heavy-weight, high-value or duplicate-BL flag alone, with a NORMAL band and clean screening, is a routine data-quality issue and should be CLEARED.

Cite the actual numbers in your reason.
Return: decision (one of BLOCK/ESCALATE/CLEAR), reason (one sentence, max 200 chars, citing the decisive evidence), assessment (a short risk assessment naming the key indicators and their values).

Alert evidence: Alert type: COST_PER_KG_ANOMALY. BL: OOLU08350. Shipper: Nike Vietnam. Consignee: Shopee Express. Carrier: EVERGREEN. Route: CNSHA -> VNHPH. Charges: $6164. Weight: 2741kg. Cost per kg: $2.2488 (8.79x the peer median of $0.2558). PRE-COMPUTED COST-PER-KG BAND: ELEVATED_BETWEEN_5X_AND_10X_MEDIAN. This band mandates ESCALATE for human judgement - it is NOT sufficient for BLOCK. Sanctions/export-restriction list matches for the counterparties: 0 (0 = both parties clear, -1 = screening data unavailable).","{""assessment"":""The key indicator is the cost per kg, which is $2.2488, 8.79 times the peer median of $0.2558, placing it in the ELEVATED_BETWEEN_5X_AND_10X_MEDIAN band. Both counterparties are recognizable real businesses, and there are no sanctions matches."",""decision"":""ESCALATE"",""reason"":""Cost per kg is $2.2488, 8.79x the peer median of $0.2558, falling in the ELEVATED_BETWEEN_5X_AND_10X_MEDIAN band.""}",775,"SUCCESS","\N","2026-08-02 00:10:40.854","fraud_investigation:attempt1","WORKFLOW_INVESTIGATE_ANOMALY",609,166,4334,"SUCCESS",502
104,"mistral-large2","You are a maritime logistics fraud and compliance analyst.

The cost-per-kg threshold comparison has ALREADY been computed for you and is given as PRE-COMPUTED COST-PER-KG BAND. Trust that band and the rule stated next to it. Do not re-derive it or substitute your own thresholds.

Apply this rubric:
- BLOCK if sanctions matches > 0, OR the band is EXTREME_ABOVE_10X_MEDIAN, OR a counterparty name indicates a shell/front company (contains SUSPICIOUS, SHELL, UNKNOWN, or is a generic non-identifiable trading name).
- ESCALATE if the band is ELEVATED_BETWEEN_5X_AND_10X_MEDIAN, OR cost per kg was not computable, OR a required commercial figure is missing, OR document provenance reports extraction confidence below 60/100 or a failed validation. An ELEVATED band alone must NOT be blocked.
- CLEAR if sanctions matches = 0 AND the band is NORMAL_AT_OR_BELOW_5X_MEDIAN AND both counterparties are recognisable real businesses AND (if provenance is given) the extraction validated cleanly. A heavy-weight, high-value or duplicate-BL flag alone, with a NORMAL band and clean screening, is a routine data-quality issue and should be CLEARED.

Cite the actual numbers in your reason.
Return: decision (one of BLOCK/ESCALATE/CLEAR), reason (one sentence, max 200 chars, citing the decisive evidence), assessment (a short risk assessment naming the key indicators and their values).

Alert evidence: Alert type: COST_PER_KG_ANOMALY. BL: YMLU04126. Shipper: Vinamilk Co Ltd. Consignee: Best Buy USA. Carrier: CMA_CGM. Route: JPTYO -> INMUN. Charges: $6858. Weight: 3063kg. Cost per kg: $2.239 (8.75x the peer median of $0.2558). PRE-COMPUTED COST-PER-KG BAND: ELEVATED_BETWEEN_5X_AND_10X_MEDIAN. This band mandates ESCALATE for human judgement - it is NOT sufficient for BLOCK. Sanctions/export-restriction list matches for the counterparties: 0 (0 = both parties clear, -1 = screening data unavailable).","{""assessment"":""The key indicator is the cost per kg, which is $2.239, 8.75 times the peer median of $0.2558, placing it in the ELEVATED_BETWEEN_5X_AND_10X_MEDIAN band. Both counterparties are recognizable real businesses, and there are no sanctions matches."",""decision"":""ESCALATE"",""reason"":""Cost per kg is $2.239, 8.75x the peer median of $0.2558, placing it in the ELEVATED_BETWEEN_5X_AND_10X_MEDIAN band.""}",775,"SUCCESS","\N","2026-08-02 00:10:48.933","fraud_investigation:attempt1","WORKFLOW_INVESTIGATE_ANOMALY",610,165,4001,"SUCCESS",503
105,"mistral-large2","You are a maritime logistics fraud and compliance analyst.

The cost-per-kg threshold comparison has ALREADY been computed for you and is given as PRE-COMPUTED COST-PER-KG BAND. Trust that band and the rule stated next to it. Do not re-derive it or substitute your own thresholds.

Apply this rubric:
- BLOCK if sanctions matches > 0, OR the band is EXTREME_ABOVE_10X_MEDIAN, OR a counterparty name indicates a shell/front company (contains SUSPICIOUS, SHELL, UNKNOWN, or is a generic non-identifiable trading name).
- ESCALATE if the band is ELEVATED_BETWEEN_5X_AND_10X_MEDIAN, OR cost per kg was not computable, OR a required commercial figure is missing, OR document provenance reports extraction confidence below 60/100 or a failed validation. An ELEVATED band alone must NOT be blocked.
- CLEAR if sanctions matches = 0 AND the band is NORMAL_AT_OR_BELOW_5X_MEDIAN AND both counterparties are recognisable real businesses AND (if provenance is given) the extraction validated cleanly. A heavy-weight, high-value or duplicate-BL flag alone, with a NORMAL band and clean screening, is a routine data-quality issue and should be CLEARED.

Cite the actual numbers in your reason.
Return: decision (one of BLOCK/ESCALATE/CLEAR), reason (one sentence, max 200 chars, citing the decisive evidence), assessment (a short risk assessment naming the key indicators and their values).

Alert evidence: Alert type: COST_PER_KG_ANOMALY. BL: OOLU02377. Shipper: Viettel Electronics. Consignee: Lazada Group. Carrier: ONE. Route: USLGB -> INMUN. Charges: $6133. Weight: 2755kg. Cost per kg: $2.2261 (8.7x the peer median of $0.2558). PRE-COMPUTED COST-PER-KG BAND: ELEVATED_BETWEEN_5X_AND_10X_MEDIAN. This band mandates ESCALATE for human judgement - it is NOT sufficient for BLOCK. Sanctions/export-restriction list matches for the counterparties: 0 (0 = both parties clear, -1 = screening data unavailable).","{""assessment"":""The key indicators are the cost per kg ($2.2261), which is 8.7x the peer median ($0.2558), and the sanctions/export-restriction list matches (0). The cost per kg is elevated but not extreme, and there are no sanctions matches."",""decision"":""ESCALATE"",""reason"":""Cost per kg is 8.7x the peer median ($2.2261 vs $0.2558), falling into the ELEVATED_BETWEEN_5X_AND_10X_MEDIAN band.""}",758,"SUCCESS","\N","2026-08-02 00:10:57.020","fraud_investigation:attempt1","WORKFLOW_INVESTIGATE_ANOMALY",607,151,3806,"SUCCESS",504
106,"mistral-large2","You are a maritime logistics fraud and compliance analyst.

The cost-per-kg threshold comparison has ALREADY been computed for you and is given as PRE-COMPUTED COST-PER-KG BAND. Trust that band and the rule stated next to it. Do not re-derive it or substitute your own thresholds.

Apply this rubric:
- BLOCK if sanctions matches > 0, OR the band is EXTREME_ABOVE_10X_MEDIAN, OR a counterparty name indicates a shell/front company (contains SUSPICIOUS, SHELL, UNKNOWN, or is a generic non-identifiable trading name).
- ESCALATE if the band is ELEVATED_BETWEEN_5X_AND_10X_MEDIAN, OR cost per kg was not computable, OR a required commercial figure is missing, OR document provenance reports extraction confidence below 60/100 or a failed validation. An ELEVATED band alone must NOT be blocked.
- CLEAR if sanctions matches = 0 AND the band is NORMAL_AT_OR_BELOW_5X_MEDIAN AND both counterparties are recognisable real businesses AND (if provenance is given) the extraction validated cleanly. A heavy-weight, high-value or duplicate-BL flag alone, with a NORMAL band and clean screening, is a routine data-quality issue and should be CLEARED.

Cite the actual numbers in your reason.
Return: decision (one of BLOCK/ESCALATE/CLEAR), reason (one sentence, max 200 chars, citing the decisive evidence), assessment (a short risk assessment naming the key indicators and their values).

Alert evidence: Alert type: COST_PER_KG_ANOMALY. BL: MAEU04434. Shipper: Viglacera Corp. Consignee: Metro AG. Carrier: HAPAG_LLOYD. Route: HKHKG -> USLAX. Charges: $7997. Weight: 3604kg. Cost per kg: $2.2189 (8.67x the peer median of $0.2558). PRE-COMPUTED COST-PER-KG BAND: ELEVATED_BETWEEN_5X_AND_10X_MEDIAN. This band mandates ESCALATE for human judgement - it is NOT sufficient for BLOCK. Sanctions/export-restriction list matches for the counterparties: 0 (0 = both parties clear, -1 = screening data unavailable).","{""assessment"":""The key indicator is the cost per kg, which is $2.2189, 8.67 times the peer median of $0.2558, placing it in the ELEVATED_BETWEEN_5X_AND_10X_MEDIAN band. Both counterparties are recognizable real businesses, and there are no sanctions matches."",""decision"":""ESCALATE"",""reason"":""Cost per kg is $2.2189, 8.67x the peer median of $0.2558, placing it in the ELEVATED_BETWEEN_5X_AND_10X_MEDIAN band.""}",783,"SUCCESS","\N","2026-08-02 00:11:05.994","fraud_investigation:attempt1","WORKFLOW_INVESTIGATE_ANOMALY",616,167,4616,"SUCCESS",505
107,"mistral-large2","You are a maritime logistics fraud and compliance analyst.

The cost-per-kg threshold comparison has ALREADY been computed for you and is given as PRE-COMPUTED COST-PER-KG BAND. Trust that band and the rule stated next to it. Do not re-derive it or substitute your own thresholds.

Apply this rubric:
- BLOCK if sanctions matches > 0, OR the band is EXTREME_ABOVE_10X_MEDIAN, OR a counterparty name indicates a shell/front company (contains SUSPICIOUS, SHELL, UNKNOWN, or is a generic non-identifiable trading name).
- ESCALATE if the band is ELEVATED_BETWEEN_5X_AND_10X_MEDIAN, OR cost per kg was not computable, OR a required commercial figure is missing, OR document provenance reports extraction confidence below 60/100 or a failed validation. An ELEVATED band alone must NOT be blocked.
- CLEAR if sanctions matches = 0 AND the band is NORMAL_AT_OR_BELOW_5X_MEDIAN AND both counterparties are recognisable real businesses AND (if provenance is given) the extraction validated cleanly. A heavy-weight, high-value or duplicate-BL flag alone, with a NORMAL band and clean screening, is a routine data-quality issue and should be CLEARED.

Cite the actual numbers in your reason.
Return: decision (one of BLOCK/ESCALATE/CLEAR), reason (one sentence, max 200 chars, citing the decisive evidence), assessment (a short risk assessment naming the key indicators and their values).

Alert evidence: Alert type: COST_PER_KG_ANOMALY. BL: CMDU01888. Shipper: Binh Tien Consumer. Consignee: AEON Japan. Carrier: HAPAG_LLOYD. Route: USLGB -> JPYOK. Charges: $7761. Weight: 3535kg. Cost per kg: $2.1955 (8.58x the peer median of $0.2558). PRE-COMPUTED COST-PER-KG BAND: ELEVATED_BETWEEN_5X_AND_10X_MEDIAN. This band mandates ESCALATE for human judgement - it is NOT sufficient for BLOCK. Sanctions/export-restriction list matches for the counterparties: 0 (0 = both parties clear, -1 = screening data unavailable).","{""assessment"":""The key indicator is the cost per kg, which is $2.1955, 8.58x the peer median of $0.2558, placing it in the ELEVATED_BETWEEN_5X_AND_10X_MEDIAN band. Both counterparties are recognizable real businesses, and there are no sanctions matches."",""decision"":""ESCALATE"",""reason"":""Cost per kg is $2.1955, 8.58x the peer median of $0.2558, placing it in the ELEVATED_BETWEEN_5X_AND_10X_MEDIAN band.""}",782,"SUCCESS","\N","2026-08-02 00:11:14.207","fraud_investigation:attempt1","WORKFLOW_INVESTIGATE_ANOMALY",615,167,4065,"SUCCESS",506
108,"mistral-large2","You are a maritime logistics fraud and compliance analyst.

The cost-per-kg threshold comparison has ALREADY been computed for you and is given as PRE-COMPUTED COST-PER-KG BAND. Trust that band and the rule stated next to it. Do not re-derive it or substitute your own thresholds.

Apply this rubric:
- BLOCK if sanctions matches > 0, OR the band is EXTREME_ABOVE_10X_MEDIAN, OR a counterparty name indicates a shell/front company (contains SUSPICIOUS, SHELL, UNKNOWN, or is a generic non-identifiable trading name).
- ESCALATE if the band is ELEVATED_BETWEEN_5X_AND_10X_MEDIAN, OR cost per kg was not computable, OR a required commercial figure is missing, OR document provenance reports extraction confidence below 60/100 or a failed validation. An ELEVATED band alone must NOT be blocked.
- CLEAR if sanctions matches = 0 AND the band is NORMAL_AT_OR_BELOW_5X_MEDIAN AND both counterparties are recognisable real businesses AND (if provenance is given) the extraction validated cleanly. A heavy-weight, high-value or duplicate-BL flag alone, with a NORMAL band and clean screening, is a routine data-quality issue and should be CLEARED.

Cite the actual numbers in your reason.
Return: decision (one of BLOCK/ESCALATE/CLEAR), reason (one sentence, max 200 chars, citing the decisive evidence), assessment (a short risk assessment naming the key indicators and their values).

Alert evidence: Alert type: COST_PER_KG_ANOMALY. BL: OOLU05815. Shipper: Binh Tien Consumer. Consignee: Shopee Express. Carrier: ONE. Route: AEJEA -> INMUN. Charges: $4597. Weight: 2123kg. Cost per kg: $2.1653 (8.46x the peer median of $0.2558). PRE-COMPUTED COST-PER-KG BAND: ELEVATED_BETWEEN_5X_AND_10X_MEDIAN. This band mandates ESCALATE for human judgement - it is NOT sufficient for BLOCK. Sanctions/export-restriction list matches for the counterparties: 0 (0 = both parties clear, -1 = screening data unavailable).","{""assessment"":""The key indicator is the cost per kg, which is $2.1653, 8.46 times the peer median of $0.2558, placing it in the ELEVATED_BETWEEN_5X_AND_10X_MEDIAN band. Both counterparties are clear of sanctions."",""decision"":""ESCALATE"",""reason"":""Cost per kg is $2.1653, 8.46x the median of $0.2558, falling in the ELEVATED band.""}",749,"SUCCESS","\N","2026-08-02 00:21:31.794","fraud_investigation:attempt1","WORKFLOW_INVESTIGATE_ANOMALY",609,140,3716,"SUCCESS",507
109,"mistral-large2","You are a maritime logistics fraud and compliance analyst.

The cost-per-kg threshold comparison has ALREADY been computed for you and is given as PRE-COMPUTED COST-PER-KG BAND. Trust that band and the rule stated next to it. Do not re-derive it or substitute your own thresholds.

Apply this rubric:
- BLOCK if sanctions matches > 0, OR the band is EXTREME_ABOVE_10X_MEDIAN, OR a counterparty name indicates a shell/front company (contains SUSPICIOUS, SHELL, UNKNOWN, or is a generic non-identifiable trading name).
- ESCALATE if the band is ELEVATED_BETWEEN_5X_AND_10X_MEDIAN, OR cost per kg was not computable, OR a required commercial figure is missing, OR document provenance reports extraction confidence below 60/100 or a failed validation. An ELEVATED band alone must NOT be blocked.
- CLEAR if sanctions matches = 0 AND the band is NORMAL_AT_OR_BELOW_5X_MEDIAN AND both counterparties are recognisable real businesses AND (if provenance is given) the extraction validated cleanly. A heavy-weight, high-value or duplicate-BL flag alone, with a NORMAL band and clean screening, is a routine data-quality issue and should be CLEARED.

Cite the actual numbers in your reason.
Return: decision (one of BLOCK/ESCALATE/CLEAR), reason (one sentence, max 200 chars, citing the decisive evidence), assessment (a short risk assessment naming the key indicators and their values).

Alert evidence: Alert type: COST_PER_KG_ANOMALY. BL: HLCU08119. Shipper: Viglacera Corp. Consignee: Best Buy USA. Carrier: OOCL. Route: USLGB -> VNHPH. Charges: $3830. Weight: 1775kg. Cost per kg: $2.1577 (8.44x the peer median of $0.2558). PRE-COMPUTED COST-PER-KG BAND: ELEVATED_BETWEEN_5X_AND_10X_MEDIAN. This band mandates ESCALATE for human judgement - it is NOT sufficient for BLOCK. Sanctions/export-restriction list matches for the counterparties: 0 (0 = both parties clear, -1 = screening data unavailable).","{""assessment"":""The key indicator is the cost per kg, which is $2.1577, 8.44 times the peer median of $0.2558, placing it in the ELEVATED_BETWEEN_5X_AND_10X_MEDIAN band. Both counterparties are recognizable real businesses, and there are no sanctions matches. The elevated cost per kg warrants further investigation."",""decision"":""ESCALATE"",""reason"":""Cost per kg is $2.1577, 8.44x the peer median of $0.2558, placing it in the ELEVATED_BETWEEN_5X_AND_10X_MEDIAN band.""}",790,"SUCCESS","\N","2026-08-02 00:21:42.611","fraud_investigation:attempt1","WORKFLOW_INVESTIGATE_ANOMALY",611,179,6682,"SUCCESS",508
110,"mistral-large2","You are a maritime logistics fraud and compliance analyst.

The cost-per-kg threshold comparison has ALREADY been computed for you and is given as PRE-COMPUTED COST-PER-KG BAND. Trust that band and the rule stated next to it. Do not re-derive it or substitute your own thresholds.

Apply this rubric:
- BLOCK if sanctions matches > 0, OR the band is EXTREME_ABOVE_10X_MEDIAN, OR a counterparty name indicates a shell/front company (contains SUSPICIOUS, SHELL, UNKNOWN, or is a generic non-identifiable trading name).
- ESCALATE if the band is ELEVATED_BETWEEN_5X_AND_10X_MEDIAN, OR cost per kg was not computable, OR a required commercial figure is missing, OR document provenance reports extraction confidence below 60/100 or a failed validation. An ELEVATED band alone must NOT be blocked.
- CLEAR if sanctions matches = 0 AND the band is NORMAL_AT_OR_BELOW_5X_MEDIAN AND both counterparties are recognisable real businesses AND (if provenance is given) the extraction validated cleanly. A heavy-weight, high-value or duplicate-BL flag alone, with a NORMAL band and clean screening, is a routine data-quality issue and should be CLEARED.

Cite the actual numbers in your reason.
Return: decision (one of BLOCK/ESCALATE/CLEAR), reason (one sentence, max 200 chars, citing the decisive evidence), assessment (a short risk assessment naming the key indicators and their values).

Alert evidence: Alert type: WEIGHT_ANOMALY. BL: CAXU04673. Shipper: Canon Vietnam. Consignee: Seven Eleven Japan. Carrier: MAERSK. Route: HKHKG -> CNSHA. Charges: $6759. Weight: 44677kg. Cost per kg: $0.1513 (0.59x the peer median of $0.2558). PRE-COMPUTED COST-PER-KG BAND: NORMAL_AT_OR_BELOW_5X_MEDIAN. This band is economically ordinary and does NOT justify BLOCK or ESCALATE on its own. Sanctions/export-restriction list matches for the counterparties: 0 (0 = both parties clear, -1 = screening data unavailable).","{""assessment"":""The key indicators are the cost-per-kg band (NORMAL_AT_OR_BELOW_5X_MEDIAN) and sanctions matches (0). Both counterparties are recognisable real businesses, and the cost per kg is economically ordinary. There are no indications of fraud or compliance issues."",""decision"":""CLEAR"",""reason"":""Sanctions matches = 0, cost-per-kg band is NORMAL_AT_OR_BELOW_5X_MEDIAN, and both counterparties are recognisable real businesses.""}",735,"SUCCESS","\N","2026-08-02 00:21:54.366","fraud_investigation:attempt1","WORKFLOW_INVESTIGATE_ANOMALY",599,136,8070,"SUCCESS",509
111,"mistral-large2","You are a maritime logistics fraud and compliance analyst.

The cost-per-kg threshold comparison has ALREADY been computed for you and is given as PRE-COMPUTED COST-PER-KG BAND. Trust that band and the rule stated next to it. Do not re-derive it or substitute your own thresholds.

Apply this rubric:
- BLOCK if sanctions matches > 0, OR the band is EXTREME_ABOVE_10X_MEDIAN, OR a counterparty name indicates a shell/front company (contains SUSPICIOUS, SHELL, UNKNOWN, or is a generic non-identifiable trading name).
- ESCALATE if the band is ELEVATED_BETWEEN_5X_AND_10X_MEDIAN, OR cost per kg was not computable, OR a required commercial figure is missing, OR document provenance reports extraction confidence below 60/100 or a failed validation. An ELEVATED band alone must NOT be blocked.
- CLEAR if sanctions matches = 0 AND the band is NORMAL_AT_OR_BELOW_5X_MEDIAN AND both counterparties are recognisable real businesses AND (if provenance is given) the extraction validated cleanly. A heavy-weight, high-value or duplicate-BL flag alone, with a NORMAL band and clean screening, is a routine data-quality issue and should be CLEARED.

Cite the actual numbers in your reason.
Return: decision (one of BLOCK/ESCALATE/CLEAR), reason (one sentence, max 200 chars, citing the decisive evidence), assessment (a short risk assessment naming the key indicators and their values).

Alert evidence: Alert type: HIGH_VALUE_ANOMALY. BL: HLCU07969. Shipper: FPT Software. Consignee: Tesco PLC. Carrier: HAPAG_LLOYD. Route: MYPKG -> VNHPH. Charges: $8577. Weight: 10623kg. Cost per kg: $0.8074 (3.16x the peer median of $0.2558). PRE-COMPUTED COST-PER-KG BAND: NORMAL_AT_OR_BELOW_5X_MEDIAN. This band is economically ordinary and does NOT justify BLOCK or ESCALATE on its own. Sanctions/export-restriction list matches for the counterparties: 0 (0 = both parties clear, -1 = screening data unavailable).","{""assessment"":""The key indicators are the cost-per-kg band (NORMAL_AT_OR_BELOW_5X_MEDIAN), sanctions matches (0), and recognizable counterparties (FPT Software and Tesco PLC). The cost per kg is $0.8074, which is 3.16x the peer median of $0.2558, but still within the normal range. Both counterparties are recognizable real businesses, and there are no sanctions matches."",""decision"":""CLEAR"",""reason"":""Sanctions matches = 0, cost-per-kg band is NORMAL_AT_OR_BELOW_5X_MEDIAN, and both counterparties are recognizable real businesses.""}",781,"SUCCESS","\N","2026-08-02 00:22:05.430","fraud_investigation:attempt1","WORKFLOW_INVESTIGATE_ANOMALY",605,176,6611,"SUCCESS",510
112,"mistral-large2","You are a maritime logistics fraud and compliance analyst.

The cost-per-kg threshold comparison has ALREADY been computed for you and is given as PRE-COMPUTED COST-PER-KG BAND. Trust that band and the rule stated next to it. Do not re-derive it or substitute your own thresholds.

Apply this rubric:
- BLOCK if sanctions matches > 0, OR the band is EXTREME_ABOVE_10X_MEDIAN, OR a counterparty name indicates a shell/front company (contains SUSPICIOUS, SHELL, UNKNOWN, or is a generic non-identifiable trading name).
- ESCALATE if the band is ELEVATED_BETWEEN_5X_AND_10X_MEDIAN, OR cost per kg was not computable, OR a required commercial figure is missing, OR document provenance reports extraction confidence below 60/100 or a failed validation. An ELEVATED band alone must NOT be blocked.
- CLEAR if sanctions matches = 0 AND the band is NORMAL_AT_OR_BELOW_5X_MEDIAN AND both counterparties are recognisable real businesses AND (if provenance is given) the extraction validated cleanly. A heavy-weight, high-value or duplicate-BL flag alone, with a NORMAL band and clean screening, is a routine data-quality issue and should be CLEARED.

Cite the actual numbers in your reason.
Return: decision (one of BLOCK/ESCALATE/CLEAR), reason (one sentence, max 200 chars, citing the decisive evidence), assessment (a short risk assessment naming the key indicators and their values).

Alert evidence: Alert type: HIGH_VALUE_ANOMALY. BL: MAEU00833. Shipper: Viettel Electronics. Consignee: Lotte Corp. Carrier: HAPAG_LLOYD. Route: SGSIN -> USNYC. Charges: $8567. Weight: 31746kg. Cost per kg: $0.2699 (1.06x the peer median of $0.2558). PRE-COMPUTED COST-PER-KG BAND: NORMAL_AT_OR_BELOW_5X_MEDIAN. This band is economically ordinary and does NOT justify BLOCK or ESCALATE on its own. Sanctions/export-restriction list matches for the counterparties: 0 (0 = both parties clear, -1 = screening data unavailable).","{""assessment"":""The alert indicates a high-value anomaly, but the cost per kg is within the normal range (1.06x the peer median of $0.2558), and there are no sanctions matches. Both counterparties are recognizable real businesses. The key indicators are the cost per kg ($0.2699) and sanctions matches (0)."",""decision"":""CLEAR"",""reason"":""Cost per kg is within normal range (1.06x the peer median of $0.2558) and no sanctions matches (0).""}",749,"SUCCESS","\N","2026-08-02 00:22:15.183","fraud_investigation:attempt1","WORKFLOW_INVESTIGATE_ANOMALY",607,142,5410,"SUCCESS",511
113,"mistral-large2","You are a maritime logistics fraud and compliance analyst.

The cost-per-kg threshold comparison has ALREADY been computed for you and is given as PRE-COMPUTED COST-PER-KG BAND. Trust that band and the rule stated next to it. Do not re-derive it or substitute your own thresholds.

Apply this rubric:
- BLOCK if sanctions matches > 0, OR the band is EXTREME_ABOVE_10X_MEDIAN, OR a counterparty name indicates a shell/front company (contains SUSPICIOUS, SHELL, UNKNOWN, or is a generic non-identifiable trading name).
- ESCALATE if the band is ELEVATED_BETWEEN_5X_AND_10X_MEDIAN, OR cost per kg was not computable, OR a required commercial figure is missing, OR document provenance reports extraction confidence below 60/100 or a failed validation. An ELEVATED band alone must NOT be blocked.
- CLEAR if sanctions matches = 0 AND the band is NORMAL_AT_OR_BELOW_5X_MEDIAN AND both counterparties are recognisable real businesses AND (if provenance is given) the extraction validated cleanly. A heavy-weight, high-value or duplicate-BL flag alone, with a NORMAL band and clean screening, is a routine data-quality issue and should be CLEARED.

Cite the actual numbers in your reason.
Return: decision (one of BLOCK/ESCALATE/CLEAR), reason (one sentence, max 200 chars, citing the decisive evidence), assessment (a short risk assessment naming the key indicators and their values).

Alert evidence: Alert type: HIGH_VALUE_ANOMALY. BL: HLCU01813. Shipper: ABC Electronics Vietnam. Consignee: JD Logistics. Carrier: HAPAG_LLOYD. Route: AEJEA -> CNNGB. Charges: $8566. Weight: 11756kg. Cost per kg: $0.7286 (2.85x the peer median of $0.2558). PRE-COMPUTED COST-PER-KG BAND: NORMAL_AT_OR_BELOW_5X_MEDIAN. This band is economically ordinary and does NOT justify BLOCK or ESCALATE on its own. Sanctions/export-restriction list matches for the counterparties: 0 (0 = both parties clear, -1 = screening data unavailable).","{""assessment"":""The key indicators are the cost-per-kg band (NORMAL_AT_OR_BELOW_5X_MEDIAN) and sanctions matches (0). Both counterparties are recognisable real businesses, and the cost per kg is within the normal range."",""decision"":""CLEAR"",""reason"":""Sanctions matches = 0, cost-per-kg band is NORMAL_AT_OR_BELOW_5X_MEDIAN, and both counterparties are recognisable real businesses.""}",732,"SUCCESS","\N","2026-08-02 00:22:23.047","fraud_investigation:attempt1","WORKFLOW_INVESTIGATE_ANOMALY",606,126,3197,"SUCCESS",512
114,"mistral-large2","You are a maritime logistics fraud and compliance analyst.

The cost-per-kg threshold comparison has ALREADY been computed for you and is given as PRE-COMPUTED COST-PER-KG BAND. Trust that band and the rule stated next to it. Do not re-derive it or substitute your own thresholds.

Apply this rubric:
- BLOCK if sanctions matches > 0, OR the band is EXTREME_ABOVE_10X_MEDIAN, OR a counterparty name indicates a shell/front company (contains SUSPICIOUS, SHELL, UNKNOWN, or is a generic non-identifiable trading name).
- ESCALATE if the band is ELEVATED_BETWEEN_5X_AND_10X_MEDIAN, OR cost per kg was not computable, OR a required commercial figure is missing, OR document provenance reports extraction confidence below 60/100 or a failed validation. An ELEVATED band alone must NOT be blocked.
- CLEAR if sanctions matches = 0 AND the band is NORMAL_AT_OR_BELOW_5X_MEDIAN AND both counterparties are recognisable real businesses AND (if provenance is given) the extraction validated cleanly. A heavy-weight, high-value or duplicate-BL flag alone, with a NORMAL band and clean screening, is a routine data-quality issue and should be CLEARED.

Cite the actual numbers in your reason.
Return: decision (one of BLOCK/ESCALATE/CLEAR), reason (one sentence, max 200 chars, citing the decisive evidence), assessment (a short risk assessment naming the key indicators and their values).

Alert evidence: Alert type: HIGH_VALUE_ANOMALY. BL: APZU04110. Shipper: Nike Vietnam. Consignee: Carrefour SA. Carrier: HAPAG_LLOYD. Route: USNYC -> INMUN. Charges: $8563. Weight: 9684kg. Cost per kg: $0.8842 (3.46x the peer median of $0.2558). PRE-COMPUTED COST-PER-KG BAND: NORMAL_AT_OR_BELOW_5X_MEDIAN. This band is economically ordinary and does NOT justify BLOCK or ESCALATE on its own. Sanctions/export-restriction list matches for the counterparties: 0 (0 = both parties clear, -1 = screening data unavailable).","{""assessment"":""The key indicators are the cost-per-kg band (NORMAL_AT_OR_BELOW_5X_MEDIAN), sanctions matches (0), and recognizable counterparties (Nike Vietnam and Carrefour SA). All indicators are within acceptable ranges, suggesting a low-risk transaction."",""decision"":""CLEAR"",""reason"":""Sanctions matches = 0, cost-per-kg band is NORMAL_AT_OR_BELOW_5X_MEDIAN, and both counterparties are recognizable real businesses.""}",737,"SUCCESS","\N","2026-08-02 00:22:30.868","fraud_investigation:attempt1","WORKFLOW_INVESTIGATE_ANOMALY",603,134,3356,"SUCCESS",513
115,"mistral-large2","You are a maritime logistics fraud and compliance analyst.

The cost-per-kg threshold comparison has ALREADY been computed for you and is given as PRE-COMPUTED COST-PER-KG BAND. Trust that band and the rule stated next to it. Do not re-derive it or substitute your own thresholds.

Apply this rubric:
- BLOCK if sanctions matches > 0, OR the band is EXTREME_ABOVE_10X_MEDIAN, OR a counterparty name indicates a shell/front company (contains SUSPICIOUS, SHELL, UNKNOWN, or is a generic non-identifiable trading name).
- ESCALATE if the band is ELEVATED_BETWEEN_5X_AND_10X_MEDIAN, OR cost per kg was not computable, OR a required commercial figure is missing, OR document provenance reports extraction confidence below 60/100 or a failed validation. An ELEVATED band alone must NOT be blocked.
- CLEAR if sanctions matches = 0 AND the band is NORMAL_AT_OR_BELOW_5X_MEDIAN AND both counterparties are recognisable real businesses AND (if provenance is given) the extraction validated cleanly. A heavy-weight, high-value or duplicate-BL flag alone, with a NORMAL band and clean screening, is a routine data-quality issue and should be CLEARED.

Cite the actual numbers in your reason.
Return: decision (one of BLOCK/ESCALATE/CLEAR), reason (one sentence, max 200 chars, citing the decisive evidence), assessment (a short risk assessment naming the key indicators and their values).

Alert evidence: Alert type: HIGH_VALUE_ANOMALY. BL: OOLU07921. Shipper: Phong Phu Garment. Consignee: Target Corp. Carrier: HAPAG_LLOYD. Route: USLGB -> THLCH. Charges: $8559. Weight: 16258kg. Cost per kg: $0.5264 (2.06x the peer median of $0.2558). PRE-COMPUTED COST-PER-KG BAND: NORMAL_AT_OR_BELOW_5X_MEDIAN. This band is economically ordinary and does NOT justify BLOCK or ESCALATE on its own. Sanctions/export-restriction list matches for the counterparties: 0 (0 = both parties clear, -1 = screening data unavailable).","{""assessment"":""The key indicators are the cost-per-kg band (NORMAL_AT_OR_BELOW_5X_MEDIAN) and sanctions matches (0). Both counterparties are recognisable real businesses, and the cost per kg is within normal limits."",""decision"":""CLEAR"",""reason"":""Sanctions matches = 0, cost-per-kg band is NORMAL_AT_OR_BELOW_5X_MEDIAN, and both counterparties are recognisable real businesses.""}",731,"SUCCESS","\N","2026-08-02 00:22:38.289","fraud_investigation:attempt1","WORKFLOW_INVESTIGATE_ANOMALY",606,125,2801,"SUCCESS",514
116,"mistral-large2","You are a maritime logistics fraud and compliance analyst.

The cost-per-kg threshold comparison has ALREADY been computed for you and is given as PRE-COMPUTED COST-PER-KG BAND. Trust that band and the rule stated next to it. Do not re-derive it or substitute your own thresholds.

Apply this rubric:
- BLOCK if sanctions matches > 0, OR the band is EXTREME_ABOVE_10X_MEDIAN, OR a counterparty name indicates a shell/front company (contains SUSPICIOUS, SHELL, UNKNOWN, or is a generic non-identifiable trading name).
- ESCALATE if the band is ELEVATED_BETWEEN_5X_AND_10X_MEDIAN, OR cost per kg was not computable, OR a required commercial figure is missing, OR document provenance reports extraction confidence below 60/100 or a failed validation. An ELEVATED band alone must NOT be blocked.
- CLEAR if sanctions matches = 0 AND the band is NORMAL_AT_OR_BELOW_5X_MEDIAN AND both counterparties are recognisable real businesses AND (if provenance is given) the extraction validated cleanly. A heavy-weight, high-value or duplicate-BL flag alone, with a NORMAL band and clean screening, is a routine data-quality issue and should be CLEARED.

Cite the actual numbers in your reason.
Return: decision (one of BLOCK/ESCALATE/CLEAR), reason (one sentence, max 200 chars, citing the decisive evidence), assessment (a short risk assessment naming the key indicators and their values).

Alert evidence: Alert type: HIGH_VALUE_ANOMALY. BL: HLCU06362. Shipper: Vinamilk Co Ltd. Consignee: Alibaba Trade. Carrier: HAPAG_LLOYD. Route: JPTYO -> VNHPH. Charges: $8540. Weight: 17156kg. Cost per kg: $0.4978 (1.95x the peer median of $0.2558). PRE-COMPUTED COST-PER-KG BAND: NORMAL_AT_OR_BELOW_5X_MEDIAN. This band is economically ordinary and does NOT justify BLOCK or ESCALATE on its own. Sanctions/export-restriction list matches for the counterparties: 0 (0 = both parties clear, -1 = screening data unavailable).","{""assessment"":""The alert indicates a high-value anomaly, but the cost per kg is within the normal band (1.95x the peer median of $0.2558), and there are no sanctions matches. Both counterparties are recognizable real businesses. The key indicators are cost per kg ($0.4978) and sanctions matches (0)."",""decision"":""CLEAR"",""reason"":""Cost per kg is within the normal band (1.95x the peer median of $0.2558) and no sanctions matches (0).""}",750,"SUCCESS","\N","2026-08-02 00:22:48.539","fraud_investigation:attempt1","WORKFLOW_INVESTIGATE_ANOMALY",608,142,5334,"SUCCESS",515
117,"mistral-large2","You are a maritime logistics fraud and compliance analyst.

The cost-per-kg threshold comparison has ALREADY been computed for you and is given as PRE-COMPUTED COST-PER-KG BAND. Trust that band and the rule stated next to it. Do not re-derive it or substitute your own thresholds.

Apply this rubric:
- BLOCK if sanctions matches > 0, OR the band is EXTREME_ABOVE_10X_MEDIAN, OR a counterparty name indicates a shell/front company (contains SUSPICIOUS, SHELL, UNKNOWN, or is a generic non-identifiable trading name).
- ESCALATE if the band is ELEVATED_BETWEEN_5X_AND_10X_MEDIAN, OR cost per kg was not computable, OR a required commercial figure is missing, OR document provenance reports extraction confidence below 60/100 or a failed validation. An ELEVATED band alone must NOT be blocked.
- CLEAR if sanctions matches = 0 AND the band is NORMAL_AT_OR_BELOW_5X_MEDIAN AND both counterparties are recognisable real businesses AND (if provenance is given) the extraction validated cleanly. A heavy-weight, high-value or duplicate-BL flag alone, with a NORMAL band and clean screening, is a routine data-quality issue and should be CLEARED.

Cite the actual numbers in your reason.
Return: decision (one of BLOCK/ESCALATE/CLEAR), reason (one sentence, max 200 chars, citing the decisive evidence), assessment (a short risk assessment naming the key indicators and their values).

Alert evidence: Alert type: HIGH_VALUE_ANOMALY. BL: ONEY02411. Shipper: Hoa Sen Group. Consignee: Tech Solutions GmbH. Carrier: HAPAG_LLOYD. Route: MYPKG -> SGSIN. Charges: $8540. Weight: 7951kg. Cost per kg: $1.0741 (4.2x the peer median of $0.2558). PRE-COMPUTED COST-PER-KG BAND: NORMAL_AT_OR_BELOW_5X_MEDIAN. This band is economically ordinary and does NOT justify BLOCK or ESCALATE on its own. Sanctions/export-restriction list matches for the counterparties: 0 (0 = both parties clear, -1 = screening data unavailable).","{""assessment"":""The key indicators are the cost-per-kg band (NORMAL_AT_OR_BELOW_5X_MEDIAN), sanctions matches (0), and recognizable counterparties. The cost per kg is $1.0741, which is 4.2x the peer median of $0.2558, but still within the normal range. Both counterparties are recognizable real businesses, and there are no sanctions matches."",""decision"":""CLEAR"",""reason"":""Cost per kg is within normal range (4.2x the peer median of $0.2558), sanctions matches = 0, and both counterparties are recognizable real businesses.""}",770,"SUCCESS","\N","2026-08-02 00:22:56.563","fraud_investigation:attempt1","WORKFLOW_INVESTIGATE_ANOMALY",603,167,3615,"SUCCESS",516
118,"mistral-large2","You are a maritime logistics fraud and compliance analyst.

The cost-per-kg threshold comparison has ALREADY been computed for you and is given as PRE-COMPUTED COST-PER-KG BAND. Trust that band and the rule stated next to it. Do not re-derive it or substitute your own thresholds.

Apply this rubric:
- BLOCK if sanctions matches > 0, OR the band is EXTREME_ABOVE_10X_MEDIAN, OR a counterparty name indicates a shell/front company (contains SUSPICIOUS, SHELL, UNKNOWN, or is a generic non-identifiable trading name).
- ESCALATE if the band is ELEVATED_BETWEEN_5X_AND_10X_MEDIAN, OR cost per kg was not computable, OR a required commercial figure is missing, OR document provenance reports extraction confidence below 60/100 or a failed validation. An ELEVATED band alone must NOT be blocked.
- CLEAR if sanctions matches = 0 AND the band is NORMAL_AT_OR_BELOW_5X_MEDIAN AND both counterparties are recognisable real businesses AND (if provenance is given) the extraction validated cleanly. A heavy-weight, high-value or duplicate-BL flag alone, with a NORMAL band and clean screening, is a routine data-quality issue and should be CLEARED.

Cite the actual numbers in your reason.
Return: decision (one of BLOCK/ESCALATE/CLEAR), reason (one sentence, max 200 chars, citing the decisive evidence), assessment (a short risk assessment naming the key indicators and their values).

Alert evidence: Alert type: HIGH_VALUE_ANOMALY. BL: YMLU09717. Shipper: FPT Software. Consignee: Alibaba Trade. Carrier: HAPAG_LLOYD. Route: THLCH -> HKHKG. Charges: $8539. Weight: 8228kg. Cost per kg: $1.0378 (4.06x the peer median of $0.2558). PRE-COMPUTED COST-PER-KG BAND: NORMAL_AT_OR_BELOW_5X_MEDIAN. This band is economically ordinary and does NOT justify BLOCK or ESCALATE on its own. Sanctions/export-restriction list matches for the counterparties: 0 (0 = both parties clear, -1 = screening data unavailable).","{""assessment"":""The key indicators are the cost-per-kg band (NORMAL_AT_OR_BELOW_5X_MEDIAN) and sanctions matches (0). The cost per kg is $1.0378, which is 4.06x the peer median of $0.2558, but still within the normal range. Both counterparties are recognizable real businesses, and there are no sanctions matches."",""decision"":""CLEAR"",""reason"":""Sanctions matches = 0 and the band is NORMAL_AT_OR_BELOW_5X_MEDIAN.""}",751,"SUCCESS","\N","2026-08-02 00:23:13.421","fraud_investigation:attempt1","WORKFLOW_INVESTIGATE_ANOMALY",605,146,12305,"SUCCESS",517
119,"mistral-large2","You are a maritime logistics fraud and compliance analyst.

The cost-per-kg threshold comparison has ALREADY been computed for you and is given as PRE-COMPUTED COST-PER-KG BAND. Trust that band and the rule stated next to it. Do not re-derive it or substitute your own thresholds.

Apply this rubric:
- BLOCK if sanctions matches > 0, OR the band is EXTREME_ABOVE_10X_MEDIAN, OR a counterparty name indicates a shell/front company (contains SUSPICIOUS, SHELL, UNKNOWN, or is a generic non-identifiable trading name).
- ESCALATE if the band is ELEVATED_BETWEEN_5X_AND_10X_MEDIAN, OR cost per kg was not computable, OR a required commercial figure is missing, OR document provenance reports extraction confidence below 60/100 or a failed validation. An ELEVATED band alone must NOT be blocked.
- CLEAR if sanctions matches = 0 AND the band is NORMAL_AT_OR_BELOW_5X_MEDIAN AND both counterparties are recognisable real businesses AND (if provenance is given) the extraction validated cleanly. A heavy-weight, high-value or duplicate-BL flag alone, with a NORMAL band and clean screening, is a routine data-quality issue and should be CLEARED.

Cite the actual numbers in your reason.
Return: decision (one of BLOCK/ESCALATE/CLEAR), reason (one sentence, max 200 chars, citing the decisive evidence), assessment (a short risk assessment naming the key indicators and their values).

Alert evidence: Alert type: COST_PER_KG_ANOMALY. BL: APZU04704. Shipper: Toyota Vietnam. Consignee: Construction Supply Co. Carrier: ONE. Route: USNYC -> GBFXT. Charges: $5273. Weight: 2290kg. Cost per kg: $2.3026 (9x the peer median of $0.2558). PRE-COMPUTED COST-PER-KG BAND: ELEVATED_BETWEEN_5X_AND_10X_MEDIAN. This band mandates ESCALATE for human judgement - it is NOT sufficient for BLOCK. Sanctions/export-restriction list matches for the counterparties: 0 (0 = both parties clear, -1 = screening data unavailable).","{""assessment"":""The key indicator is the cost per kg, which is $2.3026, 9x the peer median of $0.2558, placing it in the ELEVATED_BETWEEN_5X_AND_10X_MEDIAN band. Both counterparties are recognisable real businesses and there are no sanctions matches."",""decision"":""ESCALATE"",""reason"":""Cost per kg is $2.3026, 9x the peer median of $0.2558, falling into the ELEVATED_BETWEEN_5X_AND_10X_MEDIAN band.""}",762,"SUCCESS","\N","2026-08-02 00:23:22.263","fraud_investigation:attempt1","WORKFLOW_INVESTIGATE_ANOMALY",602,160,4068,"SUCCESS",518
120,"mistral-large2","You are a maritime logistics fraud and compliance analyst.

The cost-per-kg threshold comparison has ALREADY been computed for you and is given as PRE-COMPUTED COST-PER-KG BAND. Trust that band and the rule stated next to it. Do not re-derive it or substitute your own thresholds.

Apply this rubric:
- BLOCK if sanctions matches > 0, OR the band is EXTREME_ABOVE_10X_MEDIAN, OR a counterparty name indicates a shell/front company (contains SUSPICIOUS, SHELL, UNKNOWN, or is a generic non-identifiable trading name).
- ESCALATE if the band is ELEVATED_BETWEEN_5X_AND_10X_MEDIAN, OR cost per kg was not computable, OR a required commercial figure is missing, OR document provenance reports extraction confidence below 60/100 or a failed validation. An ELEVATED band alone must NOT be blocked.
- CLEAR if sanctions matches = 0 AND the band is NORMAL_AT_OR_BELOW_5X_MEDIAN AND both counterparties are recognisable real businesses AND (if provenance is given) the extraction validated cleanly. A heavy-weight, high-value or duplicate-BL flag alone, with a NORMAL band and clean screening, is a routine data-quality issue and should be CLEARED.

Cite the actual numbers in your reason.
Return: decision (one of BLOCK/ESCALATE/CLEAR), reason (one sentence, max 200 chars, citing the decisive evidence), assessment (a short risk assessment naming the key indicators and their values).

Alert evidence: Alert type: COST_PER_KG_ANOMALY. BL: APZU00644. Shipper: Foxconn Vietnam. Consignee: Lazada Group. Carrier: EVERGREEN. Route: HKHKG -> INMUN. Charges: $5504. Weight: 2393kg. Cost per kg: $2.3 (8.99x the peer median of $0.2558). PRE-COMPUTED COST-PER-KG BAND: ELEVATED_BETWEEN_5X_AND_10X_MEDIAN. This band mandates ESCALATE for human judgement - it is NOT sufficient for BLOCK. Sanctions/export-restriction list matches for the counterparties: 0 (0 = both parties clear, -1 = screening data unavailable).","{""assessment"":""The key indicators are the cost per kg of $2.3, which is 8.99x the peer median of $0.2558, placing it in the ELEVATED_BETWEEN_5X_AND_10X_MEDIAN band, and the sanctions/export-restriction list matches for the counterparties is 0. The elevated cost per kg band mandates escalation for human judgment."",""decision"":""ESCALATE"",""reason"":""Cost per kg is $2.3 (8.99x the peer median of $0.2558), placing it in the ELEVATED_BETWEEN_5X_AND_10X_MEDIAN band.""}",786,"SUCCESS","\N","2026-08-02 00:23:30.341","fraud_investigation:attempt1","WORKFLOW_INVESTIGATE_ANOMALY",607,179,4157,"SUCCESS",519
121,"mistral-large2","You are a maritime logistics fraud and compliance analyst.

The cost-per-kg threshold comparison has ALREADY been computed for you and is given as PRE-COMPUTED COST-PER-KG BAND. Trust that band and the rule stated next to it. Do not re-derive it or substitute your own thresholds.

Apply this rubric:
- BLOCK if sanctions matches > 0, OR the band is EXTREME_ABOVE_10X_MEDIAN, OR a counterparty name indicates a shell/front company (contains SUSPICIOUS, SHELL, UNKNOWN, or is a generic non-identifiable trading name).
- ESCALATE if the band is ELEVATED_BETWEEN_5X_AND_10X_MEDIAN, OR cost per kg was not computable, OR a required commercial figure is missing, OR document provenance reports extraction confidence below 60/100 or a failed validation. An ELEVATED band alone must NOT be blocked.
- CLEAR if sanctions matches = 0 AND the band is NORMAL_AT_OR_BELOW_5X_MEDIAN AND both counterparties are recognisable real businesses AND (if provenance is given) the extraction validated cleanly. A heavy-weight, high-value or duplicate-BL flag alone, with a NORMAL band and clean screening, is a routine data-quality issue and should be CLEARED.

Cite the actual numbers in your reason.
Return: decision (one of BLOCK/ESCALATE/CLEAR), reason (one sentence, max 200 chars, citing the decisive evidence), assessment (a short risk assessment naming the key indicators and their values).

Alert evidence: Alert type: COST_PER_KG_ANOMALY. BL: OOLU00910. Shipper: Viglacera Corp. Consignee: Fashion Retail Inc. Carrier: OOCL. Route: NLRTM -> VNHPH. Charges: $4532. Weight: 1972kg. Cost per kg: $2.2982 (8.98x the peer median of $0.2558). PRE-COMPUTED COST-PER-KG BAND: ELEVATED_BETWEEN_5X_AND_10X_MEDIAN. This band mandates ESCALATE for human judgement - it is NOT sufficient for BLOCK. Sanctions/export-restriction list matches for the counterparties: 0 (0 = both parties clear, -1 = screening data unavailable).","{""assessment"":""The key indicator is the cost per kg, which is $2.2982, 8.98x the peer median of $0.2558, placing it in the ELEVATED_BETWEEN_5X_AND_10X_MEDIAN band. Both counterparties are recognisable real businesses and there are no sanctions matches."",""decision"":""ESCALATE"",""reason"":""Cost per kg is $2.2982, 8.98x the peer median of $0.2558, falling in the ELEVATED_BETWEEN_5X_AND_10X_MEDIAN band.""}",779,"SUCCESS","\N","2026-08-02 00:23:49.034","fraud_investigation:attempt1","WORKFLOW_INVESTIGATE_ANOMALY",613,166,14374,"SUCCESS",520
122,"mistral-large2","You are a maritime logistics fraud and compliance analyst.

The cost-per-kg threshold comparison has ALREADY been computed for you and is given as PRE-COMPUTED COST-PER-KG BAND. Trust that band and the rule stated next to it. Do not re-derive it or substitute your own thresholds.

Apply this rubric:
- BLOCK if sanctions matches > 0, OR the band is EXTREME_ABOVE_10X_MEDIAN, OR a counterparty name indicates a shell/front company (contains SUSPICIOUS, SHELL, UNKNOWN, or is a generic non-identifiable trading name).
- ESCALATE if the band is ELEVATED_BETWEEN_5X_AND_10X_MEDIAN, OR cost per kg was not computable, OR a required commercial figure is missing, OR document provenance reports extraction confidence below 60/100 or a failed validation. An ELEVATED band alone must NOT be blocked.
- CLEAR if sanctions matches = 0 AND the band is NORMAL_AT_OR_BELOW_5X_MEDIAN AND both counterparties are recognisable real businesses AND (if provenance is given) the extraction validated cleanly. A heavy-weight, high-value or duplicate-BL flag alone, with a NORMAL band and clean screening, is a routine data-quality issue and should be CLEARED.

Cite the actual numbers in your reason.
Return: decision (one of BLOCK/ESCALATE/CLEAR), reason (one sentence, max 200 chars, citing the decisive evidence), assessment (a short risk assessment naming the key indicators and their values).

Alert evidence: Alert type: COST_PER_KG_ANOMALY. BL: HLCU07260. Shipper: Panasonic Vietnam. Consignee: Tech Solutions GmbH. Carrier: HAPAG_LLOYD. Route: VNSGN -> AEJEA. Charges: $8179. Weight: 3598kg. Cost per kg: $2.2732 (8.89x the peer median of $0.2558). PRE-COMPUTED COST-PER-KG BAND: ELEVATED_BETWEEN_5X_AND_10X_MEDIAN. This band mandates ESCALATE for human judgement - it is NOT sufficient for BLOCK. Sanctions/export-restriction list matches for the counterparties: 0 (0 = both parties clear, -1 = screening data unavailable).","{""assessment"":""The key indicator is the cost per kg, which is $2.2732, 8.89 times the peer median of $0.2558, placing it in the ELEVATED_BETWEEN_5X_AND_10X_MEDIAN band. Both counterparties are recognizable real businesses, and there are no sanctions matches. The elevated cost per kg warrants further investigation."",""decision"":""ESCALATE"",""reason"":""Cost per kg is $2.2732, 8.89x the peer median of $0.2558, placing it in the ELEVATED_BETWEEN_5X_AND_10X_MEDIAN band.""}",794,"SUCCESS","\N","2026-08-02 00:23:58.133","fraud_investigation:attempt1","WORKFLOW_INVESTIGATE_ANOMALY",615,179,5050,"SUCCESS",521
123,"mistral-large2","You are a maritime logistics fraud and compliance analyst.

The cost-per-kg threshold comparison has ALREADY been computed for you and is given as PRE-COMPUTED COST-PER-KG BAND. Trust that band and the rule stated next to it. Do not re-derive it or substitute your own thresholds.

Apply this rubric:
- BLOCK if sanctions matches > 0, OR the band is EXTREME_ABOVE_10X_MEDIAN, OR a counterparty name indicates a shell/front company (contains SUSPICIOUS, SHELL, UNKNOWN, or is a generic non-identifiable trading name).
- ESCALATE if the band is ELEVATED_BETWEEN_5X_AND_10X_MEDIAN, OR cost per kg was not computable, OR a required commercial figure is missing, OR document provenance reports extraction confidence below 60/100 or a failed validation. An ELEVATED band alone must NOT be blocked.
- CLEAR if sanctions matches = 0 AND the band is NORMAL_AT_OR_BELOW_5X_MEDIAN AND both counterparties are recognisable real businesses AND (if provenance is given) the extraction validated cleanly. A heavy-weight, high-value or duplicate-BL flag alone, with a NORMAL band and clean screening, is a routine data-quality issue and should be CLEARED.

Cite the actual numbers in your reason.
Return: decision (one of BLOCK/ESCALATE/CLEAR), reason (one sentence, max 200 chars, citing the decisive evidence), assessment (a short risk assessment naming the key indicators and their values).

Alert evidence: Alert type: COST_PER_KG_ANOMALY. BL: APZU08106. Shipper: Viglacera Corp. Consignee: Seven Eleven Japan. Carrier: EVERGREEN. Route: BEANR -> VNSGN. Charges: $5098. Weight: 2249kg. Cost per kg: $2.2668 (8.86x the peer median of $0.2558). PRE-COMPUTED COST-PER-KG BAND: ELEVATED_BETWEEN_5X_AND_10X_MEDIAN. This band mandates ESCALATE for human judgement - it is NOT sufficient for BLOCK. Sanctions/export-restriction list matches for the counterparties: 0 (0 = both parties clear, -1 = screening data unavailable).","{""assessment"":""The key indicator is the cost per kg, which is $2.2668, 8.86 times the peer median of $0.2558, placing it in the ELEVATED_BETWEEN_5X_AND_10X_MEDIAN band. Both counterparties are recognizable real businesses, and there are no sanctions matches."",""decision"":""ESCALATE"",""reason"":""Cost per kg is $2.2668, 8.86x the peer median of $0.2558, falling in the ELEVATED_BETWEEN_5X_AND_10X_MEDIAN band.""}",778,"SUCCESS","\N","2026-08-02 00:24:07.397","fraud_investigation:attempt1","WORKFLOW_INVESTIGATE_ANOMALY",612,166,5192,"SUCCESS",522
124,"mistral-large2","You are a maritime logistics fraud and compliance analyst.

The cost-per-kg threshold comparison has ALREADY been computed for you and is given as PRE-COMPUTED COST-PER-KG BAND. Trust that band and the rule stated next to it. Do not re-derive it or substitute your own thresholds.

Apply this rubric:
- BLOCK if sanctions matches > 0, OR the band is EXTREME_ABOVE_10X_MEDIAN, OR a counterparty name indicates a shell/front company (contains SUSPICIOUS, SHELL, UNKNOWN, or is a generic non-identifiable trading name).
- ESCALATE if the band is ELEVATED_BETWEEN_5X_AND_10X_MEDIAN, OR cost per kg was not computable, OR a required commercial figure is missing, OR document provenance reports extraction confidence below 60/100 or a failed validation. An ELEVATED band alone must NOT be blocked.
- CLEAR if sanctions matches = 0 AND the band is NORMAL_AT_OR_BELOW_5X_MEDIAN AND both counterparties are recognisable real businesses AND (if provenance is given) the extraction validated cleanly. A heavy-weight, high-value or duplicate-BL flag alone, with a NORMAL band and clean screening, is a routine data-quality issue and should be CLEARED.

Cite the actual numbers in your reason.
Return: decision (one of BLOCK/ESCALATE/CLEAR), reason (one sentence, max 200 chars, citing the decisive evidence), assessment (a short risk assessment naming the key indicators and their values).

Alert evidence: Alert type: COST_PER_KG_ANOMALY. BL: MAEU03498. Shipper: LG Display Vietnam. Consignee: Amazon Logistics. Carrier: EVERGREEN. Route: BEANR -> JPTYO. Charges: $5899. Weight: 2609kg. Cost per kg: $2.261 (8.84x the peer median of $0.2558). PRE-COMPUTED COST-PER-KG BAND: ELEVATED_BETWEEN_5X_AND_10X_MEDIAN. This band mandates ESCALATE for human judgement - it is NOT sufficient for BLOCK. Sanctions/export-restriction list matches for the counterparties: 0 (0 = both parties clear, -1 = screening data unavailable).","{""assessment"":""The key indicator is the cost per kg, which is $2.261, 8.84x the peer median of $0.2558, placing it in the ELEVATED_BETWEEN_5X_AND_10X_MEDIAN band. Both counterparties are recognizable real businesses, and there are no sanctions matches."",""decision"":""ESCALATE"",""reason"":""Cost per kg is $2.261, 8.84x the peer median of $0.2558, falling within the ELEVATED_BETWEEN_5X_AND_10X_MEDIAN band.""}",772,"SUCCESS","\N","2026-08-02 00:24:15.701","fraud_investigation:attempt1","WORKFLOW_INVESTIGATE_ANOMALY",608,164,3986,"SUCCESS",523
125,"mistral-large2","You are a maritime logistics fraud and compliance analyst.

The cost-per-kg threshold comparison has ALREADY been computed for you and is given as PRE-COMPUTED COST-PER-KG BAND. Trust that band and the rule stated next to it. Do not re-derive it or substitute your own thresholds.

Apply this rubric:
- BLOCK if sanctions matches > 0, OR the band is EXTREME_ABOVE_10X_MEDIAN, OR a counterparty name indicates a shell/front company (contains SUSPICIOUS, SHELL, UNKNOWN, or is a generic non-identifiable trading name).
- ESCALATE if the band is ELEVATED_BETWEEN_5X_AND_10X_MEDIAN, OR cost per kg was not computable, OR a required commercial figure is missing, OR document provenance reports extraction confidence below 60/100 or a failed validation. An ELEVATED band alone must NOT be blocked.
- CLEAR if sanctions matches = 0 AND the band is NORMAL_AT_OR_BELOW_5X_MEDIAN AND both counterparties are recognisable real businesses AND (if provenance is given) the extraction validated cleanly. A heavy-weight, high-value or duplicate-BL flag alone, with a NORMAL band and clean screening, is a routine data-quality issue and should be CLEARED.

Cite the actual numbers in your reason.
Return: decision (one of BLOCK/ESCALATE/CLEAR), reason (one sentence, max 200 chars, citing the decisive evidence), assessment (a short risk assessment naming the key indicators and their values).

Alert evidence: Alert type: COST_PER_KG_ANOMALY. BL: EGLV00925. Shipper: ABC Electronics Vietnam. Consignee: Lazada Group. Carrier: CMA_CGM. Route: INMUN -> GBFXT. Charges: $7079. Weight: 3131kg. Cost per kg: $2.2609 (8.84x the peer median of $0.2558). PRE-COMPUTED COST-PER-KG BAND: ELEVATED_BETWEEN_5X_AND_10X_MEDIAN. This band mandates ESCALATE for human judgement - it is NOT sufficient for BLOCK. Sanctions/export-restriction list matches for the counterparties: 0 (0 = both parties clear, -1 = screening data unavailable).","{""assessment"":""The key indicator is the cost per kg, which is $2.2609, 8.84 times the peer median of $0.2558, placing it in the ELEVATED_BETWEEN_5X_AND_10X_MEDIAN band. Both counterparties are recognizable real businesses, and there are no sanctions matches. The elevated cost per kg warrants further investigation."",""decision"":""ESCALATE"",""reason"":""Cost per kg is $2.2609, 8.84x the peer median of $0.2558, placing it in the ELEVATED_BETWEEN_5X_AND_10X_MEDIAN band.""}",790,"SUCCESS","\N","2026-08-02 00:24:26.325","fraud_investigation:attempt1","WORKFLOW_INVESTIGATE_ANOMALY",611,179,6678,"SUCCESS",524
126,"mistral-large2","You are a maritime logistics fraud and compliance analyst.

The cost-per-kg threshold comparison has ALREADY been computed for you and is given as PRE-COMPUTED COST-PER-KG BAND. Trust that band and the rule stated next to it. Do not re-derive it or substitute your own thresholds.

Apply this rubric:
- BLOCK if sanctions matches > 0, OR the band is EXTREME_ABOVE_10X_MEDIAN, OR a counterparty name indicates a shell/front company (contains SUSPICIOUS, SHELL, UNKNOWN, or is a generic non-identifiable trading name).
- ESCALATE if the band is ELEVATED_BETWEEN_5X_AND_10X_MEDIAN, OR cost per kg was not computable, OR a required commercial figure is missing, OR document provenance reports extraction confidence below 60/100 or a failed validation. An ELEVATED band alone must NOT be blocked.
- CLEAR if sanctions matches = 0 AND the band is NORMAL_AT_OR_BELOW_5X_MEDIAN AND both counterparties are recognisable real businesses AND (if provenance is given) the extraction validated cleanly. A heavy-weight, high-value or duplicate-BL flag alone, with a NORMAL band and clean screening, is a routine data-quality issue and should be CLEARED.

Cite the actual numbers in your reason.
Return: decision (one of BLOCK/ESCALATE/CLEAR), reason (one sentence, max 200 chars, citing the decisive evidence), assessment (a short risk assessment naming the key indicators and their values).

Alert evidence: Alert type: COST_PER_KG_ANOMALY. BL: MSKU07149. Shipper: Phong Phu Garment. Consignee: Seven Eleven Japan. Carrier: YANG_MING. Route: CNSHA -> KRPUS. Charges: $5114. Weight: 2271kg. Cost per kg: $2.2519 (8.8x the peer median of $0.2558). PRE-COMPUTED COST-PER-KG BAND: ELEVATED_BETWEEN_5X_AND_10X_MEDIAN. This band mandates ESCALATE for human judgement - it is NOT sufficient for BLOCK. Sanctions/export-restriction list matches for the counterparties: 0 (0 = both parties clear, -1 = screening data unavailable).","{""assessment"":""The key indicator is the cost per kg, which is $2.2519, 8.8 times the peer median of $0.2558, placing it in the ELEVATED_BETWEEN_5X_AND_10X_MEDIAN band. Both counterparties are recognizable real businesses, and there are no sanctions matches. The elevated cost per kg warrants further investigation."",""decision"":""ESCALATE"",""reason"":""Cost per kg is $2.2519, 8.8x the peer median of $0.2558, falling in the ELEVATED_BETWEEN_5X_AND_10X_MEDIAN band.""}",787,"SUCCESS","\N","2026-08-02 00:24:35.282","fraud_investigation:attempt1","WORKFLOW_INVESTIGATE_ANOMALY",611,176,4892,"SUCCESS",525
127,"mistral-large2","You are a maritime logistics fraud and compliance analyst.

The cost-per-kg threshold comparison has ALREADY been computed for you and is given as PRE-COMPUTED COST-PER-KG BAND. Trust that band and the rule stated next to it. Do not re-derive it or substitute your own thresholds.

Apply this rubric:
- BLOCK if sanctions matches > 0, OR the band is EXTREME_ABOVE_10X_MEDIAN, OR a counterparty name indicates a shell/front company (contains SUSPICIOUS, SHELL, UNKNOWN, or is a generic non-identifiable trading name).
- ESCALATE if the band is ELEVATED_BETWEEN_5X_AND_10X_MEDIAN, OR cost per kg was not computable, OR a required commercial figure is missing, OR document provenance reports extraction confidence below 60/100 or a failed validation. An ELEVATED band alone must NOT be blocked.
- CLEAR if sanctions matches = 0 AND the band is NORMAL_AT_OR_BELOW_5X_MEDIAN AND both counterparties are recognisable real businesses AND (if provenance is given) the extraction validated cleanly. A heavy-weight, high-value or duplicate-BL flag alone, with a NORMAL band and clean screening, is a routine data-quality issue and should be CLEARED.

Cite the actual numbers in your reason.
Return: decision (one of BLOCK/ESCALATE/CLEAR), reason (one sentence, max 200 chars, citing the decisive evidence), assessment (a short risk assessment naming the key indicators and their values).

Alert evidence: Alert type: WEIGHT_ANOMALY. BL: APZU02040. Shipper: Panasonic Vietnam. Consignee: Tech Solutions GmbH. Carrier: MSC. Route: NLRTM -> VNHPH. Charges: $5119. Weight: 44764kg. Cost per kg: $0.1144 (0.45x the peer median of $0.2558). PRE-COMPUTED COST-PER-KG BAND: NORMAL_AT_OR_BELOW_5X_MEDIAN. This band is economically ordinary and does NOT justify BLOCK or ESCALATE on its own. Sanctions/export-restriction list matches for the counterparties: 0 (0 = both parties clear, -1 = screening data unavailable).","{""assessment"":""The key indicators are the cost-per-kg band (NORMAL_AT_OR_BELOW_5X_MEDIAN) and sanctions matches (0). Both counterparties are recognisable real businesses, and the cost per kg is economically ordinary. There are no indications of fraud or compliance issues."",""decision"":""CLEAR"",""reason"":""Sanctions matches = 0, cost-per-kg band is NORMAL_AT_OR_BELOW_5X_MEDIAN, and both counterparties are recognisable real businesses.""}",735,"SUCCESS","\N","2026-08-02 00:24:44.391","fraud_investigation:attempt1","WORKFLOW_INVESTIGATE_ANOMALY",599,136,5131,"SUCCESS",526
128,"mistral-large2","You are a maritime logistics fraud and compliance analyst.

The cost-per-kg threshold comparison has ALREADY been computed for you and is given as PRE-COMPUTED COST-PER-KG BAND. Trust that band and the rule stated next to it. Do not re-derive it or substitute your own thresholds.

Apply this rubric:
- BLOCK if sanctions matches > 0, OR the band is EXTREME_ABOVE_10X_MEDIAN, OR a counterparty name indicates a shell/front company (contains SUSPICIOUS, SHELL, UNKNOWN, or is a generic non-identifiable trading name).
- ESCALATE if the band is ELEVATED_BETWEEN_5X_AND_10X_MEDIAN, OR cost per kg was not computable, OR a required commercial figure is missing, OR document provenance reports extraction confidence below 60/100 or a failed validation. An ELEVATED band alone must NOT be blocked.
- CLEAR if sanctions matches = 0 AND the band is NORMAL_AT_OR_BELOW_5X_MEDIAN AND both counterparties are recognisable real businesses AND (if provenance is given) the extraction validated cleanly. A heavy-weight, high-value or duplicate-BL flag alone, with a NORMAL band and clean screening, is a routine data-quality issue and should be CLEARED.

Cite the actual numbers in your reason.
Return: decision (one of BLOCK/ESCALATE/CLEAR), reason (one sentence, max 200 chars, citing the decisive evidence), assessment (a short risk assessment naming the key indicators and their values).

Alert evidence: Alert type: WEIGHT_ANOMALY. BL: CAXU08188. Shipper: ABC Electronics Vietnam. Consignee: Target Corp. Carrier: COSCO. Route: INMUN -> JPTYO. Charges: $3071. Weight: 44763kg. Cost per kg: $0.0686 (0.27x the peer median of $0.2558). PRE-COMPUTED COST-PER-KG BAND: NORMAL_AT_OR_BELOW_5X_MEDIAN. This band is economically ordinary and does NOT justify BLOCK or ESCALATE on its own. Sanctions/export-restriction list matches for the counterparties: 0 (0 = both parties clear, -1 = screening data unavailable).","{""assessment"":""The key indicators are the cost-per-kg band (NORMAL_AT_OR_BELOW_5X_MEDIAN) and sanctions matches (0). Both counterparties are recognisable real businesses, and the cost per kg is economically ordinary. There are no indications of fraud or compliance issues."",""decision"":""CLEAR"",""reason"":""Sanctions matches = 0, cost-per-kg band is NORMAL_AT_OR_BELOW_5X_MEDIAN, and both counterparties are recognisable real businesses.""}",735,"SUCCESS","\N","2026-08-02 00:24:57.396","fraud_investigation:attempt1","WORKFLOW_INVESTIGATE_ANOMALY",599,136,8702,"SUCCESS",527
129,"mistral-large2","You are a maritime logistics fraud and compliance analyst.

The cost-per-kg threshold comparison has ALREADY been computed for you and is given as PRE-COMPUTED COST-PER-KG BAND. Trust that band and the rule stated next to it. Do not re-derive it or substitute your own thresholds.

Apply this rubric:
- BLOCK if sanctions matches > 0, OR the band is EXTREME_ABOVE_10X_MEDIAN, OR a counterparty name indicates a shell/front company (contains SUSPICIOUS, SHELL, UNKNOWN, or is a generic non-identifiable trading name).
- ESCALATE if the band is ELEVATED_BETWEEN_5X_AND_10X_MEDIAN, OR cost per kg was not computable, OR a required commercial figure is missing, OR document provenance reports extraction confidence below 60/100 or a failed validation. An ELEVATED band alone must NOT be blocked.
- CLEAR if sanctions matches = 0 AND the band is NORMAL_AT_OR_BELOW_5X_MEDIAN AND both counterparties are recognisable real businesses AND (if provenance is given) the extraction validated cleanly. A heavy-weight, high-value or duplicate-BL flag alone, with a NORMAL band and clean screening, is a routine data-quality issue and should be CLEARED.

Cite the actual numbers in your reason.
Return: decision (one of BLOCK/ESCALATE/CLEAR), reason (one sentence, max 200 chars, citing the decisive evidence), assessment (a short risk assessment naming the key indicators and their values).

Alert evidence: Alert type: WEIGHT_ANOMALY. BL: MAEU07612. Shipper: Adidas Sourcing Ltd. Consignee: Costco Wholesale. Carrier: MAERSK. Route: BEANR -> CNNGB. Charges: $7551. Weight: 44759kg. Cost per kg: $0.1687 (0.66x the peer median of $0.2558). PRE-COMPUTED COST-PER-KG BAND: NORMAL_AT_OR_BELOW_5X_MEDIAN. This band is economically ordinary and does NOT justify BLOCK or ESCALATE on its own. Sanctions/export-restriction list matches for the counterparties: 0 (0 = both parties clear, -1 = screening data unavailable).","{""assessment"":""The key indicators are the cost-per-kg band (NORMAL_AT_OR_BELOW_5X_MEDIAN) and sanctions matches (0). Both counterparties are recognisable real businesses, and the cost per kg is economically ordinary. There are no indications of fraud or compliance issues."",""decision"":""CLEAR"",""reason"":""Sanctions matches = 0, cost-per-kg band is NORMAL_AT_OR_BELOW_5X_MEDIAN, and both counterparties are recognisable real businesses.""}",736,"SUCCESS","\N","2026-08-02 00:25:05.429","fraud_investigation:attempt1","WORKFLOW_INVESTIGATE_ANOMALY",600,136,3489,"SUCCESS",528
130,"mistral-large2","You are a maritime logistics fraud and compliance analyst.

The cost-per-kg threshold comparison has ALREADY been computed for you and is given as PRE-COMPUTED COST-PER-KG BAND. Trust that band and the rule stated next to it. Do not re-derive it or substitute your own thresholds.

Apply this rubric:
- BLOCK if sanctions matches > 0, OR the band is EXTREME_ABOVE_10X_MEDIAN, OR a counterparty name indicates a shell/front company (contains SUSPICIOUS, SHELL, UNKNOWN, or is a generic non-identifiable trading name).
- ESCALATE if the band is ELEVATED_BETWEEN_5X_AND_10X_MEDIAN, OR cost per kg was not computable, OR a required commercial figure is missing, OR document provenance reports extraction confidence below 60/100 or a failed validation. An ELEVATED band alone must NOT be blocked.
- CLEAR if sanctions matches = 0 AND the band is NORMAL_AT_OR_BELOW_5X_MEDIAN AND both counterparties are recognisable real businesses AND (if provenance is given) the extraction validated cleanly. A heavy-weight, high-value or duplicate-BL flag alone, with a NORMAL band and clean screening, is a routine data-quality issue and should be CLEARED.

Cite the actual numbers in your reason.
Return: decision (one of BLOCK/ESCALATE/CLEAR), reason (one sentence, max 200 chars, citing the decisive evidence), assessment (a short risk assessment naming the key indicators and their values).

Alert evidence: Alert type: WEIGHT_ANOMALY. BL: HLCU08433. Shipper: ABC Electronics Vietnam. Consignee: Construction Supply Co. Carrier: MSC. Route: USLGB -> KRPUS. Charges: $5955. Weight: 44758kg. Cost per kg: $0.133 (0.52x the peer median of $0.2558). PRE-COMPUTED COST-PER-KG BAND: NORMAL_AT_OR_BELOW_5X_MEDIAN. This band is economically ordinary and does NOT justify BLOCK or ESCALATE on its own. Sanctions/export-restriction list matches for the counterparties: 0 (0 = both parties clear, -1 = screening data unavailable).","{""assessment"":""The key indicators are the cost-per-kg band (NORMAL_AT_OR_BELOW_5X_MEDIAN) and sanctions matches (0). Both counterparties are recognisable real businesses, and the cost per kg is economically ordinary. There are no indicators of high risk."",""decision"":""CLEAR"",""reason"":""Sanctions matches = 0, cost-per-kg band is NORMAL_AT_OR_BELOW_5X_MEDIAN, and both counterparties are recognisable real businesses.""}",731,"SUCCESS","\N","2026-08-02 00:25:14.003","fraud_investigation:attempt1","WORKFLOW_INVESTIGATE_ANOMALY",597,134,4140,"SUCCESS",529
131,"mistral-large2","You are a maritime logistics fraud and compliance analyst.

The cost-per-kg threshold comparison has ALREADY been computed for you and is given as PRE-COMPUTED COST-PER-KG BAND. Trust that band and the rule stated next to it. Do not re-derive it or substitute your own thresholds.

Apply this rubric:
- BLOCK if sanctions matches > 0, OR the band is EXTREME_ABOVE_10X_MEDIAN, OR a counterparty name indicates a shell/front company (contains SUSPICIOUS, SHELL, UNKNOWN, or is a generic non-identifiable trading name).
- ESCALATE if the band is ELEVATED_BETWEEN_5X_AND_10X_MEDIAN, OR cost per kg was not computable, OR a required commercial figure is missing, OR document provenance reports extraction confidence below 60/100 or a failed validation. An ELEVATED band alone must NOT be blocked.
- CLEAR if sanctions matches = 0 AND the band is NORMAL_AT_OR_BELOW_5X_MEDIAN AND both counterparties are recognisable real businesses AND (if provenance is given) the extraction validated cleanly. A heavy-weight, high-value or duplicate-BL flag alone, with a NORMAL band and clean screening, is a routine data-quality issue and should be CLEARED.

Cite the actual numbers in your reason.
Return: decision (one of BLOCK/ESCALATE/CLEAR), reason (one sentence, max 200 chars, citing the decisive evidence), assessment (a short risk assessment naming the key indicators and their values).

Alert evidence: Alert type: WEIGHT_ANOMALY. BL: HLCU08408. Shipper: Binh Tien Consumer. Consignee: Lotte Corp. Carrier: MAERSK. Route: KRPUS -> AEJEA. Charges: $5445. Weight: 44754kg. Cost per kg: $0.1217 (0.48x the peer median of $0.2558). PRE-COMPUTED COST-PER-KG BAND: NORMAL_AT_OR_BELOW_5X_MEDIAN. This band is economically ordinary and does NOT justify BLOCK or ESCALATE on its own. Sanctions/export-restriction list matches for the counterparties: 0 (0 = both parties clear, -1 = screening data unavailable).","{""assessment"":""The key indicators are the cost-per-kg band (NORMAL_AT_OR_BELOW_5X_MEDIAN) and sanctions matches (0). Both counterparties are recognisable real businesses, and the cost per kg is economically ordinary. There are no indications of fraud or compliance issues."",""decision"":""CLEAR"",""reason"":""Sanctions matches = 0, cost-per-kg band is NORMAL_AT_OR_BELOW_5X_MEDIAN, and both counterparties are recognisable real businesses.""}",737,"SUCCESS","\N","2026-08-02 00:25:23.928","fraud_investigation:attempt1","WORKFLOW_INVESTIGATE_ANOMALY",601,136,5502,"SUCCESS",530
132,"mistral-large2","You are a maritime logistics fraud and compliance analyst.

The cost-per-kg threshold comparison has ALREADY been computed for you and is given as PRE-COMPUTED COST-PER-KG BAND. Trust that band and the rule stated next to it. Do not re-derive it or substitute your own thresholds.

Apply this rubric:
- BLOCK if sanctions matches > 0, OR the band is EXTREME_ABOVE_10X_MEDIAN, OR a counterparty name indicates a shell/front company (contains SUSPICIOUS, SHELL, UNKNOWN, or is a generic non-identifiable trading name).
- ESCALATE if the band is ELEVATED_BETWEEN_5X_AND_10X_MEDIAN, OR cost per kg was not computable, OR a required commercial figure is missing, OR document provenance reports extraction confidence below 60/100 or a failed validation. An ELEVATED band alone must NOT be blocked.
- CLEAR if sanctions matches = 0 AND the band is NORMAL_AT_OR_BELOW_5X_MEDIAN AND both counterparties are recognisable real businesses AND (if provenance is given) the extraction validated cleanly. A heavy-weight, high-value or duplicate-BL flag alone, with a NORMAL band and clean screening, is a routine data-quality issue and should be CLEARED.

Cite the actual numbers in your reason.
Return: decision (one of BLOCK/ESCALATE/CLEAR), reason (one sentence, max 200 chars, citing the decisive evidence), assessment (a short risk assessment naming the key indicators and their values).

Alert evidence: Alert type: WEIGHT_ANOMALY. BL: YMLU00629. Shipper: Honda Vietnam. Consignee: Alibaba Trade. Carrier: COSCO. Route: NLRTM -> USLGB. Charges: $5229. Weight: 44752kg. Cost per kg: $0.1168 (0.46x the peer median of $0.2558). PRE-COMPUTED COST-PER-KG BAND: NORMAL_AT_OR_BELOW_5X_MEDIAN. This band is economically ordinary and does NOT justify BLOCK or ESCALATE on its own. Sanctions/export-restriction list matches for the counterparties: 0 (0 = both parties clear, -1 = screening data unavailable).","{""assessment"":""The key indicators are the cost-per-kg band (NORMAL_AT_OR_BELOW_5X_MEDIAN) and sanctions matches (0). Both counterparties are recognisable real businesses, and the cost per kg is economically ordinary. There are no indications of fraud or compliance issues."",""decision"":""CLEAR"",""reason"":""Sanctions matches = 0, cost-per-kg band is NORMAL_AT_OR_BELOW_5X_MEDIAN, and both counterparties are recognisable real businesses.""}",733,"SUCCESS","\N","2026-08-02 00:25:33.589","fraud_investigation:attempt1","WORKFLOW_INVESTIGATE_ANOMALY",597,136,5001,"SUCCESS",531
133,"mistral-large2","You are a maritime logistics fraud and compliance analyst.

The cost-per-kg threshold comparison has ALREADY been computed for you and is given as PRE-COMPUTED COST-PER-KG BAND. Trust that band and the rule stated next to it. Do not re-derive it or substitute your own thresholds.

Apply this rubric:
- BLOCK if sanctions matches > 0, OR the band is EXTREME_ABOVE_10X_MEDIAN, OR a counterparty name indicates a shell/front company (contains SUSPICIOUS, SHELL, UNKNOWN, or is a generic non-identifiable trading name).
- ESCALATE if the band is ELEVATED_BETWEEN_5X_AND_10X_MEDIAN, OR cost per kg was not computable, OR a required commercial figure is missing, OR document provenance reports extraction confidence below 60/100 or a failed validation. An ELEVATED band alone must NOT be blocked.
- CLEAR if sanctions matches = 0 AND the band is NORMAL_AT_OR_BELOW_5X_MEDIAN AND both counterparties are recognisable real businesses AND (if provenance is given) the extraction validated cleanly. A heavy-weight, high-value or duplicate-BL flag alone, with a NORMAL band and clean screening, is a routine data-quality issue and should be CLEARED.

Cite the actual numbers in your reason.
Return: decision (one of BLOCK/ESCALATE/CLEAR), reason (one sentence, max 200 chars, citing the decisive evidence), assessment (a short risk assessment naming the key indicators and their values).

Alert evidence: Alert type: WEIGHT_ANOMALY. BL: HLCU04601. Shipper: Canon Vietnam. Consignee: Carrefour SA. Carrier: MAERSK. Route: HKHKG -> SGSIN. Charges: $5660. Weight: 44745kg. Cost per kg: $0.1265 (0.49x the peer median of $0.2558). PRE-COMPUTED COST-PER-KG BAND: NORMAL_AT_OR_BELOW_5X_MEDIAN. This band is economically ordinary and does NOT justify BLOCK or ESCALATE on its own. Sanctions/export-restriction list matches for the counterparties: 0 (0 = both parties clear, -1 = screening data unavailable).","{""assessment"":""The alert indicates a normal cost-per-kg band (0.49x the peer median of $0.2558) and no sanctions matches. Both counterparties are recognizable real businesses. The weight anomaly alone does not justify escalation or blocking."",""decision"":""CLEAR"",""reason"":""Cost per kg is 0.49x the peer median of $0.2558, sanctions matches = 0, and both counterparties are recognizable real businesses.""}",724,"SUCCESS","\N","2026-08-02 00:25:41.284","fraud_investigation:attempt1","WORKFLOW_INVESTIGATE_ANOMALY",599,125,2846,"SUCCESS",532
134,"mistral-large2","You are a maritime logistics fraud and compliance analyst.

The cost-per-kg threshold comparison has ALREADY been computed for you and is given as PRE-COMPUTED COST-PER-KG BAND. Trust that band and the rule stated next to it. Do not re-derive it or substitute your own thresholds.

Apply this rubric:
- BLOCK if sanctions matches > 0, OR the band is EXTREME_ABOVE_10X_MEDIAN, OR a counterparty name indicates a shell/front company (contains SUSPICIOUS, SHELL, UNKNOWN, or is a generic non-identifiable trading name).
- ESCALATE if the band is ELEVATED_BETWEEN_5X_AND_10X_MEDIAN, OR cost per kg was not computable, OR a required commercial figure is missing, OR document provenance reports extraction confidence below 60/100 or a failed validation. An ELEVATED band alone must NOT be blocked.
- CLEAR if sanctions matches = 0 AND the band is NORMAL_AT_OR_BELOW_5X_MEDIAN AND both counterparties are recognisable real businesses AND (if provenance is given) the extraction validated cleanly. A heavy-weight, high-value or duplicate-BL flag alone, with a NORMAL band and clean screening, is a routine data-quality issue and should be CLEARED.

Cite the actual numbers in your reason.
Return: decision (one of BLOCK/ESCALATE/CLEAR), reason (one sentence, max 200 chars, citing the decisive evidence), assessment (a short risk assessment naming the key indicators and their values).

Alert evidence: Alert type: WEIGHT_ANOMALY. BL: APZU01551. Shipper: Vinamilk Co Ltd. Consignee: Tech Solutions GmbH. Carrier: MAERSK. Route: CNNGB -> VNSGN. Charges: $3988. Weight: 44743kg. Cost per kg: $0.0891 (0.35x the peer median of $0.2558). PRE-COMPUTED COST-PER-KG BAND: NORMAL_AT_OR_BELOW_5X_MEDIAN. This band is economically ordinary and does NOT justify BLOCK or ESCALATE on its own. Sanctions/export-restriction list matches for the counterparties: 0 (0 = both parties clear, -1 = screening data unavailable).","{""assessment"":""The key indicators are the cost-per-kg band (NORMAL_AT_OR_BELOW_5X_MEDIAN) and sanctions matches (0). Both counterparties are recognisable real businesses, and the cost per kg is economically ordinary."",""decision"":""CLEAR"",""reason"":""Sanctions matches = 0, cost-per-kg band is NORMAL_AT_OR_BELOW_5X_MEDIAN, and both counterparties are recognisable real businesses.""}",724,"SUCCESS","\N","2026-08-02 00:25:50.788","fraud_investigation:attempt1","WORKFLOW_INVESTIGATE_ANOMALY",599,125,4987,"SUCCESS",533
135,"mistral-large2","You are a maritime logistics fraud and compliance analyst.

The cost-per-kg threshold comparison has ALREADY been computed for you and is given as PRE-COMPUTED COST-PER-KG BAND. Trust that band and the rule stated next to it. Do not re-derive it or substitute your own thresholds.

Apply this rubric:
- BLOCK if sanctions matches > 0, OR the band is EXTREME_ABOVE_10X_MEDIAN, OR a counterparty name indicates a shell/front company (contains SUSPICIOUS, SHELL, UNKNOWN, or is a generic non-identifiable trading name).
- ESCALATE if the band is ELEVATED_BETWEEN_5X_AND_10X_MEDIAN, OR cost per kg was not computable, OR a required commercial figure is missing, OR document provenance reports extraction confidence below 60/100 or a failed validation. An ELEVATED band alone must NOT be blocked.
- CLEAR if sanctions matches = 0 AND the band is NORMAL_AT_OR_BELOW_5X_MEDIAN AND both counterparties are recognisable real businesses AND (if provenance is given) the extraction validated cleanly. A heavy-weight, high-value or duplicate-BL flag alone, with a NORMAL band and clean screening, is a routine data-quality issue and should be CLEARED.

Cite the actual numbers in your reason.
Return: decision (one of BLOCK/ESCALATE/CLEAR), reason (one sentence, max 200 chars, citing the decisive evidence), assessment (a short risk assessment naming the key indicators and their values).

Alert evidence: Alert type: HIGH_VALUE_ANOMALY. BL: APZU00984. Shipper: Samsung Vietnam. Consignee: Best Buy USA. Carrier: HAPAG_LLOYD. Route: BEANR -> DEHAM. Charges: $8601. Weight: 6784kg. Cost per kg: $1.2678 (4.96x the peer median of $0.2558). PRE-COMPUTED COST-PER-KG BAND: NORMAL_AT_OR_BELOW_5X_MEDIAN. This band is economically ordinary and does NOT justify BLOCK or ESCALATE on its own. Sanctions/export-restriction list matches for the counterparties: 0 (0 = both parties clear, -1 = screening data unavailable).","{""assessment"":""The key indicators are the cost-per-kg band (NORMAL_AT_OR_BELOW_5X_MEDIAN) and sanctions matches (0). Both counterparties are recognisable real businesses, and the cost per kg is within the normal range."",""decision"":""CLEAR"",""reason"":""Sanctions matches = 0, cost-per-kg band is NORMAL_AT_OR_BELOW_5X_MEDIAN, and both counterparties are recognisable real businesses.""}",727,"SUCCESS","\N","2026-08-02 00:25:59.304","fraud_investigation:attempt1","WORKFLOW_INVESTIGATE_ANOMALY",601,126,4049,"SUCCESS",534
136,"mistral-large2","You are a maritime logistics fraud and compliance analyst.

The cost-per-kg threshold comparison has ALREADY been computed for you and is given as PRE-COMPUTED COST-PER-KG BAND. Trust that band and the rule stated next to it. Do not re-derive it or substitute your own thresholds.

Apply this rubric:
- BLOCK if sanctions matches > 0, OR the band is EXTREME_ABOVE_10X_MEDIAN, OR a counterparty name indicates a shell/front company (contains SUSPICIOUS, SHELL, UNKNOWN, or is a generic non-identifiable trading name).
- ESCALATE if the band is ELEVATED_BETWEEN_5X_AND_10X_MEDIAN, OR cost per kg was not computable, OR a required commercial figure is missing, OR document provenance reports extraction confidence below 60/100 or a failed validation. An ELEVATED band alone must NOT be blocked.
- CLEAR if sanctions matches = 0 AND the band is NORMAL_AT_OR_BELOW_5X_MEDIAN AND both counterparties are recognisable real businesses AND (if provenance is given) the extraction validated cleanly. A heavy-weight, high-value or duplicate-BL flag alone, with a NORMAL band and clean screening, is a routine data-quality issue and should be CLEARED.

Cite the actual numbers in your reason.
Return: decision (one of BLOCK/ESCALATE/CLEAR), reason (one sentence, max 200 chars, citing the decisive evidence), assessment (a short risk assessment naming the key indicators and their values).

Alert evidence: Alert type: HIGH_VALUE_ANOMALY. BL: APZU01822. Shipper: Panasonic Vietnam. Consignee: Seven Eleven Japan. Carrier: HAPAG_LLOYD. Route: USLAX -> BEANR. Charges: $8598. Weight: 27350kg. Cost per kg: $0.3144 (1.23x the peer median of $0.2558). PRE-COMPUTED COST-PER-KG BAND: NORMAL_AT_OR_BELOW_5X_MEDIAN. This band is economically ordinary and does NOT justify BLOCK or ESCALATE on its own. Sanctions/export-restriction list matches for the counterparties: 0 (0 = both parties clear, -1 = screening data unavailable).","{""assessment"":""The alert indicates a high-value anomaly, but the cost per kg is within the normal range (1.23x the peer median of $0.2558), and there are no sanctions matches. Both counterparties are recognizable real businesses. The key indicators are cost per kg ($0.3144), sanctions matches (0), and recognizable counterparties (Panasonic Vietnam, Seven Eleven Japan)."",""decision"":""CLEAR"",""reason"":""Cost per kg is within normal range ($0.3144, 1.23x median), no sanctions matches (0), and both counterparties are recognizable real businesses.""}",769,"SUCCESS","\N","2026-08-02 00:26:10.711","fraud_investigation:attempt1","WORKFLOW_INVESTIGATE_ANOMALY",605,164,6135,"SUCCESS",535
137,"mistral-large2","You are a maritime logistics fraud and compliance analyst.

The cost-per-kg threshold comparison has ALREADY been computed for you and is given as PRE-COMPUTED COST-PER-KG BAND. Trust that band and the rule stated next to it. Do not re-derive it or substitute your own thresholds.

Apply this rubric:
- BLOCK if sanctions matches > 0, OR the band is EXTREME_ABOVE_10X_MEDIAN, OR a counterparty name indicates a shell/front company (contains SUSPICIOUS, SHELL, UNKNOWN, or is a generic non-identifiable trading name).
- ESCALATE if the band is ELEVATED_BETWEEN_5X_AND_10X_MEDIAN, OR cost per kg was not computable, OR a required commercial figure is missing, OR document provenance reports extraction confidence below 60/100 or a failed validation. An ELEVATED band alone must NOT be blocked.
- CLEAR if sanctions matches = 0 AND the band is NORMAL_AT_OR_BELOW_5X_MEDIAN AND both counterparties are recognisable real businesses AND (if provenance is given) the extraction validated cleanly. A heavy-weight, high-value or duplicate-BL flag alone, with a NORMAL band and clean screening, is a routine data-quality issue and should be CLEARED.

Cite the actual numbers in your reason.
Return: decision (one of BLOCK/ESCALATE/CLEAR), reason (one sentence, max 200 chars, citing the decisive evidence), assessment (a short risk assessment naming the key indicators and their values).

Alert evidence: Alert type: HIGH_VALUE_ANOMALY. BL: CMDU00988. Shipper: Nike Vietnam. Consignee: Asian Foods LLC. Carrier: HAPAG_LLOYD. Route: MYPKG -> DEHAM. Charges: $8595. Weight: 14378kg. Cost per kg: $0.5978 (2.34x the peer median of $0.2558). PRE-COMPUTED COST-PER-KG BAND: NORMAL_AT_OR_BELOW_5X_MEDIAN. This band is economically ordinary and does NOT justify BLOCK or ESCALATE on its own. Sanctions/export-restriction list matches for the counterparties: 0 (0 = both parties clear, -1 = screening data unavailable).","{""assessment"":""The key indicators are the cost-per-kg band (NORMAL_AT_OR_BELOW_5X_MEDIAN), sanctions matches (0), and recognizable counterparties (Nike Vietnam and Asian Foods LLC). The cost per kg is $0.5978, which is 2.34x the peer median of $0.2558, but still within the normal range. Both counterparties are recognizable real businesses, and there are no sanctions matches."",""decision"":""CLEAR"",""reason"":""Sanctions matches = 0, cost-per-kg band is NORMAL_AT_OR_BELOW_5X_MEDIAN, and both counterparties are recognizable real businesses.""}",780,"SUCCESS","\N","2026-08-02 00:26:22.041","fraud_investigation:attempt1","WORKFLOW_INVESTIGATE_ANOMALY",604,176,6693,"SUCCESS",536
138,"mistral-large2","You are a maritime logistics fraud and compliance analyst.

The cost-per-kg threshold comparison has ALREADY been computed for you and is given as PRE-COMPUTED COST-PER-KG BAND. Trust that band and the rule stated next to it. Do not re-derive it or substitute your own thresholds.

Apply this rubric:
- BLOCK if sanctions matches > 0, OR the band is EXTREME_ABOVE_10X_MEDIAN, OR a counterparty name indicates a shell/front company (contains SUSPICIOUS, SHELL, UNKNOWN, or is a generic non-identifiable trading name).
- ESCALATE if the band is ELEVATED_BETWEEN_5X_AND_10X_MEDIAN, OR cost per kg was not computable, OR a required commercial figure is missing, OR document provenance reports extraction confidence below 60/100 or a failed validation. An ELEVATED band alone must NOT be blocked.
- CLEAR if sanctions matches = 0 AND the band is NORMAL_AT_OR_BELOW_5X_MEDIAN AND both counterparties are recognisable real businesses AND (if provenance is given) the extraction validated cleanly. A heavy-weight, high-value or duplicate-BL flag alone, with a NORMAL band and clean screening, is a routine data-quality issue and should be CLEARED.

Cite the actual numbers in your reason.
Return: decision (one of BLOCK/ESCALATE/CLEAR), reason (one sentence, max 200 chars, citing the decisive evidence), assessment (a short risk assessment naming the key indicators and their values).

Alert evidence: Alert type: HIGH_VALUE_ANOMALY. BL: CAXU08712. Shipper: Trung Nguyen Coffee. Consignee: Seven Eleven Japan. Carrier: HAPAG_LLOYD. Route: THLCH -> VNHPH. Charges: $8591. Weight: 16684kg. Cost per kg: $0.5149 (2.01x the peer median of $0.2558). PRE-COMPUTED COST-PER-KG BAND: NORMAL_AT_OR_BELOW_5X_MEDIAN. This band is economically ordinary and does NOT justify BLOCK or ESCALATE on its own. Sanctions/export-restriction list matches for the counterparties: 0 (0 = both parties clear, -1 = screening data unavailable).","{""assessment"":""The alert indicates a high-value anomaly, but the cost per kg is within the normal range (2.01x the peer median of $0.2558), and there are no sanctions matches. Both counterparties are recognizable real businesses. The key indicators are cost per kg ($0.5149) and sanctions matches (0)."",""decision"":""CLEAR"",""reason"":""Cost per kg is within the normal range (2.01x the peer median of $0.2558) and there are no sanctions matches (0).""}",753,"SUCCESS","\N","2026-08-02 00:26:30.655","fraud_investigation:attempt1","WORKFLOW_INVESTIGATE_ANOMALY",609,144,3692,"SUCCESS",537
139,"mistral-large2","You are a maritime logistics fraud and compliance analyst.

The cost-per-kg threshold comparison has ALREADY been computed for you and is given as PRE-COMPUTED COST-PER-KG BAND. Trust that band and the rule stated next to it. Do not re-derive it or substitute your own thresholds.

Apply this rubric:
- BLOCK if sanctions matches > 0, OR the band is EXTREME_ABOVE_10X_MEDIAN, OR a counterparty name indicates a shell/front company (contains SUSPICIOUS, SHELL, UNKNOWN, or is a generic non-identifiable trading name).
- ESCALATE if the band is ELEVATED_BETWEEN_5X_AND_10X_MEDIAN, OR cost per kg was not computable, OR a required commercial figure is missing, OR document provenance reports extraction confidence below 60/100 or a failed validation. An ELEVATED band alone must NOT be blocked.
- CLEAR if sanctions matches = 0 AND the band is NORMAL_AT_OR_BELOW_5X_MEDIAN AND both counterparties are recognisable real businesses AND (if provenance is given) the extraction validated cleanly. A heavy-weight, high-value or duplicate-BL flag alone, with a NORMAL band and clean screening, is a routine data-quality issue and should be CLEARED.

Cite the actual numbers in your reason.
Return: decision (one of BLOCK/ESCALATE/CLEAR), reason (one sentence, max 200 chars, citing the decisive evidence), assessment (a short risk assessment naming the key indicators and their values).

Alert evidence: Alert type: HIGH_VALUE_ANOMALY. BL: EGLV04268. Shipper: Nike Vietnam. Consignee: AEON Japan. Carrier: HAPAG_LLOYD. Route: JPTYO -> JPTYO. Charges: $8586. Weight: 21263kg. Cost per kg: $0.4038 (1.58x the peer median of $0.2558). PRE-COMPUTED COST-PER-KG BAND: NORMAL_AT_OR_BELOW_5X_MEDIAN. This band is economically ordinary and does NOT justify BLOCK or ESCALATE on its own. Sanctions/export-restriction list matches for the counterparties: 0 (0 = both parties clear, -1 = screening data unavailable).","{""assessment"":""The alert indicates a high-value anomaly, but the cost per kg is within the normal range (1.58x the peer median of $0.2558), and there are no sanctions matches. Both counterparties are recognizable real businesses. The route and charges are consistent with normal operations."",""decision"":""CLEAR"",""reason"":""Cost per kg is within the normal range (1.58x the peer median of $0.2558), and there are no sanctions matches.""}",733,"SUCCESS","\N","2026-08-02 00:26:38.503","fraud_investigation:attempt1","WORKFLOW_INVESTIGATE_ANOMALY",606,127,3298,"SUCCESS",538
140,"mistral-large2","You are a maritime logistics fraud and compliance analyst.

The cost-per-kg threshold comparison has ALREADY been computed for you and is given as PRE-COMPUTED COST-PER-KG BAND. Trust that band and the rule stated next to it. Do not re-derive it or substitute your own thresholds.

Apply this rubric:
- BLOCK if sanctions matches > 0, OR the band is EXTREME_ABOVE_10X_MEDIAN, OR a counterparty name indicates a shell/front company (contains SUSPICIOUS, SHELL, UNKNOWN, or is a generic non-identifiable trading name).
- ESCALATE if the band is ELEVATED_BETWEEN_5X_AND_10X_MEDIAN, OR cost per kg was not computable, OR a required commercial figure is missing, OR document provenance reports extraction confidence below 60/100 or a failed validation. An ELEVATED band alone must NOT be blocked.
- CLEAR if sanctions matches = 0 AND the band is NORMAL_AT_OR_BELOW_5X_MEDIAN AND both counterparties are recognisable real businesses AND (if provenance is given) the extraction validated cleanly. A heavy-weight, high-value or duplicate-BL flag alone, with a NORMAL band and clean screening, is a routine data-quality issue and should be CLEARED.

Cite the actual numbers in your reason.
Return: decision (one of BLOCK/ESCALATE/CLEAR), reason (one sentence, max 200 chars, citing the decisive evidence), assessment (a short risk assessment naming the key indicators and their values).

Alert evidence: Alert type: HIGH_VALUE_ANOMALY. BL: CMDU06970. Shipper: Honda Vietnam. Consignee: Carrefour SA. Carrier: HAPAG_LLOYD. Route: KRPUS -> CNSHA. Charges: $8583. Weight: 7342kg. Cost per kg: $1.169 (4.57x the peer median of $0.2558). PRE-COMPUTED COST-PER-KG BAND: NORMAL_AT_OR_BELOW_5X_MEDIAN. This band is economically ordinary and does NOT justify BLOCK or ESCALATE on its own. Sanctions/export-restriction list matches for the counterparties: 0 (0 = both parties clear, -1 = screening data unavailable).","{""assessment"":""The key indicators are the cost-per-kg band (NORMAL_AT_OR_BELOW_5X_MEDIAN) and sanctions matches (0). Both counterparties are recognisable real businesses, and the cost per kg is within the normal range."",""decision"":""CLEAR"",""reason"":""Sanctions matches = 0, cost-per-kg band is NORMAL_AT_OR_BELOW_5X_MEDIAN, and both counterparties are recognisable real businesses.""}",728,"SUCCESS","\N","2026-08-02 00:26:45.835","fraud_investigation:attempt1","WORKFLOW_INVESTIGATE_ANOMALY",602,126,2839,"SUCCESS",539
141,"mistral-large2","You are a maritime logistics fraud and compliance analyst.

The cost-per-kg threshold comparison has ALREADY been computed for you and is given as PRE-COMPUTED COST-PER-KG BAND. Trust that band and the rule stated next to it. Do not re-derive it or substitute your own thresholds.

Apply this rubric:
- BLOCK if sanctions matches > 0, OR the band is EXTREME_ABOVE_10X_MEDIAN, OR a counterparty name indicates a shell/front company (contains SUSPICIOUS, SHELL, UNKNOWN, or is a generic non-identifiable trading name).
- ESCALATE if the band is ELEVATED_BETWEEN_5X_AND_10X_MEDIAN, OR cost per kg was not computable, OR a required commercial figure is missing, OR document provenance reports extraction confidence below 60/100 or a failed validation. An ELEVATED band alone must NOT be blocked.
- CLEAR if sanctions matches = 0 AND the band is NORMAL_AT_OR_BELOW_5X_MEDIAN AND both counterparties are recognisable real businesses AND (if provenance is given) the extraction validated cleanly. A heavy-weight, high-value or duplicate-BL flag alone, with a NORMAL band and clean screening, is a routine data-quality issue and should be CLEARED.

Cite the actual numbers in your reason.
Return: decision (one of BLOCK/ESCALATE/CLEAR), reason (one sentence, max 200 chars, citing the decisive evidence), assessment (a short risk assessment naming the key indicators and their values).

Alert evidence: Alert type: HIGH_VALUE_ANOMALY. BL: ONEY08907. Shipper: Toyota Vietnam. Consignee: Lotte Corp. Carrier: HAPAG_LLOYD. Route: HKHKG -> USLGB. Charges: $8579. Weight: 12784kg. Cost per kg: $0.6711 (2.62x the peer median of $0.2558). PRE-COMPUTED COST-PER-KG BAND: NORMAL_AT_OR_BELOW_5X_MEDIAN. This band is economically ordinary and does NOT justify BLOCK or ESCALATE on its own. Sanctions/export-restriction list matches for the counterparties: 0 (0 = both parties clear, -1 = screening data unavailable).","{""assessment"":""The key indicators are the cost-per-kg band (NORMAL_AT_OR_BELOW_5X_MEDIAN) and sanctions matches (0). Both counterparties are recognisable real businesses, and the cost per kg is within normal limits."",""decision"":""CLEAR"",""reason"":""Sanctions matches = 0, cost-per-kg band is NORMAL_AT_OR_BELOW_5X_MEDIAN, and both counterparties are recognisable real businesses.""}",730,"SUCCESS","\N","2026-08-02 00:26:55.298","fraud_investigation:attempt1","WORKFLOW_INVESTIGATE_ANOMALY",605,125,4822,"SUCCESS",540
142,"mistral-large2","You are a maritime logistics fraud and compliance analyst.

The cost-per-kg threshold comparison has ALREADY been computed for you and is given as PRE-COMPUTED COST-PER-KG BAND. Trust that band and the rule stated next to it. Do not re-derive it or substitute your own thresholds.

Apply this rubric:
- BLOCK if sanctions matches > 0, OR the band is EXTREME_ABOVE_10X_MEDIAN, OR a counterparty name indicates a shell/front company (contains SUSPICIOUS, SHELL, UNKNOWN, or is a generic non-identifiable trading name).
- ESCALATE if the band is ELEVATED_BETWEEN_5X_AND_10X_MEDIAN, OR cost per kg was not computable, OR a required commercial figure is missing, OR document provenance reports extraction confidence below 60/100 or a failed validation. An ELEVATED band alone must NOT be blocked.
- CLEAR if sanctions matches = 0 AND the band is NORMAL_AT_OR_BELOW_5X_MEDIAN AND both counterparties are recognisable real businesses AND (if provenance is given) the extraction validated cleanly. A heavy-weight, high-value or duplicate-BL flag alone, with a NORMAL band and clean screening, is a routine data-quality issue and should be CLEARED.

Cite the actual numbers in your reason.
Return: decision (one of BLOCK/ESCALATE/CLEAR), reason (one sentence, max 200 chars, citing the decisive evidence), assessment (a short risk assessment naming the key indicators and their values).

Alert evidence: Alert type: HIGH_VALUE_ANOMALY. BL: CMDU07843. Shipper: FPT Software. Consignee: Carrefour SA. Carrier: HAPAG_LLOYD. Route: NLRTM -> KRPUS. Charges: $8578. Weight: 20133kg. Cost per kg: $0.4261 (1.67x the peer median of $0.2558). PRE-COMPUTED COST-PER-KG BAND: NORMAL_AT_OR_BELOW_5X_MEDIAN. This band is economically ordinary and does NOT justify BLOCK or ESCALATE on its own. Sanctions/export-restriction list matches for the counterparties: 0 (0 = both parties clear, -1 = screening data unavailable).","{""assessment"":""The alert indicates a high-value anomaly, but the cost per kg is within the normal range (1.67x the peer median of $0.2558), and there are no sanctions matches. Both counterparties are recognizable real businesses. The key indicators are the cost per kg band (NORMAL_AT_OR_BELOW_5X_MEDIAN) and sanctions matches (0)."",""decision"":""CLEAR"",""reason"":""Cost per kg is within normal range (1.67x the peer median of $0.2558) and no sanctions matches (0).""}",755,"SUCCESS","\N","2026-08-02 00:27:09.964","fraud_investigation:attempt1","WORKFLOW_INVESTIGATE_ANOMALY",604,151,10120,"SUCCESS",541
143,"mistral-large2","You are a maritime logistics fraud and compliance analyst.

The cost-per-kg threshold comparison has ALREADY been computed for you and is given as PRE-COMPUTED COST-PER-KG BAND. Trust that band and the rule stated next to it. Do not re-derive it or substitute your own thresholds.

Apply this rubric:
- BLOCK if sanctions matches > 0, OR the band is EXTREME_ABOVE_10X_MEDIAN, OR a counterparty name indicates a shell/front company (contains SUSPICIOUS, SHELL, UNKNOWN, or is a generic non-identifiable trading name).
- ESCALATE if the band is ELEVATED_BETWEEN_5X_AND_10X_MEDIAN, OR cost per kg was not computable, OR a required commercial figure is missing, OR document provenance reports extraction confidence below 60/100 or a failed validation. An ELEVATED band alone must NOT be blocked.
- CLEAR if sanctions matches = 0 AND the band is NORMAL_AT_OR_BELOW_5X_MEDIAN AND both counterparties are recognisable real businesses AND (if provenance is given) the extraction validated cleanly. A heavy-weight, high-value or duplicate-BL flag alone, with a NORMAL band and clean screening, is a routine data-quality issue and should be CLEARED.

Cite the actual numbers in your reason.
Return: decision (one of BLOCK/ESCALATE/CLEAR), reason (one sentence, max 200 chars, citing the decisive evidence), assessment (a short risk assessment naming the key indicators and their values).

Alert evidence: Alert type: COST_PER_KG_ANOMALY. BL: CMDU09798. Shipper: Hoa Sen Group. Consignee: Best Buy USA. Carrier: YANG_MING. Route: VNSGN -> DEHAM. Charges: $3842. Weight: 1630kg. Cost per kg: $2.3571 (9.21x the peer median of $0.2558). PRE-COMPUTED COST-PER-KG BAND: ELEVATED_BETWEEN_5X_AND_10X_MEDIAN. This band mandates ESCALATE for human judgement - it is NOT sufficient for BLOCK. Sanctions/export-restriction list matches for the counterparties: 0 (0 = both parties clear, -1 = screening data unavailable).","{""assessment"":""The key indicator is the cost per kg, which is $2.3571, 9.21 times the peer median of $0.2558, placing it in the ELEVATED_BETWEEN_5X_AND_10X_MEDIAN band. Both counterparties are recognizable real businesses, and there are no sanctions matches. The elevated cost per kg warrants further investigation."",""decision"":""ESCALATE"",""reason"":""Cost per kg is $2.3571, 9.21x the peer median of $0.2558, falling in the ELEVATED_BETWEEN_5X_AND_10X_MEDIAN band.""}",787,"SUCCESS","\N","2026-08-02 00:27:20.540","fraud_investigation:attempt1","WORKFLOW_INVESTIGATE_ANOMALY",609,178,5878,"SUCCESS",542
144,"mistral-large2","You are a maritime logistics fraud and compliance analyst.

The cost-per-kg threshold comparison has ALREADY been computed for you and is given as PRE-COMPUTED COST-PER-KG BAND. Trust that band and the rule stated next to it. Do not re-derive it or substitute your own thresholds.

Apply this rubric:
- BLOCK if sanctions matches > 0, OR the band is EXTREME_ABOVE_10X_MEDIAN, OR a counterparty name indicates a shell/front company (contains SUSPICIOUS, SHELL, UNKNOWN, or is a generic non-identifiable trading name).
- ESCALATE if the band is ELEVATED_BETWEEN_5X_AND_10X_MEDIAN, OR cost per kg was not computable, OR a required commercial figure is missing, OR document provenance reports extraction confidence below 60/100 or a failed validation. An ELEVATED band alone must NOT be blocked.
- CLEAR if sanctions matches = 0 AND the band is NORMAL_AT_OR_BELOW_5X_MEDIAN AND both counterparties are recognisable real businesses AND (if provenance is given) the extraction validated cleanly. A heavy-weight, high-value or duplicate-BL flag alone, with a NORMAL band and clean screening, is a routine data-quality issue and should be CLEARED.

Cite the actual numbers in your reason.
Return: decision (one of BLOCK/ESCALATE/CLEAR), reason (one sentence, max 200 chars, citing the decisive evidence), assessment (a short risk assessment naming the key indicators and their values).

Alert evidence: Alert type: COST_PER_KG_ANOMALY. BL: CMDU01854. Shipper: Binh Tien Consumer. Consignee: Costco Wholesale. Carrier: ONE. Route: AEJEA -> JPTYO. Charges: $5621. Weight: 2390kg. Cost per kg: $2.3519 (9.19x the peer median of $0.2558). PRE-COMPUTED COST-PER-KG BAND: ELEVATED_BETWEEN_5X_AND_10X_MEDIAN. This band mandates ESCALATE for human judgement - it is NOT sufficient for BLOCK. Sanctions/export-restriction list matches for the counterparties: 0 (0 = both parties clear, -1 = screening data unavailable).","{""assessment"":""The key indicator is the cost per kg, which is $2.3519, 9.19 times the peer median of $0.2558, placing it in the ELEVATED_BETWEEN_5X_AND_10X_MEDIAN band. Both counterparties are recognizable real businesses, and there are no sanctions matches. The elevated cost per kg warrants further investigation."",""decision"":""ESCALATE"",""reason"":""Cost per kg is $2.3519, 9.19x the peer median of $0.2558, placing it in the ELEVATED_BETWEEN_5X_AND_10X_MEDIAN band.""}",790,"SUCCESS","\N","2026-08-02 00:27:30.724","fraud_investigation:attempt1","WORKFLOW_INVESTIGATE_ANOMALY",611,179,6271,"SUCCESS",543
145,"mistral-large2","You are a maritime logistics fraud and compliance analyst.

The cost-per-kg threshold comparison has ALREADY been computed for you and is given as PRE-COMPUTED COST-PER-KG BAND. Trust that band and the rule stated next to it. Do not re-derive it or substitute your own thresholds.

Apply this rubric:
- BLOCK if sanctions matches > 0, OR the band is EXTREME_ABOVE_10X_MEDIAN, OR a counterparty name indicates a shell/front company (contains SUSPICIOUS, SHELL, UNKNOWN, or is a generic non-identifiable trading name).
- ESCALATE if the band is ELEVATED_BETWEEN_5X_AND_10X_MEDIAN, OR cost per kg was not computable, OR a required commercial figure is missing, OR document provenance reports extraction confidence below 60/100 or a failed validation. An ELEVATED band alone must NOT be blocked.
- CLEAR if sanctions matches = 0 AND the band is NORMAL_AT_OR_BELOW_5X_MEDIAN AND both counterparties are recognisable real businesses AND (if provenance is given) the extraction validated cleanly. A heavy-weight, high-value or duplicate-BL flag alone, with a NORMAL band and clean screening, is a routine data-quality issue and should be CLEARED.

Cite the actual numbers in your reason.
Return: decision (one of BLOCK/ESCALATE/CLEAR), reason (one sentence, max 200 chars, citing the decisive evidence), assessment (a short risk assessment naming the key indicators and their values).

Alert evidence: Alert type: COST_PER_KG_ANOMALY. BL: EGLV07994. Shipper: ABC Electronics Vietnam. Consignee: Lotte Corp. Carrier: ONE. Route: BEANR -> DEHAM. Charges: $3481. Weight: 1502kg. Cost per kg: $2.3176 (9.06x the peer median of $0.2558). PRE-COMPUTED COST-PER-KG BAND: ELEVATED_BETWEEN_5X_AND_10X_MEDIAN. This band mandates ESCALATE for human judgement - it is NOT sufficient for BLOCK. Sanctions/export-restriction list matches for the counterparties: 0 (0 = both parties clear, -1 = screening data unavailable).","{""assessment"":""The key indicator is the cost per kg, which is $2.3176, 9.06 times the peer median of $0.2558, placing it in the ELEVATED_BETWEEN_5X_AND_10X_MEDIAN band. Both counterparties are recognizable real businesses, and there are no sanctions matches. The elevated cost per kg warrants further investigation."",""decision"":""ESCALATE"",""reason"":""Cost per kg is $2.3176, 9.06x the peer median of $0.2558, placing it in the ELEVATED_BETWEEN_5X_AND_10X_MEDIAN band.""}",786,"SUCCESS","\N","2026-08-02 00:27:38.939","fraud_investigation:attempt1","WORKFLOW_INVESTIGATE_ANOMALY",607,179,4360,"SUCCESS",544
146,"mistral-large2","You are a maritime logistics fraud and compliance analyst.

The cost-per-kg threshold comparison has ALREADY been computed for you and is given as PRE-COMPUTED COST-PER-KG BAND. Trust that band and the rule stated next to it. Do not re-derive it or substitute your own thresholds.

Apply this rubric:
- BLOCK if sanctions matches > 0, OR the band is EXTREME_ABOVE_10X_MEDIAN, OR a counterparty name indicates a shell/front company (contains SUSPICIOUS, SHELL, UNKNOWN, or is a generic non-identifiable trading name).
- ESCALATE if the band is ELEVATED_BETWEEN_5X_AND_10X_MEDIAN, OR cost per kg was not computable, OR a required commercial figure is missing, OR document provenance reports extraction confidence below 60/100 or a failed validation. An ELEVATED band alone must NOT be blocked.
- CLEAR if sanctions matches = 0 AND the band is NORMAL_AT_OR_BELOW_5X_MEDIAN AND both counterparties are recognisable real businesses AND (if provenance is given) the extraction validated cleanly. A heavy-weight, high-value or duplicate-BL flag alone, with a NORMAL band and clean screening, is a routine data-quality issue and should be CLEARED.

Cite the actual numbers in your reason.
Return: decision (one of BLOCK/ESCALATE/CLEAR), reason (one sentence, max 200 chars, citing the decisive evidence), assessment (a short risk assessment naming the key indicators and their values).

Alert evidence: Alert type: COST_PER_KG_ANOMALY. BL: MSKU00457. Shipper: Canon Vietnam. Consignee: Amazon Logistics. Carrier: EVERGREEN. Route: AEJEA -> INMUN. Charges: $6509. Weight: 2811kg. Cost per kg: $2.3155 (9.05x the peer median of $0.2558). PRE-COMPUTED COST-PER-KG BAND: ELEVATED_BETWEEN_5X_AND_10X_MEDIAN. This band mandates ESCALATE for human judgement - it is NOT sufficient for BLOCK. Sanctions/export-restriction list matches for the counterparties: 0 (0 = both parties clear, -1 = screening data unavailable).","{""assessment"":""The key indicator is the cost per kg, which is $2.3155, 9.05 times the peer median of $0.2558. This falls into the ELEVATED_BETWEEN_5X_AND_10X_MEDIAN band, which mandates escalation for human judgment. Both counterparties are recognizable real businesses, and there are no sanctions matches."",""decision"":""ESCALATE"",""reason"":""Cost per kg is $2.3155, 9.05x the peer median of $0.2558, falling into the ELEVATED_BETWEEN_5X_AND_10X_MEDIAN band.""}",783,"SUCCESS","\N","2026-08-02 00:27:48.639","fraud_investigation:attempt1","WORKFLOW_INVESTIGATE_ANOMALY",608,175,5731,"SUCCESS",545
147,"mistral-large2","You are a maritime logistics fraud and compliance analyst.

The cost-per-kg threshold comparison has ALREADY been computed for you and is given as PRE-COMPUTED COST-PER-KG BAND. Trust that band and the rule stated next to it. Do not re-derive it or substitute your own thresholds.

Apply this rubric:
- BLOCK if sanctions matches > 0, OR the band is EXTREME_ABOVE_10X_MEDIAN, OR a counterparty name indicates a shell/front company (contains SUSPICIOUS, SHELL, UNKNOWN, or is a generic non-identifiable trading name).
- ESCALATE if the band is ELEVATED_BETWEEN_5X_AND_10X_MEDIAN, OR cost per kg was not computable, OR a required commercial figure is missing, OR document provenance reports extraction confidence below 60/100 or a failed validation. An ELEVATED band alone must NOT be blocked.
- CLEAR if sanctions matches = 0 AND the band is NORMAL_AT_OR_BELOW_5X_MEDIAN AND both counterparties are recognisable real businesses AND (if provenance is given) the extraction validated cleanly. A heavy-weight, high-value or duplicate-BL flag alone, with a NORMAL band and clean screening, is a routine data-quality issue and should be CLEARED.

Cite the actual numbers in your reason.
Return: decision (one of BLOCK/ESCALATE/CLEAR), reason (one sentence, max 200 chars, citing the decisive evidence), assessment (a short risk assessment naming the key indicators and their values).

Alert evidence: Alert type: COST_PER_KG_ANOMALY. BL: MSKU00156. Shipper: Phong Phu Garment. Consignee: Home Depot. Carrier: CMA_CGM. Route: NLRTM -> CNNGB. Charges: $6999. Weight: 3030kg. Cost per kg: $2.3099 (9.03x the peer median of $0.2558). PRE-COMPUTED COST-PER-KG BAND: ELEVATED_BETWEEN_5X_AND_10X_MEDIAN. This band mandates ESCALATE for human judgement - it is NOT sufficient for BLOCK. Sanctions/export-restriction list matches for the counterparties: 0 (0 = both parties clear, -1 = screening data unavailable).","{""assessment"":""The key indicator is the cost per kg, which is $2.3099, 9.03 times the peer median of $0.2558, placing it in the ELEVATED_BETWEEN_5X_AND_10X_MEDIAN band. Both counterparties are recognizable real businesses, and there are no sanctions matches. The elevated cost per kg warrants further investigation."",""decision"":""ESCALATE"",""reason"":""Cost per kg is $2.3099, 9.03x the peer median of $0.2558, placing it in the ELEVATED_BETWEEN_5X_AND_10X_MEDIAN band.""}",789,"SUCCESS","\N","2026-08-02 00:27:59.226","fraud_investigation:attempt1","WORKFLOW_INVESTIGATE_ANOMALY",610,179,6694,"SUCCESS",546
148,"mistral-large2","You are a maritime logistics fraud and compliance analyst.

The cost-per-kg threshold comparison has ALREADY been computed for you and is given as PRE-COMPUTED COST-PER-KG BAND. Trust that band and the rule stated next to it. Do not re-derive it or substitute your own thresholds.

Apply this rubric:
- BLOCK if sanctions matches > 0, OR the band is EXTREME_ABOVE_10X_MEDIAN, OR a counterparty name indicates a shell/front company (contains SUSPICIOUS, SHELL, UNKNOWN, or is a generic non-identifiable trading name).
- ESCALATE if the band is ELEVATED_BETWEEN_5X_AND_10X_MEDIAN, OR cost per kg was not computable, OR a required commercial figure is missing, OR document provenance reports extraction confidence below 60/100 or a failed validation. An ELEVATED band alone must NOT be blocked.
- CLEAR if sanctions matches = 0 AND the band is NORMAL_AT_OR_BELOW_5X_MEDIAN AND both counterparties are recognisable real businesses AND (if provenance is given) the extraction validated cleanly. A heavy-weight, high-value or duplicate-BL flag alone, with a NORMAL band and clean screening, is a routine data-quality issue and should be CLEARED.

Cite the actual numbers in your reason.
Return: decision (one of BLOCK/ESCALATE/CLEAR), reason (one sentence, max 200 chars, citing the decisive evidence), assessment (a short risk assessment naming the key indicators and their values).

Alert evidence: Alert type: COST_PER_KG_ANOMALY. BL: HLCU07242. Shipper: Honda Vietnam. Consignee: Target Corp. Carrier: CMA_CGM. Route: USLAX -> SGSIN. Charges: $7016. Weight: 3040kg. Cost per kg: $2.3079 (9.02x the peer median of $0.2558). PRE-COMPUTED COST-PER-KG BAND: ELEVATED_BETWEEN_5X_AND_10X_MEDIAN. This band mandates ESCALATE for human judgement - it is NOT sufficient for BLOCK. Sanctions/export-restriction list matches for the counterparties: 0 (0 = both parties clear, -1 = screening data unavailable).","{""assessment"":""The key indicator is the cost per kg, which is $2.3079, 9.02 times the peer median of $0.2558, placing it in the ELEVATED_BETWEEN_5X_AND_10X_MEDIAN band. Both counterparties are recognizable real businesses, and there are no sanctions matches. The elevated cost per kg warrants further investigation."",""decision"":""ESCALATE"",""reason"":""Cost per kg is $2.3079, 9.02x the peer median of $0.2558, placing it in the ELEVATED_BETWEEN_5X_AND_10X_MEDIAN band.""}",787,"SUCCESS","\N","2026-08-02 00:28:08.489","fraud_investigation:attempt1","WORKFLOW_INVESTIGATE_ANOMALY",608,179,5283,"SUCCESS",547
149,"mistral-large2","You are a maritime logistics fraud and compliance analyst.

The cost-per-kg threshold comparison has ALREADY been computed for you and is given as PRE-COMPUTED COST-PER-KG BAND. Trust that band and the rule stated next to it. Do not re-derive it or substitute your own thresholds.

Apply this rubric:
- BLOCK if sanctions matches > 0, OR the band is EXTREME_ABOVE_10X_MEDIAN, OR a counterparty name indicates a shell/front company (contains SUSPICIOUS, SHELL, UNKNOWN, or is a generic non-identifiable trading name).
- ESCALATE if the band is ELEVATED_BETWEEN_5X_AND_10X_MEDIAN, OR cost per kg was not computable, OR a required commercial figure is missing, OR document provenance reports extraction confidence below 60/100 or a failed validation. An ELEVATED band alone must NOT be blocked.
- CLEAR if sanctions matches = 0 AND the band is NORMAL_AT_OR_BELOW_5X_MEDIAN AND both counterparties are recognisable real businesses AND (if provenance is given) the extraction validated cleanly. A heavy-weight, high-value or duplicate-BL flag alone, with a NORMAL band and clean screening, is a routine data-quality issue and should be CLEARED.

Cite the actual numbers in your reason.
Return: decision (one of BLOCK/ESCALATE/CLEAR), reason (one sentence, max 200 chars, citing the decisive evidence), assessment (a short risk assessment naming the key indicators and their values).

Alert evidence: Alert type: WEIGHT_ANOMALY. BL: HLCU06723. Shipper: Phong Phu Garment. Consignee: Metro AG. Carrier: MAERSK. Route: HKHKG -> SGSIN. Charges: $3882. Weight: 44825kg. Cost per kg: $0.0866 (0.34x the peer median of $0.2558). PRE-COMPUTED COST-PER-KG BAND: NORMAL_AT_OR_BELOW_5X_MEDIAN. This band is economically ordinary and does NOT justify BLOCK or ESCALATE on its own. Sanctions/export-restriction list matches for the counterparties: 0 (0 = both parties clear, -1 = screening data unavailable).","{""assessment"":""The key indicators are the cost-per-kg band (NORMAL_AT_OR_BELOW_5X_MEDIAN) and sanctions matches (0). Both counterparties are recognisable real businesses, and the cost per kg is economically ordinary. There are no indications of fraud or compliance issues."",""decision"":""CLEAR"",""reason"":""Sanctions matches = 0, cost-per-kg band is NORMAL_AT_OR_BELOW_5X_MEDIAN, and both counterparties are recognisable real businesses.""}",736,"SUCCESS","\N","2026-08-02 00:28:15.394","fraud_investigation:attempt1","WORKFLOW_INVESTIGATE_ANOMALY",600,136,3033,"SUCCESS",548
150,"mistral-large2","You are a maritime logistics fraud and compliance analyst.

The cost-per-kg threshold comparison has ALREADY been computed for you and is given as PRE-COMPUTED COST-PER-KG BAND. Trust that band and the rule stated next to it. Do not re-derive it or substitute your own thresholds.

Apply this rubric:
- BLOCK if sanctions matches > 0, OR the band is EXTREME_ABOVE_10X_MEDIAN, OR a counterparty name indicates a shell/front company (contains SUSPICIOUS, SHELL, UNKNOWN, or is a generic non-identifiable trading name).
- ESCALATE if the band is ELEVATED_BETWEEN_5X_AND_10X_MEDIAN, OR cost per kg was not computable, OR a required commercial figure is missing, OR document provenance reports extraction confidence below 60/100 or a failed validation. An ELEVATED band alone must NOT be blocked.
- CLEAR if sanctions matches = 0 AND the band is NORMAL_AT_OR_BELOW_5X_MEDIAN AND both counterparties are recognisable real businesses AND (if provenance is given) the extraction validated cleanly. A heavy-weight, high-value or duplicate-BL flag alone, with a NORMAL band and clean screening, is a routine data-quality issue and should be CLEARED.

Cite the actual numbers in your reason.
Return: decision (one of BLOCK/ESCALATE/CLEAR), reason (one sentence, max 200 chars, citing the decisive evidence), assessment (a short risk assessment naming the key indicators and their values).

Alert evidence: Alert type: WEIGHT_ANOMALY. BL: APZU07184. Shipper: Adidas Sourcing Ltd. Consignee: Seven Eleven Japan. Carrier: MAERSK. Route: SGSIN -> JPTYO. Charges: $3961. Weight: 44817kg. Cost per kg: $0.0884 (0.35x the peer median of $0.2558). PRE-COMPUTED COST-PER-KG BAND: NORMAL_AT_OR_BELOW_5X_MEDIAN. This band is economically ordinary and does NOT justify BLOCK or ESCALATE on its own. Sanctions/export-restriction list matches for the counterparties: 0 (0 = both parties clear, -1 = screening data unavailable).","{""assessment"":""The key indicators are the cost-per-kg band (NORMAL_AT_OR_BELOW_5X_MEDIAN) and sanctions matches (0). Both counterparties are recognisable real businesses, and the cost per kg is economically ordinary."",""decision"":""CLEAR"",""reason"":""Sanctions matches = 0, cost-per-kg band is NORMAL_AT_OR_BELOW_5X_MEDIAN, and both counterparties are recognisable real businesses.""}",726,"SUCCESS","\N","2026-08-02 00:28:24.603","fraud_investigation:attempt1","WORKFLOW_INVESTIGATE_ANOMALY",601,125,4255,"SUCCESS",549
151,"mistral-large2","You are a maritime logistics fraud and compliance analyst.

The cost-per-kg threshold comparison has ALREADY been computed for you and is given as PRE-COMPUTED COST-PER-KG BAND. Trust that band and the rule stated next to it. Do not re-derive it or substitute your own thresholds.

Apply this rubric:
- BLOCK if sanctions matches > 0, OR the band is EXTREME_ABOVE_10X_MEDIAN, OR a counterparty name indicates a shell/front company (contains SUSPICIOUS, SHELL, UNKNOWN, or is a generic non-identifiable trading name).
- ESCALATE if the band is ELEVATED_BETWEEN_5X_AND_10X_MEDIAN, OR cost per kg was not computable, OR a required commercial figure is missing, OR document provenance reports extraction confidence below 60/100 or a failed validation. An ELEVATED band alone must NOT be blocked.
- CLEAR if sanctions matches = 0 AND the band is NORMAL_AT_OR_BELOW_5X_MEDIAN AND both counterparties are recognisable real businesses AND (if provenance is given) the extraction validated cleanly. A heavy-weight, high-value or duplicate-BL flag alone, with a NORMAL band and clean screening, is a routine data-quality issue and should be CLEARED.

Cite the actual numbers in your reason.
Return: decision (one of BLOCK/ESCALATE/CLEAR), reason (one sentence, max 200 chars, citing the decisive evidence), assessment (a short risk assessment naming the key indicators and their values).

Alert evidence: Alert type: WEIGHT_ANOMALY. BL: HLCU09182. Shipper: Adidas Sourcing Ltd. Consignee: AEON Japan. Carrier: MAERSK. Route: VNSGN -> MYPKG. Charges: $7997. Weight: 44810kg. Cost per kg: $0.1785 (0.7x the peer median of $0.2558). PRE-COMPUTED COST-PER-KG BAND: NORMAL_AT_OR_BELOW_5X_MEDIAN. This band is economically ordinary and does NOT justify BLOCK or ESCALATE on its own. Sanctions/export-restriction list matches for the counterparties: 0 (0 = both parties clear, -1 = screening data unavailable).","{""assessment"":""The key indicators are the cost-per-kg band (NORMAL_AT_OR_BELOW_5X_MEDIAN) and sanctions matches (0). Both counterparties are recognisable real businesses, and the cost per kg is economically ordinary. There are no indications of fraud or compliance issues."",""decision"":""CLEAR"",""reason"":""Sanctions matches = 0, cost-per-kg band is NORMAL_AT_OR_BELOW_5X_MEDIAN, and both counterparties are recognisable real businesses.""}",735,"SUCCESS","\N","2026-08-02 00:28:32.505","fraud_investigation:attempt1","WORKFLOW_INVESTIGATE_ANOMALY",599,136,3515,"SUCCESS",550
152,"mistral-large2","You are a maritime logistics fraud and compliance analyst.

The cost-per-kg threshold comparison has ALREADY been computed for you and is given as PRE-COMPUTED COST-PER-KG BAND. Trust that band and the rule stated next to it. Do not re-derive it or substitute your own thresholds.

Apply this rubric:
- BLOCK if sanctions matches > 0, OR the band is EXTREME_ABOVE_10X_MEDIAN, OR a counterparty name indicates a shell/front company (contains SUSPICIOUS, SHELL, UNKNOWN, or is a generic non-identifiable trading name).
- ESCALATE if the band is ELEVATED_BETWEEN_5X_AND_10X_MEDIAN, OR cost per kg was not computable, OR a required commercial figure is missing, OR document provenance reports extraction confidence below 60/100 or a failed validation. An ELEVATED band alone must NOT be blocked.
- CLEAR if sanctions matches = 0 AND the band is NORMAL_AT_OR_BELOW_5X_MEDIAN AND both counterparties are recognisable real businesses AND (if provenance is given) the extraction validated cleanly. A heavy-weight, high-value or duplicate-BL flag alone, with a NORMAL band and clean screening, is a routine data-quality issue and should be CLEARED.

Cite the actual numbers in your reason.
Return: decision (one of BLOCK/ESCALATE/CLEAR), reason (one sentence, max 200 chars, citing the decisive evidence), assessment (a short risk assessment naming the key indicators and their values).

Alert evidence: Alert type: WEIGHT_ANOMALY. BL: YMLU09791. Shipper: Toyota Vietnam. Consignee: Costco Wholesale. Carrier: COSCO. Route: CNNGB -> NLRTM. Charges: $5640. Weight: 44809kg. Cost per kg: $0.1259 (0.49x the peer median of $0.2558). PRE-COMPUTED COST-PER-KG BAND: NORMAL_AT_OR_BELOW_5X_MEDIAN. This band is economically ordinary and does NOT justify BLOCK or ESCALATE on its own. Sanctions/export-restriction list matches for the counterparties: 0 (0 = both parties clear, -1 = screening data unavailable).","{""assessment"":""The key indicators are the cost-per-kg band (NORMAL_AT_OR_BELOW_5X_MEDIAN) and sanctions matches (0). Both counterparties are recognisable real businesses, and the cost per kg is economically ordinary. There are no indicators of high risk."",""decision"":""CLEAR"",""reason"":""Sanctions matches = 0, cost-per-kg band is NORMAL_AT_OR_BELOW_5X_MEDIAN, and both counterparties are recognisable real businesses.""}",731,"SUCCESS","\N","2026-08-02 00:28:42.100","fraud_investigation:attempt1","WORKFLOW_INVESTIGATE_ANOMALY",597,134,5148,"SUCCESS",551
153,"mistral-large2","You are a maritime logistics fraud and compliance analyst.

The cost-per-kg threshold comparison has ALREADY been computed for you and is given as PRE-COMPUTED COST-PER-KG BAND. Trust that band and the rule stated next to it. Do not re-derive it or substitute your own thresholds.

Apply this rubric:
- BLOCK if sanctions matches > 0, OR the band is EXTREME_ABOVE_10X_MEDIAN, OR a counterparty name indicates a shell/front company (contains SUSPICIOUS, SHELL, UNKNOWN, or is a generic non-identifiable trading name).
- ESCALATE if the band is ELEVATED_BETWEEN_5X_AND_10X_MEDIAN, OR cost per kg was not computable, OR a required commercial figure is missing, OR document provenance reports extraction confidence below 60/100 or a failed validation. An ELEVATED band alone must NOT be blocked.
- CLEAR if sanctions matches = 0 AND the band is NORMAL_AT_OR_BELOW_5X_MEDIAN AND both counterparties are recognisable real businesses AND (if provenance is given) the extraction validated cleanly. A heavy-weight, high-value or duplicate-BL flag alone, with a NORMAL band and clean screening, is a routine data-quality issue and should be CLEARED.

Cite the actual numbers in your reason.
Return: decision (one of BLOCK/ESCALATE/CLEAR), reason (one sentence, max 200 chars, citing the decisive evidence), assessment (a short risk assessment naming the key indicators and their values).

Alert evidence: Alert type: WEIGHT_ANOMALY. BL: MSKU07256. Shipper: Foxconn Vietnam. Consignee: Asian Foods LLC. Carrier: COSCO. Route: USNYC -> USNYC. Charges: $3303. Weight: 44795kg. Cost per kg: $0.0737 (0.29x the peer median of $0.2558). PRE-COMPUTED COST-PER-KG BAND: NORMAL_AT_OR_BELOW_5X_MEDIAN. This band is economically ordinary and does NOT justify BLOCK or ESCALATE on its own. Sanctions/export-restriction list matches for the counterparties: 0 (0 = both parties clear, -1 = screening data unavailable).","{""assessment"":""The key indicators are the cost-per-kg band (NORMAL_AT_OR_BELOW_5X_MEDIAN) and sanctions matches (0). Both counterparties are recognisable real businesses, and the cost per kg is economically ordinary. There are no indications of fraud or compliance issues."",""decision"":""CLEAR"",""reason"":""Sanctions matches = 0, cost-per-kg band is NORMAL_AT_OR_BELOW_5X_MEDIAN, and both counterparties are recognisable real businesses.""}",733,"SUCCESS","\N","2026-08-02 00:28:52.094","fraud_investigation:attempt1","WORKFLOW_INVESTIGATE_ANOMALY",597,136,5380,"SUCCESS",552
154,"mistral-large2","You are a maritime logistics fraud and compliance analyst.

The cost-per-kg threshold comparison has ALREADY been computed for you and is given as PRE-COMPUTED COST-PER-KG BAND. Trust that band and the rule stated next to it. Do not re-derive it or substitute your own thresholds.

Apply this rubric:
- BLOCK if sanctions matches > 0, OR the band is EXTREME_ABOVE_10X_MEDIAN, OR a counterparty name indicates a shell/front company (contains SUSPICIOUS, SHELL, UNKNOWN, or is a generic non-identifiable trading name).
- ESCALATE if the band is ELEVATED_BETWEEN_5X_AND_10X_MEDIAN, OR cost per kg was not computable, OR a required commercial figure is missing, OR document provenance reports extraction confidence below 60/100 or a failed validation. An ELEVATED band alone must NOT be blocked.
- CLEAR if sanctions matches = 0 AND the band is NORMAL_AT_OR_BELOW_5X_MEDIAN AND both counterparties are recognisable real businesses AND (if provenance is given) the extraction validated cleanly. A heavy-weight, high-value or duplicate-BL flag alone, with a NORMAL band and clean screening, is a routine data-quality issue and should be CLEARED.

Cite the actual numbers in your reason.
Return: decision (one of BLOCK/ESCALATE/CLEAR), reason (one sentence, max 200 chars, citing the decisive evidence), assessment (a short risk assessment naming the key indicators and their values).

Alert evidence: Alert type: WEIGHT_ANOMALY. BL: CMDU00400. Shipper: Foxconn Vietnam. Consignee: Fashion Retail Inc. Carrier: MAERSK. Route: VNHPH -> BEANR. Charges: $4779. Weight: 44789kg. Cost per kg: $0.1067 (0.42x the peer median of $0.2558). PRE-COMPUTED COST-PER-KG BAND: NORMAL_AT_OR_BELOW_5X_MEDIAN. This band is economically ordinary and does NOT justify BLOCK or ESCALATE on its own. Sanctions/export-restriction list matches for the counterparties: 0 (0 = both parties clear, -1 = screening data unavailable).","{""assessment"":""The key indicators are the cost-per-kg band (NORMAL_AT_OR_BELOW_5X_MEDIAN) and sanctions matches (0). Both counterparties are recognisable real businesses, and the cost per kg is economically ordinary. There are no indications of shell/front companies or extraction issues."",""decision"":""CLEAR"",""reason"":""Sanctions matches = 0, cost-per-kg band is NORMAL_AT_OR_BELOW_5X_MEDIAN, and both counterparties are recognisable real businesses.""}",739,"SUCCESS","\N","2026-08-02 00:29:04.263","fraud_investigation:attempt1","WORKFLOW_INVESTIGATE_ANOMALY",599,140,7735,"SUCCESS",553
155,"mistral-large2","You are a maritime logistics fraud and compliance analyst.

The cost-per-kg threshold comparison has ALREADY been computed for you and is given as PRE-COMPUTED COST-PER-KG BAND. Trust that band and the rule stated next to it. Do not re-derive it or substitute your own thresholds.

Apply this rubric:
- BLOCK if sanctions matches > 0, OR the band is EXTREME_ABOVE_10X_MEDIAN, OR a counterparty name indicates a shell/front company (contains SUSPICIOUS, SHELL, UNKNOWN, or is a generic non-identifiable trading name).
- ESCALATE if the band is ELEVATED_BETWEEN_5X_AND_10X_MEDIAN, OR cost per kg was not computable, OR a required commercial figure is missing, OR document provenance reports extraction confidence below 60/100 or a failed validation. An ELEVATED band alone must NOT be blocked.
- CLEAR if sanctions matches = 0 AND the band is NORMAL_AT_OR_BELOW_5X_MEDIAN AND both counterparties are recognisable real businesses AND (if provenance is given) the extraction validated cleanly. A heavy-weight, high-value or duplicate-BL flag alone, with a NORMAL band and clean screening, is a routine data-quality issue and should be CLEARED.

Cite the actual numbers in your reason.
Return: decision (one of BLOCK/ESCALATE/CLEAR), reason (one sentence, max 200 chars, citing the decisive evidence), assessment (a short risk assessment naming the key indicators and their values).

Alert evidence: Alert type: WEIGHT_ANOMALY. BL: MAEU02529. Shipper: Samsung Vietnam. Consignee: Tesco PLC. Carrier: MAERSK. Route: BEANR -> JPYOK. Charges: $4318. Weight: 44770kg. Cost per kg: $0.0964 (0.38x the peer median of $0.2558). PRE-COMPUTED COST-PER-KG BAND: NORMAL_AT_OR_BELOW_5X_MEDIAN. This band is economically ordinary and does NOT justify BLOCK or ESCALATE on its own. Sanctions/export-restriction list matches for the counterparties: 0 (0 = both parties clear, -1 = screening data unavailable).","{""assessment"":""The key indicators are the cost-per-kg band (NORMAL_AT_OR_BELOW_5X_MEDIAN) and sanctions matches (0). Both counterparties are recognisable real businesses, and the cost per kg is economically ordinary."",""decision"":""CLEAR"",""reason"":""Sanctions matches = 0, cost-per-kg band is NORMAL_AT_OR_BELOW_5X_MEDIAN, and both counterparties are recognisable real businesses.""}",721,"SUCCESS","\N","2026-08-02 00:29:12.354","fraud_investigation:attempt1","WORKFLOW_INVESTIGATE_ANOMALY",596,125,3583,"SUCCESS",554
156,"mistral-large2","You are a maritime logistics fraud and compliance analyst.

The cost-per-kg threshold comparison has ALREADY been computed for you and is given as PRE-COMPUTED COST-PER-KG BAND. Trust that band and the rule stated next to it. Do not re-derive it or substitute your own thresholds.

Apply this rubric:
- BLOCK if sanctions matches > 0, OR the band is EXTREME_ABOVE_10X_MEDIAN, OR a counterparty name indicates a shell/front company (contains SUSPICIOUS, SHELL, UNKNOWN, or is a generic non-identifiable trading name).
- ESCALATE if the band is ELEVATED_BETWEEN_5X_AND_10X_MEDIAN, OR cost per kg was not computable, OR a required commercial figure is missing, OR document provenance reports extraction confidence below 60/100 or a failed validation. An ELEVATED band alone must NOT be blocked.
- CLEAR if sanctions matches = 0 AND the band is NORMAL_AT_OR_BELOW_5X_MEDIAN AND both counterparties are recognisable real businesses AND (if provenance is given) the extraction validated cleanly. A heavy-weight, high-value or duplicate-BL flag alone, with a NORMAL band and clean screening, is a routine data-quality issue and should be CLEARED.

Cite the actual numbers in your reason.
Return: decision (one of BLOCK/ESCALATE/CLEAR), reason (one sentence, max 200 chars, citing the decisive evidence), assessment (a short risk assessment naming the key indicators and their values).

Alert evidence: Alert type: WEIGHT_ANOMALY. BL: EGLV01948. Shipper: Intel Products Vietnam. Consignee: Lotte Corp. Carrier: MAERSK. Route: USLAX -> CNSHA. Charges: $4768. Weight: 44769kg. Cost per kg: $0.1065 (0.42x the peer median of $0.2558). PRE-COMPUTED COST-PER-KG BAND: NORMAL_AT_OR_BELOW_5X_MEDIAN. This band is economically ordinary and does NOT justify BLOCK or ESCALATE on its own. Sanctions/export-restriction list matches for the counterparties: 0 (0 = both parties clear, -1 = screening data unavailable).","{""assessment"":""The key indicators are the cost-per-kg band (NORMAL_AT_OR_BELOW_5X_MEDIAN) and sanctions matches (0). Both counterparties are recognisable real businesses, and the cost per kg is economically ordinary. There are no indications of shell/front companies or extraction issues."",""decision"":""CLEAR"",""reason"":""Sanctions matches = 0, cost-per-kg band is NORMAL_AT_OR_BELOW_5X_MEDIAN, and both counterparties are recognisable real businesses.""}",737,"SUCCESS","\N","2026-08-02 00:29:20.766","fraud_investigation:attempt1","WORKFLOW_INVESTIGATE_ANOMALY",597,140,3554,"SUCCESS",555
157,"mistral-large2","You are a maritime logistics fraud and compliance analyst.

The cost-per-kg threshold comparison has ALREADY been computed for you and is given as PRE-COMPUTED COST-PER-KG BAND. Trust that band and the rule stated next to it. Do not re-derive it or substitute your own thresholds.

Apply this rubric:
- BLOCK if sanctions matches > 0, OR the band is EXTREME_ABOVE_10X_MEDIAN, OR a counterparty name indicates a shell/front company (contains SUSPICIOUS, SHELL, UNKNOWN, or is a generic non-identifiable trading name).
- ESCALATE if the band is ELEVATED_BETWEEN_5X_AND_10X_MEDIAN, OR cost per kg was not computable, OR a required commercial figure is missing, OR document provenance reports extraction confidence below 60/100 or a failed validation. An ELEVATED band alone must NOT be blocked.
- CLEAR if sanctions matches = 0 AND the band is NORMAL_AT_OR_BELOW_5X_MEDIAN AND both counterparties are recognisable real businesses AND (if provenance is given) the extraction validated cleanly. A heavy-weight, high-value or duplicate-BL flag alone, with a NORMAL band and clean screening, is a routine data-quality issue and should be CLEARED.

Cite the actual numbers in your reason.
Return: decision (one of BLOCK/ESCALATE/CLEAR), reason (one sentence, max 200 chars, citing the decisive evidence), assessment (a short risk assessment naming the key indicators and their values).

Alert evidence: Alert type: HIGH_VALUE_ANOMALY. BL: EGLV00261. Shipper: Binh Tien Consumer. Consignee: Target Corp. Carrier: HAPAG_LLOYD. Route: VNHPH -> DEHAM. Charges: $8664. Weight: 26017kg. Cost per kg: $0.333 (1.3x the peer median of $0.2558). PRE-COMPUTED COST-PER-KG BAND: NORMAL_AT_OR_BELOW_5X_MEDIAN. This band is economically ordinary and does NOT justify BLOCK or ESCALATE on its own. Sanctions/export-restriction list matches for the counterparties: 0 (0 = both parties clear, -1 = screening data unavailable).","{""assessment"":""The alert indicates a high-value anomaly, but the cost per kg is within the normal range at $0.333 (1.3x the peer median of $0.2558). Both counterparties are recognizable real businesses, and there are no sanctions matches. The alert can be cleared as it does not meet the criteria for blocking or escalation."",""decision"":""CLEAR"",""reason"":""Cost per kg is within normal range ($0.333, 1.3x median), no sanctions matches, and both counterparties are recognizable real businesses.""}",749,"SUCCESS","\N","2026-08-02 00:29:28.742","fraud_investigation:attempt1","WORKFLOW_INVESTIGATE_ANOMALY",605,144,3166,"SUCCESS",556
158,"mistral-large2","You are a maritime logistics fraud and compliance analyst.

The cost-per-kg threshold comparison has ALREADY been computed for you and is given as PRE-COMPUTED COST-PER-KG BAND. Trust that band and the rule stated next to it. Do not re-derive it or substitute your own thresholds.

Apply this rubric:
- BLOCK if sanctions matches > 0, OR the band is EXTREME_ABOVE_10X_MEDIAN, OR a counterparty name indicates a shell/front company (contains SUSPICIOUS, SHELL, UNKNOWN, or is a generic non-identifiable trading name).
- ESCALATE if the band is ELEVATED_BETWEEN_5X_AND_10X_MEDIAN, OR cost per kg was not computable, OR a required commercial figure is missing, OR document provenance reports extraction confidence below 60/100 or a failed validation. An ELEVATED band alone must NOT be blocked.
- CLEAR if sanctions matches = 0 AND the band is NORMAL_AT_OR_BELOW_5X_MEDIAN AND both counterparties are recognisable real businesses AND (if provenance is given) the extraction validated cleanly. A heavy-weight, high-value or duplicate-BL flag alone, with a NORMAL band and clean screening, is a routine data-quality issue and should be CLEARED.

Cite the actual numbers in your reason.
Return: decision (one of BLOCK/ESCALATE/CLEAR), reason (one sentence, max 200 chars, citing the decisive evidence), assessment (a short risk assessment naming the key indicators and their values).

Alert evidence: Alert type: HIGH_VALUE_ANOMALY. BL: YMLU07775. Shipper: Viettel Electronics. Consignee: Fashion Retail Inc. Carrier: HAPAG_LLOYD. Route: JPYOK -> AEJEA. Charges: $8648. Weight: 30810kg. Cost per kg: $0.2807 (1.1x the peer median of $0.2558). PRE-COMPUTED COST-PER-KG BAND: NORMAL_AT_OR_BELOW_5X_MEDIAN. This band is economically ordinary and does NOT justify BLOCK or ESCALATE on its own. Sanctions/export-restriction list matches for the counterparties: 0 (0 = both parties clear, -1 = screening data unavailable).","{""assessment"":""The alert indicates a high-value anomaly, but the cost per kg is within the normal range (1.1x the peer median of $0.2558), and there are no sanctions matches. Both counterparties are recognizable real businesses. The key indicators are the cost per kg ($0.2807) and sanctions matches (0)."",""decision"":""CLEAR"",""reason"":""Cost per kg is within the normal range (1.1x the peer median of $0.2558) and there are no sanctions matches (0).""}",751,"SUCCESS","\N","2026-08-02 00:29:37.994","fraud_investigation:attempt1","WORKFLOW_INVESTIGATE_ANOMALY",608,143,4856,"SUCCESS",557
159,"mistral-large2","You are a maritime logistics fraud and compliance analyst.

The cost-per-kg threshold comparison has ALREADY been computed for you and is given as PRE-COMPUTED COST-PER-KG BAND. Trust that band and the rule stated next to it. Do not re-derive it or substitute your own thresholds.

Apply this rubric:
- BLOCK if sanctions matches > 0, OR the band is EXTREME_ABOVE_10X_MEDIAN, OR a counterparty name indicates a shell/front company (contains SUSPICIOUS, SHELL, UNKNOWN, or is a generic non-identifiable trading name).
- ESCALATE if the band is ELEVATED_BETWEEN_5X_AND_10X_MEDIAN, OR cost per kg was not computable, OR a required commercial figure is missing, OR document provenance reports extraction confidence below 60/100 or a failed validation. An ELEVATED band alone must NOT be blocked.
- CLEAR if sanctions matches = 0 AND the band is NORMAL_AT_OR_BELOW_5X_MEDIAN AND both counterparties are recognisable real businesses AND (if provenance is given) the extraction validated cleanly. A heavy-weight, high-value or duplicate-BL flag alone, with a NORMAL band and clean screening, is a routine data-quality issue and should be CLEARED.

Cite the actual numbers in your reason.
Return: decision (one of BLOCK/ESCALATE/CLEAR), reason (one sentence, max 200 chars, citing the decisive evidence), assessment (a short risk assessment naming the key indicators and their values).

Alert evidence: Alert type: HIGH_VALUE_ANOMALY. BL: APZU02868. Shipper: Samsung Vietnam. Consignee: Fashion Retail Inc. Carrier: HAPAG_LLOYD. Route: MYPKG -> DEHAM. Charges: $8641. Weight: 15836kg. Cost per kg: $0.5457 (2.13x the peer median of $0.2558). PRE-COMPUTED COST-PER-KG BAND: NORMAL_AT_OR_BELOW_5X_MEDIAN. This band is economically ordinary and does NOT justify BLOCK or ESCALATE on its own. Sanctions/export-restriction list matches for the counterparties: 0 (0 = both parties clear, -1 = screening data unavailable).","{""assessment"":""The key indicators are the cost-per-kg band (NORMAL_AT_OR_BELOW_5X_MEDIAN), sanctions matches (0), and recognizable counterparties (Samsung Vietnam and Fashion Retail Inc.). The cost per kg is $0.5457, which is 2.13x the peer median of $0.2558, but still within the normal range. Both counterparties are recognizable real businesses, and there are no sanctions matches."",""decision"":""CLEAR"",""reason"":""Sanctions matches = 0, cost-per-kg band is NORMAL_AT_OR_BELOW_5X_MEDIAN, and both counterparties are recognizable real businesses.""}",782,"SUCCESS","\N","2026-08-02 00:29:46.709","fraud_investigation:attempt1","WORKFLOW_INVESTIGATE_ANOMALY",604,178,4324,"SUCCESS",558
160,"mistral-large2","You are a maritime logistics fraud and compliance analyst.

The cost-per-kg threshold comparison has ALREADY been computed for you and is given as PRE-COMPUTED COST-PER-KG BAND. Trust that band and the rule stated next to it. Do not re-derive it or substitute your own thresholds.

Apply this rubric:
- BLOCK if sanctions matches > 0, OR the band is EXTREME_ABOVE_10X_MEDIAN, OR a counterparty name indicates a shell/front company (contains SUSPICIOUS, SHELL, UNKNOWN, or is a generic non-identifiable trading name).
- ESCALATE if the band is ELEVATED_BETWEEN_5X_AND_10X_MEDIAN, OR cost per kg was not computable, OR a required commercial figure is missing, OR document provenance reports extraction confidence below 60/100 or a failed validation. An ELEVATED band alone must NOT be blocked.
- CLEAR if sanctions matches = 0 AND the band is NORMAL_AT_OR_BELOW_5X_MEDIAN AND both counterparties are recognisable real businesses AND (if provenance is given) the extraction validated cleanly. A heavy-weight, high-value or duplicate-BL flag alone, with a NORMAL band and clean screening, is a routine data-quality issue and should be CLEARED.

Cite the actual numbers in your reason.
Return: decision (one of BLOCK/ESCALATE/CLEAR), reason (one sentence, max 200 chars, citing the decisive evidence), assessment (a short risk assessment naming the key indicators and their values).

Alert evidence: Alert type: HIGH_VALUE_ANOMALY. BL: CMDU02285. Shipper: Vinamilk Co Ltd. Consignee: Shopee Express. Carrier: HAPAG_LLOYD. Route: AEJEA -> VNSGN. Charges: $8611. Weight: 22621kg. Cost per kg: $0.3807 (1.49x the peer median of $0.2558). PRE-COMPUTED COST-PER-KG BAND: NORMAL_AT_OR_BELOW_5X_MEDIAN. This band is economically ordinary and does NOT justify BLOCK or ESCALATE on its own. Sanctions/export-restriction list matches for the counterparties: 0 (0 = both parties clear, -1 = screening data unavailable).","{""assessment"":""The key indicators are the cost-per-kg band (NORMAL_AT_OR_BELOW_5X_MEDIAN), sanctions matches (0), and recognizable counterparties (Vinamilk Co Ltd and Shopee Express). The cost per kg is $0.3807, which is 1.49x the peer median of $0.2558, but still within the normal range. Both counterparties are recognizable real businesses, and there are no sanctions matches."",""decision"":""CLEAR"",""reason"":""Sanctions matches = 0, cost-per-kg band is NORMAL_AT_OR_BELOW_5X_MEDIAN, and both counterparties are recognizable real businesses.""}",786,"SUCCESS","\N","2026-08-02 00:30:01.472","fraud_investigation:attempt1","WORKFLOW_INVESTIGATE_ANOMALY",607,179,10388,"SUCCESS",559
161,"mistral-large2","You are a maritime logistics fraud and compliance analyst.

The cost-per-kg threshold comparison has ALREADY been computed for you and is given as PRE-COMPUTED COST-PER-KG BAND. Trust that band and the rule stated next to it. Do not re-derive it or substitute your own thresholds.

Apply this rubric:
- BLOCK if sanctions matches > 0, OR the band is EXTREME_ABOVE_10X_MEDIAN, OR a counterparty name indicates a shell/front company (contains SUSPICIOUS, SHELL, UNKNOWN, or is a generic non-identifiable trading name).
- ESCALATE if the band is ELEVATED_BETWEEN_5X_AND_10X_MEDIAN, OR cost per kg was not computable, OR a required commercial figure is missing, OR document provenance reports extraction confidence below 60/100 or a failed validation. An ELEVATED band alone must NOT be blocked.
- CLEAR if sanctions matches = 0 AND the band is NORMAL_AT_OR_BELOW_5X_MEDIAN AND both counterparties are recognisable real businesses AND (if provenance is given) the extraction validated cleanly. A heavy-weight, high-value or duplicate-BL flag alone, with a NORMAL band and clean screening, is a routine data-quality issue and should be CLEARED.

Cite the actual numbers in your reason.
Return: decision (one of BLOCK/ESCALATE/CLEAR), reason (one sentence, max 200 chars, citing the decisive evidence), assessment (a short risk assessment naming the key indicators and their values).

Alert evidence: Alert type: HIGH_VALUE_ANOMALY. BL: APZU05021. Shipper: Tan Hiep Phat. Consignee: Shopee Express. Carrier: HAPAG_LLOYD. Route: USLAX -> NLRTM. Charges: $8610. Weight: 10655kg. Cost per kg: $0.8081 (3.16x the peer median of $0.2558). PRE-COMPUTED COST-PER-KG BAND: NORMAL_AT_OR_BELOW_5X_MEDIAN. This band is economically ordinary and does NOT justify BLOCK or ESCALATE on its own. Sanctions/export-restriction list matches for the counterparties: 0 (0 = both parties clear, -1 = screening data unavailable).","{""assessment"":""The key indicators are the cost-per-kg band (NORMAL_AT_OR_BELOW_5X_MEDIAN), sanctions matches (0), and recognizable counterparties (Tan Hiep Phat and Shopee Express). The cost per kg is $0.8081, which is 3.16x the peer median of $0.2558, but still within the normal range. Both counterparties are recognizable real businesses, and there are no sanctions matches."",""decision"":""CLEAR"",""reason"":""Sanctions matches = 0, cost-per-kg band is NORMAL_AT_OR_BELOW_5X_MEDIAN, and both counterparties are recognizable real businesses.""}",787,"SUCCESS","\N","2026-08-02 00:30:11.045","fraud_investigation:attempt1","WORKFLOW_INVESTIGATE_ANOMALY",607,180,4363,"SUCCESS",560
162,"mistral-large2","You are a maritime logistics fraud and compliance analyst.

The cost-per-kg threshold comparison has ALREADY been computed for you and is given as PRE-COMPUTED COST-PER-KG BAND. Trust that band and the rule stated next to it. Do not re-derive it or substitute your own thresholds.

Apply this rubric:
- BLOCK if sanctions matches > 0, OR the band is EXTREME_ABOVE_10X_MEDIAN, OR a counterparty name indicates a shell/front company (contains SUSPICIOUS, SHELL, UNKNOWN, or is a generic non-identifiable trading name).
- ESCALATE if the band is ELEVATED_BETWEEN_5X_AND_10X_MEDIAN, OR cost per kg was not computable, OR a required commercial figure is missing, OR document provenance reports extraction confidence below 60/100 or a failed validation. An ELEVATED band alone must NOT be blocked.
- CLEAR if sanctions matches = 0 AND the band is NORMAL_AT_OR_BELOW_5X_MEDIAN AND both counterparties are recognisable real businesses AND (if provenance is given) the extraction validated cleanly. A heavy-weight, high-value or duplicate-BL flag alone, with a NORMAL band and clean screening, is a routine data-quality issue and should be CLEARED.

Cite the actual numbers in your reason.
Return: decision (one of BLOCK/ESCALATE/CLEAR), reason (one sentence, max 200 chars, citing the decisive evidence), assessment (a short risk assessment naming the key indicators and their values).

Alert evidence: Alert type: HIGH_VALUE_ANOMALY. BL: ONEY06068. Shipper: Trung Nguyen Coffee. Consignee: Home Depot. Carrier: HAPAG_LLOYD. Route: AEJEA -> HKHKG. Charges: $8609. Weight: 22002kg. Cost per kg: $0.3913 (1.53x the peer median of $0.2558). PRE-COMPUTED COST-PER-KG BAND: NORMAL_AT_OR_BELOW_5X_MEDIAN. This band is economically ordinary and does NOT justify BLOCK or ESCALATE on its own. Sanctions/export-restriction list matches for the counterparties: 0 (0 = both parties clear, -1 = screening data unavailable).","{""assessment"":""The alert indicates a high-value anomaly, but the cost per kg is within the normal range (1.53x the peer median of $0.2558), and there are no sanctions matches. Both counterparties are recognizable real businesses. The key indicators are cost per kg ($0.3913) and sanctions matches (0)."",""decision"":""CLEAR"",""reason"":""Cost per kg is within the normal range (1.53x the peer median of $0.2558) and there are no sanctions matches (0).""}",753,"SUCCESS","\N","2026-08-02 00:30:20.035","fraud_investigation:attempt1","WORKFLOW_INVESTIGATE_ANOMALY",609,144,3662,"SUCCESS",561
163,"mistral-large2","You are a maritime logistics fraud and compliance analyst.

The cost-per-kg threshold comparison has ALREADY been computed for you and is given as PRE-COMPUTED COST-PER-KG BAND. Trust that band and the rule stated next to it. Do not re-derive it or substitute your own thresholds.

Apply this rubric:
- BLOCK if sanctions matches > 0, OR the band is EXTREME_ABOVE_10X_MEDIAN, OR a counterparty name indicates a shell/front company (contains SUSPICIOUS, SHELL, UNKNOWN, or is a generic non-identifiable trading name).
- ESCALATE if the band is ELEVATED_BETWEEN_5X_AND_10X_MEDIAN, OR cost per kg was not computable, OR a required commercial figure is missing, OR document provenance reports extraction confidence below 60/100 or a failed validation. An ELEVATED band alone must NOT be blocked.
- CLEAR if sanctions matches = 0 AND the band is NORMAL_AT_OR_BELOW_5X_MEDIAN AND both counterparties are recognisable real businesses AND (if provenance is given) the extraction validated cleanly. A heavy-weight, high-value or duplicate-BL flag alone, with a NORMAL band and clean screening, is a routine data-quality issue and should be CLEARED.

Cite the actual numbers in your reason.
Return: decision (one of BLOCK/ESCALATE/CLEAR), reason (one sentence, max 200 chars, citing the decisive evidence), assessment (a short risk assessment naming the key indicators and their values).

Alert evidence: Alert type: WEIGHT_ANOMALY. BL: CAXU06519. Shipper: Samsung Vietnam. Consignee: JD Logistics. Carrier: MSC. Route: HKHKG -> MYPKG. Charges: $6397. Weight: 44856kg. Cost per kg: $0.1426 (0.56x the peer median of $0.2558). PRE-COMPUTED COST-PER-KG BAND: NORMAL_AT_OR_BELOW_5X_MEDIAN. This band is economically ordinary and does NOT justify BLOCK or ESCALATE on its own. Sanctions/export-restriction list matches for the counterparties: 0 (0 = both parties clear, -1 = screening data unavailable).","{""assessment"":""The key indicators are the cost-per-kg band (NORMAL_AT_OR_BELOW_5X_MEDIAN) and sanctions matches (0). Both counterparties are recognisable real businesses, and the cost per kg is economically ordinary."",""decision"":""CLEAR"",""reason"":""Sanctions matches = 0, cost-per-kg band is NORMAL_AT_OR_BELOW_5X_MEDIAN, and both counterparties are recognisable real businesses.""}",722,"SUCCESS","\N","2026-08-02 00:30:28.115","fraud_investigation:attempt1","WORKFLOW_INVESTIGATE_ANOMALY",597,125,3246,"SUCCESS",562
164,"mistral-large2","You are a maritime logistics fraud and compliance analyst.

The cost-per-kg threshold comparison has ALREADY been computed for you and is given as PRE-COMPUTED COST-PER-KG BAND. Trust that band and the rule stated next to it. Do not re-derive it or substitute your own thresholds.

Apply this rubric:
- BLOCK if sanctions matches > 0, OR the band is EXTREME_ABOVE_10X_MEDIAN, OR a counterparty name indicates a shell/front company (contains SUSPICIOUS, SHELL, UNKNOWN, or is a generic non-identifiable trading name).
- ESCALATE if the band is ELEVATED_BETWEEN_5X_AND_10X_MEDIAN, OR cost per kg was not computable, OR a required commercial figure is missing, OR document provenance reports extraction confidence below 60/100 or a failed validation. An ELEVATED band alone must NOT be blocked.
- CLEAR if sanctions matches = 0 AND the band is NORMAL_AT_OR_BELOW_5X_MEDIAN AND both counterparties are recognisable real businesses AND (if provenance is given) the extraction validated cleanly. A heavy-weight, high-value or duplicate-BL flag alone, with a NORMAL band and clean screening, is a routine data-quality issue and should be CLEARED.

Cite the actual numbers in your reason.
Return: decision (one of BLOCK/ESCALATE/CLEAR), reason (one sentence, max 200 chars, citing the decisive evidence), assessment (a short risk assessment naming the key indicators and their values).

Alert evidence: Alert type: WEIGHT_ANOMALY. BL: CAXU04758. Shipper: Phong Phu Garment. Consignee: Construction Supply Co. Carrier: MSC. Route: BEANR -> CNSHA. Charges: $6023. Weight: 44853kg. Cost per kg: $0.1343 (0.53x the peer median of $0.2558). PRE-COMPUTED COST-PER-KG BAND: NORMAL_AT_OR_BELOW_5X_MEDIAN. This band is economically ordinary and does NOT justify BLOCK or ESCALATE on its own. Sanctions/export-restriction list matches for the counterparties: 0 (0 = both parties clear, -1 = screening data unavailable).","{""assessment"":""The key indicators are the cost-per-kg band (NORMAL_AT_OR_BELOW_5X_MEDIAN) and sanctions matches (0). Both counterparties are recognisable real businesses, and the cost per kg is economically ordinary. There are no indicators of high risk."",""decision"":""CLEAR"",""reason"":""Sanctions matches = 0, cost-per-kg band is NORMAL_AT_OR_BELOW_5X_MEDIAN, and both counterparties are recognisable real businesses.""}",733,"SUCCESS","\N","2026-08-02 00:30:43.575","fraud_investigation:attempt1","WORKFLOW_INVESTIGATE_ANOMALY",599,134,9481,"SUCCESS",563
165,"mistral-large2","You are a maritime logistics fraud and compliance analyst.

The cost-per-kg threshold comparison has ALREADY been computed for you and is given as PRE-COMPUTED COST-PER-KG BAND. Trust that band and the rule stated next to it. Do not re-derive it or substitute your own thresholds.

Apply this rubric:
- BLOCK if sanctions matches > 0, OR the band is EXTREME_ABOVE_10X_MEDIAN, OR a counterparty name indicates a shell/front company (contains SUSPICIOUS, SHELL, UNKNOWN, or is a generic non-identifiable trading name).
- ESCALATE if the band is ELEVATED_BETWEEN_5X_AND_10X_MEDIAN, OR cost per kg was not computable, OR a required commercial figure is missing, OR document provenance reports extraction confidence below 60/100 or a failed validation. An ELEVATED band alone must NOT be blocked.
- CLEAR if sanctions matches = 0 AND the band is NORMAL_AT_OR_BELOW_5X_MEDIAN AND both counterparties are recognisable real businesses AND (if provenance is given) the extraction validated cleanly. A heavy-weight, high-value or duplicate-BL flag alone, with a NORMAL band and clean screening, is a routine data-quality issue and should be CLEARED.

Cite the actual numbers in your reason.
Return: decision (one of BLOCK/ESCALATE/CLEAR), reason (one sentence, max 200 chars, citing the decisive evidence), assessment (a short risk assessment naming the key indicators and their values).

Alert evidence: Alert type: WEIGHT_ANOMALY. BL: EGLV07085. Shipper: Panasonic Vietnam. Consignee: Home Depot. Carrier: MSC. Route: JPTYO -> USNYC. Charges: $5664. Weight: 44848kg. Cost per kg: $0.1263 (0.49x the peer median of $0.2558). PRE-COMPUTED COST-PER-KG BAND: NORMAL_AT_OR_BELOW_5X_MEDIAN. This band is economically ordinary and does NOT justify BLOCK or ESCALATE on its own. Sanctions/export-restriction list matches for the counterparties: 0 (0 = both parties clear, -1 = screening data unavailable).","{""assessment"":""The key indicators are the cost-per-kg band (NORMAL_AT_OR_BELOW_5X_MEDIAN) and sanctions matches (0). Both counterparties are recognisable real businesses, and the cost per kg is economically ordinary. There are no indicators of high risk."",""decision"":""CLEAR"",""reason"":""Sanctions matches = 0, cost-per-kg band is NORMAL_AT_OR_BELOW_5X_MEDIAN, and both counterparties are recognisable real businesses.""}",731,"SUCCESS","\N","2026-08-02 00:31:07.380","fraud_investigation:attempt1","WORKFLOW_INVESTIGATE_ANOMALY",597,134,18995,"SUCCESS",564
166,"mistral-large2","You are a maritime logistics fraud and compliance analyst.

The cost-per-kg threshold comparison has ALREADY been computed for you and is given as PRE-COMPUTED COST-PER-KG BAND. Trust that band and the rule stated next to it. Do not re-derive it or substitute your own thresholds.

Apply this rubric:
- BLOCK if sanctions matches > 0, OR the band is EXTREME_ABOVE_10X_MEDIAN, OR a counterparty name indicates a shell/front company (contains SUSPICIOUS, SHELL, UNKNOWN, or is a generic non-identifiable trading name).
- ESCALATE if the band is ELEVATED_BETWEEN_5X_AND_10X_MEDIAN, OR cost per kg was not computable, OR a required commercial figure is missing, OR document provenance reports extraction confidence below 60/100 or a failed validation. An ELEVATED band alone must NOT be blocked.
- CLEAR if sanctions matches = 0 AND the band is NORMAL_AT_OR_BELOW_5X_MEDIAN AND both counterparties are recognisable real businesses AND (if provenance is given) the extraction validated cleanly. A heavy-weight, high-value or duplicate-BL flag alone, with a NORMAL band and clean screening, is a routine data-quality issue and should be CLEARED.

Cite the actual numbers in your reason.
Return: decision (one of BLOCK/ESCALATE/CLEAR), reason (one sentence, max 200 chars, citing the decisive evidence), assessment (a short risk assessment naming the key indicators and their values).

Alert evidence: Alert type: WEIGHT_ANOMALY. BL: MAEU01012. Shipper: ABC Electronics Vietnam. Consignee: Seven Eleven Japan. Carrier: MAERSK. Route: GBFXT -> USLAX. Charges: $7030. Weight: 44847kg. Cost per kg: $0.1568 (0.61x the peer median of $0.2558). PRE-COMPUTED COST-PER-KG BAND: NORMAL_AT_OR_BELOW_5X_MEDIAN. This band is economically ordinary and does NOT justify BLOCK or ESCALATE on its own. Sanctions/export-restriction list matches for the counterparties: 0 (0 = both parties clear, -1 = screening data unavailable).","{""assessment"":""The key indicators are the cost-per-kg band (NORMAL_AT_OR_BELOW_5X_MEDIAN) and sanctions matches (0). Both counterparties are recognisable real businesses, and the cost per kg is economically ordinary. There are no indications of fraud or compliance issues."",""decision"":""CLEAR"",""reason"":""Sanctions matches = 0, cost-per-kg band is NORMAL_AT_OR_BELOW_5X_MEDIAN, and both counterparties are recognisable real businesses.""}",735,"SUCCESS","\N","2026-08-02 00:31:19.202","fraud_investigation:attempt1","WORKFLOW_INVESTIGATE_ANOMALY",599,136,6285,"SUCCESS",565
167,"mistral-large2","You are a maritime logistics fraud and compliance analyst.

The cost-per-kg threshold comparison has ALREADY been computed for you and is given as PRE-COMPUTED COST-PER-KG BAND. Trust that band and the rule stated next to it. Do not re-derive it or substitute your own thresholds.

Apply this rubric:
- BLOCK if sanctions matches > 0, OR the band is EXTREME_ABOVE_10X_MEDIAN, OR a counterparty name indicates a shell/front company (contains SUSPICIOUS, SHELL, UNKNOWN, or is a generic non-identifiable trading name).
- ESCALATE if the band is ELEVATED_BETWEEN_5X_AND_10X_MEDIAN, OR cost per kg was not computable, OR a required commercial figure is missing, OR document provenance reports extraction confidence below 60/100 or a failed validation. An ELEVATED band alone must NOT be blocked.
- CLEAR if sanctions matches = 0 AND the band is NORMAL_AT_OR_BELOW_5X_MEDIAN AND both counterparties are recognisable real businesses AND (if provenance is given) the extraction validated cleanly. A heavy-weight, high-value or duplicate-BL flag alone, with a NORMAL band and clean screening, is a routine data-quality issue and should be CLEARED.

Cite the actual numbers in your reason.
Return: decision (one of BLOCK/ESCALATE/CLEAR), reason (one sentence, max 200 chars, citing the decisive evidence), assessment (a short risk assessment naming the key indicators and their values).

Alert evidence: Alert type: WEIGHT_ANOMALY. BL: OOLU01556. Shipper: Canon Vietnam. Consignee: Shopee Express. Carrier: COSCO. Route: USLAX -> SGSIN. Charges: $5393. Weight: 44847kg. Cost per kg: $0.1203 (0.47x the peer median of $0.2558). PRE-COMPUTED COST-PER-KG BAND: NORMAL_AT_OR_BELOW_5X_MEDIAN. This band is economically ordinary and does NOT justify BLOCK or ESCALATE on its own. Sanctions/export-restriction list matches for the counterparties: 0 (0 = both parties clear, -1 = screening data unavailable).","{""assessment"":""The key indicators are the cost-per-kg band (NORMAL_AT_OR_BELOW_5X_MEDIAN) and sanctions matches (0). Both counterparties are recognisable real businesses, and the cost per kg is economically ordinary. There are no indications of fraud or compliance issues."",""decision"":""CLEAR"",""reason"":""Sanctions matches = 0, cost-per-kg band is NORMAL_AT_OR_BELOW_5X_MEDIAN, and both counterparties are recognisable real businesses.""}",733,"SUCCESS","\N","2026-08-02 00:31:28.221","fraud_investigation:attempt1","WORKFLOW_INVESTIGATE_ANOMALY",597,136,3621,"SUCCESS",566
168,"mistral-large2","You are a maritime logistics fraud and compliance analyst.

The cost-per-kg threshold comparison has ALREADY been computed for you and is given as PRE-COMPUTED COST-PER-KG BAND. Trust that band and the rule stated next to it. Do not re-derive it or substitute your own thresholds.

Apply this rubric:
- BLOCK if sanctions matches > 0, OR the band is EXTREME_ABOVE_10X_MEDIAN, OR a counterparty name indicates a shell/front company (contains SUSPICIOUS, SHELL, UNKNOWN, or is a generic non-identifiable trading name).
- ESCALATE if the band is ELEVATED_BETWEEN_5X_AND_10X_MEDIAN, OR cost per kg was not computable, OR a required commercial figure is missing, OR document provenance reports extraction confidence below 60/100 or a failed validation. An ELEVATED band alone must NOT be blocked.
- CLEAR if sanctions matches = 0 AND the band is NORMAL_AT_OR_BELOW_5X_MEDIAN AND both counterparties are recognisable real businesses AND (if provenance is given) the extraction validated cleanly. A heavy-weight, high-value or duplicate-BL flag alone, with a NORMAL band and clean screening, is a routine data-quality issue and should be CLEARED.

Cite the actual numbers in your reason.
Return: decision (one of BLOCK/ESCALATE/CLEAR), reason (one sentence, max 200 chars, citing the decisive evidence), assessment (a short risk assessment naming the key indicators and their values).

Alert evidence: Alert type: WEIGHT_ANOMALY. BL: HLCU07296. Shipper: Samsung Vietnam. Consignee: Seven Eleven Japan. Carrier: MSC. Route: GBFXT -> MYPKG. Charges: $4573. Weight: 44843kg. Cost per kg: $0.102 (0.4x the peer median of $0.2558). PRE-COMPUTED COST-PER-KG BAND: NORMAL_AT_OR_BELOW_5X_MEDIAN. This band is economically ordinary and does NOT justify BLOCK or ESCALATE on its own. Sanctions/export-restriction list matches for the counterparties: 0 (0 = both parties clear, -1 = screening data unavailable).","{""assessment"":""The alert indicates a normal cost-per-kg band and no sanctions matches, suggesting a low-risk transaction. Key indicators: Cost per kg = $0.102 (0.4x the peer median of $0.2558), PRE-COMPUTED COST-PER-KG BAND = NORMAL_AT_OR_BELOW_5X_MEDIAN, Sanctions matches = 0."",""decision"":""CLEAR"",""reason"":""Cost per kg is within normal range and no sanctions matches found.""}",729,"SUCCESS","\N","2026-08-02 00:31:37.120","fraud_investigation:attempt1","WORKFLOW_INVESTIGATE_ANOMALY",593,136,3614,"SUCCESS",567
169,"mistral-large2","You are a maritime logistics fraud and compliance analyst.

The cost-per-kg threshold comparison has ALREADY been computed for you and is given as PRE-COMPUTED COST-PER-KG BAND. Trust that band and the rule stated next to it. Do not re-derive it or substitute your own thresholds.

Apply this rubric:
- BLOCK if sanctions matches > 0, OR the band is EXTREME_ABOVE_10X_MEDIAN, OR a counterparty name indicates a shell/front company (contains SUSPICIOUS, SHELL, UNKNOWN, or is a generic non-identifiable trading name).
- ESCALATE if the band is ELEVATED_BETWEEN_5X_AND_10X_MEDIAN, OR cost per kg was not computable, OR a required commercial figure is missing, OR document provenance reports extraction confidence below 60/100 or a failed validation. An ELEVATED band alone must NOT be blocked.
- CLEAR if sanctions matches = 0 AND the band is NORMAL_AT_OR_BELOW_5X_MEDIAN AND both counterparties are recognisable real businesses AND (if provenance is given) the extraction validated cleanly. A heavy-weight, high-value or duplicate-BL flag alone, with a NORMAL band and clean screening, is a routine data-quality issue and should be CLEARED.

Cite the actual numbers in your reason.
Return: decision (one of BLOCK/ESCALATE/CLEAR), reason (one sentence, max 200 chars, citing the decisive evidence), assessment (a short risk assessment naming the key indicators and their values).

Alert evidence: Alert type: WEIGHT_ANOMALY. BL: EGLV02405. Shipper: Samsung Vietnam. Consignee: Carrefour SA. Carrier: MSC. Route: CNNGB -> VNHPH. Charges: $3769. Weight: 44836kg. Cost per kg: $0.0841 (0.33x the peer median of $0.2558). PRE-COMPUTED COST-PER-KG BAND: NORMAL_AT_OR_BELOW_5X_MEDIAN. This band is economically ordinary and does NOT justify BLOCK or ESCALATE on its own. Sanctions/export-restriction list matches for the counterparties: 0 (0 = both parties clear, -1 = screening data unavailable).","{""assessment"":""The key indicators are the cost-per-kg band (NORMAL_AT_OR_BELOW_5X_MEDIAN) and sanctions matches (0). Both counterparties are recognisable real businesses, and the cost per kg is economically ordinary. There are no indicators of high risk."",""decision"":""CLEAR"",""reason"":""Sanctions matches = 0, cost-per-kg band is NORMAL_AT_OR_BELOW_5X_MEDIAN, and both counterparties are recognisable real businesses.""}",729,"SUCCESS","\N","2026-08-02 00:31:45.431","fraud_investigation:attempt1","WORKFLOW_INVESTIGATE_ANOMALY",595,134,3557,"SUCCESS",568
170,"mistral-large2","You are a maritime logistics fraud and compliance analyst.

The cost-per-kg threshold comparison has ALREADY been computed for you and is given as PRE-COMPUTED COST-PER-KG BAND. Trust that band and the rule stated next to it. Do not re-derive it or substitute your own thresholds.

Apply this rubric:
- BLOCK if sanctions matches > 0, OR the band is EXTREME_ABOVE_10X_MEDIAN, OR a counterparty name indicates a shell/front company (contains SUSPICIOUS, SHELL, UNKNOWN, or is a generic non-identifiable trading name).
- ESCALATE if the band is ELEVATED_BETWEEN_5X_AND_10X_MEDIAN, OR cost per kg was not computable, OR a required commercial figure is missing, OR document provenance reports extraction confidence below 60/100 or a failed validation. An ELEVATED band alone must NOT be blocked.
- CLEAR if sanctions matches = 0 AND the band is NORMAL_AT_OR_BELOW_5X_MEDIAN AND both counterparties are recognisable real businesses AND (if provenance is given) the extraction validated cleanly. A heavy-weight, high-value or duplicate-BL flag alone, with a NORMAL band and clean screening, is a routine data-quality issue and should be CLEARED.

Cite the actual numbers in your reason.
Return: decision (one of BLOCK/ESCALATE/CLEAR), reason (one sentence, max 200 chars, citing the decisive evidence), assessment (a short risk assessment naming the key indicators and their values).

Alert evidence: Alert type: HIGH_VALUE_ANOMALY. BL: EGLV03096. Shipper: Vinamilk Co Ltd. Consignee: Costco Wholesale. Carrier: HAPAG_LLOYD. Route: MYPKG -> HKHKG. Charges: $8700. Weight: 26004kg. Cost per kg: $0.3346 (1.31x the peer median of $0.2558). PRE-COMPUTED COST-PER-KG BAND: NORMAL_AT_OR_BELOW_5X_MEDIAN. This band is economically ordinary and does NOT justify BLOCK or ESCALATE on its own. Sanctions/export-restriction list matches for the counterparties: 0 (0 = both parties clear, -1 = screening data unavailable).","{""assessment"":""The key indicators are the cost-per-kg band (NORMAL_AT_OR_BELOW_5X_MEDIAN), sanctions matches (0), and recognizable counterparties (Vinamilk Co Ltd and Costco Wholesale). The cost per kg is $0.3346, which is 1.31x the peer median of $0.2558, and both counterparties are clear of sanctions."",""decision"":""CLEAR"",""reason"":""Sanctions matches = 0, cost-per-kg band is NORMAL_AT_OR_BELOW_5X_MEDIAN, and both counterparties are recognizable real businesses.""}",775,"SUCCESS","\N","2026-08-02 00:31:54.708","fraud_investigation:attempt1","WORKFLOW_INVESTIGATE_ANOMALY",609,166,4352,"SUCCESS",569
171,"mistral-large2","You are a maritime logistics fraud and compliance analyst.

The cost-per-kg threshold comparison has ALREADY been computed for you and is given as PRE-COMPUTED COST-PER-KG BAND. Trust that band and the rule stated next to it. Do not re-derive it or substitute your own thresholds.

Apply this rubric:
- BLOCK if sanctions matches > 0, OR the band is EXTREME_ABOVE_10X_MEDIAN, OR a counterparty name indicates a shell/front company (contains SUSPICIOUS, SHELL, UNKNOWN, or is a generic non-identifiable trading name).
- ESCALATE if the band is ELEVATED_BETWEEN_5X_AND_10X_MEDIAN, OR cost per kg was not computable, OR a required commercial figure is missing, OR document provenance reports extraction confidence below 60/100 or a failed validation. An ELEVATED band alone must NOT be blocked.
- CLEAR if sanctions matches = 0 AND the band is NORMAL_AT_OR_BELOW_5X_MEDIAN AND both counterparties are recognisable real businesses AND (if provenance is given) the extraction validated cleanly. A heavy-weight, high-value or duplicate-BL flag alone, with a NORMAL band and clean screening, is a routine data-quality issue and should be CLEARED.

Cite the actual numbers in your reason.
Return: decision (one of BLOCK/ESCALATE/CLEAR), reason (one sentence, max 200 chars, citing the decisive evidence), assessment (a short risk assessment naming the key indicators and their values).

Alert evidence: Alert type: HIGH_VALUE_ANOMALY. BL: APZU04094. Shipper: Hoa Sen Group. Consignee: Tech Solutions GmbH. Carrier: HAPAG_LLOYD. Route: VNSGN -> BEANR. Charges: $8692. Weight: 15573kg. Cost per kg: $0.5581 (2.18x the peer median of $0.2558). PRE-COMPUTED COST-PER-KG BAND: NORMAL_AT_OR_BELOW_5X_MEDIAN. This band is economically ordinary and does NOT justify BLOCK or ESCALATE on its own. Sanctions/export-restriction list matches for the counterparties: 0 (0 = both parties clear, -1 = screening data unavailable).","{""assessment"":""The key indicators are the cost-per-kg band (NORMAL_AT_OR_BELOW_5X_MEDIAN) and sanctions matches (0). Both counterparties are recognisable real businesses, and the cost per kg is within normal limits."",""decision"":""CLEAR"",""reason"":""Sanctions matches = 0, cost-per-kg band is NORMAL_AT_OR_BELOW_5X_MEDIAN, and both counterparties are recognisable real businesses.""}",731,"SUCCESS","\N","2026-08-02 00:32:02.536","fraud_investigation:attempt1","WORKFLOW_INVESTIGATE_ANOMALY",606,125,3378,"SUCCESS",570
172,"mistral-large2","You are a maritime logistics fraud and compliance analyst.

The cost-per-kg threshold comparison has ALREADY been computed for you and is given as PRE-COMPUTED COST-PER-KG BAND. Trust that band and the rule stated next to it. Do not re-derive it or substitute your own thresholds.

Apply this rubric:
- BLOCK if sanctions matches > 0, OR the band is EXTREME_ABOVE_10X_MEDIAN, OR a counterparty name indicates a shell/front company (contains SUSPICIOUS, SHELL, UNKNOWN, or is a generic non-identifiable trading name).
- ESCALATE if the band is ELEVATED_BETWEEN_5X_AND_10X_MEDIAN, OR cost per kg was not computable, OR a required commercial figure is missing, OR document provenance reports extraction confidence below 60/100 or a failed validation. An ELEVATED band alone must NOT be blocked.
- CLEAR if sanctions matches = 0 AND the band is NORMAL_AT_OR_BELOW_5X_MEDIAN AND both counterparties are recognisable real businesses AND (if provenance is given) the extraction validated cleanly. A heavy-weight, high-value or duplicate-BL flag alone, with a NORMAL band and clean screening, is a routine data-quality issue and should be CLEARED.

Cite the actual numbers in your reason.
Return: decision (one of BLOCK/ESCALATE/CLEAR), reason (one sentence, max 200 chars, citing the decisive evidence), assessment (a short risk assessment naming the key indicators and their values).

Alert evidence: Alert type: HIGH_VALUE_ANOMALY. BL: ONEY03224. Shipper: Tan Hiep Phat. Consignee: Metro AG. Carrier: HAPAG_LLOYD. Route: JPYOK -> DEHAM. Charges: $8691. Weight: 15814kg. Cost per kg: $0.5496 (2.15x the peer median of $0.2558). PRE-COMPUTED COST-PER-KG BAND: NORMAL_AT_OR_BELOW_5X_MEDIAN. This band is economically ordinary and does NOT justify BLOCK or ESCALATE on its own. Sanctions/export-restriction list matches for the counterparties: 0 (0 = both parties clear, -1 = screening data unavailable).","{""assessment"":""The key indicators are the cost-per-kg band (NORMAL_AT_OR_BELOW_5X_MEDIAN), sanctions matches (0), and recognizable counterparties (Tan Hiep Phat and Metro AG). The cost per kg is $0.5496, which is 2.15x the peer median of $0.2558, but still within the normal range. Both counterparties are recognizable real businesses, and there are no sanctions matches."",""decision"":""CLEAR"",""reason"":""Cost per kg is within normal range ($0.5496, 2.15x median), both counterparties are recognizable, and no sanctions matches (0).""}",781,"SUCCESS","\N","2026-08-02 00:32:11.159","fraud_investigation:attempt1","WORKFLOW_INVESTIGATE_ANOMALY",604,177,4202,"SUCCESS",571
173,"mistral-large2","You are a maritime logistics fraud and compliance analyst.

The cost-per-kg threshold comparison has ALREADY been computed for you and is given as PRE-COMPUTED COST-PER-KG BAND. Trust that band and the rule stated next to it. Do not re-derive it or substitute your own thresholds.

Apply this rubric:
- BLOCK if sanctions matches > 0, OR the band is EXTREME_ABOVE_10X_MEDIAN, OR a counterparty name indicates a shell/front company (contains SUSPICIOUS, SHELL, UNKNOWN, or is a generic non-identifiable trading name).
- ESCALATE if the band is ELEVATED_BETWEEN_5X_AND_10X_MEDIAN, OR cost per kg was not computable, OR a required commercial figure is missing, OR document provenance reports extraction confidence below 60/100 or a failed validation. An ELEVATED band alone must NOT be blocked.
- CLEAR if sanctions matches = 0 AND the band is NORMAL_AT_OR_BELOW_5X_MEDIAN AND both counterparties are recognisable real businesses AND (if provenance is given) the extraction validated cleanly. A heavy-weight, high-value or duplicate-BL flag alone, with a NORMAL band and clean screening, is a routine data-quality issue and should be CLEARED.

Cite the actual numbers in your reason.
Return: decision (one of BLOCK/ESCALATE/CLEAR), reason (one sentence, max 200 chars, citing the decisive evidence), assessment (a short risk assessment naming the key indicators and their values).

Alert evidence: Alert type: HIGH_VALUE_ANOMALY. BL: EGLV03986. Shipper: Tan Hiep Phat. Consignee: Target Corp. Carrier: HAPAG_LLOYD. Route: DEHAM -> CNNGB. Charges: $8673. Weight: 12294kg. Cost per kg: $0.7055 (2.76x the peer median of $0.2558). PRE-COMPUTED COST-PER-KG BAND: NORMAL_AT_OR_BELOW_5X_MEDIAN. This band is economically ordinary and does NOT justify BLOCK or ESCALATE on its own. Sanctions/export-restriction list matches for the counterparties: 0 (0 = both parties clear, -1 = screening data unavailable).","{""assessment"":""The key indicators are the cost-per-kg band (NORMAL_AT_OR_BELOW_5X_MEDIAN) and sanctions matches (0). Both counterparties are recognisable real businesses, and the cost per kg is within the normal range."",""decision"":""CLEAR"",""reason"":""Sanctions matches = 0, cost-per-kg band is NORMAL_AT_OR_BELOW_5X_MEDIAN, and both counterparties are recognisable real businesses.""}",731,"SUCCESS","\N","2026-08-02 00:32:19.142","fraud_investigation:attempt1","WORKFLOW_INVESTIGATE_ANOMALY",605,126,3349,"SUCCESS",572
174,"mistral-large2","You are a maritime logistics fraud and compliance analyst.

The cost-per-kg threshold comparison has ALREADY been computed for you and is given as PRE-COMPUTED COST-PER-KG BAND. Trust that band and the rule stated next to it. Do not re-derive it or substitute your own thresholds.

Apply this rubric:
- BLOCK if sanctions matches > 0, OR the band is EXTREME_ABOVE_10X_MEDIAN, OR a counterparty name indicates a shell/front company (contains SUSPICIOUS, SHELL, UNKNOWN, or is a generic non-identifiable trading name).
- ESCALATE if the band is ELEVATED_BETWEEN_5X_AND_10X_MEDIAN, OR cost per kg was not computable, OR a required commercial figure is missing, OR document provenance reports extraction confidence below 60/100 or a failed validation. An ELEVATED band alone must NOT be blocked.
- CLEAR if sanctions matches = 0 AND the band is NORMAL_AT_OR_BELOW_5X_MEDIAN AND both counterparties are recognisable real businesses AND (if provenance is given) the extraction validated cleanly. A heavy-weight, high-value or duplicate-BL flag alone, with a NORMAL band and clean screening, is a routine data-quality issue and should be CLEARED.

Cite the actual numbers in your reason.
Return: decision (one of BLOCK/ESCALATE/CLEAR), reason (one sentence, max 200 chars, citing the decisive evidence), assessment (a short risk assessment naming the key indicators and their values).

Alert evidence: Alert type: HIGH_VALUE_ANOMALY. BL: OOLU03528. Shipper: LG Display Vietnam. Consignee: Alibaba Trade. Carrier: HAPAG_LLOYD. Route: BEANR -> DEHAM. Charges: $8668. Weight: 8398kg. Cost per kg: $1.0322 (4.04x the peer median of $0.2558). PRE-COMPUTED COST-PER-KG BAND: NORMAL_AT_OR_BELOW_5X_MEDIAN. This band is economically ordinary and does NOT justify BLOCK or ESCALATE on its own. Sanctions/export-restriction list matches for the counterparties: 0 (0 = both parties clear, -1 = screening data unavailable).","{""assessment"":""The alert indicates a high-value anomaly with a cost per kg of $1.0322, which is 4.04x the peer median of $0.2558. However, the pre-computed cost-per-kg band is NORMAL_AT_OR_BELOW_5X_MEDIAN, and there are no sanctions matches. Both counterparties are recognizable real businesses. Therefore, the alert can be cleared."",""decision"":""CLEAR"",""reason"":""Cost per kg is within the normal band (4.04x the median), and there are no sanctions matches.""}",755,"SUCCESS","\N","2026-08-02 00:33:17.604","fraud_investigation:attempt1","WORKFLOW_INVESTIGATE_ANOMALY",604,151,53436,"SUCCESS",573
175,"mistral-large2","You are a maritime logistics fraud and compliance analyst.

The cost-per-kg threshold comparison has ALREADY been computed for you and is given as PRE-COMPUTED COST-PER-KG BAND. Trust that band and the rule stated next to it. Do not re-derive it or substitute your own thresholds.

Apply this rubric:
- BLOCK if sanctions matches > 0, OR the band is EXTREME_ABOVE_10X_MEDIAN, OR a counterparty name indicates a shell/front company (contains SUSPICIOUS, SHELL, UNKNOWN, or is a generic non-identifiable trading name).
- ESCALATE if the band is ELEVATED_BETWEEN_5X_AND_10X_MEDIAN, OR cost per kg was not computable, OR a required commercial figure is missing, OR document provenance reports extraction confidence below 60/100 or a failed validation. An ELEVATED band alone must NOT be blocked.
- CLEAR if sanctions matches = 0 AND the band is NORMAL_AT_OR_BELOW_5X_MEDIAN AND both counterparties are recognisable real businesses AND (if provenance is given) the extraction validated cleanly. A heavy-weight, high-value or duplicate-BL flag alone, with a NORMAL band and clean screening, is a routine data-quality issue and should be CLEARED.

Cite the actual numbers in your reason.
Return: decision (one of BLOCK/ESCALATE/CLEAR), reason (one sentence, max 200 chars, citing the decisive evidence), assessment (a short risk assessment naming the key indicators and their values).

Alert evidence: Alert type: HIGH_VALUE_ANOMALY. BL: CAXU00472. Shipper: Toyota Vietnam. Consignee: Asian Foods LLC. Carrier: HAPAG_LLOYD. Route: SGSIN -> GBFXT. Charges: $8664. Weight: 27928kg. Cost per kg: $0.3102 (1.21x the peer median of $0.2558). PRE-COMPUTED COST-PER-KG BAND: NORMAL_AT_OR_BELOW_5X_MEDIAN. This band is economically ordinary and does NOT justify BLOCK or ESCALATE on its own. Sanctions/export-restriction list matches for the counterparties: 0 (0 = both parties clear, -1 = screening data unavailable).","{""assessment"":""The key indicators are the cost-per-kg band (NORMAL_AT_OR_BELOW_5X_MEDIAN), sanctions matches (0), and recognizable counterparties (Toyota Vietnam and Asian Foods LLC). The cost per kg is $0.3102, which is 1.21x the peer median of $0.2558, and both counterparties are recognizable real businesses with no sanctions matches."",""decision"":""CLEAR"",""reason"":""Sanctions matches = 0, cost-per-kg band is NORMAL_AT_OR_BELOW_5X_MEDIAN, and both counterparties are recognizable real businesses.""}",772,"SUCCESS","\N","2026-08-02 00:33:25.989","fraud_investigation:attempt1","WORKFLOW_INVESTIGATE_ANOMALY",604,168,3667,"SUCCESS",574
176,"mistral-large2","You are a maritime logistics fraud and compliance analyst.

The cost-per-kg threshold comparison has ALREADY been computed for you and is given as PRE-COMPUTED COST-PER-KG BAND. Trust that band and the rule stated next to it. Do not re-derive it or substitute your own thresholds.

Apply this rubric:
- BLOCK if sanctions matches > 0, OR the band is EXTREME_ABOVE_10X_MEDIAN, OR a counterparty name indicates a shell/front company (contains SUSPICIOUS, SHELL, UNKNOWN, or is a generic non-identifiable trading name).
- ESCALATE if the band is ELEVATED_BETWEEN_5X_AND_10X_MEDIAN, OR cost per kg was not computable, OR a required commercial figure is missing, OR document provenance reports extraction confidence below 60/100 or a failed validation. An ELEVATED band alone must NOT be blocked.
- CLEAR if sanctions matches = 0 AND the band is NORMAL_AT_OR_BELOW_5X_MEDIAN AND both counterparties are recognisable real businesses AND (if provenance is given) the extraction validated cleanly. A heavy-weight, high-value or duplicate-BL flag alone, with a NORMAL band and clean screening, is a routine data-quality issue and should be CLEARED.

Cite the actual numbers in your reason.
Return: decision (one of BLOCK/ESCALATE/CLEAR), reason (one sentence, max 200 chars, citing the decisive evidence), assessment (a short risk assessment naming the key indicators and their values).

Alert evidence: Alert type: WEIGHT_ANOMALY. BL: HLCU03853. Shipper: Intel Products Vietnam. Consignee: Target Corp. Carrier: MAERSK. Route: BEANR -> USLAX. Charges: $4599. Weight: 44915kg. Cost per kg: $0.1024 (0.4x the peer median of $0.2558). PRE-COMPUTED COST-PER-KG BAND: NORMAL_AT_OR_BELOW_5X_MEDIAN. This band is economically ordinary and does NOT justify BLOCK or ESCALATE on its own. Sanctions/export-restriction list matches for the counterparties: 0 (0 = both parties clear, -1 = screening data unavailable).","{""assessment"":""The key indicators are the cost-per-kg band (NORMAL_AT_OR_BELOW_5X_MEDIAN) and sanctions matches (0). Both counterparties are recognisable real businesses, and the cost per kg is economically ordinary. There are no indications of fraud or compliance issues."",""decision"":""CLEAR"",""reason"":""Sanctions matches = 0, cost-per-kg band is NORMAL_AT_OR_BELOW_5X_MEDIAN, and both counterparties are recognisable real businesses.""}",731,"SUCCESS","\N","2026-08-02 00:33:35.594","fraud_investigation:attempt1","WORKFLOW_INVESTIGATE_ANOMALY",595,136,5169,"SUCCESS",575
177,"mistral-large2","You are a maritime logistics fraud and compliance analyst.

The cost-per-kg threshold comparison has ALREADY been computed for you and is given as PRE-COMPUTED COST-PER-KG BAND. Trust that band and the rule stated next to it. Do not re-derive it or substitute your own thresholds.

Apply this rubric:
- BLOCK if sanctions matches > 0, OR the band is EXTREME_ABOVE_10X_MEDIAN, OR a counterparty name indicates a shell/front company (contains SUSPICIOUS, SHELL, UNKNOWN, or is a generic non-identifiable trading name).
- ESCALATE if the band is ELEVATED_BETWEEN_5X_AND_10X_MEDIAN, OR cost per kg was not computable, OR a required commercial figure is missing, OR document provenance reports extraction confidence below 60/100 or a failed validation. An ELEVATED band alone must NOT be blocked.
- CLEAR if sanctions matches = 0 AND the band is NORMAL_AT_OR_BELOW_5X_MEDIAN AND both counterparties are recognisable real businesses AND (if provenance is given) the extraction validated cleanly. A heavy-weight, high-value or duplicate-BL flag alone, with a NORMAL band and clean screening, is a routine data-quality issue and should be CLEARED.

Cite the actual numbers in your reason.
Return: decision (one of BLOCK/ESCALATE/CLEAR), reason (one sentence, max 200 chars, citing the decisive evidence), assessment (a short risk assessment naming the key indicators and their values).

Alert evidence: Alert type: WEIGHT_ANOMALY. BL: ONEY08744. Shipper: Vinamilk Co Ltd. Consignee: Lotte Corp. Carrier: MSC. Route: VNHPH -> VNSGN. Charges: $7513. Weight: 44915kg. Cost per kg: $0.1673 (0.65x the peer median of $0.2558). PRE-COMPUTED COST-PER-KG BAND: NORMAL_AT_OR_BELOW_5X_MEDIAN. This band is economically ordinary and does NOT justify BLOCK or ESCALATE on its own. Sanctions/export-restriction list matches for the counterparties: 0 (0 = both parties clear, -1 = screening data unavailable).","{""assessment"":""The key indicators are the cost-per-kg band (NORMAL_AT_OR_BELOW_5X_MEDIAN) and sanctions matches (0). Both counterparties are recognisable real businesses, and the cost per kg is economically ordinary. There are no indications of fraud or compliance issues."",""decision"":""CLEAR"",""reason"":""Sanctions matches = 0, cost-per-kg band is NORMAL_AT_OR_BELOW_5X_MEDIAN, and both counterparties are recognisable real businesses.""}",734,"SUCCESS","\N","2026-08-02 00:33:44.042","fraud_investigation:attempt1","WORKFLOW_INVESTIGATE_ANOMALY",598,136,3527,"SUCCESS",576
178,"mistral-large2","You are a maritime logistics fraud and compliance analyst.

The cost-per-kg threshold comparison has ALREADY been computed for you and is given as PRE-COMPUTED COST-PER-KG BAND. Trust that band and the rule stated next to it. Do not re-derive it or substitute your own thresholds.

Apply this rubric:
- BLOCK if sanctions matches > 0, OR the band is EXTREME_ABOVE_10X_MEDIAN, OR a counterparty name indicates a shell/front company (contains SUSPICIOUS, SHELL, UNKNOWN, or is a generic non-identifiable trading name).
- ESCALATE if the band is ELEVATED_BETWEEN_5X_AND_10X_MEDIAN, OR cost per kg was not computable, OR a required commercial figure is missing, OR document provenance reports extraction confidence below 60/100 or a failed validation. An ELEVATED band alone must NOT be blocked.
- CLEAR if sanctions matches = 0 AND the band is NORMAL_AT_OR_BELOW_5X_MEDIAN AND both counterparties are recognisable real businesses AND (if provenance is given) the extraction validated cleanly. A heavy-weight, high-value or duplicate-BL flag alone, with a NORMAL band and clean screening, is a routine data-quality issue and should be CLEARED.

Cite the actual numbers in your reason.
Return: decision (one of BLOCK/ESCALATE/CLEAR), reason (one sentence, max 200 chars, citing the decisive evidence), assessment (a short risk assessment naming the key indicators and their values).

Alert evidence: Alert type: WEIGHT_ANOMALY. BL: MSKU02669. Shipper: ABC Electronics Vietnam. Consignee: Asian Foods LLC. Carrier: MAERSK. Route: NLRTM -> USLGB. Charges: $4959. Weight: 44912kg. Cost per kg: $0.1104 (0.43x the peer median of $0.2558). PRE-COMPUTED COST-PER-KG BAND: NORMAL_AT_OR_BELOW_5X_MEDIAN. This band is economically ordinary and does NOT justify BLOCK or ESCALATE on its own. Sanctions/export-restriction list matches for the counterparties: 0 (0 = both parties clear, -1 = screening data unavailable).","{""assessment"":""The key indicators are the cost-per-kg band (NORMAL_AT_OR_BELOW_5X_MEDIAN) and sanctions matches (0). Both counterparties are recognisable real businesses, and the cost per kg is economically ordinary. There are no indications of fraud or compliance issues."",""decision"":""CLEAR"",""reason"":""Sanctions matches = 0, cost-per-kg band is NORMAL_AT_OR_BELOW_5X_MEDIAN, and both counterparties are recognisable real businesses.""}",735,"SUCCESS","\N","2026-08-02 00:33:52.131","fraud_investigation:attempt1","WORKFLOW_INVESTIGATE_ANOMALY",599,136,3494,"SUCCESS",577
179,"mistral-large2","You are a maritime logistics fraud and compliance analyst.

The cost-per-kg threshold comparison has ALREADY been computed for you and is given as PRE-COMPUTED COST-PER-KG BAND. Trust that band and the rule stated next to it. Do not re-derive it or substitute your own thresholds.

Apply this rubric:
- BLOCK if sanctions matches > 0, OR the band is EXTREME_ABOVE_10X_MEDIAN, OR a counterparty name indicates a shell/front company (contains SUSPICIOUS, SHELL, UNKNOWN, or is a generic non-identifiable trading name).
- ESCALATE if the band is ELEVATED_BETWEEN_5X_AND_10X_MEDIAN, OR cost per kg was not computable, OR a required commercial figure is missing, OR document provenance reports extraction confidence below 60/100 or a failed validation. An ELEVATED band alone must NOT be blocked.
- CLEAR if sanctions matches = 0 AND the band is NORMAL_AT_OR_BELOW_5X_MEDIAN AND both counterparties are recognisable real businesses AND (if provenance is given) the extraction validated cleanly. A heavy-weight, high-value or duplicate-BL flag alone, with a NORMAL band and clean screening, is a routine data-quality issue and should be CLEARED.

Cite the actual numbers in your reason.
Return: decision (one of BLOCK/ESCALATE/CLEAR), reason (one sentence, max 200 chars, citing the decisive evidence), assessment (a short risk assessment naming the key indicators and their values).

Alert evidence: Alert type: WEIGHT_ANOMALY. BL: HLCU00557. Shipper: Nike Vietnam. Consignee: Lazada Group. Carrier: COSCO. Route: USLAX -> DEHAM. Charges: $2539. Weight: 44910kg. Cost per kg: $0.0565 (0.22x the peer median of $0.2558). PRE-COMPUTED COST-PER-KG BAND: NORMAL_AT_OR_BELOW_5X_MEDIAN. This band is economically ordinary and does NOT justify BLOCK or ESCALATE on its own. Sanctions/export-restriction list matches for the counterparties: 0 (0 = both parties clear, -1 = screening data unavailable).","{""assessment"":""The key indicators are the cost-per-kg band (NORMAL_AT_OR_BELOW_5X_MEDIAN) and sanctions matches (0). Both counterparties are recognisable real businesses, and the cost per kg is economically ordinary."",""decision"":""CLEAR"",""reason"":""Sanctions matches = 0, cost-per-kg band is NORMAL_AT_OR_BELOW_5X_MEDIAN, and both counterparties are recognisable real businesses.""}",722,"SUCCESS","\N","2026-08-02 00:33:59.743","fraud_investigation:attempt1","WORKFLOW_INVESTIGATE_ANOMALY",597,125,3175,"SUCCESS",578
180,"mistral-large2","You are a maritime logistics fraud and compliance analyst.

The cost-per-kg threshold comparison has ALREADY been computed for you and is given as PRE-COMPUTED COST-PER-KG BAND. Trust that band and the rule stated next to it. Do not re-derive it or substitute your own thresholds.

Apply this rubric:
- BLOCK if sanctions matches > 0, OR the band is EXTREME_ABOVE_10X_MEDIAN, OR a counterparty name indicates a shell/front company (contains SUSPICIOUS, SHELL, UNKNOWN, or is a generic non-identifiable trading name).
- ESCALATE if the band is ELEVATED_BETWEEN_5X_AND_10X_MEDIAN, OR cost per kg was not computable, OR a required commercial figure is missing, OR document provenance reports extraction confidence below 60/100 or a failed validation. An ELEVATED band alone must NOT be blocked.
- CLEAR if sanctions matches = 0 AND the band is NORMAL_AT_OR_BELOW_5X_MEDIAN AND both counterparties are recognisable real businesses AND (if provenance is given) the extraction validated cleanly. A heavy-weight, high-value or duplicate-BL flag alone, with a NORMAL band and clean screening, is a routine data-quality issue and should be CLEARED.

Cite the actual numbers in your reason.
Return: decision (one of BLOCK/ESCALATE/CLEAR), reason (one sentence, max 200 chars, citing the decisive evidence), assessment (a short risk assessment naming the key indicators and their values).

Alert evidence: Alert type: WEIGHT_ANOMALY. BL: CMDU04400. Shipper: Hoa Sen Group. Consignee: JD Logistics. Carrier: COSCO. Route: NLRTM -> KRPUS. Charges: $4052. Weight: 44900kg. Cost per kg: $0.0902 (0.35x the peer median of $0.2558). PRE-COMPUTED COST-PER-KG BAND: NORMAL_AT_OR_BELOW_5X_MEDIAN. This band is economically ordinary and does NOT justify BLOCK or ESCALATE on its own. Sanctions/export-restriction list matches for the counterparties: 0 (0 = both parties clear, -1 = screening data unavailable).","{""assessment"":""The key indicators are the cost-per-kg band (NORMAL_AT_OR_BELOW_5X_MEDIAN) and sanctions matches (0). Both counterparties are recognisable real businesses, and the cost per kg is economically ordinary. There are no indicators of high risk."",""decision"":""CLEAR"",""reason"":""Sanctions matches = 0, cost-per-kg band is NORMAL_AT_OR_BELOW_5X_MEDIAN, and both counterparties are recognisable real businesses.""}",732,"SUCCESS","\N","2026-08-02 00:34:07.869","fraud_investigation:attempt1","WORKFLOW_INVESTIGATE_ANOMALY",598,134,3507,"SUCCESS",579
181,"mistral-large2","You are a maritime logistics fraud and compliance analyst.

The cost-per-kg threshold comparison has ALREADY been computed for you and is given as PRE-COMPUTED COST-PER-KG BAND. Trust that band and the rule stated next to it. Do not re-derive it or substitute your own thresholds.

Apply this rubric:
- BLOCK if sanctions matches > 0, OR the band is EXTREME_ABOVE_10X_MEDIAN, OR a counterparty name indicates a shell/front company (contains SUSPICIOUS, SHELL, UNKNOWN, or is a generic non-identifiable trading name).
- ESCALATE if the band is ELEVATED_BETWEEN_5X_AND_10X_MEDIAN, OR cost per kg was not computable, OR a required commercial figure is missing, OR document provenance reports extraction confidence below 60/100 or a failed validation. An ELEVATED band alone must NOT be blocked.
- CLEAR if sanctions matches = 0 AND the band is NORMAL_AT_OR_BELOW_5X_MEDIAN AND both counterparties are recognisable real businesses AND (if provenance is given) the extraction validated cleanly. A heavy-weight, high-value or duplicate-BL flag alone, with a NORMAL band and clean screening, is a routine data-quality issue and should be CLEARED.

Cite the actual numbers in your reason.
Return: decision (one of BLOCK/ESCALATE/CLEAR), reason (one sentence, max 200 chars, citing the decisive evidence), assessment (a short risk assessment naming the key indicators and their values).

Alert evidence: Alert type: WEIGHT_ANOMALY. BL: MAEU03741. Shipper: Vinamilk Co Ltd. Consignee: Construction Supply Co. Carrier: MSC. Route: JPYOK -> CNSHA. Charges: $5460. Weight: 44888kg. Cost per kg: $0.1216 (0.48x the peer median of $0.2558). PRE-COMPUTED COST-PER-KG BAND: NORMAL_AT_OR_BELOW_5X_MEDIAN. This band is economically ordinary and does NOT justify BLOCK or ESCALATE on its own. Sanctions/export-restriction list matches for the counterparties: 0 (0 = both parties clear, -1 = screening data unavailable).","{""assessment"":""The key indicators are the cost-per-kg band (NORMAL_AT_OR_BELOW_5X_MEDIAN) and sanctions matches (0). Both counterparties are recognisable real businesses, and the cost per kg is economically ordinary. There are no indications of fraud or compliance issues."",""decision"":""CLEAR"",""reason"":""Sanctions matches = 0, cost-per-kg band is NORMAL_AT_OR_BELOW_5X_MEDIAN, and both counterparties are recognisable real businesses.""}",734,"SUCCESS","\N","2026-08-02 00:34:17.382","fraud_investigation:attempt1","WORKFLOW_INVESTIGATE_ANOMALY",598,136,5149,"SUCCESS",580
182,"mistral-large2","You are a maritime logistics fraud and compliance analyst.

The cost-per-kg threshold comparison has ALREADY been computed for you and is given as PRE-COMPUTED COST-PER-KG BAND. Trust that band and the rule stated next to it. Do not re-derive it or substitute your own thresholds.

Apply this rubric:
- BLOCK if sanctions matches > 0, OR the band is EXTREME_ABOVE_10X_MEDIAN, OR a counterparty name indicates a shell/front company (contains SUSPICIOUS, SHELL, UNKNOWN, or is a generic non-identifiable trading name).
- ESCALATE if the band is ELEVATED_BETWEEN_5X_AND_10X_MEDIAN, OR cost per kg was not computable, OR a required commercial figure is missing, OR document provenance reports extraction confidence below 60/100 or a failed validation. An ELEVATED band alone must NOT be blocked.
- CLEAR if sanctions matches = 0 AND the band is NORMAL_AT_OR_BELOW_5X_MEDIAN AND both counterparties are recognisable real businesses AND (if provenance is given) the extraction validated cleanly. A heavy-weight, high-value or duplicate-BL flag alone, with a NORMAL band and clean screening, is a routine data-quality issue and should be CLEARED.

Cite the actual numbers in your reason.
Return: decision (one of BLOCK/ESCALATE/CLEAR), reason (one sentence, max 200 chars, citing the decisive evidence), assessment (a short risk assessment naming the key indicators and their values).

Alert evidence: Alert type: WEIGHT_ANOMALY. BL: ONEY08324. Shipper: Toyota Vietnam. Consignee: Alibaba Trade. Carrier: COSCO. Route: INMUN -> NLRTM. Charges: $3208. Weight: 44876kg. Cost per kg: $0.0715 (0.28x the peer median of $0.2558). PRE-COMPUTED COST-PER-KG BAND: NORMAL_AT_OR_BELOW_5X_MEDIAN. This band is economically ordinary and does NOT justify BLOCK or ESCALATE on its own. Sanctions/export-restriction list matches for the counterparties: 0 (0 = both parties clear, -1 = screening data unavailable).","{""assessment"":""The key indicators are the cost-per-kg band (NORMAL_AT_OR_BELOW_5X_MEDIAN) and sanctions matches (0). Both counterparties are recognisable real businesses, and the cost per kg is economically ordinary. There are no indications of fraud or compliance issues."",""decision"":""CLEAR"",""reason"":""Sanctions matches = 0, cost-per-kg band is NORMAL_AT_OR_BELOW_5X_MEDIAN, and both counterparties are recognisable real businesses.""}",732,"SUCCESS","\N","2026-08-02 00:34:25.475","fraud_investigation:attempt1","WORKFLOW_INVESTIGATE_ANOMALY",596,136,3509,"SUCCESS",581
183,"mistral-large2","You are a maritime logistics fraud and compliance analyst.

The cost-per-kg threshold comparison has ALREADY been computed for you and is given as PRE-COMPUTED COST-PER-KG BAND. Trust that band and the rule stated next to it. Do not re-derive it or substitute your own thresholds.

Apply this rubric:
- BLOCK if sanctions matches > 0, OR the band is EXTREME_ABOVE_10X_MEDIAN, OR a counterparty name indicates a shell/front company (contains SUSPICIOUS, SHELL, UNKNOWN, or is a generic non-identifiable trading name).
- ESCALATE if the band is ELEVATED_BETWEEN_5X_AND_10X_MEDIAN, OR cost per kg was not computable, OR a required commercial figure is missing, OR document provenance reports extraction confidence below 60/100 or a failed validation. An ELEVATED band alone must NOT be blocked.
- CLEAR if sanctions matches = 0 AND the band is NORMAL_AT_OR_BELOW_5X_MEDIAN AND both counterparties are recognisable real businesses AND (if provenance is given) the extraction validated cleanly. A heavy-weight, high-value or duplicate-BL flag alone, with a NORMAL band and clean screening, is a routine data-quality issue and should be CLEARED.

Cite the actual numbers in your reason.
Return: decision (one of BLOCK/ESCALATE/CLEAR), reason (one sentence, max 200 chars, citing the decisive evidence), assessment (a short risk assessment naming the key indicators and their values).

Alert evidence: Alert type: WEIGHT_ANOMALY. BL: YMLU07743. Shipper: LG Display Vietnam. Consignee: Amazon Logistics. Carrier: MSC. Route: JPTYO -> JPTYO. Charges: $3625. Weight: 44876kg. Cost per kg: $0.0808 (0.32x the peer median of $0.2558). PRE-COMPUTED COST-PER-KG BAND: NORMAL_AT_OR_BELOW_5X_MEDIAN. This band is economically ordinary and does NOT justify BLOCK or ESCALATE on its own. Sanctions/export-restriction list matches for the counterparties: 0 (0 = both parties clear, -1 = screening data unavailable).","{""assessment"":""The key indicators are the cost-per-kg band (NORMAL_AT_OR_BELOW_5X_MEDIAN) and sanctions matches (0). Both counterparties are recognisable real businesses, and the cost per kg is economically ordinary. There are no indicators of high risk."",""decision"":""CLEAR"",""reason"":""Sanctions matches = 0, cost-per-kg band is NORMAL_AT_OR_BELOW_5X_MEDIAN, and both counterparties are recognisable real businesses.""}",732,"SUCCESS","\N","2026-08-02 00:34:34.037","fraud_investigation:attempt1","WORKFLOW_INVESTIGATE_ANOMALY",598,134,3613,"SUCCESS",582
184,"mistral-large2","You are a maritime logistics fraud and compliance analyst.

The cost-per-kg threshold comparison has ALREADY been computed for you and is given as PRE-COMPUTED COST-PER-KG BAND. Trust that band and the rule stated next to it. Do not re-derive it or substitute your own thresholds.

Apply this rubric:
- BLOCK if sanctions matches > 0, OR the band is EXTREME_ABOVE_10X_MEDIAN, OR a counterparty name indicates a shell/front company (contains SUSPICIOUS, SHELL, UNKNOWN, or is a generic non-identifiable trading name).
- ESCALATE if the band is ELEVATED_BETWEEN_5X_AND_10X_MEDIAN, OR cost per kg was not computable, OR a required commercial figure is missing, OR document provenance reports extraction confidence below 60/100 or a failed validation. An ELEVATED band alone must NOT be blocked.
- CLEAR if sanctions matches = 0 AND the band is NORMAL_AT_OR_BELOW_5X_MEDIAN AND both counterparties are recognisable real businesses AND (if provenance is given) the extraction validated cleanly. A heavy-weight, high-value or duplicate-BL flag alone, with a NORMAL band and clean screening, is a routine data-quality issue and should be CLEARED.

Cite the actual numbers in your reason.
Return: decision (one of BLOCK/ESCALATE/CLEAR), reason (one sentence, max 200 chars, citing the decisive evidence), assessment (a short risk assessment naming the key indicators and their values).

Alert evidence: Alert type: HIGH_VALUE_ANOMALY. BL: OOLU07659. Shipper: Samsung Vietnam. Consignee: JD Logistics. Carrier: HAPAG_LLOYD. Route: USLAX -> HKHKG. Charges: $8747. Weight: 23474kg. Cost per kg: $0.3726 (1.46x the peer median of $0.2558). PRE-COMPUTED COST-PER-KG BAND: NORMAL_AT_OR_BELOW_5X_MEDIAN. This band is economically ordinary and does NOT justify BLOCK or ESCALATE on its own. Sanctions/export-restriction list matches for the counterparties: 0 (0 = both parties clear, -1 = screening data unavailable).","{""assessment"":""The alert indicates a high-value anomaly, but the cost per kg is within the normal range (1.46x the peer median of $0.2558), and there are no sanctions matches. Both counterparties are recognizable real businesses. The key indicators are cost per kg ($0.3726) and sanctions matches (0)."",""decision"":""CLEAR"",""reason"":""Cost per kg is within the normal range (1.46x the peer median of $0.2558) and there are no sanctions matches (0).""}",749,"SUCCESS","\N","2026-08-02 00:34:44.526","fraud_investigation:attempt1","WORKFLOW_INVESTIGATE_ANOMALY",605,144,5498,"SUCCESS",583
185,"mistral-large2","You are a maritime logistics fraud and compliance analyst.

The cost-per-kg threshold comparison has ALREADY been computed for you and is given as PRE-COMPUTED COST-PER-KG BAND. Trust that band and the rule stated next to it. Do not re-derive it or substitute your own thresholds.

Apply this rubric:
- BLOCK if sanctions matches > 0, OR the band is EXTREME_ABOVE_10X_MEDIAN, OR a counterparty name indicates a shell/front company (contains SUSPICIOUS, SHELL, UNKNOWN, or is a generic non-identifiable trading name).
- ESCALATE if the band is ELEVATED_BETWEEN_5X_AND_10X_MEDIAN, OR cost per kg was not computable, OR a required commercial figure is missing, OR document provenance reports extraction confidence below 60/100 or a failed validation. An ELEVATED band alone must NOT be blocked.
- CLEAR if sanctions matches = 0 AND the band is NORMAL_AT_OR_BELOW_5X_MEDIAN AND both counterparties are recognisable real businesses AND (if provenance is given) the extraction validated cleanly. A heavy-weight, high-value or duplicate-BL flag alone, with a NORMAL band and clean screening, is a routine data-quality issue and should be CLEARED.

Cite the actual numbers in your reason.
Return: decision (one of BLOCK/ESCALATE/CLEAR), reason (one sentence, max 200 chars, citing the decisive evidence), assessment (a short risk assessment naming the key indicators and their values).

Alert evidence: Alert type: HIGH_VALUE_ANOMALY. BL: APZU01278. Shipper: Panasonic Vietnam. Consignee: Seven Eleven Japan. Carrier: HAPAG_LLOYD. Route: GBFXT -> CNSHA. Charges: $8728. Weight: 12414kg. Cost per kg: $0.7031 (2.75x the peer median of $0.2558). PRE-COMPUTED COST-PER-KG BAND: NORMAL_AT_OR_BELOW_5X_MEDIAN. This band is economically ordinary and does NOT justify BLOCK or ESCALATE on its own. Sanctions/export-restriction list matches for the counterparties: 0 (0 = both parties clear, -1 = screening data unavailable).","{""assessment"":""The key indicators are the cost-per-kg band (NORMAL_AT_OR_BELOW_5X_MEDIAN), sanctions matches (0), and recognizable counterparties (Panasonic Vietnam and Seven Eleven Japan). The cost per kg is $0.7031, which is 2.75x the peer median of $0.2558, but still within the normal range. Both counterparties are recognizable real businesses, and there are no sanctions matches."",""decision"":""CLEAR"",""reason"":""Sanctions matches = 0, cost-per-kg band is NORMAL_AT_OR_BELOW_5X_MEDIAN, and both counterparties are recognizable real businesses.""}",782,"SUCCESS","\N","2026-08-02 00:34:53.297","fraud_investigation:attempt1","WORKFLOW_INVESTIGATE_ANOMALY",605,177,4308,"SUCCESS",584
186,"mistral-large2","You are a maritime logistics fraud and compliance analyst.

The cost-per-kg threshold comparison has ALREADY been computed for you and is given as PRE-COMPUTED COST-PER-KG BAND. Trust that band and the rule stated next to it. Do not re-derive it or substitute your own thresholds.

Apply this rubric:
- BLOCK if sanctions matches > 0, OR the band is EXTREME_ABOVE_10X_MEDIAN, OR a counterparty name indicates a shell/front company (contains SUSPICIOUS, SHELL, UNKNOWN, or is a generic non-identifiable trading name).
- ESCALATE if the band is ELEVATED_BETWEEN_5X_AND_10X_MEDIAN, OR cost per kg was not computable, OR a required commercial figure is missing, OR document provenance reports extraction confidence below 60/100 or a failed validation. An ELEVATED band alone must NOT be blocked.
- CLEAR if sanctions matches = 0 AND the band is NORMAL_AT_OR_BELOW_5X_MEDIAN AND both counterparties are recognisable real businesses AND (if provenance is given) the extraction validated cleanly. A heavy-weight, high-value or duplicate-BL flag alone, with a NORMAL band and clean screening, is a routine data-quality issue and should be CLEARED.

Cite the actual numbers in your reason.
Return: decision (one of BLOCK/ESCALATE/CLEAR), reason (one sentence, max 200 chars, citing the decisive evidence), assessment (a short risk assessment naming the key indicators and their values).

Alert evidence: Alert type: HIGH_VALUE_ANOMALY. BL: MAEU06261. Shipper: Samsung Vietnam. Consignee: Home Depot. Carrier: HAPAG_LLOYD. Route: VNHPH -> THLCH. Charges: $8723. Weight: 20461kg. Cost per kg: $0.4263 (1.67x the peer median of $0.2558). PRE-COMPUTED COST-PER-KG BAND: NORMAL_AT_OR_BELOW_5X_MEDIAN. This band is economically ordinary and does NOT justify BLOCK or ESCALATE on its own. Sanctions/export-restriction list matches for the counterparties: 0 (0 = both parties clear, -1 = screening data unavailable).","{""assessment"":""The alert indicates a high-value anomaly, but the cost per kg is within the normal range (1.67x the peer median of $0.2558), and there are no sanctions matches. Both counterparties are recognizable real businesses. The key indicators are cost per kg ($0.4263) and sanctions matches (0)."",""decision"":""CLEAR"",""reason"":""Cost per kg is within the normal range (1.67x the peer median of $0.2558) and there are no sanctions matches (0).""}",747,"SUCCESS","\N","2026-08-02 00:35:01.501","fraud_investigation:attempt1","WORKFLOW_INVESTIGATE_ANOMALY",603,144,3632,"SUCCESS",585
187,"mistral-large2","You are a maritime logistics fraud and compliance analyst.

The cost-per-kg threshold comparison has ALREADY been computed for you and is given as PRE-COMPUTED COST-PER-KG BAND. Trust that band and the rule stated next to it. Do not re-derive it or substitute your own thresholds.

Apply this rubric:
- BLOCK if sanctions matches > 0, OR the band is EXTREME_ABOVE_10X_MEDIAN, OR a counterparty name indicates a shell/front company (contains SUSPICIOUS, SHELL, UNKNOWN, or is a generic non-identifiable trading name).
- ESCALATE if the band is ELEVATED_BETWEEN_5X_AND_10X_MEDIAN, OR cost per kg was not computable, OR a required commercial figure is missing, OR document provenance reports extraction confidence below 60/100 or a failed validation. An ELEVATED band alone must NOT be blocked.
- CLEAR if sanctions matches = 0 AND the band is NORMAL_AT_OR_BELOW_5X_MEDIAN AND both counterparties are recognisable real businesses AND (if provenance is given) the extraction validated cleanly. A heavy-weight, high-value or duplicate-BL flag alone, with a NORMAL band and clean screening, is a routine data-quality issue and should be CLEARED.

Cite the actual numbers in your reason.
Return: decision (one of BLOCK/ESCALATE/CLEAR), reason (one sentence, max 200 chars, citing the decisive evidence), assessment (a short risk assessment naming the key indicators and their values).

Alert evidence: Alert type: HIGH_VALUE_ANOMALY. BL: MSKU05886. Shipper: Canon Vietnam. Consignee: Lazada Group. Carrier: HAPAG_LLOYD. Route: USLGB -> USLGB. Charges: $8719. Weight: 10385kg. Cost per kg: $0.8396 (3.28x the peer median of $0.2558). PRE-COMPUTED COST-PER-KG BAND: NORMAL_AT_OR_BELOW_5X_MEDIAN. This band is economically ordinary and does NOT justify BLOCK or ESCALATE on its own. Sanctions/export-restriction list matches for the counterparties: 0 (0 = both parties clear, -1 = screening data unavailable).","{""assessment"":""The key indicators are the cost-per-kg band (NORMAL_AT_OR_BELOW_5X_MEDIAN) and sanctions matches (0). Both counterparties are recognisable real businesses, and the cost per kg is within the normal range."",""decision"":""CLEAR"",""reason"":""Sanctions matches = 0, cost-per-kg band is NORMAL_AT_OR_BELOW_5X_MEDIAN, and both counterparties are recognisable real businesses.""}",730,"SUCCESS","\N","2026-08-02 00:35:10.925","fraud_investigation:attempt1","WORKFLOW_INVESTIGATE_ANOMALY",604,126,4869,"SUCCESS",586
188,"mistral-large2","You are a maritime logistics fraud and compliance analyst.

The cost-per-kg threshold comparison has ALREADY been computed for you and is given as PRE-COMPUTED COST-PER-KG BAND. Trust that band and the rule stated next to it. Do not re-derive it or substitute your own thresholds.

Apply this rubric:
- BLOCK if sanctions matches > 0, OR the band is EXTREME_ABOVE_10X_MEDIAN, OR a counterparty name indicates a shell/front company (contains SUSPICIOUS, SHELL, UNKNOWN, or is a generic non-identifiable trading name).
- ESCALATE if the band is ELEVATED_BETWEEN_5X_AND_10X_MEDIAN, OR cost per kg was not computable, OR a required commercial figure is missing, OR document provenance reports extraction confidence below 60/100 or a failed validation. An ELEVATED band alone must NOT be blocked.
- CLEAR if sanctions matches = 0 AND the band is NORMAL_AT_OR_BELOW_5X_MEDIAN AND both counterparties are recognisable real businesses AND (if provenance is given) the extraction validated cleanly. A heavy-weight, high-value or duplicate-BL flag alone, with a NORMAL band and clean screening, is a routine data-quality issue and should be CLEARED.

Cite the actual numbers in your reason.
Return: decision (one of BLOCK/ESCALATE/CLEAR), reason (one sentence, max 200 chars, citing the decisive evidence), assessment (a short risk assessment naming the key indicators and their values).

Alert evidence: Alert type: HIGH_VALUE_ANOMALY. BL: MSKU08222. Shipper: Samsung Vietnam. Consignee: Alibaba Trade. Carrier: HAPAG_LLOYD. Route: JPTYO -> INMUN. Charges: $8715. Weight: 28387kg. Cost per kg: $0.307 (1.2x the peer median of $0.2558). PRE-COMPUTED COST-PER-KG BAND: NORMAL_AT_OR_BELOW_5X_MEDIAN. This band is economically ordinary and does NOT justify BLOCK or ESCALATE on its own. Sanctions/export-restriction list matches for the counterparties: 0 (0 = both parties clear, -1 = screening data unavailable).","{""assessment"":""The alert indicates a high-value anomaly, but the cost per kg is within the normal range (1.2x the peer median of $0.2558), and there are no sanctions matches. Both counterparties are recognizable real businesses. The key indicators are the cost per kg ($0.307) and sanctions matches (0)."",""decision"":""CLEAR"",""reason"":""Cost per kg is within the normal range ($0.307, 1.2x the peer median of $0.2558) and no sanctions matches (0).""}",749,"SUCCESS","\N","2026-08-02 00:35:32.993","fraud_investigation:attempt1","WORKFLOW_INVESTIGATE_ANOMALY",602,147,3773,"SUCCESS",587
189,"mistral-large2","You are a maritime logistics fraud and compliance analyst.

The cost-per-kg threshold comparison has ALREADY been computed for you and is given as PRE-COMPUTED COST-PER-KG BAND. Trust that band and the rule stated next to it. Do not re-derive it or substitute your own thresholds.

Apply this rubric:
- BLOCK if sanctions matches > 0, OR the band is EXTREME_ABOVE_10X_MEDIAN, OR a counterparty name indicates a shell/front company (contains SUSPICIOUS, SHELL, UNKNOWN, or is a generic non-identifiable trading name).
- ESCALATE if the band is ELEVATED_BETWEEN_5X_AND_10X_MEDIAN, OR cost per kg was not computable, OR a required commercial figure is missing, OR document provenance reports extraction confidence below 60/100 or a failed validation. An ELEVATED band alone must NOT be blocked.
- CLEAR if sanctions matches = 0 AND the band is NORMAL_AT_OR_BELOW_5X_MEDIAN AND both counterparties are recognisable real businesses AND (if provenance is given) the extraction validated cleanly. A heavy-weight, high-value or duplicate-BL flag alone, with a NORMAL band and clean screening, is a routine data-quality issue and should be CLEARED.

Cite the actual numbers in your reason.
Return: decision (one of BLOCK/ESCALATE/CLEAR), reason (one sentence, max 200 chars, citing the decisive evidence), assessment (a short risk assessment naming the key indicators and their values).

Alert evidence: Alert type: WEIGHT_ANOMALY. BL: MSKU03842. Shipper: Viglacera Corp. Consignee: JD Logistics. Carrier: MAERSK. Route: AEJEA -> JPTYO. Charges: $5706. Weight: 44998kg. Cost per kg: $0.1268 (0.5x the peer median of $0.2558). PRE-COMPUTED COST-PER-KG BAND: NORMAL_AT_OR_BELOW_5X_MEDIAN. This band is economically ordinary and does NOT justify BLOCK or ESCALATE on its own. Sanctions/export-restriction list matches for the counterparties: 0 (0 = both parties clear, -1 = screening data unavailable).","{""assessment"":""The key indicators are the cost-per-kg band (NORMAL_AT_OR_BELOW_5X_MEDIAN) and sanctions matches (0). Both counterparties are recognisable real businesses, and the cost per kg is economically ordinary. There are no indications of fraud or compliance issues."",""decision"":""CLEAR"",""reason"":""Sanctions matches = 0, cost-per-kg band is NORMAL_AT_OR_BELOW_5X_MEDIAN, and both counterparties are recognisable real businesses.""}",738,"SUCCESS","\N","2026-08-02 00:35:41.081","fraud_investigation:attempt1","WORKFLOW_INVESTIGATE_ANOMALY",602,136,3013,"SUCCESS",588
190,"mistral-large2","You are a maritime logistics fraud and compliance analyst.

The cost-per-kg threshold comparison has ALREADY been computed for you and is given as PRE-COMPUTED COST-PER-KG BAND. Trust that band and the rule stated next to it. Do not re-derive it or substitute your own thresholds.

Apply this rubric:
- BLOCK if sanctions matches > 0, OR the band is EXTREME_ABOVE_10X_MEDIAN, OR a counterparty name indicates a shell/front company (contains SUSPICIOUS, SHELL, UNKNOWN, or is a generic non-identifiable trading name).
- ESCALATE if the band is ELEVATED_BETWEEN_5X_AND_10X_MEDIAN, OR cost per kg was not computable, OR a required commercial figure is missing, OR document provenance reports extraction confidence below 60/100 or a failed validation. An ELEVATED band alone must NOT be blocked.
- CLEAR if sanctions matches = 0 AND the band is NORMAL_AT_OR_BELOW_5X_MEDIAN AND both counterparties are recognisable real businesses AND (if provenance is given) the extraction validated cleanly. A heavy-weight, high-value or duplicate-BL flag alone, with a NORMAL band and clean screening, is a routine data-quality issue and should be CLEARED.

Cite the actual numbers in your reason.
Return: decision (one of BLOCK/ESCALATE/CLEAR), reason (one sentence, max 200 chars, citing the decisive evidence), assessment (a short risk assessment naming the key indicators and their values).

Alert evidence: Alert type: WEIGHT_ANOMALY. BL: MAEU04790. Shipper: Intel Products Vietnam. Consignee: Alibaba Trade. Carrier: MAERSK. Route: NLRTM -> SGSIN. Charges: $8152. Weight: 44972kg. Cost per kg: $0.1813 (0.71x the peer median of $0.2558). PRE-COMPUTED COST-PER-KG BAND: NORMAL_AT_OR_BELOW_5X_MEDIAN. This band is economically ordinary and does NOT justify BLOCK or ESCALATE on its own. Sanctions/export-restriction list matches for the counterparties: 0 (0 = both parties clear, -1 = screening data unavailable).","{""assessment"":""The key indicators are the cost-per-kg band (NORMAL_AT_OR_BELOW_5X_MEDIAN) and sanctions matches (0). Both counterparties are recognisable real businesses, and the cost per kg is economically ordinary."",""decision"":""CLEAR"",""reason"":""Sanctions matches = 0, cost-per-kg band is NORMAL_AT_OR_BELOW_5X_MEDIAN, and both counterparties are recognisable real businesses.""}",722,"SUCCESS","\N","2026-08-02 00:36:38.219","fraud_investigation:attempt1","WORKFLOW_INVESTIGATE_ANOMALY",597,125,52674,"SUCCESS",589
191,"mistral-large2","You are a maritime logistics fraud and compliance analyst.

The cost-per-kg threshold comparison has ALREADY been computed for you and is given as PRE-COMPUTED COST-PER-KG BAND. Trust that band and the rule stated next to it. Do not re-derive it or substitute your own thresholds.

Apply this rubric:
- BLOCK if sanctions matches > 0, OR the band is EXTREME_ABOVE_10X_MEDIAN, OR a counterparty name indicates a shell/front company (contains SUSPICIOUS, SHELL, UNKNOWN, or is a generic non-identifiable trading name).
- ESCALATE if the band is ELEVATED_BETWEEN_5X_AND_10X_MEDIAN, OR cost per kg was not computable, OR a required commercial figure is missing, OR document provenance reports extraction confidence below 60/100 or a failed validation. An ELEVATED band alone must NOT be blocked.
- CLEAR if sanctions matches = 0 AND the band is NORMAL_AT_OR_BELOW_5X_MEDIAN AND both counterparties are recognisable real businesses AND (if provenance is given) the extraction validated cleanly. A heavy-weight, high-value or duplicate-BL flag alone, with a NORMAL band and clean screening, is a routine data-quality issue and should be CLEARED.

Cite the actual numbers in your reason.
Return: decision (one of BLOCK/ESCALATE/CLEAR), reason (one sentence, max 200 chars, citing the decisive evidence), assessment (a short risk assessment naming the key indicators and their values).

Alert evidence: Alert type: WEIGHT_ANOMALY. BL: HLCU03978. Shipper: Viglacera Corp. Consignee: Walmart Inc. Carrier: MAERSK. Route: AEJEA -> VNHPH. Charges: $7892. Weight: 44965kg. Cost per kg: $0.1755 (0.69x the peer median of $0.2558). PRE-COMPUTED COST-PER-KG BAND: NORMAL_AT_OR_BELOW_5X_MEDIAN. This band is economically ordinary and does NOT justify BLOCK or ESCALATE on its own. Sanctions/export-restriction list matches for the counterparties: 0 (0 = both parties clear, -1 = screening data unavailable).","{""assessment"":""The key indicators are the cost-per-kg band (NORMAL_AT_OR_BELOW_5X_MEDIAN) and sanctions matches (0). Both counterparties are recognisable real businesses, and the cost per kg is economically ordinary."",""decision"":""CLEAR"",""reason"":""Sanctions matches = 0, cost-per-kg band is NORMAL_AT_OR_BELOW_5X_MEDIAN, and both counterparties are recognisable real businesses.""}",727,"SUCCESS","\N","2026-08-02 00:36:47.493","fraud_investigation:attempt1","WORKFLOW_INVESTIGATE_ANOMALY",602,125,3288,"SUCCESS",590
192,"mistral-large2","You are a maritime logistics fraud and compliance analyst.

The cost-per-kg threshold comparison has ALREADY been computed for you and is given as PRE-COMPUTED COST-PER-KG BAND. Trust that band and the rule stated next to it. Do not re-derive it or substitute your own thresholds.

Apply this rubric:
- BLOCK if sanctions matches > 0, OR the band is EXTREME_ABOVE_10X_MEDIAN, OR a counterparty name indicates a shell/front company (contains SUSPICIOUS, SHELL, UNKNOWN, or is a generic non-identifiable trading name).
- ESCALATE if the band is ELEVATED_BETWEEN_5X_AND_10X_MEDIAN, OR cost per kg was not computable, OR a required commercial figure is missing, OR document provenance reports extraction confidence below 60/100 or a failed validation. An ELEVATED band alone must NOT be blocked.
- CLEAR if sanctions matches = 0 AND the band is NORMAL_AT_OR_BELOW_5X_MEDIAN AND both counterparties are recognisable real businesses AND (if provenance is given) the extraction validated cleanly. A heavy-weight, high-value or duplicate-BL flag alone, with a NORMAL band and clean screening, is a routine data-quality issue and should be CLEARED.

Cite the actual numbers in your reason.
Return: decision (one of BLOCK/ESCALATE/CLEAR), reason (one sentence, max 200 chars, citing the decisive evidence), assessment (a short risk assessment naming the key indicators and their values).

Alert evidence: Alert type: WEIGHT_ANOMALY. BL: MSKU07933. Shipper: Foxconn Vietnam. Consignee: Tesco PLC. Carrier: MSC. Route: SGSIN -> BEANR. Charges: $4481. Weight: 44961kg. Cost per kg: $0.0997 (0.39x the peer median of $0.2558). PRE-COMPUTED COST-PER-KG BAND: NORMAL_AT_OR_BELOW_5X_MEDIAN. This band is economically ordinary and does NOT justify BLOCK or ESCALATE on its own. Sanctions/export-restriction list matches for the counterparties: 0 (0 = both parties clear, -1 = screening data unavailable).","{""assessment"":""The key indicators are the cost-per-kg band (NORMAL_AT_OR_BELOW_5X_MEDIAN) and sanctions matches (0). Both counterparties are recognisable real businesses, and the cost per kg is economically ordinary. There are no indications of fraud or compliance issues."",""decision"":""CLEAR"",""reason"":""Sanctions matches = 0, cost-per-kg band is NORMAL_AT_OR_BELOW_5X_MEDIAN, and both counterparties are recognisable real businesses.""}",732,"SUCCESS","\N","2026-08-02 00:37:29.890","fraud_investigation:attempt1","WORKFLOW_INVESTIGATE_ANOMALY",596,136,37478,"SUCCESS",591
193,"mistral-large2","You are a maritime logistics fraud and compliance analyst.

The cost-per-kg threshold comparison has ALREADY been computed for you and is given as PRE-COMPUTED COST-PER-KG BAND. Trust that band and the rule stated next to it. Do not re-derive it or substitute your own thresholds.

Apply this rubric:
- BLOCK if sanctions matches > 0, OR the band is EXTREME_ABOVE_10X_MEDIAN, OR a counterparty name indicates a shell/front company (contains SUSPICIOUS, SHELL, UNKNOWN, or is a generic non-identifiable trading name).
- ESCALATE if the band is ELEVATED_BETWEEN_5X_AND_10X_MEDIAN, OR cost per kg was not computable, OR a required commercial figure is missing, OR document provenance reports extraction confidence below 60/100 or a failed validation. An ELEVATED band alone must NOT be blocked.
- CLEAR if sanctions matches = 0 AND the band is NORMAL_AT_OR_BELOW_5X_MEDIAN AND both counterparties are recognisable real businesses AND (if provenance is given) the extraction validated cleanly. A heavy-weight, high-value or duplicate-BL flag alone, with a NORMAL band and clean screening, is a routine data-quality issue and should be CLEARED.

Cite the actual numbers in your reason.
Return: decision (one of BLOCK/ESCALATE/CLEAR), reason (one sentence, max 200 chars, citing the decisive evidence), assessment (a short risk assessment naming the key indicators and their values).

Alert evidence: Alert type: WEIGHT_ANOMALY. BL: CMDU01638. Shipper: Adidas Sourcing Ltd. Consignee: Tesco PLC. Carrier: MSC. Route: HKHKG -> THLCH. Charges: $3877. Weight: 44957kg. Cost per kg: $0.0862 (0.34x the peer median of $0.2558). PRE-COMPUTED COST-PER-KG BAND: NORMAL_AT_OR_BELOW_5X_MEDIAN. This band is economically ordinary and does NOT justify BLOCK or ESCALATE on its own. Sanctions/export-restriction list matches for the counterparties: 0 (0 = both parties clear, -1 = screening data unavailable).","{""assessment"":""The key indicators are the cost-per-kg band (NORMAL_AT_OR_BELOW_5X_MEDIAN) and sanctions matches (0). Both counterparties are recognisable real businesses, and the cost per kg is economically ordinary."",""decision"":""CLEAR"",""reason"":""Sanctions matches = 0, cost-per-kg band is NORMAL_AT_OR_BELOW_5X_MEDIAN, and both counterparties are recognisable real businesses.""}",726,"SUCCESS","\N","2026-08-02 00:37:38.338","fraud_investigation:attempt1","WORKFLOW_INVESTIGATE_ANOMALY",601,125,3741,"SUCCESS",592
194,"mistral-large2","You are a maritime logistics fraud and compliance analyst.

The cost-per-kg threshold comparison has ALREADY been computed for you and is given as PRE-COMPUTED COST-PER-KG BAND. Trust that band and the rule stated next to it. Do not re-derive it or substitute your own thresholds.

Apply this rubric:
- BLOCK if sanctions matches > 0, OR the band is EXTREME_ABOVE_10X_MEDIAN, OR a counterparty name indicates a shell/front company (contains SUSPICIOUS, SHELL, UNKNOWN, or is a generic non-identifiable trading name).
- ESCALATE if the band is ELEVATED_BETWEEN_5X_AND_10X_MEDIAN, OR cost per kg was not computable, OR a required commercial figure is missing, OR document provenance reports extraction confidence below 60/100 or a failed validation. An ELEVATED band alone must NOT be blocked.
- CLEAR if sanctions matches = 0 AND the band is NORMAL_AT_OR_BELOW_5X_MEDIAN AND both counterparties are recognisable real businesses AND (if provenance is given) the extraction validated cleanly. A heavy-weight, high-value or duplicate-BL flag alone, with a NORMAL band and clean screening, is a routine data-quality issue and should be CLEARED.

Cite the actual numbers in your reason.
Return: decision (one of BLOCK/ESCALATE/CLEAR), reason (one sentence, max 200 chars, citing the decisive evidence), assessment (a short risk assessment naming the key indicators and their values).

Alert evidence: Alert type: WEIGHT_ANOMALY. BL: YMLU06644. Shipper: Trung Nguyen Coffee. Consignee: Tesco PLC. Carrier: COSCO. Route: INMUN -> AEJEA. Charges: $4249. Weight: 44947kg. Cost per kg: $0.0945 (0.37x the peer median of $0.2558). PRE-COMPUTED COST-PER-KG BAND: NORMAL_AT_OR_BELOW_5X_MEDIAN. This band is economically ordinary and does NOT justify BLOCK or ESCALATE on its own. Sanctions/export-restriction list matches for the counterparties: 0 (0 = both parties clear, -1 = screening data unavailable).","{""assessment"":""The key indicators are the cost-per-kg band (NORMAL_AT_OR_BELOW_5X_MEDIAN) and sanctions matches (0). Both counterparties are recognisable real businesses, and the cost per kg is economically ordinary."",""decision"":""CLEAR"",""reason"":""Sanctions matches = 0, cost-per-kg band is NORMAL_AT_OR_BELOW_5X_MEDIAN, and both counterparties are recognisable real businesses.""}",727,"SUCCESS","\N","2026-08-02 00:37:45.925","fraud_investigation:attempt1","WORKFLOW_INVESTIGATE_ANOMALY",602,125,3212,"SUCCESS",593
195,"mistral-large2","You are a maritime logistics fraud and compliance analyst.

The cost-per-kg threshold comparison has ALREADY been computed for you and is given as PRE-COMPUTED COST-PER-KG BAND. Trust that band and the rule stated next to it. Do not re-derive it or substitute your own thresholds.

Apply this rubric:
- BLOCK if sanctions matches > 0, OR the band is EXTREME_ABOVE_10X_MEDIAN, OR a counterparty name indicates a shell/front company (contains SUSPICIOUS, SHELL, UNKNOWN, or is a generic non-identifiable trading name).
- ESCALATE if the band is ELEVATED_BETWEEN_5X_AND_10X_MEDIAN, OR cost per kg was not computable, OR a required commercial figure is missing, OR document provenance reports extraction confidence below 60/100 or a failed validation. An ELEVATED band alone must NOT be blocked.
- CLEAR if sanctions matches = 0 AND the band is NORMAL_AT_OR_BELOW_5X_MEDIAN AND both counterparties are recognisable real businesses AND (if provenance is given) the extraction validated cleanly. A heavy-weight, high-value or duplicate-BL flag alone, with a NORMAL band and clean screening, is a routine data-quality issue and should be CLEARED.

Cite the actual numbers in your reason.
Return: decision (one of BLOCK/ESCALATE/CLEAR), reason (one sentence, max 200 chars, citing the decisive evidence), assessment (a short risk assessment naming the key indicators and their values).

Alert evidence: Alert type: WEIGHT_ANOMALY. BL: CAXU02831. Shipper: Viettel Electronics. Consignee: Walmart Inc. Carrier: MAERSK. Route: NLRTM -> CNNGB. Charges: $8223. Weight: 44937kg. Cost per kg: $0.183 (0.72x the peer median of $0.2558). PRE-COMPUTED COST-PER-KG BAND: NORMAL_AT_OR_BELOW_5X_MEDIAN. This band is economically ordinary and does NOT justify BLOCK or ESCALATE on its own. Sanctions/export-restriction list matches for the counterparties: 0 (0 = both parties clear, -1 = screening data unavailable).","{""assessment"":""The key indicators are the cost-per-kg band (NORMAL_AT_OR_BELOW_5X_MEDIAN) and sanctions matches (0). Both counterparties are recognisable real businesses, and the cost per kg is economically ordinary. There are no indicators of high risk."",""decision"":""CLEAR"",""reason"":""Sanctions matches = 0, cost-per-kg band is NORMAL_AT_OR_BELOW_5X_MEDIAN, and both counterparties are recognisable real businesses.""}",731,"SUCCESS","\N","2026-08-02 00:37:53.956","fraud_investigation:attempt1","WORKFLOW_INVESTIGATE_ANOMALY",597,134,3558,"SUCCESS",594
196,"mistral-large2","You are a maritime logistics fraud and compliance analyst.

The cost-per-kg threshold comparison has ALREADY been computed for you and is given as PRE-COMPUTED COST-PER-KG BAND. Trust that band and the rule stated next to it. Do not re-derive it or substitute your own thresholds.

Apply this rubric:
- BLOCK if sanctions matches > 0, OR the band is EXTREME_ABOVE_10X_MEDIAN, OR a counterparty name indicates a shell/front company (contains SUSPICIOUS, SHELL, UNKNOWN, or is a generic non-identifiable trading name).
- ESCALATE if the band is ELEVATED_BETWEEN_5X_AND_10X_MEDIAN, OR cost per kg was not computable, OR a required commercial figure is missing, OR document provenance reports extraction confidence below 60/100 or a failed validation. An ELEVATED band alone must NOT be blocked.
- CLEAR if sanctions matches = 0 AND the band is NORMAL_AT_OR_BELOW_5X_MEDIAN AND both counterparties are recognisable real businesses AND (if provenance is given) the extraction validated cleanly. A heavy-weight, high-value or duplicate-BL flag alone, with a NORMAL band and clean screening, is a routine data-quality issue and should be CLEARED.

Cite the actual numbers in your reason.
Return: decision (one of BLOCK/ESCALATE/CLEAR), reason (one sentence, max 200 chars, citing the decisive evidence), assessment (a short risk assessment naming the key indicators and their values).

Alert evidence: Alert type: WEIGHT_ANOMALY. BL: EGLV05711. Shipper: ABC Electronics Vietnam. Consignee: Shopee Express. Carrier: MAERSK. Route: AEJEA -> MYPKG. Charges: $6673. Weight: 44932kg. Cost per kg: $0.1485 (0.58x the peer median of $0.2558). PRE-COMPUTED COST-PER-KG BAND: NORMAL_AT_OR_BELOW_5X_MEDIAN. This band is economically ordinary and does NOT justify BLOCK or ESCALATE on its own. Sanctions/export-restriction list matches for the counterparties: 0 (0 = both parties clear, -1 = screening data unavailable).","{""assessment"":""The key indicators are the cost-per-kg band (NORMAL_AT_OR_BELOW_5X_MEDIAN) and sanctions matches (0). Both counterparties are recognisable real businesses, and the cost per kg is economically ordinary. There are no indications of fraud or compliance issues."",""decision"":""CLEAR"",""reason"":""Sanctions matches = 0, cost-per-kg band is NORMAL_AT_OR_BELOW_5X_MEDIAN, and both counterparties are recognisable real businesses.""}",736,"SUCCESS","\N","2026-08-02 00:38:01.695","fraud_investigation:attempt1","WORKFLOW_INVESTIGATE_ANOMALY",600,136,3345,"SUCCESS",595
197,"mistral-large2","You are a maritime logistics fraud and compliance analyst.

The cost-per-kg threshold comparison has ALREADY been computed for you and is given as PRE-COMPUTED COST-PER-KG BAND. Trust that band and the rule stated next to it. Do not re-derive it or substitute your own thresholds.

Apply this rubric:
- BLOCK if sanctions matches > 0, OR the band is EXTREME_ABOVE_10X_MEDIAN, OR a counterparty name indicates a shell/front company (contains SUSPICIOUS, SHELL, UNKNOWN, or is a generic non-identifiable trading name).
- ESCALATE if the band is ELEVATED_BETWEEN_5X_AND_10X_MEDIAN, OR cost per kg was not computable, OR a required commercial figure is missing, OR document provenance reports extraction confidence below 60/100 or a failed validation. An ELEVATED band alone must NOT be blocked.
- CLEAR if sanctions matches = 0 AND the band is NORMAL_AT_OR_BELOW_5X_MEDIAN AND both counterparties are recognisable real businesses AND (if provenance is given) the extraction validated cleanly. A heavy-weight, high-value or duplicate-BL flag alone, with a NORMAL band and clean screening, is a routine data-quality issue and should be CLEARED.

Cite the actual numbers in your reason.
Return: decision (one of BLOCK/ESCALATE/CLEAR), reason (one sentence, max 200 chars, citing the decisive evidence), assessment (a short risk assessment naming the key indicators and their values).

Alert evidence: Alert type: HIGH_VALUE_ANOMALY. BL: EGLV04388. Shipper: Phong Phu Garment. Consignee: Carrefour SA. Carrier: HAPAG_LLOYD. Route: DEHAM -> USLGB. Charges: $8800. Weight: 31445kg. Cost per kg: $0.2799 (1.09x the peer median of $0.2558). PRE-COMPUTED COST-PER-KG BAND: NORMAL_AT_OR_BELOW_5X_MEDIAN. This band is economically ordinary and does NOT justify BLOCK or ESCALATE on its own. Sanctions/export-restriction list matches for the counterparties: 0 (0 = both parties clear, -1 = screening data unavailable).","{""assessment"":""The key indicators are the cost-per-kg band (NORMAL_AT_OR_BELOW_5X_MEDIAN), sanctions matches (0), and recognizable counterparties (Phong Phu Garment and Carrefour SA). All indicators are within acceptable ranges, suggesting low risk."",""decision"":""CLEAR"",""reason"":""Sanctions matches = 0, cost-per-kg band is NORMAL_AT_OR_BELOW_5X_MEDIAN, and both counterparties are recognizable real businesses.""}",740,"SUCCESS","\N","2026-08-02 00:38:09.673","fraud_investigation:attempt1","WORKFLOW_INVESTIGATE_ANOMALY",607,133,3349,"SUCCESS",596
198,"mistral-large2","You are a maritime logistics fraud and compliance analyst.

The cost-per-kg threshold comparison has ALREADY been computed for you and is given as PRE-COMPUTED COST-PER-KG BAND. Trust that band and the rule stated next to it. Do not re-derive it or substitute your own thresholds.

Apply this rubric:
- BLOCK if sanctions matches > 0, OR the band is EXTREME_ABOVE_10X_MEDIAN, OR a counterparty name indicates a shell/front company (contains SUSPICIOUS, SHELL, UNKNOWN, or is a generic non-identifiable trading name).
- ESCALATE if the band is ELEVATED_BETWEEN_5X_AND_10X_MEDIAN, OR cost per kg was not computable, OR a required commercial figure is missing, OR document provenance reports extraction confidence below 60/100 or a failed validation. An ELEVATED band alone must NOT be blocked.
- CLEAR if sanctions matches = 0 AND the band is NORMAL_AT_OR_BELOW_5X_MEDIAN AND both counterparties are recognisable real businesses AND (if provenance is given) the extraction validated cleanly. A heavy-weight, high-value or duplicate-BL flag alone, with a NORMAL band and clean screening, is a routine data-quality issue and should be CLEARED.

Cite the actual numbers in your reason.
Return: decision (one of BLOCK/ESCALATE/CLEAR), reason (one sentence, max 200 chars, citing the decisive evidence), assessment (a short risk assessment naming the key indicators and their values).

Alert evidence: Alert type: HIGH_VALUE_ANOMALY. BL: YMLU05105. Shipper: Adidas Sourcing Ltd. Consignee: Tech Solutions GmbH. Carrier: HAPAG_LLOYD. Route: HKHKG -> INMUN. Charges: $8796. Weight: 21823kg. Cost per kg: $0.4031 (1.58x the peer median of $0.2558). PRE-COMPUTED COST-PER-KG BAND: NORMAL_AT_OR_BELOW_5X_MEDIAN. This band is economically ordinary and does NOT justify BLOCK or ESCALATE on its own. Sanctions/export-restriction list matches for the counterparties: 0 (0 = both parties clear, -1 = screening data unavailable).","{""assessment"":""The alert indicates a high-value anomaly, but the cost per kg is within the normal range (1.58x the peer median of $0.2558), and there are no sanctions matches. Both counterparties are recognizable real businesses. The key indicators are cost per kg ($0.4031) and sanctions matches (0)."",""decision"":""CLEAR"",""reason"":""Cost per kg is within the normal range (1.58x the peer median of $0.2558) and no sanctions matches (0).""}",752,"SUCCESS","\N","2026-08-02 00:38:19.564","fraud_investigation:attempt1","WORKFLOW_INVESTIGATE_ANOMALY",610,142,5417,"SUCCESS",597
199,"mistral-large2","You are a maritime logistics fraud and compliance analyst.

The cost-per-kg threshold comparison has ALREADY been computed for you and is given as PRE-COMPUTED COST-PER-KG BAND. Trust that band and the rule stated next to it. Do not re-derive it or substitute your own thresholds.

Apply this rubric:
- BLOCK if sanctions matches > 0, OR the band is EXTREME_ABOVE_10X_MEDIAN, OR a counterparty name indicates a shell/front company (contains SUSPICIOUS, SHELL, UNKNOWN, or is a generic non-identifiable trading name).
- ESCALATE if the band is ELEVATED_BETWEEN_5X_AND_10X_MEDIAN, OR cost per kg was not computable, OR a required commercial figure is missing, OR document provenance reports extraction confidence below 60/100 or a failed validation. An ELEVATED band alone must NOT be blocked.
- CLEAR if sanctions matches = 0 AND the band is NORMAL_AT_OR_BELOW_5X_MEDIAN AND both counterparties are recognisable real businesses AND (if provenance is given) the extraction validated cleanly. A heavy-weight, high-value or duplicate-BL flag alone, with a NORMAL band and clean screening, is a routine data-quality issue and should be CLEARED.

Cite the actual numbers in your reason.
Return: decision (one of BLOCK/ESCALATE/CLEAR), reason (one sentence, max 200 chars, citing the decisive evidence), assessment (a short risk assessment naming the key indicators and their values).

Alert evidence: Alert type: HIGH_VALUE_ANOMALY. BL: YMLU08220. Shipper: Tan Hiep Phat. Consignee: Walmart Inc. Carrier: HAPAG_LLOYD. Route: NLRTM -> INMUN. Charges: $8793. Weight: 26287kg. Cost per kg: $0.3345 (1.31x the peer median of $0.2558). PRE-COMPUTED COST-PER-KG BAND: NORMAL_AT_OR_BELOW_5X_MEDIAN. This band is economically ordinary and does NOT justify BLOCK or ESCALATE on its own. Sanctions/export-restriction list matches for the counterparties: 0 (0 = both parties clear, -1 = screening data unavailable).","{""assessment"":""The key indicators are the cost-per-kg band (NORMAL_AT_OR_BELOW_5X_MEDIAN) and sanctions matches (0). Both counterparties are recognisable real businesses, and the cost per kg is economically ordinary. The high-value anomaly flag alone does not warrant escalation or blocking."",""decision"":""CLEAR"",""reason"":""Sanctions matches = 0, cost-per-kg band is NORMAL_AT_OR_BELOW_5X_MEDIAN, and both counterparties are recognisable real businesses.""}",747,"SUCCESS","\N","2026-08-02 00:38:50.065","fraud_investigation:attempt1","WORKFLOW_INVESTIGATE_ANOMALY",606,141,26103,"SUCCESS",598
200,"mistral-large2","You are a maritime logistics fraud and compliance analyst.

The cost-per-kg threshold comparison has ALREADY been computed for you and is given as PRE-COMPUTED COST-PER-KG BAND. Trust that band and the rule stated next to it. Do not re-derive it or substitute your own thresholds.

Apply this rubric:
- BLOCK if sanctions matches > 0, OR the band is EXTREME_ABOVE_10X_MEDIAN, OR a counterparty name indicates a shell/front company (contains SUSPICIOUS, SHELL, UNKNOWN, or is a generic non-identifiable trading name).
- ESCALATE if the band is ELEVATED_BETWEEN_5X_AND_10X_MEDIAN, OR cost per kg was not computable, OR a required commercial figure is missing, OR document provenance reports extraction confidence below 60/100 or a failed validation. An ELEVATED band alone must NOT be blocked.
- CLEAR if sanctions matches = 0 AND the band is NORMAL_AT_OR_BELOW_5X_MEDIAN AND both counterparties are recognisable real businesses AND (if provenance is given) the extraction validated cleanly. A heavy-weight, high-value or duplicate-BL flag alone, with a NORMAL band and clean screening, is a routine data-quality issue and should be CLEARED.

Cite the actual numbers in your reason.
Return: decision (one of BLOCK/ESCALATE/CLEAR), reason (one sentence, max 200 chars, citing the decisive evidence), assessment (a short risk assessment naming the key indicators and their values).

Alert evidence: Alert type: HIGH_VALUE_ANOMALY. BL: MAEU08256. Shipper: Trung Nguyen Coffee. Consignee: Best Buy USA. Carrier: HAPAG_LLOYD. Route: USLAX -> INMUN. Charges: $8788. Weight: 20260kg. Cost per kg: $0.4338 (1.7x the peer median of $0.2558). PRE-COMPUTED COST-PER-KG BAND: NORMAL_AT_OR_BELOW_5X_MEDIAN. This band is economically ordinary and does NOT justify BLOCK or ESCALATE on its own. Sanctions/export-restriction list matches for the counterparties: 0 (0 = both parties clear, -1 = screening data unavailable).","{""assessment"":""The key indicators are the cost-per-kg band (NORMAL_AT_OR_BELOW_5X_MEDIAN) and sanctions matches (0). Both counterparties are recognisable real businesses, and the cost per kg is economically ordinary. The high-value anomaly flag alone does not warrant escalation or blocking."",""decision"":""CLEAR"",""reason"":""Sanctions matches = 0, cost-per-kg band is NORMAL_AT_OR_BELOW_5X_MEDIAN, and both counterparties are recognisable real businesses.""}",747,"SUCCESS","\N","2026-08-02 00:38:58.279","fraud_investigation:attempt1","WORKFLOW_INVESTIGATE_ANOMALY",606,141,3724,"SUCCESS",599
201,"mistral-large2","You are a maritime logistics fraud and compliance analyst.

The cost-per-kg threshold comparison has ALREADY been computed for you and is given as PRE-COMPUTED COST-PER-KG BAND. Trust that band and the rule stated next to it. Do not re-derive it or substitute your own thresholds.

Apply this rubric:
- BLOCK if sanctions matches > 0, OR the band is EXTREME_ABOVE_10X_MEDIAN, OR a counterparty name indicates a shell/front company (contains SUSPICIOUS, SHELL, UNKNOWN, or is a generic non-identifiable trading name).
- ESCALATE if the band is ELEVATED_BETWEEN_5X_AND_10X_MEDIAN, OR cost per kg was not computable, OR a required commercial figure is missing, OR document provenance reports extraction confidence below 60/100 or a failed validation. An ELEVATED band alone must NOT be blocked.
- CLEAR if sanctions matches = 0 AND the band is NORMAL_AT_OR_BELOW_5X_MEDIAN AND both counterparties are recognisable real businesses AND (if provenance is given) the extraction validated cleanly. A heavy-weight, high-value or duplicate-BL flag alone, with a NORMAL band and clean screening, is a routine data-quality issue and should be CLEARED.

Cite the actual numbers in your reason.
Return: decision (one of BLOCK/ESCALATE/CLEAR), reason (one sentence, max 200 chars, citing the decisive evidence), assessment (a short risk assessment naming the key indicators and their values).

Alert evidence: Alert type: HIGH_VALUE_ANOMALY. BL: ONEY05998. Shipper: Trung Nguyen Coffee. Consignee: Shopee Express. Carrier: HAPAG_LLOYD. Route: USLAX -> THLCH. Charges: $8786. Weight: 20274kg. Cost per kg: $0.4334 (1.69x the peer median of $0.2558). PRE-COMPUTED COST-PER-KG BAND: NORMAL_AT_OR_BELOW_5X_MEDIAN. This band is economically ordinary and does NOT justify BLOCK or ESCALATE on its own. Sanctions/export-restriction list matches for the counterparties: 0 (0 = both parties clear, -1 = screening data unavailable).","{""assessment"":""The alert indicates a high-value anomaly, but the cost per kg is within the normal range (1.69x the peer median of $0.2558), and there are no sanctions matches. Both counterparties are recognizable real businesses. The key indicators are cost per kg ($0.4334) and sanctions matches (0)."",""decision"":""CLEAR"",""reason"":""Cost per kg is within the normal range (1.69x the peer median of $0.2558) and there are no sanctions matches (0).""}",751,"SUCCESS","\N","2026-08-02 00:39:08.726","fraud_investigation:attempt1","WORKFLOW_INVESTIGATE_ANOMALY",607,144,5437,"SUCCESS",600
202,"mistral-large2","You are a maritime logistics fraud and compliance analyst.

The cost-per-kg threshold comparison has ALREADY been computed for you and is given as PRE-COMPUTED COST-PER-KG BAND. Trust that band and the rule stated next to it. Do not re-derive it or substitute your own thresholds.

Apply this rubric:
- BLOCK if sanctions matches > 0, OR the band is EXTREME_ABOVE_10X_MEDIAN, OR a counterparty name indicates a shell/front company (contains SUSPICIOUS, SHELL, UNKNOWN, or is a generic non-identifiable trading name).
- ESCALATE if the band is ELEVATED_BETWEEN_5X_AND_10X_MEDIAN, OR cost per kg was not computable, OR a required commercial figure is missing, OR document provenance reports extraction confidence below 60/100 or a failed validation. An ELEVATED band alone must NOT be blocked.
- CLEAR if sanctions matches = 0 AND the band is NORMAL_AT_OR_BELOW_5X_MEDIAN AND both counterparties are recognisable real businesses AND (if provenance is given) the extraction validated cleanly. A heavy-weight, high-value or duplicate-BL flag alone, with a NORMAL band and clean screening, is a routine data-quality issue and should be CLEARED.

Cite the actual numbers in your reason.
Return: decision (one of BLOCK/ESCALATE/CLEAR), reason (one sentence, max 200 chars, citing the decisive evidence), assessment (a short risk assessment naming the key indicators and their values).

Alert evidence: Alert type: HIGH_VALUE_ANOMALY. BL: CMDU07126. Shipper: Viettel Electronics. Consignee: Shopee Express. Carrier: HAPAG_LLOYD. Route: GBFXT -> INMUN. Charges: $8781. Weight: 24634kg. Cost per kg: $0.3565 (1.39x the peer median of $0.2558). PRE-COMPUTED COST-PER-KG BAND: NORMAL_AT_OR_BELOW_5X_MEDIAN. This band is economically ordinary and does NOT justify BLOCK or ESCALATE on its own. Sanctions/export-restriction list matches for the counterparties: 0 (0 = both parties clear, -1 = screening data unavailable).","{""assessment"":""The key indicators are the cost-per-kg band (NORMAL_AT_OR_BELOW_5X_MEDIAN) and sanctions matches (0). Both counterparties are recognisable real businesses, and the cost per kg is economically ordinary. The high-value anomaly flag alone does not warrant escalation or blocking."",""decision"":""CLEAR"",""reason"":""Sanctions matches = 0, cost-per-kg band is NORMAL_AT_OR_BELOW_5X_MEDIAN, and both counterparties are recognisable real businesses.""}",748,"SUCCESS","\N","2026-08-02 00:39:17.091","fraud_investigation:attempt1","WORKFLOW_INVESTIGATE_ANOMALY",607,141,3771,"SUCCESS",601
203,"mistral-large2","You are a maritime logistics fraud and compliance analyst.

The cost-per-kg threshold comparison has ALREADY been computed for you and is given as PRE-COMPUTED COST-PER-KG BAND. Trust that band and the rule stated next to it. Do not re-derive it or substitute your own thresholds.

Apply this rubric:
- BLOCK if sanctions matches > 0, OR the band is EXTREME_ABOVE_10X_MEDIAN, OR a counterparty name indicates a shell/front company (contains SUSPICIOUS, SHELL, UNKNOWN, or is a generic non-identifiable trading name).
- ESCALATE if the band is ELEVATED_BETWEEN_5X_AND_10X_MEDIAN, OR cost per kg was not computable, OR a required commercial figure is missing, OR document provenance reports extraction confidence below 60/100 or a failed validation. An ELEVATED band alone must NOT be blocked.
- CLEAR if sanctions matches = 0 AND the band is NORMAL_AT_OR_BELOW_5X_MEDIAN AND both counterparties are recognisable real businesses AND (if provenance is given) the extraction validated cleanly. A heavy-weight, high-value or duplicate-BL flag alone, with a NORMAL band and clean screening, is a routine data-quality issue and should be CLEARED.

Cite the actual numbers in your reason.
Return: decision (one of BLOCK/ESCALATE/CLEAR), reason (one sentence, max 200 chars, citing the decisive evidence), assessment (a short risk assessment naming the key indicators and their values).

Alert evidence: Alert type: HIGH_VALUE_ANOMALY. BL: MSKU04701. Shipper: Hoa Sen Group. Consignee: Construction Supply Co. Carrier: HAPAG_LLOYD. Route: VNHPH -> DEHAM. Charges: $8780. Weight: 30143kg. Cost per kg: $0.2913 (1.14x the peer median of $0.2558). PRE-COMPUTED COST-PER-KG BAND: NORMAL_AT_OR_BELOW_5X_MEDIAN. This band is economically ordinary and does NOT justify BLOCK or ESCALATE on its own. Sanctions/export-restriction list matches for the counterparties: 0 (0 = both parties clear, -1 = screening data unavailable).","{""assessment"":""The alert indicates a high-value anomaly, but the cost per kg is within the normal range (1.14x the peer median of $0.2558), and there are no sanctions matches. Both counterparties are recognizable real businesses. The extraction validated cleanly."",""decision"":""CLEAR"",""reason"":""Cost per kg is within the normal range (1.14x the peer median of $0.2558), no sanctions matches, and both counterparties are recognizable real businesses.""}",739,"SUCCESS","\N","2026-08-02 00:39:41.579","fraud_investigation:attempt1","WORKFLOW_INVESTIGATE_ANOMALY",606,133,20167,"SUCCESS",602
204,"mistral-large2","You are a maritime logistics fraud and compliance analyst.

The cost-per-kg threshold comparison has ALREADY been computed for you and is given as PRE-COMPUTED COST-PER-KG BAND. Trust that band and the rule stated next to it. Do not re-derive it or substitute your own thresholds.

Apply this rubric:
- BLOCK if sanctions matches > 0, OR the band is EXTREME_ABOVE_10X_MEDIAN, OR a counterparty name indicates a shell/front company (contains SUSPICIOUS, SHELL, UNKNOWN, or is a generic non-identifiable trading name).
- ESCALATE if the band is ELEVATED_BETWEEN_5X_AND_10X_MEDIAN, OR cost per kg was not computable, OR a required commercial figure is missing, OR document provenance reports extraction confidence below 60/100 or a failed validation. An ELEVATED band alone must NOT be blocked.
- CLEAR if sanctions matches = 0 AND the band is NORMAL_AT_OR_BELOW_5X_MEDIAN AND both counterparties are recognisable real businesses AND (if provenance is given) the extraction validated cleanly. A heavy-weight, high-value or duplicate-BL flag alone, with a NORMAL band and clean screening, is a routine data-quality issue and should be CLEARED.

Cite the actual numbers in your reason.
Return: decision (one of BLOCK/ESCALATE/CLEAR), reason (one sentence, max 200 chars, citing the decisive evidence), assessment (a short risk assessment naming the key indicators and their values).

Alert evidence: Alert type: DOCUMENT_QUALITY. BL: MAEU2026011. Shipper: (not stated). Consignee: (not stated). Carrier: (not stated). Route: ? -> ?. Charges: $not stated. Weight: 24500kg. Cost per kg: $not computable (n/ax the peer median of $0.2558). PRE-COMPUTED COST-PER-KG BAND: NOT_COMPUTABLE. Cost per kg could not be computed, which is itself a reason to ESCALATE. Sanctions/export-restriction list matches for the counterparties: 0 (0 = both parties clear, -1 = screening data unavailable). DOCUMENT PROVENANCE: this shipment was created by AI extraction from the PDF bill_of_lading/BL_MAERSK_MAEU2026011_ERROR.pdf. Extraction confidence 75/100. Extraction validation result: ContainerNumber. Detail: ContainerNumber is invalid because it contains prohibited characters @ and #. The value 'MSK@#$%789' violates the rule that container numbers must not contain @ # $.","{""assessment"":""The key indicators are the non-computable cost per kg and the invalid container number. The cost per kg is not computable, and the container number 'MSK@#$%789' contains prohibited characters, which raises concerns about the document's validity."",""decision"":""ESCALATE"",""reason"":""Cost per kg is not computable and the container number contains prohibited characters.""}",790,"SUCCESS","\N","2026-08-02 00:39:50.180","fraud_investigation:attempt1","WORKFLOW_INVESTIGATE_ANOMALY",687,103,4071,"SUCCESS",603
205,"mistral-large2","You are a maritime logistics fraud and compliance analyst.

The cost-per-kg threshold comparison has ALREADY been computed for you and is given as PRE-COMPUTED COST-PER-KG BAND. Trust that band and the rule stated next to it. Do not re-derive it or substitute your own thresholds.

Apply this rubric:
- BLOCK if sanctions matches > 0, OR the band is EXTREME_ABOVE_10X_MEDIAN, OR a counterparty name indicates a shell/front company (contains SUSPICIOUS, SHELL, UNKNOWN, or is a generic non-identifiable trading name).
- ESCALATE if the band is ELEVATED_BETWEEN_5X_AND_10X_MEDIAN, OR cost per kg was not computable, OR a required commercial figure is missing, OR document provenance reports extraction confidence below 60/100 or a failed validation. An ELEVATED band alone must NOT be blocked.
- CLEAR if sanctions matches = 0 AND the band is NORMAL_AT_OR_BELOW_5X_MEDIAN AND both counterparties are recognisable real businesses AND (if provenance is given) the extraction validated cleanly. A heavy-weight, high-value or duplicate-BL flag alone, with a NORMAL band and clean screening, is a routine data-quality issue and should be CLEARED.

Cite the actual numbers in your reason.
Return: decision (one of BLOCK/ESCALATE/CLEAR), reason (one sentence, max 200 chars, citing the decisive evidence), assessment (a short risk assessment naming the key indicators and their values).

Alert evidence: Alert type: WEIGHT_ANOMALY. BL: APZU04887. Shipper: LG Display Vietnam. Consignee: Seven Eleven Japan. Carrier: CMA_CGM. Route: JPYOK -> VNSGN. Charges: $4664. Weight: 32851kg. Cost per kg: $0.142 (0.56x the peer median of $0.2558). PRE-COMPUTED COST-PER-KG BAND: NORMAL_AT_OR_BELOW_5X_MEDIAN. This band is economically ordinary and does NOT justify BLOCK or ESCALATE on its own. Sanctions/export-restriction list matches for the counterparties: 0 (0 = both parties clear, -1 = screening data unavailable).","{""assessment"":""The key indicators are the cost-per-kg band (NORMAL_AT_OR_BELOW_5X_MEDIAN) and sanctions matches (0). Both counterparties are recognisable real businesses, and the cost per kg is economically ordinary."",""decision"":""CLEAR"",""reason"":""Sanctions matches = 0, cost-per-kg band is NORMAL_AT_OR_BELOW_5X_MEDIAN, and both counterparties are recognisable real businesses.""}",724,"SUCCESS","\N","2026-08-02 00:39:57.188","fraud_investigation:attempt1","WORKFLOW_INVESTIGATE_ANOMALY",599,125,3106,"SUCCESS",604
206,"mistral-large2","You are a maritime logistics fraud and compliance analyst.

The cost-per-kg threshold comparison has ALREADY been computed for you and is given as PRE-COMPUTED COST-PER-KG BAND. Trust that band and the rule stated next to it. Do not re-derive it or substitute your own thresholds.

Apply this rubric:
- BLOCK if sanctions matches > 0, OR the band is EXTREME_ABOVE_10X_MEDIAN, OR a counterparty name indicates a shell/front company (contains SUSPICIOUS, SHELL, UNKNOWN, or is a generic non-identifiable trading name).
- ESCALATE if the band is ELEVATED_BETWEEN_5X_AND_10X_MEDIAN, OR cost per kg was not computable, OR a required commercial figure is missing, OR document provenance reports extraction confidence below 60/100 or a failed validation. An ELEVATED band alone must NOT be blocked.
- CLEAR if sanctions matches = 0 AND the band is NORMAL_AT_OR_BELOW_5X_MEDIAN AND both counterparties are recognisable real businesses AND (if provenance is given) the extraction validated cleanly. A heavy-weight, high-value or duplicate-BL flag alone, with a NORMAL band and clean screening, is a routine data-quality issue and should be CLEARED.

Cite the actual numbers in your reason.
Return: decision (one of BLOCK/ESCALATE/CLEAR), reason (one sentence, max 200 chars, citing the decisive evidence), assessment (a short risk assessment naming the key indicators and their values).

Alert evidence: Alert type: WEIGHT_ANOMALY. BL: YMLU02805. Shipper: Adidas Sourcing Ltd. Consignee: Target Corp. Carrier: CMA_CGM. Route: AEJEA -> AEJEA. Charges: $6777. Weight: 32536kg. Cost per kg: $0.2083 (0.81x the peer median of $0.2558). PRE-COMPUTED COST-PER-KG BAND: NORMAL_AT_OR_BELOW_5X_MEDIAN. This band is economically ordinary and does NOT justify BLOCK or ESCALATE on its own. Sanctions/export-restriction list matches for the counterparties: 0 (0 = both parties clear, -1 = screening data unavailable).","{""assessment"":""The key indicators are the cost-per-kg band (NORMAL_AT_OR_BELOW_5X_MEDIAN) and sanctions matches (0). Both counterparties are recognisable real businesses, and the cost per kg is economically ordinary."",""decision"":""CLEAR"",""reason"":""Sanctions matches = 0, cost-per-kg band is NORMAL_AT_OR_BELOW_5X_MEDIAN, and both counterparties are recognisable real businesses.""}",728,"SUCCESS","\N","2026-08-02 00:40:06.400","fraud_investigation:attempt1","WORKFLOW_INVESTIGATE_ANOMALY",603,125,4771,"SUCCESS",605
207,"mistral-large2","You are a maritime logistics fraud and compliance analyst.

The cost-per-kg threshold comparison has ALREADY been computed for you and is given as PRE-COMPUTED COST-PER-KG BAND. Trust that band and the rule stated next to it. Do not re-derive it or substitute your own thresholds.

Apply this rubric:
- BLOCK if sanctions matches > 0, OR the band is EXTREME_ABOVE_10X_MEDIAN, OR a counterparty name indicates a shell/front company (contains SUSPICIOUS, SHELL, UNKNOWN, or is a generic non-identifiable trading name).
- ESCALATE if the band is ELEVATED_BETWEEN_5X_AND_10X_MEDIAN, OR cost per kg was not computable, OR a required commercial figure is missing, OR document provenance reports extraction confidence below 60/100 or a failed validation. An ELEVATED band alone must NOT be blocked.
- CLEAR if sanctions matches = 0 AND the band is NORMAL_AT_OR_BELOW_5X_MEDIAN AND both counterparties are recognisable real businesses AND (if provenance is given) the extraction validated cleanly. A heavy-weight, high-value or duplicate-BL flag alone, with a NORMAL band and clean screening, is a routine data-quality issue and should be CLEARED.

Cite the actual numbers in your reason.
Return: decision (one of BLOCK/ESCALATE/CLEAR), reason (one sentence, max 200 chars, citing the decisive evidence), assessment (a short risk assessment naming the key indicators and their values).

Alert evidence: Alert type: WEIGHT_ANOMALY. BL: CMDU00522. Shipper: ABC Electronics Vietnam. Consignee: Lotte Corp. Carrier: COSCO. Route: VNHPH -> JPTYO. Charges: $5831. Weight: 30392kg. Cost per kg: $0.1919 (0.75x the peer median of $0.2558). PRE-COMPUTED COST-PER-KG BAND: NORMAL_AT_OR_BELOW_5X_MEDIAN. This band is economically ordinary and does NOT justify BLOCK or ESCALATE on its own. Sanctions/export-restriction list matches for the counterparties: 0 (0 = both parties clear, -1 = screening data unavailable).","{""assessment"":""The key indicators are the cost-per-kg band (NORMAL_AT_OR_BELOW_5X_MEDIAN) and sanctions matches (0). Both counterparties are recognisable real businesses, and the cost per kg is economically ordinary."",""decision"":""CLEAR"",""reason"":""Sanctions matches = 0, cost-per-kg band is NORMAL_AT_OR_BELOW_5X_MEDIAN, and both counterparties are recognisable real businesses.""}",726,"SUCCESS","\N","2026-08-02 00:40:14.214","fraud_investigation:attempt1","WORKFLOW_INVESTIGATE_ANOMALY",601,125,3183,"SUCCESS",606
208,"mistral-large2","You are a maritime logistics fraud and compliance analyst.

The cost-per-kg threshold comparison has ALREADY been computed for you and is given as PRE-COMPUTED COST-PER-KG BAND. Trust that band and the rule stated next to it. Do not re-derive it or substitute your own thresholds.

Apply this rubric:
- BLOCK if sanctions matches > 0, OR the band is EXTREME_ABOVE_10X_MEDIAN, OR a counterparty name indicates a shell/front company (contains SUSPICIOUS, SHELL, UNKNOWN, or is a generic non-identifiable trading name).
- ESCALATE if the band is ELEVATED_BETWEEN_5X_AND_10X_MEDIAN, OR cost per kg was not computable, OR a required commercial figure is missing, OR document provenance reports extraction confidence below 60/100 or a failed validation. An ELEVATED band alone must NOT be blocked.
- CLEAR if sanctions matches = 0 AND the band is NORMAL_AT_OR_BELOW_5X_MEDIAN AND both counterparties are recognisable real businesses AND (if provenance is given) the extraction validated cleanly. A heavy-weight, high-value or duplicate-BL flag alone, with a NORMAL band and clean screening, is a routine data-quality issue and should be CLEARED.

Cite the actual numbers in your reason.
Return: decision (one of BLOCK/ESCALATE/CLEAR), reason (one sentence, max 200 chars, citing the decisive evidence), assessment (a short risk assessment naming the key indicators and their values).

Alert evidence: Alert type: WEIGHT_ANOMALY. BL: OOLU09747. Shipper: Adidas Sourcing Ltd. Consignee: Seven Eleven Japan. Carrier: COSCO. Route: DEHAM -> VNHPH. Charges: $4317. Weight: 33909kg. Cost per kg: $0.1273 (0.5x the peer median of $0.2558). PRE-COMPUTED COST-PER-KG BAND: NORMAL_AT_OR_BELOW_5X_MEDIAN. This band is economically ordinary and does NOT justify BLOCK or ESCALATE on its own. Sanctions/export-restriction list matches for the counterparties: 0 (0 = both parties clear, -1 = screening data unavailable).","{""assessment"":""The key indicators are the cost-per-kg band (NORMAL_AT_OR_BELOW_5X_MEDIAN) and sanctions matches (0). Both counterparties are recognisable real businesses, and the cost per kg is economically ordinary. There are no indications of fraud or compliance issues."",""decision"":""CLEAR"",""reason"":""Sanctions matches = 0, cost-per-kg band is NORMAL_AT_OR_BELOW_5X_MEDIAN, and both counterparties are recognisable real businesses.""}",736,"SUCCESS","\N","2026-08-02 00:40:23.747","fraud_investigation:attempt1","WORKFLOW_INVESTIGATE_ANOMALY",600,136,5197,"SUCCESS",607
209,"mistral-large2","You are a maritime logistics fraud and compliance analyst.

The cost-per-kg threshold comparison has ALREADY been computed for you and is given as PRE-COMPUTED COST-PER-KG BAND. Trust that band and the rule stated next to it. Do not re-derive it or substitute your own thresholds.

Apply this rubric:
- BLOCK if sanctions matches > 0, OR the band is EXTREME_ABOVE_10X_MEDIAN, OR a counterparty name indicates a shell/front company (contains SUSPICIOUS, SHELL, UNKNOWN, or is a generic non-identifiable trading name).
- ESCALATE if the band is ELEVATED_BETWEEN_5X_AND_10X_MEDIAN, OR cost per kg was not computable, OR a required commercial figure is missing, OR document provenance reports extraction confidence below 60/100 or a failed validation. An ELEVATED band alone must NOT be blocked.
- CLEAR if sanctions matches = 0 AND the band is NORMAL_AT_OR_BELOW_5X_MEDIAN AND both counterparties are recognisable real businesses AND (if provenance is given) the extraction validated cleanly. A heavy-weight, high-value or duplicate-BL flag alone, with a NORMAL band and clean screening, is a routine data-quality issue and should be CLEARED.

Cite the actual numbers in your reason.
Return: decision (one of BLOCK/ESCALATE/CLEAR), reason (one sentence, max 200 chars, citing the decisive evidence), assessment (a short risk assessment naming the key indicators and their values).

Alert evidence: Alert type: WEIGHT_ANOMALY. BL: YMLU09408. Shipper: Intel Products Vietnam. Consignee: JD Logistics. Carrier: COSCO. Route: AEJEA -> VNHPH. Charges: $2837. Weight: 38535kg. Cost per kg: $0.0736 (0.29x the peer median of $0.2558). PRE-COMPUTED COST-PER-KG BAND: NORMAL_AT_OR_BELOW_5X_MEDIAN. This band is economically ordinary and does NOT justify BLOCK or ESCALATE on its own. Sanctions/export-restriction list matches for the counterparties: 0 (0 = both parties clear, -1 = screening data unavailable).","{""assessment"":""The key indicators are the cost-per-kg band (NORMAL_AT_OR_BELOW_5X_MEDIAN) and sanctions matches (0). Both counterparties are recognisable real businesses, and the cost per kg is economically ordinary. There are no indications of fraud or compliance issues."",""decision"":""CLEAR"",""reason"":""Sanctions matches = 0, cost-per-kg band is NORMAL_AT_OR_BELOW_5X_MEDIAN, and both counterparties are recognisable real businesses.""}",735,"SUCCESS","\N","2026-08-02 00:40:58.928","fraud_investigation:attempt1","WORKFLOW_INVESTIGATE_ANOMALY",599,136,30904,"SUCCESS",608
210,"mistral-large2","You are a maritime logistics fraud and compliance analyst.

The cost-per-kg threshold comparison has ALREADY been computed for you and is given as PRE-COMPUTED COST-PER-KG BAND. Trust that band and the rule stated next to it. Do not re-derive it or substitute your own thresholds.

Apply this rubric:
- BLOCK if sanctions matches > 0, OR the band is EXTREME_ABOVE_10X_MEDIAN, OR a counterparty name indicates a shell/front company (contains SUSPICIOUS, SHELL, UNKNOWN, or is a generic non-identifiable trading name).
- ESCALATE if the band is ELEVATED_BETWEEN_5X_AND_10X_MEDIAN, OR cost per kg was not computable, OR a required commercial figure is missing, OR document provenance reports extraction confidence below 60/100 or a failed validation. An ELEVATED band alone must NOT be blocked.
- CLEAR if sanctions matches = 0 AND the band is NORMAL_AT_OR_BELOW_5X_MEDIAN AND both counterparties are recognisable real businesses AND (if provenance is given) the extraction validated cleanly. A heavy-weight, high-value or duplicate-BL flag alone, with a NORMAL band and clean screening, is a routine data-quality issue and should be CLEARED.

Cite the actual numbers in your reason.
Return: decision (one of BLOCK/ESCALATE/CLEAR), reason (one sentence, max 200 chars, citing the decisive evidence), assessment (a short risk assessment naming the key indicators and their values).

Alert evidence: Alert type: WEIGHT_ANOMALY. BL: MSKU09927. Shipper: Foxconn Vietnam. Consignee: Seven Eleven Japan. Carrier: COSCO. Route: USLAX -> AEJEA. Charges: $5016. Weight: 33390kg. Cost per kg: $0.1502 (0.59x the peer median of $0.2558). PRE-COMPUTED COST-PER-KG BAND: NORMAL_AT_OR_BELOW_5X_MEDIAN. This band is economically ordinary and does NOT justify BLOCK or ESCALATE on its own. Sanctions/export-restriction list matches for the counterparties: 0 (0 = both parties clear, -1 = screening data unavailable).","{""assessment"":""The key indicators are the cost-per-kg band (NORMAL_AT_OR_BELOW_5X_MEDIAN) and sanctions matches (0). Both counterparties are recognisable real businesses, and the cost per kg is economically ordinary. There are no indications of fraud or compliance issues."",""decision"":""CLEAR"",""reason"":""Sanctions matches = 0, cost-per-kg band is NORMAL_AT_OR_BELOW_5X_MEDIAN, and both counterparties are recognisable real businesses.""}",734,"SUCCESS","\N","2026-08-02 00:41:07.719","fraud_investigation:attempt1","WORKFLOW_INVESTIGATE_ANOMALY",598,136,3511,"SUCCESS",609
211,"mistral-large2","You are a maritime logistics fraud and compliance analyst.

The cost-per-kg threshold comparison has ALREADY been computed for you and is given as PRE-COMPUTED COST-PER-KG BAND. Trust that band and the rule stated next to it. Do not re-derive it or substitute your own thresholds.

Apply this rubric:
- BLOCK if sanctions matches > 0, OR the band is EXTREME_ABOVE_10X_MEDIAN, OR a counterparty name indicates a shell/front company (contains SUSPICIOUS, SHELL, UNKNOWN, or is a generic non-identifiable trading name).
- ESCALATE if the band is ELEVATED_BETWEEN_5X_AND_10X_MEDIAN, OR cost per kg was not computable, OR a required commercial figure is missing, OR document provenance reports extraction confidence below 60/100 or a failed validation. An ELEVATED band alone must NOT be blocked.
- CLEAR if sanctions matches = 0 AND the band is NORMAL_AT_OR_BELOW_5X_MEDIAN AND both counterparties are recognisable real businesses AND (if provenance is given) the extraction validated cleanly. A heavy-weight, high-value or duplicate-BL flag alone, with a NORMAL band and clean screening, is a routine data-quality issue and should be CLEARED.

Cite the actual numbers in your reason.
Return: decision (one of BLOCK/ESCALATE/CLEAR), reason (one sentence, max 200 chars, citing the decisive evidence), assessment (a short risk assessment naming the key indicators and their values).

Alert evidence: Alert type: WEIGHT_ANOMALY. BL: YMLU09711. Shipper: Vinamilk Co Ltd. Consignee: Seven Eleven Japan. Carrier: COSCO. Route: THLCH -> CNSHA. Charges: $3536. Weight: 40125kg. Cost per kg: $0.0881 (0.34x the peer median of $0.2558). PRE-COMPUTED COST-PER-KG BAND: NORMAL_AT_OR_BELOW_5X_MEDIAN. This band is economically ordinary and does NOT justify BLOCK or ESCALATE on its own. Sanctions/export-restriction list matches for the counterparties: 0 (0 = both parties clear, -1 = screening data unavailable).","{""assessment"":""The key indicators are the cost-per-kg band (NORMAL_AT_OR_BELOW_5X_MEDIAN) and sanctions matches (0). Both counterparties are recognisable real businesses, and the cost per kg is economically ordinary. There are no indications of fraud or compliance issues."",""decision"":""CLEAR"",""reason"":""Sanctions matches = 0, cost-per-kg band is NORMAL_AT_OR_BELOW_5X_MEDIAN, and both counterparties are recognisable real businesses.""}",735,"SUCCESS","\N","2026-08-02 00:41:15.688","fraud_investigation:attempt1","WORKFLOW_INVESTIGATE_ANOMALY",599,136,3622,"SUCCESS",610
212,"mistral-large2","You are a maritime logistics fraud and compliance analyst.

The cost-per-kg threshold comparison has ALREADY been computed for you and is given as PRE-COMPUTED COST-PER-KG BAND. Trust that band and the rule stated next to it. Do not re-derive it or substitute your own thresholds.

Apply this rubric:
- BLOCK if sanctions matches > 0, OR the band is EXTREME_ABOVE_10X_MEDIAN, OR a counterparty name indicates a shell/front company (contains SUSPICIOUS, SHELL, UNKNOWN, or is a generic non-identifiable trading name).
- ESCALATE if the band is ELEVATED_BETWEEN_5X_AND_10X_MEDIAN, OR cost per kg was not computable, OR a required commercial figure is missing, OR document provenance reports extraction confidence below 60/100 or a failed validation. An ELEVATED band alone must NOT be blocked.
- CLEAR if sanctions matches = 0 AND the band is NORMAL_AT_OR_BELOW_5X_MEDIAN AND both counterparties are recognisable real businesses AND (if provenance is given) the extraction validated cleanly. A heavy-weight, high-value or duplicate-BL flag alone, with a NORMAL band and clean screening, is a routine data-quality issue and should be CLEARED.

Cite the actual numbers in your reason.
Return: decision (one of BLOCK/ESCALATE/CLEAR), reason (one sentence, max 200 chars, citing the decisive evidence), assessment (a short risk assessment naming the key indicators and their values).

Alert evidence: Alert type: WEIGHT_ANOMALY. BL: EGLV04474. Shipper: Foxconn Vietnam. Consignee: Lazada Group. Carrier: COSCO. Route: INMUN -> THLCH. Charges: $4296. Weight: 36395kg. Cost per kg: $0.118 (0.46x the peer median of $0.2558). PRE-COMPUTED COST-PER-KG BAND: NORMAL_AT_OR_BELOW_5X_MEDIAN. This band is economically ordinary and does NOT justify BLOCK or ESCALATE on its own. Sanctions/export-restriction list matches for the counterparties: 0 (0 = both parties clear, -1 = screening data unavailable).","{""assessment"":""The key indicators are the cost-per-kg band (NORMAL_AT_OR_BELOW_5X_MEDIAN) and sanctions matches (0). Both counterparties are recognisable real businesses, and the cost per kg is economically ordinary. There are no indicators of high risk."",""decision"":""CLEAR"",""reason"":""Sanctions matches = 0, cost-per-kg band is NORMAL_AT_OR_BELOW_5X_MEDIAN, and both counterparties are recognisable real businesses.""}",730,"SUCCESS","\N","2026-08-02 00:41:23.748","fraud_investigation:attempt1","WORKFLOW_INVESTIGATE_ANOMALY",596,134,3523,"SUCCESS",611
213,"mistral-large2","You are a maritime logistics fraud and compliance analyst.

The cost-per-kg threshold comparison has ALREADY been computed for you and is given as PRE-COMPUTED COST-PER-KG BAND. Trust that band and the rule stated next to it. Do not re-derive it or substitute your own thresholds.

Apply this rubric:
- BLOCK if sanctions matches > 0, OR the band is EXTREME_ABOVE_10X_MEDIAN, OR a counterparty name indicates a shell/front company (contains SUSPICIOUS, SHELL, UNKNOWN, or is a generic non-identifiable trading name).
- ESCALATE if the band is ELEVATED_BETWEEN_5X_AND_10X_MEDIAN, OR cost per kg was not computable, OR a required commercial figure is missing, OR document provenance reports extraction confidence below 60/100 or a failed validation. An ELEVATED band alone must NOT be blocked.
- CLEAR if sanctions matches = 0 AND the band is NORMAL_AT_OR_BELOW_5X_MEDIAN AND both counterparties are recognisable real businesses AND (if provenance is given) the extraction validated cleanly. A heavy-weight, high-value or duplicate-BL flag alone, with a NORMAL band and clean screening, is a routine data-quality issue and should be CLEARED.

Cite the actual numbers in your reason.
Return: decision (one of BLOCK/ESCALATE/CLEAR), reason (one sentence, max 200 chars, citing the decisive evidence), assessment (a short risk assessment naming the key indicators and their values).

Alert evidence: Alert type: WEIGHT_ANOMALY. BL: ONEY01176. Shipper: Toyota Vietnam. Consignee: Asian Foods LLC. Carrier: COSCO. Route: CNNGB -> VNHPH. Charges: $5189. Weight: 40288kg. Cost per kg: $0.1288 (0.5x the peer median of $0.2558). PRE-COMPUTED COST-PER-KG BAND: NORMAL_AT_OR_BELOW_5X_MEDIAN. This band is economically ordinary and does NOT justify BLOCK or ESCALATE on its own. Sanctions/export-restriction list matches for the counterparties: 0 (0 = both parties clear, -1 = screening data unavailable).","{""assessment"":""The key indicators are the cost-per-kg band (NORMAL_AT_OR_BELOW_5X_MEDIAN) and sanctions matches (0). Both counterparties are recognisable real businesses, and the cost per kg is economically ordinary. There are no indications of fraud or compliance issues."",""decision"":""CLEAR"",""reason"":""Sanctions matches = 0, cost-per-kg band is NORMAL_AT_OR_BELOW_5X_MEDIAN, and both counterparties are recognisable real businesses.""}",731,"SUCCESS","\N","2026-08-02 00:41:33.929","fraud_investigation:attempt1","WORKFLOW_INVESTIGATE_ANOMALY",595,136,5596,"SUCCESS",612
214,"mistral-large2","You are a maritime logistics fraud and compliance analyst.

The cost-per-kg threshold comparison has ALREADY been computed for you and is given as PRE-COMPUTED COST-PER-KG BAND. Trust that band and the rule stated next to it. Do not re-derive it or substitute your own thresholds.

Apply this rubric:
- BLOCK if sanctions matches > 0, OR the band is EXTREME_ABOVE_10X_MEDIAN, OR a counterparty name indicates a shell/front company (contains SUSPICIOUS, SHELL, UNKNOWN, or is a generic non-identifiable trading name).
- ESCALATE if the band is ELEVATED_BETWEEN_5X_AND_10X_MEDIAN, OR cost per kg was not computable, OR a required commercial figure is missing, OR document provenance reports extraction confidence below 60/100 or a failed validation. An ELEVATED band alone must NOT be blocked.
- CLEAR if sanctions matches = 0 AND the band is NORMAL_AT_OR_BELOW_5X_MEDIAN AND both counterparties are recognisable real businesses AND (if provenance is given) the extraction validated cleanly. A heavy-weight, high-value or duplicate-BL flag alone, with a NORMAL band and clean screening, is a routine data-quality issue and should be CLEARED.

Cite the actual numbers in your reason.
Return: decision (one of BLOCK/ESCALATE/CLEAR), reason (one sentence, max 200 chars, citing the decisive evidence), assessment (a short risk assessment naming the key indicators and their values).

Alert evidence: Alert type: WEIGHT_ANOMALY. BL: EGLV00879. Shipper: Phong Phu Garment. Consignee: Shopee Express. Carrier: COSCO. Route: INMUN -> GBFXT. Charges: $4557. Weight: 36501kg. Cost per kg: $0.1248 (0.49x the peer median of $0.2558). PRE-COMPUTED COST-PER-KG BAND: NORMAL_AT_OR_BELOW_5X_MEDIAN. This band is economically ordinary and does NOT justify BLOCK or ESCALATE on its own. Sanctions/export-restriction list matches for the counterparties: 0 (0 = both parties clear, -1 = screening data unavailable).","{""assessment"":""The key indicators are the cost-per-kg band (NORMAL_AT_OR_BELOW_5X_MEDIAN) and sanctions matches (0). Both counterparties are recognisable real businesses, and the cost per kg is economically ordinary. There are no indications of shell/front companies or extraction issues."",""decision"":""CLEAR"",""reason"":""Sanctions matches = 0, cost-per-kg band is NORMAL_AT_OR_BELOW_5X_MEDIAN, and both counterparties are recognisable real businesses.""}",740,"SUCCESS","\N","2026-08-02 00:42:30.281","fraud_investigation:attempt1","WORKFLOW_INVESTIGATE_ANOMALY",600,140,51289,"SUCCESS",613
215,"mistral-large2","You are a maritime logistics fraud and compliance analyst.

The cost-per-kg threshold comparison has ALREADY been computed for you and is given as PRE-COMPUTED COST-PER-KG BAND. Trust that band and the rule stated next to it. Do not re-derive it or substitute your own thresholds.

Apply this rubric:
- BLOCK if sanctions matches > 0, OR the band is EXTREME_ABOVE_10X_MEDIAN, OR a counterparty name indicates a shell/front company (contains SUSPICIOUS, SHELL, UNKNOWN, or is a generic non-identifiable trading name).
- ESCALATE if the band is ELEVATED_BETWEEN_5X_AND_10X_MEDIAN, OR cost per kg was not computable, OR a required commercial figure is missing, OR document provenance reports extraction confidence below 60/100 or a failed validation. An ELEVATED band alone must NOT be blocked.
- CLEAR if sanctions matches = 0 AND the band is NORMAL_AT_OR_BELOW_5X_MEDIAN AND both counterparties are recognisable real businesses AND (if provenance is given) the extraction validated cleanly. A heavy-weight, high-value or duplicate-BL flag alone, with a NORMAL band and clean screening, is a routine data-quality issue and should be CLEARED.

Cite the actual numbers in your reason.
Return: decision (one of BLOCK/ESCALATE/CLEAR), reason (one sentence, max 200 chars, citing the decisive evidence), assessment (a short risk assessment naming the key indicators and their values).

Alert evidence: Alert type: WEIGHT_ANOMALY. BL: APZU00914. Shipper: Viglacera Corp. Consignee: Target Corp. Carrier: MAERSK. Route: USLGB -> CNSHA. Charges: $4698. Weight: 42595kg. Cost per kg: $0.1103 (0.43x the peer median of $0.2558). PRE-COMPUTED COST-PER-KG BAND: NORMAL_AT_OR_BELOW_5X_MEDIAN. This band is economically ordinary and does NOT justify BLOCK or ESCALATE on its own. Sanctions/export-restriction list matches for the counterparties: 0 (0 = both parties clear, -1 = screening data unavailable).","{""assessment"":""The key indicators are the cost-per-kg band (NORMAL_AT_OR_BELOW_5X_MEDIAN) and sanctions matches (0). Both counterparties are recognisable real businesses, and the cost per kg is economically ordinary. There are no indications of fraud or compliance issues."",""decision"":""CLEAR"",""reason"":""Sanctions matches = 0, cost-per-kg band is NORMAL_AT_OR_BELOW_5X_MEDIAN, and both counterparties are recognisable real businesses.""}",736,"SUCCESS","\N","2026-08-02 00:42:38.113","fraud_investigation:attempt1","WORKFLOW_INVESTIGATE_ANOMALY",600,136,3134,"SUCCESS",614
216,"mistral-large2","You are a maritime logistics fraud and compliance analyst.

The cost-per-kg threshold comparison has ALREADY been computed for you and is given as PRE-COMPUTED COST-PER-KG BAND. Trust that band and the rule stated next to it. Do not re-derive it or substitute your own thresholds.

Apply this rubric:
- BLOCK if sanctions matches > 0, OR the band is EXTREME_ABOVE_10X_MEDIAN, OR a counterparty name indicates a shell/front company (contains SUSPICIOUS, SHELL, UNKNOWN, or is a generic non-identifiable trading name).
- ESCALATE if the band is ELEVATED_BETWEEN_5X_AND_10X_MEDIAN, OR cost per kg was not computable, OR a required commercial figure is missing, OR document provenance reports extraction confidence below 60/100 or a failed validation. An ELEVATED band alone must NOT be blocked.
- CLEAR if sanctions matches = 0 AND the band is NORMAL_AT_OR_BELOW_5X_MEDIAN AND both counterparties are recognisable real businesses AND (if provenance is given) the extraction validated cleanly. A heavy-weight, high-value or duplicate-BL flag alone, with a NORMAL band and clean screening, is a routine data-quality issue and should be CLEARED.

Cite the actual numbers in your reason.
Return: decision (one of BLOCK/ESCALATE/CLEAR), reason (one sentence, max 200 chars, citing the decisive evidence), assessment (a short risk assessment naming the key indicators and their values).

Alert evidence: Alert type: WEIGHT_ANOMALY. BL: YMLU00041. Shipper: Viettel Electronics. Consignee: Lotte Corp. Carrier: MAERSK. Route: CNSHA -> MYPKG. Charges: $6492. Weight: 41715kg. Cost per kg: $0.1556 (0.61x the peer median of $0.2558). PRE-COMPUTED COST-PER-KG BAND: NORMAL_AT_OR_BELOW_5X_MEDIAN. This band is economically ordinary and does NOT justify BLOCK or ESCALATE on its own. Sanctions/export-restriction list matches for the counterparties: 0 (0 = both parties clear, -1 = screening data unavailable).","{""assessment"":""The key indicators are the cost-per-kg band (NORMAL_AT_OR_BELOW_5X_MEDIAN) and sanctions matches (0). Both counterparties are recognisable real businesses, and the cost per kg is economically ordinary. There are no indications of shell/front companies or extraction issues."",""decision"":""CLEAR"",""reason"":""Sanctions matches = 0, cost-per-kg band is NORMAL_AT_OR_BELOW_5X_MEDIAN, and both counterparties are recognisable real businesses.""}",740,"SUCCESS","\N","2026-08-02 00:43:00.235","fraud_investigation:attempt1","WORKFLOW_INVESTIGATE_ANOMALY",600,140,17807,"SUCCESS",615
217,"mistral-large2","You are a maritime logistics fraud and compliance analyst.

The cost-per-kg threshold comparison has ALREADY been computed for you and is given as PRE-COMPUTED COST-PER-KG BAND. Trust that band and the rule stated next to it. Do not re-derive it or substitute your own thresholds.

Apply this rubric:
- BLOCK if sanctions matches > 0, OR the band is EXTREME_ABOVE_10X_MEDIAN, OR a counterparty name indicates a shell/front company (contains SUSPICIOUS, SHELL, UNKNOWN, or is a generic non-identifiable trading name).
- ESCALATE if the band is ELEVATED_BETWEEN_5X_AND_10X_MEDIAN, OR cost per kg was not computable, OR a required commercial figure is missing, OR document provenance reports extraction confidence below 60/100 or a failed validation. An ELEVATED band alone must NOT be blocked.
- CLEAR if sanctions matches = 0 AND the band is NORMAL_AT_OR_BELOW_5X_MEDIAN AND both counterparties are recognisable real businesses AND (if provenance is given) the extraction validated cleanly. A heavy-weight, high-value or duplicate-BL flag alone, with a NORMAL band and clean screening, is a routine data-quality issue and should be CLEARED.

Cite the actual numbers in your reason.
Return: decision (one of BLOCK/ESCALATE/CLEAR), reason (one sentence, max 200 chars, citing the decisive evidence), assessment (a short risk assessment naming the key indicators and their values).

Alert evidence: Alert type: WEIGHT_ANOMALY. BL: MSKU08079. Shipper: Samsung Vietnam. Consignee: Best Buy USA. Carrier: MAERSK. Route: MYPKG -> JPTYO. Charges: $5343. Weight: 44344kg. Cost per kg: $0.1205 (0.47x the peer median of $0.2558). PRE-COMPUTED COST-PER-KG BAND: NORMAL_AT_OR_BELOW_5X_MEDIAN. This band is economically ordinary and does NOT justify BLOCK or ESCALATE on its own. Sanctions/export-restriction list matches for the counterparties: 0 (0 = both parties clear, -1 = screening data unavailable).","{""assessment"":""The key indicators are the cost-per-kg band (NORMAL_AT_OR_BELOW_5X_MEDIAN) and sanctions matches (0). Both counterparties are recognisable real businesses, and the cost per kg is economically ordinary."",""decision"":""CLEAR"",""reason"":""Sanctions matches = 0, cost-per-kg band is NORMAL_AT_OR_BELOW_5X_MEDIAN, and both counterparties are recognisable real businesses.""}",721,"SUCCESS","\N","2026-08-02 00:43:08.501","fraud_investigation:attempt1","WORKFLOW_INVESTIGATE_ANOMALY",596,125,3740,"SUCCESS",616
218,"mistral-large2","You are a maritime logistics fraud and compliance analyst.

The cost-per-kg threshold comparison has ALREADY been computed for you and is given as PRE-COMPUTED COST-PER-KG BAND. Trust that band and the rule stated next to it. Do not re-derive it or substitute your own thresholds.

Apply this rubric:
- BLOCK if sanctions matches > 0, OR the band is EXTREME_ABOVE_10X_MEDIAN, OR a counterparty name indicates a shell/front company (contains SUSPICIOUS, SHELL, UNKNOWN, or is a generic non-identifiable trading name).
- ESCALATE if the band is ELEVATED_BETWEEN_5X_AND_10X_MEDIAN, OR cost per kg was not computable, OR a required commercial figure is missing, OR document provenance reports extraction confidence below 60/100 or a failed validation. An ELEVATED band alone must NOT be blocked.
- CLEAR if sanctions matches = 0 AND the band is NORMAL_AT_OR_BELOW_5X_MEDIAN AND both counterparties are recognisable real businesses AND (if provenance is given) the extraction validated cleanly. A heavy-weight, high-value or duplicate-BL flag alone, with a NORMAL band and clean screening, is a routine data-quality issue and should be CLEARED.

Cite the actual numbers in your reason.
Return: decision (one of BLOCK/ESCALATE/CLEAR), reason (one sentence, max 200 chars, citing the decisive evidence), assessment (a short risk assessment naming the key indicators and their values).

Alert evidence: Alert type: WEIGHT_ANOMALY. BL: CMDU01062. Shipper: Vinamilk Co Ltd. Consignee: Asian Foods LLC. Carrier: MAERSK. Route: SGSIN -> GBFXT. Charges: $7759. Weight: 36740kg. Cost per kg: $0.2112 (0.83x the peer median of $0.2558). PRE-COMPUTED COST-PER-KG BAND: NORMAL_AT_OR_BELOW_5X_MEDIAN. This band is economically ordinary and does NOT justify BLOCK or ESCALATE on its own. Sanctions/export-restriction list matches for the counterparties: 0 (0 = both parties clear, -1 = screening data unavailable).","{""assessment"":""The key indicators are the cost-per-kg band (NORMAL_AT_OR_BELOW_5X_MEDIAN) and sanctions matches (0). Both counterparties are recognisable real businesses, and the cost per kg is economically ordinary. There are no indicators of high risk."",""decision"":""CLEAR"",""reason"":""Sanctions matches = 0, cost-per-kg band is NORMAL_AT_OR_BELOW_5X_MEDIAN, and both counterparties are recognisable real businesses.""}",733,"SUCCESS","\N","2026-08-02 00:43:16.385","fraud_investigation:attempt1","WORKFLOW_INVESTIGATE_ANOMALY",599,134,3547,"SUCCESS",617
219,"mistral-large2","You are a maritime logistics fraud and compliance analyst.

The cost-per-kg threshold comparison has ALREADY been computed for you and is given as PRE-COMPUTED COST-PER-KG BAND. Trust that band and the rule stated next to it. Do not re-derive it or substitute your own thresholds.

Apply this rubric:
- BLOCK if sanctions matches > 0, OR the band is EXTREME_ABOVE_10X_MEDIAN, OR a counterparty name indicates a shell/front company (contains SUSPICIOUS, SHELL, UNKNOWN, or is a generic non-identifiable trading name).
- ESCALATE if the band is ELEVATED_BETWEEN_5X_AND_10X_MEDIAN, OR cost per kg was not computable, OR a required commercial figure is missing, OR document provenance reports extraction confidence below 60/100 or a failed validation. An ELEVATED band alone must NOT be blocked.
- CLEAR if sanctions matches = 0 AND the band is NORMAL_AT_OR_BELOW_5X_MEDIAN AND both counterparties are recognisable real businesses AND (if provenance is given) the extraction validated cleanly. A heavy-weight, high-value or duplicate-BL flag alone, with a NORMAL band and clean screening, is a routine data-quality issue and should be CLEARED.

Cite the actual numbers in your reason.
Return: decision (one of BLOCK/ESCALATE/CLEAR), reason (one sentence, max 200 chars, citing the decisive evidence), assessment (a short risk assessment naming the key indicators and their values).

Alert evidence: Alert type: WEIGHT_ANOMALY. BL: OOLU01523. Shipper: Honda Vietnam. Consignee: Seven Eleven Japan. Carrier: MAERSK. Route: USNYC -> SGSIN. Charges: $3545. Weight: 40724kg. Cost per kg: $0.087 (0.34x the peer median of $0.2558). PRE-COMPUTED COST-PER-KG BAND: NORMAL_AT_OR_BELOW_5X_MEDIAN. This band is economically ordinary and does NOT justify BLOCK or ESCALATE on its own. Sanctions/export-restriction list matches for the counterparties: 0 (0 = both parties clear, -1 = screening data unavailable).","{""assessment"":""The key indicators are the cost-per-kg band (NORMAL_AT_OR_BELOW_5X_MEDIAN) and sanctions matches (0). Both counterparties are recognisable real businesses, and the cost per kg is economically ordinary. There are no indications of fraud or compliance issues."",""decision"":""CLEAR"",""reason"":""Sanctions matches = 0, cost-per-kg band is NORMAL_AT_OR_BELOW_5X_MEDIAN, and both counterparties are recognisable real businesses.""}",732,"SUCCESS","\N","2026-08-02 00:43:24.314","fraud_investigation:attempt1","WORKFLOW_INVESTIGATE_ANOMALY",596,136,3318,"SUCCESS",618
220,"mistral-large2","You are a maritime logistics fraud and compliance analyst.

The cost-per-kg threshold comparison has ALREADY been computed for you and is given as PRE-COMPUTED COST-PER-KG BAND. Trust that band and the rule stated next to it. Do not re-derive it or substitute your own thresholds.

Apply this rubric:
- BLOCK if sanctions matches > 0, OR the band is EXTREME_ABOVE_10X_MEDIAN, OR a counterparty name indicates a shell/front company (contains SUSPICIOUS, SHELL, UNKNOWN, or is a generic non-identifiable trading name).
- ESCALATE if the band is ELEVATED_BETWEEN_5X_AND_10X_MEDIAN, OR cost per kg was not computable, OR a required commercial figure is missing, OR document provenance reports extraction confidence below 60/100 or a failed validation. An ELEVATED band alone must NOT be blocked.
- CLEAR if sanctions matches = 0 AND the band is NORMAL_AT_OR_BELOW_5X_MEDIAN AND both counterparties are recognisable real businesses AND (if provenance is given) the extraction validated cleanly. A heavy-weight, high-value or duplicate-BL flag alone, with a NORMAL band and clean screening, is a routine data-quality issue and should be CLEARED.

Cite the actual numbers in your reason.
Return: decision (one of BLOCK/ESCALATE/CLEAR), reason (one sentence, max 200 chars, citing the decisive evidence), assessment (a short risk assessment naming the key indicators and their values).

Alert evidence: Alert type: WEIGHT_ANOMALY. BL: CMDU05472. Shipper: Nike Vietnam. Consignee: Home Depot. Carrier: MAERSK. Route: DEHAM -> SGSIN. Charges: $3607. Weight: 39019kg. Cost per kg: $0.0924 (0.36x the peer median of $0.2558). PRE-COMPUTED COST-PER-KG BAND: NORMAL_AT_OR_BELOW_5X_MEDIAN. This band is economically ordinary and does NOT justify BLOCK or ESCALATE on its own. Sanctions/export-restriction list matches for the counterparties: 0 (0 = both parties clear, -1 = screening data unavailable).","{""assessment"":""The key indicators are the cost-per-kg band (NORMAL_AT_OR_BELOW_5X_MEDIAN) and sanctions matches (0). Both counterparties are recognisable real businesses, and the cost per kg is economically ordinary. There are no indicators of fraud or compliance issues."",""decision"":""CLEAR"",""reason"":""Sanctions matches = 0, cost-per-kg band is NORMAL_AT_OR_BELOW_5X_MEDIAN, and both counterparties are recognisable real businesses.""}",732,"SUCCESS","\N","2026-08-02 00:43:32.368","fraud_investigation:attempt1","WORKFLOW_INVESTIGATE_ANOMALY",596,136,3484,"SUCCESS",619
221,"mistral-large2","You are a maritime logistics fraud and compliance analyst.

The cost-per-kg threshold comparison has ALREADY been computed for you and is given as PRE-COMPUTED COST-PER-KG BAND. Trust that band and the rule stated next to it. Do not re-derive it or substitute your own thresholds.

Apply this rubric:
- BLOCK if sanctions matches > 0, OR the band is EXTREME_ABOVE_10X_MEDIAN, OR a counterparty name indicates a shell/front company (contains SUSPICIOUS, SHELL, UNKNOWN, or is a generic non-identifiable trading name).
- ESCALATE if the band is ELEVATED_BETWEEN_5X_AND_10X_MEDIAN, OR cost per kg was not computable, OR a required commercial figure is missing, OR document provenance reports extraction confidence below 60/100 or a failed validation. An ELEVATED band alone must NOT be blocked.
- CLEAR if sanctions matches = 0 AND the band is NORMAL_AT_OR_BELOW_5X_MEDIAN AND both counterparties are recognisable real businesses AND (if provenance is given) the extraction validated cleanly. A heavy-weight, high-value or duplicate-BL flag alone, with a NORMAL band and clean screening, is a routine data-quality issue and should be CLEARED.

Cite the actual numbers in your reason.
Return: decision (one of BLOCK/ESCALATE/CLEAR), reason (one sentence, max 200 chars, citing the decisive evidence), assessment (a short risk assessment naming the key indicators and their values).

Alert evidence: Alert type: WEIGHT_ANOMALY. BL: EGLV08780. Shipper: Binh Tien Consumer. Consignee: Tech Solutions GmbH. Carrier: MAERSK. Route: NLRTM -> KRPUS. Charges: $8242. Weight: 41912kg. Cost per kg: $0.1967 (0.77x the peer median of $0.2558). PRE-COMPUTED COST-PER-KG BAND: NORMAL_AT_OR_BELOW_5X_MEDIAN. This band is economically ordinary and does NOT justify BLOCK or ESCALATE on its own. Sanctions/export-restriction list matches for the counterparties: 0 (0 = both parties clear, -1 = screening data unavailable).","{""assessment"":""The key indicators are the cost-per-kg band (NORMAL_AT_OR_BELOW_5X_MEDIAN), sanctions matches (0), and recognizable counterparties. The cost per kg is $0.1967, which is 0.77x the peer median of $0.2558, indicating a normal economic range. Both counterparties are recognizable real businesses, and there are no sanctions matches."",""decision"":""CLEAR"",""reason"":""Sanctions matches = 0, cost-per-kg band is NORMAL_AT_OR_BELOW_5X_MEDIAN, and both counterparties are recognizable real businesses.""}",767,"SUCCESS","\N","2026-08-02 00:43:41.001","fraud_investigation:attempt1","WORKFLOW_INVESTIGATE_ANOMALY",601,166,3967,"SUCCESS",620
222,"mistral-large2","You are a maritime logistics fraud and compliance analyst.

The cost-per-kg threshold comparison has ALREADY been computed for you and is given as PRE-COMPUTED COST-PER-KG BAND. Trust that band and the rule stated next to it. Do not re-derive it or substitute your own thresholds.

Apply this rubric:
- BLOCK if sanctions matches > 0, OR the band is EXTREME_ABOVE_10X_MEDIAN, OR a counterparty name indicates a shell/front company (contains SUSPICIOUS, SHELL, UNKNOWN, or is a generic non-identifiable trading name).
- ESCALATE if the band is ELEVATED_BETWEEN_5X_AND_10X_MEDIAN, OR cost per kg was not computable, OR a required commercial figure is missing, OR document provenance reports extraction confidence below 60/100 or a failed validation. An ELEVATED band alone must NOT be blocked.
- CLEAR if sanctions matches = 0 AND the band is NORMAL_AT_OR_BELOW_5X_MEDIAN AND both counterparties are recognisable real businesses AND (if provenance is given) the extraction validated cleanly. A heavy-weight, high-value or duplicate-BL flag alone, with a NORMAL band and clean screening, is a routine data-quality issue and should be CLEARED.

Cite the actual numbers in your reason.
Return: decision (one of BLOCK/ESCALATE/CLEAR), reason (one sentence, max 200 chars, citing the decisive evidence), assessment (a short risk assessment naming the key indicators and their values).

Alert evidence: Alert type: WEIGHT_ANOMALY. BL: YMLU04100. Shipper: Foxconn Vietnam. Consignee: Metro AG. Carrier: MAERSK. Route: SGSIN -> CNNGB. Charges: $7553. Weight: 38897kg. Cost per kg: $0.1942 (0.76x the peer median of $0.2558). PRE-COMPUTED COST-PER-KG BAND: NORMAL_AT_OR_BELOW_5X_MEDIAN. This band is economically ordinary and does NOT justify BLOCK or ESCALATE on its own. Sanctions/export-restriction list matches for the counterparties: 0 (0 = both parties clear, -1 = screening data unavailable).","{""assessment"":""The key indicators are the cost-per-kg band (NORMAL_AT_OR_BELOW_5X_MEDIAN) and sanctions matches (0). Both counterparties are recognisable real businesses, and the cost per kg is economically ordinary. There are no indications of fraud or compliance issues."",""decision"":""CLEAR"",""reason"":""Sanctions matches = 0, cost-per-kg band is NORMAL_AT_OR_BELOW_5X_MEDIAN, and both counterparties are recognisable real businesses.""}",730,"SUCCESS","\N","2026-08-02 00:43:49.321","fraud_investigation:attempt1","WORKFLOW_INVESTIGATE_ANOMALY",594,136,3605,"SUCCESS",621
223,"mistral-large2","You are a maritime logistics fraud and compliance analyst.

The cost-per-kg threshold comparison has ALREADY been computed for you and is given as PRE-COMPUTED COST-PER-KG BAND. Trust that band and the rule stated next to it. Do not re-derive it or substitute your own thresholds.

Apply this rubric:
- BLOCK if sanctions matches > 0, OR the band is EXTREME_ABOVE_10X_MEDIAN, OR a counterparty name indicates a shell/front company (contains SUSPICIOUS, SHELL, UNKNOWN, or is a generic non-identifiable trading name).
- ESCALATE if the band is ELEVATED_BETWEEN_5X_AND_10X_MEDIAN, OR cost per kg was not computable, OR a required commercial figure is missing, OR document provenance reports extraction confidence below 60/100 or a failed validation. An ELEVATED band alone must NOT be blocked.
- CLEAR if sanctions matches = 0 AND the band is NORMAL_AT_OR_BELOW_5X_MEDIAN AND both counterparties are recognisable real businesses AND (if provenance is given) the extraction validated cleanly. A heavy-weight, high-value or duplicate-BL flag alone, with a NORMAL band and clean screening, is a routine data-quality issue and should be CLEARED.

Cite the actual numbers in your reason.
Return: decision (one of BLOCK/ESCALATE/CLEAR), reason (one sentence, max 200 chars, citing the decisive evidence), assessment (a short risk assessment naming the key indicators and their values).

Alert evidence: Alert type: WEIGHT_ANOMALY. BL: EGLV00364. Shipper: Viettel Electronics. Consignee: Walmart Inc. Carrier: MAERSK. Route: HKHKG -> NLRTM. Charges: $5558. Weight: 39203kg. Cost per kg: $0.1418 (0.55x the peer median of $0.2558). PRE-COMPUTED COST-PER-KG BAND: NORMAL_AT_OR_BELOW_5X_MEDIAN. This band is economically ordinary and does NOT justify BLOCK or ESCALATE on its own. Sanctions/export-restriction list matches for the counterparties: 0 (0 = both parties clear, -1 = screening data unavailable).","{""assessment"":""The key indicators are the cost-per-kg band (NORMAL_AT_OR_BELOW_5X_MEDIAN) and sanctions matches (0). Both counterparties are recognisable real businesses, and the cost per kg is economically ordinary."",""decision"":""CLEAR"",""reason"":""Sanctions matches = 0, cost-per-kg band is NORMAL_AT_OR_BELOW_5X_MEDIAN, and both counterparties are recognisable real businesses.""}",726,"SUCCESS","\N","2026-08-02 00:44:20.520","fraud_investigation:attempt1","WORKFLOW_INVESTIGATE_ANOMALY",601,125,25452,"SUCCESS",622
224,"mistral-large2","You are a maritime logistics fraud and compliance analyst.

The cost-per-kg threshold comparison has ALREADY been computed for you and is given as PRE-COMPUTED COST-PER-KG BAND. Trust that band and the rule stated next to it. Do not re-derive it or substitute your own thresholds.

Apply this rubric:
- BLOCK if sanctions matches > 0, OR the band is EXTREME_ABOVE_10X_MEDIAN, OR a counterparty name indicates a shell/front company (contains SUSPICIOUS, SHELL, UNKNOWN, or is a generic non-identifiable trading name).
- ESCALATE if the band is ELEVATED_BETWEEN_5X_AND_10X_MEDIAN, OR cost per kg was not computable, OR a required commercial figure is missing, OR document provenance reports extraction confidence below 60/100 or a failed validation. An ELEVATED band alone must NOT be blocked.
- CLEAR if sanctions matches = 0 AND the band is NORMAL_AT_OR_BELOW_5X_MEDIAN AND both counterparties are recognisable real businesses AND (if provenance is given) the extraction validated cleanly. A heavy-weight, high-value or duplicate-BL flag alone, with a NORMAL band and clean screening, is a routine data-quality issue and should be CLEARED.

Cite the actual numbers in your reason.
Return: decision (one of BLOCK/ESCALATE/CLEAR), reason (one sentence, max 200 chars, citing the decisive evidence), assessment (a short risk assessment naming the key indicators and their values).

Alert evidence: Alert type: WEIGHT_ANOMALY. BL: OOLU01592. Shipper: Hoa Sen Group. Consignee: Best Buy USA. Carrier: MAERSK. Route: BEANR -> USLAX. Charges: $4351. Weight: 40865kg. Cost per kg: $0.1065 (0.42x the peer median of $0.2558). PRE-COMPUTED COST-PER-KG BAND: NORMAL_AT_OR_BELOW_5X_MEDIAN. This band is economically ordinary and does NOT justify BLOCK or ESCALATE on its own. Sanctions/export-restriction list matches for the counterparties: 0 (0 = both parties clear, -1 = screening data unavailable).","{""assessment"":""The key indicators are the cost-per-kg band (NORMAL_AT_OR_BELOW_5X_MEDIAN) and sanctions matches (0). Both counterparties are recognisable real businesses, and the cost per kg is economically ordinary. There are no indications of fraud or compliance issues."",""decision"":""CLEAR"",""reason"":""Sanctions matches = 0, cost-per-kg band is NORMAL_AT_OR_BELOW_5X_MEDIAN, and both counterparties are recognisable real businesses.""}",733,"SUCCESS","\N","2026-08-02 00:44:28.389","fraud_investigation:attempt1","WORKFLOW_INVESTIGATE_ANOMALY",597,136,3327,"SUCCESS",623
225,"mistral-large2","You are a maritime logistics fraud and compliance analyst.

The cost-per-kg threshold comparison has ALREADY been computed for you and is given as PRE-COMPUTED COST-PER-KG BAND. Trust that band and the rule stated next to it. Do not re-derive it or substitute your own thresholds.

Apply this rubric:
- BLOCK if sanctions matches > 0, OR the band is EXTREME_ABOVE_10X_MEDIAN, OR a counterparty name indicates a shell/front company (contains SUSPICIOUS, SHELL, UNKNOWN, or is a generic non-identifiable trading name).
- ESCALATE if the band is ELEVATED_BETWEEN_5X_AND_10X_MEDIAN, OR cost per kg was not computable, OR a required commercial figure is missing, OR document provenance reports extraction confidence below 60/100 or a failed validation. An ELEVATED band alone must NOT be blocked.
- CLEAR if sanctions matches = 0 AND the band is NORMAL_AT_OR_BELOW_5X_MEDIAN AND both counterparties are recognisable real businesses AND (if provenance is given) the extraction validated cleanly. A heavy-weight, high-value or duplicate-BL flag alone, with a NORMAL band and clean screening, is a routine data-quality issue and should be CLEARED.

Cite the actual numbers in your reason.
Return: decision (one of BLOCK/ESCALATE/CLEAR), reason (one sentence, max 200 chars, citing the decisive evidence), assessment (a short risk assessment naming the key indicators and their values).

Alert evidence: Alert type: WEIGHT_ANOMALY. BL: CMDU09715. Shipper: Viglacera Corp. Consignee: Walmart Inc. Carrier: MAERSK. Route: THLCH -> VNSGN. Charges: $5659. Weight: 33485kg. Cost per kg: $0.169 (0.66x the peer median of $0.2558). PRE-COMPUTED COST-PER-KG BAND: NORMAL_AT_OR_BELOW_5X_MEDIAN. This band is economically ordinary and does NOT justify BLOCK or ESCALATE on its own. Sanctions/export-restriction list matches for the counterparties: 0 (0 = both parties clear, -1 = screening data unavailable).","{""assessment"":""The key indicators are the cost-per-kg band (NORMAL_AT_OR_BELOW_5X_MEDIAN) and sanctions matches (0). Both counterparties are recognisable real businesses, and the cost per kg is economically ordinary. There are no indications of fraud or compliance issues."",""decision"":""CLEAR"",""reason"":""Sanctions matches = 0, cost-per-kg band is NORMAL_AT_OR_BELOW_5X_MEDIAN, and both counterparties are recognisable real businesses.""}",735,"SUCCESS","\N","2026-08-02 00:44:36.299","fraud_investigation:attempt1","WORKFLOW_INVESTIGATE_ANOMALY",599,136,3604,"SUCCESS",624
226,"mistral-large2","You are a maritime logistics fraud and compliance analyst.

The cost-per-kg threshold comparison has ALREADY been computed for you and is given as PRE-COMPUTED COST-PER-KG BAND. Trust that band and the rule stated next to it. Do not re-derive it or substitute your own thresholds.

Apply this rubric:
- BLOCK if sanctions matches > 0, OR the band is EXTREME_ABOVE_10X_MEDIAN, OR a counterparty name indicates a shell/front company (contains SUSPICIOUS, SHELL, UNKNOWN, or is a generic non-identifiable trading name).
- ESCALATE if the band is ELEVATED_BETWEEN_5X_AND_10X_MEDIAN, OR cost per kg was not computable, OR a required commercial figure is missing, OR document provenance reports extraction confidence below 60/100 or a failed validation. An ELEVATED band alone must NOT be blocked.
- CLEAR if sanctions matches = 0 AND the band is NORMAL_AT_OR_BELOW_5X_MEDIAN AND both counterparties are recognisable real businesses AND (if provenance is given) the extraction validated cleanly. A heavy-weight, high-value or duplicate-BL flag alone, with a NORMAL band and clean screening, is a routine data-quality issue and should be CLEARED.

Cite the actual numbers in your reason.
Return: decision (one of BLOCK/ESCALATE/CLEAR), reason (one sentence, max 200 chars, citing the decisive evidence), assessment (a short risk assessment naming the key indicators and their values).

Alert evidence: Alert type: WEIGHT_ANOMALY. BL: CMDU44556. Shipper: Viettel Electronics. Consignee: Tech Mart Europe. Carrier: MAERSK. Route: ? -> ?. Charges: $7157. Weight: 32093kg. Cost per kg: $0.223 (0.87x the peer median of $0.2558). PRE-COMPUTED COST-PER-KG BAND: NORMAL_AT_OR_BELOW_5X_MEDIAN. This band is economically ordinary and does NOT justify BLOCK or ESCALATE on its own. Sanctions/export-restriction list matches for the counterparties: 0 (0 = both parties clear, -1 = screening data unavailable).","{""assessment"":""The key indicators are the cost-per-kg band (NORMAL_AT_OR_BELOW_5X_MEDIAN) and sanctions matches (0). Both counterparties are recognisable real businesses, and the cost per kg is economically ordinary. There are no indications of shell/front companies or extraction issues."",""decision"":""CLEAR"",""reason"":""Sanctions matches = 0, cost-per-kg band is NORMAL_AT_OR_BELOW_5X_MEDIAN, and both counterparties are recognisable real businesses.""}",734,"SUCCESS","\N","2026-08-02 00:44:44.295","fraud_investigation:attempt1","WORKFLOW_INVESTIGATE_ANOMALY",594,140,3504,"SUCCESS",625
227,"mistral-large2","You are a maritime logistics fraud and compliance analyst.

The cost-per-kg threshold comparison has ALREADY been computed for you and is given as PRE-COMPUTED COST-PER-KG BAND. Trust that band and the rule stated next to it. Do not re-derive it or substitute your own thresholds.

Apply this rubric:
- BLOCK if sanctions matches > 0, OR the band is EXTREME_ABOVE_10X_MEDIAN, OR a counterparty name indicates a shell/front company (contains SUSPICIOUS, SHELL, UNKNOWN, or is a generic non-identifiable trading name).
- ESCALATE if the band is ELEVATED_BETWEEN_5X_AND_10X_MEDIAN, OR cost per kg was not computable, OR a required commercial figure is missing, OR document provenance reports extraction confidence below 60/100 or a failed validation. An ELEVATED band alone must NOT be blocked.
- CLEAR if sanctions matches = 0 AND the band is NORMAL_AT_OR_BELOW_5X_MEDIAN AND both counterparties are recognisable real businesses AND (if provenance is given) the extraction validated cleanly. A heavy-weight, high-value or duplicate-BL flag alone, with a NORMAL band and clean screening, is a routine data-quality issue and should be CLEARED.

Cite the actual numbers in your reason.
Return: decision (one of BLOCK/ESCALATE/CLEAR), reason (one sentence, max 200 chars, citing the decisive evidence), assessment (a short risk assessment naming the key indicators and their values).

Alert evidence: Alert type: WEIGHT_ANOMALY. BL: MAEU09729. Shipper: ABC Electronics Vietnam. Consignee: Lotte Corp. Carrier: MSC. Route: JPYOK -> HKHKG. Charges: $3744. Weight: 41176kg. Cost per kg: $0.0909 (0.36x the peer median of $0.2558). PRE-COMPUTED COST-PER-KG BAND: NORMAL_AT_OR_BELOW_5X_MEDIAN. This band is economically ordinary and does NOT justify BLOCK or ESCALATE on its own. Sanctions/export-restriction list matches for the counterparties: 0 (0 = both parties clear, -1 = screening data unavailable).","{""assessment"":""The key indicators are the cost-per-kg band (NORMAL_AT_OR_BELOW_5X_MEDIAN) and sanctions matches (0). Both counterparties are recognisable real businesses, and the cost per kg is economically ordinary. There are no indicators of high risk."",""decision"":""CLEAR"",""reason"":""Sanctions matches = 0, cost-per-kg band is NORMAL_AT_OR_BELOW_5X_MEDIAN, and both counterparties are recognisable real businesses.""}",734,"SUCCESS","\N","2026-08-02 00:45:09.503","fraud_investigation:attempt1","WORKFLOW_INVESTIGATE_ANOMALY",600,134,20555,"SUCCESS",626
228,"mistral-large2","You are a maritime logistics fraud and compliance analyst.

The cost-per-kg threshold comparison has ALREADY been computed for you and is given as PRE-COMPUTED COST-PER-KG BAND. Trust that band and the rule stated next to it. Do not re-derive it or substitute your own thresholds.

Apply this rubric:
- BLOCK if sanctions matches > 0, OR the band is EXTREME_ABOVE_10X_MEDIAN, OR a counterparty name indicates a shell/front company (contains SUSPICIOUS, SHELL, UNKNOWN, or is a generic non-identifiable trading name).
- ESCALATE if the band is ELEVATED_BETWEEN_5X_AND_10X_MEDIAN, OR cost per kg was not computable, OR a required commercial figure is missing, OR document provenance reports extraction confidence below 60/100 or a failed validation. An ELEVATED band alone must NOT be blocked.
- CLEAR if sanctions matches = 0 AND the band is NORMAL_AT_OR_BELOW_5X_MEDIAN AND both counterparties are recognisable real businesses AND (if provenance is given) the extraction validated cleanly. A heavy-weight, high-value or duplicate-BL flag alone, with a NORMAL band and clean screening, is a routine data-quality issue and should be CLEARED.

Cite the actual numbers in your reason.
Return: decision (one of BLOCK/ESCALATE/CLEAR), reason (one sentence, max 200 chars, citing the decisive evidence), assessment (a short risk assessment naming the key indicators and their values).

Alert evidence: Alert type: WEIGHT_ANOMALY. BL: MSKU07212. Shipper: Viglacera Corp. Consignee: AEON Japan. Carrier: MSC. Route: CNNGB -> JPYOK. Charges: $5068. Weight: 38622kg. Cost per kg: $0.1312 (0.51x the peer median of $0.2558). PRE-COMPUTED COST-PER-KG BAND: NORMAL_AT_OR_BELOW_5X_MEDIAN. This band is economically ordinary and does NOT justify BLOCK or ESCALATE on its own. Sanctions/export-restriction list matches for the counterparties: 0 (0 = both parties clear, -1 = screening data unavailable).","{""assessment"":""The key indicators are the cost-per-kg band (NORMAL_AT_OR_BELOW_5X_MEDIAN) and sanctions matches (0). Both counterparties are recognisable real businesses, and the cost per kg is economically ordinary. There are no indications of fraud or compliance issues."",""decision"":""CLEAR"",""reason"":""Sanctions matches = 0, cost-per-kg band is NORMAL_AT_OR_BELOW_5X_MEDIAN, and both counterparties are recognisable real businesses.""}",735,"SUCCESS","\N","2026-08-02 00:45:18.280","fraud_investigation:attempt1","WORKFLOW_INVESTIGATE_ANOMALY",599,136,3671,"SUCCESS",627
229,"mistral-large2","You are a maritime logistics fraud and compliance analyst.

The cost-per-kg threshold comparison has ALREADY been computed for you and is given as PRE-COMPUTED COST-PER-KG BAND. Trust that band and the rule stated next to it. Do not re-derive it or substitute your own thresholds.

Apply this rubric:
- BLOCK if sanctions matches > 0, OR the band is EXTREME_ABOVE_10X_MEDIAN, OR a counterparty name indicates a shell/front company (contains SUSPICIOUS, SHELL, UNKNOWN, or is a generic non-identifiable trading name).
- ESCALATE if the band is ELEVATED_BETWEEN_5X_AND_10X_MEDIAN, OR cost per kg was not computable, OR a required commercial figure is missing, OR document provenance reports extraction confidence below 60/100 or a failed validation. An ELEVATED band alone must NOT be blocked.
- CLEAR if sanctions matches = 0 AND the band is NORMAL_AT_OR_BELOW_5X_MEDIAN AND both counterparties are recognisable real businesses AND (if provenance is given) the extraction validated cleanly. A heavy-weight, high-value or duplicate-BL flag alone, with a NORMAL band and clean screening, is a routine data-quality issue and should be CLEARED.

Cite the actual numbers in your reason.
Return: decision (one of BLOCK/ESCALATE/CLEAR), reason (one sentence, max 200 chars, citing the decisive evidence), assessment (a short risk assessment naming the key indicators and their values).

Alert evidence: Alert type: WEIGHT_ANOMALY. BL: MSKU07223. Shipper: Panasonic Vietnam. Consignee: Tesco PLC. Carrier: MSC. Route: GBFXT -> VNSGN. Charges: $7765. Weight: 43866kg. Cost per kg: $0.177 (0.69x the peer median of $0.2558). PRE-COMPUTED COST-PER-KG BAND: NORMAL_AT_OR_BELOW_5X_MEDIAN. This band is economically ordinary and does NOT justify BLOCK or ESCALATE on its own. Sanctions/export-restriction list matches for the counterparties: 0 (0 = both parties clear, -1 = screening data unavailable).","{""assessment"":""The key indicators are the cost-per-kg band (NORMAL_AT_OR_BELOW_5X_MEDIAN) and sanctions matches (0). Both counterparties are recognisable real businesses, and the cost per kg is economically ordinary. There are no indicators of high risk."",""decision"":""CLEAR"",""reason"":""Sanctions matches = 0, cost-per-kg band is NORMAL_AT_OR_BELOW_5X_MEDIAN, and both counterparties are recognisable real businesses.""}",730,"SUCCESS","\N","2026-08-02 00:45:26.348","fraud_investigation:attempt1","WORKFLOW_INVESTIGATE_ANOMALY",596,134,3523,"SUCCESS",628
230,"mistral-large2","You are a maritime logistics fraud and compliance analyst.

The cost-per-kg threshold comparison has ALREADY been computed for you and is given as PRE-COMPUTED COST-PER-KG BAND. Trust that band and the rule stated next to it. Do not re-derive it or substitute your own thresholds.

Apply this rubric:
- BLOCK if sanctions matches > 0, OR the band is EXTREME_ABOVE_10X_MEDIAN, OR a counterparty name indicates a shell/front company (contains SUSPICIOUS, SHELL, UNKNOWN, or is a generic non-identifiable trading name).
- ESCALATE if the band is ELEVATED_BETWEEN_5X_AND_10X_MEDIAN, OR cost per kg was not computable, OR a required commercial figure is missing, OR document provenance reports extraction confidence below 60/100 or a failed validation. An ELEVATED band alone must NOT be blocked.
- CLEAR if sanctions matches = 0 AND the band is NORMAL_AT_OR_BELOW_5X_MEDIAN AND both counterparties are recognisable real businesses AND (if provenance is given) the extraction validated cleanly. A heavy-weight, high-value or duplicate-BL flag alone, with a NORMAL band and clean screening, is a routine data-quality issue and should be CLEARED.

Cite the actual numbers in your reason.
Return: decision (one of BLOCK/ESCALATE/CLEAR), reason (one sentence, max 200 chars, citing the decisive evidence), assessment (a short risk assessment naming the key indicators and their values).

Alert evidence: Alert type: WEIGHT_ANOMALY. BL: APZU08273. Shipper: Intel Products Vietnam. Consignee: Shopee Express. Carrier: MSC. Route: HKHKG -> VNSGN. Charges: $6014. Weight: 40906kg. Cost per kg: $0.147 (0.57x the peer median of $0.2558). PRE-COMPUTED COST-PER-KG BAND: NORMAL_AT_OR_BELOW_5X_MEDIAN. This band is economically ordinary and does NOT justify BLOCK or ESCALATE on its own. Sanctions/export-restriction list matches for the counterparties: 0 (0 = both parties clear, -1 = screening data unavailable).","{""assessment"":""The key indicators are the cost-per-kg band (NORMAL_AT_OR_BELOW_5X_MEDIAN) and sanctions matches (0). Both counterparties are recognisable real businesses, and the cost per kg is economically ordinary."",""decision"":""CLEAR"",""reason"":""Sanctions matches = 0, cost-per-kg band is NORMAL_AT_OR_BELOW_5X_MEDIAN, and both counterparties are recognisable real businesses.""}",722,"SUCCESS","\N","2026-08-02 00:45:34.052","fraud_investigation:attempt1","WORKFLOW_INVESTIGATE_ANOMALY",597,125,3183,"SUCCESS",629
231,"mistral-large2","You are a maritime logistics fraud and compliance analyst.

The cost-per-kg threshold comparison has ALREADY been computed for you and is given as PRE-COMPUTED COST-PER-KG BAND. Trust that band and the rule stated next to it. Do not re-derive it or substitute your own thresholds.

Apply this rubric:
- BLOCK if sanctions matches > 0, OR the band is EXTREME_ABOVE_10X_MEDIAN, OR a counterparty name indicates a shell/front company (contains SUSPICIOUS, SHELL, UNKNOWN, or is a generic non-identifiable trading name).
- ESCALATE if the band is ELEVATED_BETWEEN_5X_AND_10X_MEDIAN, OR cost per kg was not computable, OR a required commercial figure is missing, OR document provenance reports extraction confidence below 60/100 or a failed validation. An ELEVATED band alone must NOT be blocked.
- CLEAR if sanctions matches = 0 AND the band is NORMAL_AT_OR_BELOW_5X_MEDIAN AND both counterparties are recognisable real businesses AND (if provenance is given) the extraction validated cleanly. A heavy-weight, high-value or duplicate-BL flag alone, with a NORMAL band and clean screening, is a routine data-quality issue and should be CLEARED.

Cite the actual numbers in your reason.
Return: decision (one of BLOCK/ESCALATE/CLEAR), reason (one sentence, max 200 chars, citing the decisive evidence), assessment (a short risk assessment naming the key indicators and their values).

Alert evidence: Alert type: WEIGHT_ANOMALY. BL: MAEU06640. Shipper: Tan Hiep Phat. Consignee: AEON Japan. Carrier: MSC. Route: SGSIN -> AEJEA. Charges: $4297. Weight: 44693kg. Cost per kg: $0.0961 (0.38x the peer median of $0.2558). PRE-COMPUTED COST-PER-KG BAND: NORMAL_AT_OR_BELOW_5X_MEDIAN. This band is economically ordinary and does NOT justify BLOCK or ESCALATE on its own. Sanctions/export-restriction list matches for the counterparties: 0 (0 = both parties clear, -1 = screening data unavailable).","{""assessment"":""The key indicators are the cost-per-kg band (NORMAL_AT_OR_BELOW_5X_MEDIAN) and sanctions matches (0). Both counterparties are recognisable real businesses, and the cost per kg is economically ordinary."",""decision"":""CLEAR"",""reason"":""Sanctions matches = 0, cost-per-kg band is NORMAL_AT_OR_BELOW_5X_MEDIAN, and both counterparties are recognisable real businesses.""}",725,"SUCCESS","\N","2026-08-02 00:45:42.280","fraud_investigation:attempt1","WORKFLOW_INVESTIGATE_ANOMALY",600,125,3196,"SUCCESS",630
232,"mistral-large2","You are a maritime logistics fraud and compliance analyst.

The cost-per-kg threshold comparison has ALREADY been computed for you and is given as PRE-COMPUTED COST-PER-KG BAND. Trust that band and the rule stated next to it. Do not re-derive it or substitute your own thresholds.

Apply this rubric:
- BLOCK if sanctions matches > 0, OR the band is EXTREME_ABOVE_10X_MEDIAN, OR a counterparty name indicates a shell/front company (contains SUSPICIOUS, SHELL, UNKNOWN, or is a generic non-identifiable trading name).
- ESCALATE if the band is ELEVATED_BETWEEN_5X_AND_10X_MEDIAN, OR cost per kg was not computable, OR a required commercial figure is missing, OR document provenance reports extraction confidence below 60/100 or a failed validation. An ELEVATED band alone must NOT be blocked.
- CLEAR if sanctions matches = 0 AND the band is NORMAL_AT_OR_BELOW_5X_MEDIAN AND both counterparties are recognisable real businesses AND (if provenance is given) the extraction validated cleanly. A heavy-weight, high-value or duplicate-BL flag alone, with a NORMAL band and clean screening, is a routine data-quality issue and should be CLEARED.

Cite the actual numbers in your reason.
Return: decision (one of BLOCK/ESCALATE/CLEAR), reason (one sentence, max 200 chars, citing the decisive evidence), assessment (a short risk assessment naming the key indicators and their values).

Alert evidence: Alert type: WEIGHT_ANOMALY. BL: YMLU00384. Shipper: Nike Vietnam. Consignee: Amazon Logistics. Carrier: MSC. Route: NLRTM -> HKHKG. Charges: $3715. Weight: 42797kg. Cost per kg: $0.0868 (0.34x the peer median of $0.2558). PRE-COMPUTED COST-PER-KG BAND: NORMAL_AT_OR_BELOW_5X_MEDIAN. This band is economically ordinary and does NOT justify BLOCK or ESCALATE on its own. Sanctions/export-restriction list matches for the counterparties: 0 (0 = both parties clear, -1 = screening data unavailable).","{""assessment"":""The key indicators are the cost-per-kg band (NORMAL_AT_OR_BELOW_5X_MEDIAN) and sanctions matches (0). Both counterparties are recognisable real businesses, and the cost per kg is economically ordinary."",""decision"":""CLEAR"",""reason"":""Sanctions matches = 0, cost-per-kg band is NORMAL_AT_OR_BELOW_5X_MEDIAN, and both counterparties are recognisable real businesses.""}",722,"SUCCESS","\N","2026-08-02 00:45:50.009","fraud_investigation:attempt1","WORKFLOW_INVESTIGATE_ANOMALY",597,125,3206,"SUCCESS",631
233,"mistral-large2","You are a maritime logistics fraud and compliance analyst.

The cost-per-kg threshold comparison has ALREADY been computed for you and is given as PRE-COMPUTED COST-PER-KG BAND. Trust that band and the rule stated next to it. Do not re-derive it or substitute your own thresholds.

Apply this rubric:
- BLOCK if sanctions matches > 0, OR the band is EXTREME_ABOVE_10X_MEDIAN, OR a counterparty name indicates a shell/front company (contains SUSPICIOUS, SHELL, UNKNOWN, or is a generic non-identifiable trading name).
- ESCALATE if the band is ELEVATED_BETWEEN_5X_AND_10X_MEDIAN, OR cost per kg was not computable, OR a required commercial figure is missing, OR document provenance reports extraction confidence below 60/100 or a failed validation. An ELEVATED band alone must NOT be blocked.
- CLEAR if sanctions matches = 0 AND the band is NORMAL_AT_OR_BELOW_5X_MEDIAN AND both counterparties are recognisable real businesses AND (if provenance is given) the extraction validated cleanly. A heavy-weight, high-value or duplicate-BL flag alone, with a NORMAL band and clean screening, is a routine data-quality issue and should be CLEARED.

Cite the actual numbers in your reason.
Return: decision (one of BLOCK/ESCALATE/CLEAR), reason (one sentence, max 200 chars, citing the decisive evidence), assessment (a short risk assessment naming the key indicators and their values).

Alert evidence: Alert type: WEIGHT_ANOMALY. BL: OOLU55667. Shipper: Hoa Sen Group. Consignee: Construction Supply Co. Carrier: MSC. Route: ? -> ?. Charges: $4467. Weight: 30137kg. Cost per kg: $0.1482 (0.58x the peer median of $0.2558). PRE-COMPUTED COST-PER-KG BAND: NORMAL_AT_OR_BELOW_5X_MEDIAN. This band is economically ordinary and does NOT justify BLOCK or ESCALATE on its own. Sanctions/export-restriction list matches for the counterparties: 0 (0 = both parties clear, -1 = screening data unavailable).","{""assessment"":""The key indicators are the cost-per-kg band (NORMAL_AT_OR_BELOW_5X_MEDIAN) and sanctions matches (0). Both counterparties are recognisable real businesses, and the cost per kg is economically ordinary. There are no indications of shell/front companies or extraction issues."",""decision"":""CLEAR"",""reason"":""Sanctions matches = 0, cost-per-kg band is NORMAL_AT_OR_BELOW_5X_MEDIAN, and both counterparties are recognisable real businesses.""}",733,"SUCCESS","\N","2026-08-02 00:45:59.737","fraud_investigation:attempt1","WORKFLOW_INVESTIGATE_ANOMALY",593,140,5320,"SUCCESS",632
234,"mistral-large2","You are a maritime logistics fraud and compliance analyst.

The cost-per-kg threshold comparison has ALREADY been computed for you and is given as PRE-COMPUTED COST-PER-KG BAND. Trust that band and the rule stated next to it. Do not re-derive it or substitute your own thresholds.

Apply this rubric:
- BLOCK if sanctions matches > 0, OR the band is EXTREME_ABOVE_10X_MEDIAN, OR a counterparty name indicates a shell/front company (contains SUSPICIOUS, SHELL, UNKNOWN, or is a generic non-identifiable trading name).
- ESCALATE if the band is ELEVATED_BETWEEN_5X_AND_10X_MEDIAN, OR cost per kg was not computable, OR a required commercial figure is missing, OR document provenance reports extraction confidence below 60/100 or a failed validation. An ELEVATED band alone must NOT be blocked.
- CLEAR if sanctions matches = 0 AND the band is NORMAL_AT_OR_BELOW_5X_MEDIAN AND both counterparties are recognisable real businesses AND (if provenance is given) the extraction validated cleanly. A heavy-weight, high-value or duplicate-BL flag alone, with a NORMAL band and clean screening, is a routine data-quality issue and should be CLEARED.

Cite the actual numbers in your reason.
Return: decision (one of BLOCK/ESCALATE/CLEAR), reason (one sentence, max 200 chars, citing the decisive evidence), assessment (a short risk assessment naming the key indicators and their values).

Alert evidence: Alert type: WEIGHT_ANOMALY. BL: CMDU02773. Shipper: LG Display Vietnam. Consignee: Shopee Express. Carrier: CMA_CGM. Route: USNYC -> KRPUS. Charges: $5420. Weight: 31281kg. Cost per kg: $0.1733 (0.68x the peer median of $0.2558). PRE-COMPUTED COST-PER-KG BAND: NORMAL_AT_OR_BELOW_5X_MEDIAN. This band is economically ordinary and does NOT justify BLOCK or ESCALATE on its own. Sanctions/export-restriction list matches for the counterparties: 0 (0 = both parties clear, -1 = screening data unavailable).","{""assessment"":""The key indicators are the cost-per-kg band (NORMAL_AT_OR_BELOW_5X_MEDIAN) and sanctions matches (0). Both counterparties are recognisable real businesses, and the cost per kg is economically ordinary. There are no indications of shell/front companies or extraction issues."",""decision"":""CLEAR"",""reason"":""Sanctions matches = 0, cost-per-kg band is NORMAL_AT_OR_BELOW_5X_MEDIAN, and both counterparties are recognisable real businesses.""}",740,"SUCCESS","\N","2026-08-02 00:46:18.570","fraud_investigation:attempt1","WORKFLOW_INVESTIGATE_ANOMALY",600,140,13912,"SUCCESS",633
235,"mistral-large2","You are a maritime logistics fraud and compliance analyst.

The cost-per-kg threshold comparison has ALREADY been computed for you and is given as PRE-COMPUTED COST-PER-KG BAND. Trust that band and the rule stated next to it. Do not re-derive it or substitute your own thresholds.

Apply this rubric:
- BLOCK if sanctions matches > 0, OR the band is EXTREME_ABOVE_10X_MEDIAN, OR a counterparty name indicates a shell/front company (contains SUSPICIOUS, SHELL, UNKNOWN, or is a generic non-identifiable trading name).
- ESCALATE if the band is ELEVATED_BETWEEN_5X_AND_10X_MEDIAN, OR cost per kg was not computable, OR a required commercial figure is missing, OR document provenance reports extraction confidence below 60/100 or a failed validation. An ELEVATED band alone must NOT be blocked.
- CLEAR if sanctions matches = 0 AND the band is NORMAL_AT_OR_BELOW_5X_MEDIAN AND both counterparties are recognisable real businesses AND (if provenance is given) the extraction validated cleanly. A heavy-weight, high-value or duplicate-BL flag alone, with a NORMAL band and clean screening, is a routine data-quality issue and should be CLEARED.

Cite the actual numbers in your reason.
Return: decision (one of BLOCK/ESCALATE/CLEAR), reason (one sentence, max 200 chars, citing the decisive evidence), assessment (a short risk assessment naming the key indicators and their values).

Alert evidence: Alert type: WEIGHT_ANOMALY. BL: MAEU03907. Shipper: Samsung Vietnam. Consignee: Best Buy USA. Carrier: COSCO. Route: JPTYO -> CNSHA. Charges: $2843. Weight: 31214kg. Cost per kg: $0.0911 (0.36x the peer median of $0.2558). PRE-COMPUTED COST-PER-KG BAND: NORMAL_AT_OR_BELOW_5X_MEDIAN. This band is economically ordinary and does NOT justify BLOCK or ESCALATE on its own. Sanctions/export-restriction list matches for the counterparties: 0 (0 = both parties clear, -1 = screening data unavailable).","{""assessment"":""The key indicators are the cost-per-kg band (NORMAL_AT_OR_BELOW_5X_MEDIAN) and sanctions matches (0). Both counterparties are recognisable real businesses, and the cost per kg is economically ordinary. There are no indicators of fraud or compliance issues."",""decision"":""CLEAR"",""reason"":""Sanctions matches = 0, cost-per-kg band is NORMAL_AT_OR_BELOW_5X_MEDIAN, and both counterparties are recognisable real businesses.""}",732,"SUCCESS","\N","2026-08-02 00:46:34.935","fraud_investigation:attempt1","WORKFLOW_INVESTIGATE_ANOMALY",596,136,11823,"SUCCESS",634
236,"mistral-large2","You are a maritime logistics fraud and compliance analyst.

The cost-per-kg threshold comparison has ALREADY been computed for you and is given as PRE-COMPUTED COST-PER-KG BAND. Trust that band and the rule stated next to it. Do not re-derive it or substitute your own thresholds.

Apply this rubric:
- BLOCK if sanctions matches > 0, OR the band is EXTREME_ABOVE_10X_MEDIAN, OR a counterparty name indicates a shell/front company (contains SUSPICIOUS, SHELL, UNKNOWN, or is a generic non-identifiable trading name).
- ESCALATE if the band is ELEVATED_BETWEEN_5X_AND_10X_MEDIAN, OR cost per kg was not computable, OR a required commercial figure is missing, OR document provenance reports extraction confidence below 60/100 or a failed validation. An ELEVATED band alone must NOT be blocked.
- CLEAR if sanctions matches = 0 AND the band is NORMAL_AT_OR_BELOW_5X_MEDIAN AND both counterparties are recognisable real businesses AND (if provenance is given) the extraction validated cleanly. A heavy-weight, high-value or duplicate-BL flag alone, with a NORMAL band and clean screening, is a routine data-quality issue and should be CLEARED.

Cite the actual numbers in your reason.
Return: decision (one of BLOCK/ESCALATE/CLEAR), reason (one sentence, max 200 chars, citing the decisive evidence), assessment (a short risk assessment naming the key indicators and their values).

Alert evidence: Alert type: WEIGHT_ANOMALY. BL: OOLU00252. Shipper: LG Display Vietnam. Consignee: Alibaba Trade. Carrier: COSCO. Route: JPTYO -> AEJEA. Charges: $2759. Weight: 35881kg. Cost per kg: $0.0769 (0.3x the peer median of $0.2558). PRE-COMPUTED COST-PER-KG BAND: NORMAL_AT_OR_BELOW_5X_MEDIAN. This band is economically ordinary and does NOT justify BLOCK or ESCALATE on its own. Sanctions/export-restriction list matches for the counterparties: 0 (0 = both parties clear, -1 = screening data unavailable).","{""assessment"":""The key indicators are the cost-per-kg band (NORMAL_AT_OR_BELOW_5X_MEDIAN) and sanctions matches (0). Both counterparties are recognisable real businesses, and the cost per kg is economically ordinary. There are no indications of fraud or compliance issues."",""decision"":""CLEAR"",""reason"":""Sanctions matches = 0, cost-per-kg band is NORMAL_AT_OR_BELOW_5X_MEDIAN, and both counterparties are recognisable real businesses.""}",735,"SUCCESS","\N","2026-08-02 00:46:43.101","fraud_investigation:attempt1","WORKFLOW_INVESTIGATE_ANOMALY",599,136,3648,"SUCCESS",635
237,"mistral-large2","You are a maritime logistics fraud and compliance analyst.

The cost-per-kg threshold comparison has ALREADY been computed for you and is given as PRE-COMPUTED COST-PER-KG BAND. Trust that band and the rule stated next to it. Do not re-derive it or substitute your own thresholds.

Apply this rubric:
- BLOCK if sanctions matches > 0, OR the band is EXTREME_ABOVE_10X_MEDIAN, OR a counterparty name indicates a shell/front company (contains SUSPICIOUS, SHELL, UNKNOWN, or is a generic non-identifiable trading name).
- ESCALATE if the band is ELEVATED_BETWEEN_5X_AND_10X_MEDIAN, OR cost per kg was not computable, OR a required commercial figure is missing, OR document provenance reports extraction confidence below 60/100 or a failed validation. An ELEVATED band alone must NOT be blocked.
- CLEAR if sanctions matches = 0 AND the band is NORMAL_AT_OR_BELOW_5X_MEDIAN AND both counterparties are recognisable real businesses AND (if provenance is given) the extraction validated cleanly. A heavy-weight, high-value or duplicate-BL flag alone, with a NORMAL band and clean screening, is a routine data-quality issue and should be CLEARED.

Cite the actual numbers in your reason.
Return: decision (one of BLOCK/ESCALATE/CLEAR), reason (one sentence, max 200 chars, citing the decisive evidence), assessment (a short risk assessment naming the key indicators and their values).

Alert evidence: Alert type: WEIGHT_ANOMALY. BL: YMLU07387. Shipper: Intel Products Vietnam. Consignee: Tesco PLC. Carrier: HAPAG_LLOYD. Route: MYPKG -> THLCH. Charges: $7216. Weight: 33178kg. Cost per kg: $0.2175 (0.85x the peer median of $0.2558). PRE-COMPUTED COST-PER-KG BAND: NORMAL_AT_OR_BELOW_5X_MEDIAN. This band is economically ordinary and does NOT justify BLOCK or ESCALATE on its own. Sanctions/export-restriction list matches for the counterparties: 0 (0 = both parties clear, -1 = screening data unavailable).","{""assessment"":""The key indicators are the cost-per-kg band (NORMAL_AT_OR_BELOW_5X_MEDIAN) and sanctions matches (0). Both counterparties are recognisable real businesses, and the cost per kg is economically ordinary. There are no indications of fraud or compliance issues."",""decision"":""CLEAR"",""reason"":""Sanctions matches = 0, cost-per-kg band is NORMAL_AT_OR_BELOW_5X_MEDIAN, and both counterparties are recognisable real businesses.""}",738,"SUCCESS","\N","2026-08-02 00:47:25.711","fraud_investigation:attempt1","WORKFLOW_INVESTIGATE_ANOMALY",602,136,38031,"SUCCESS",636
238,"mistral-large2","You are a maritime logistics fraud and compliance analyst.

The cost-per-kg threshold comparison has ALREADY been computed for you and is given as PRE-COMPUTED COST-PER-KG BAND. Trust that band and the rule stated next to it. Do not re-derive it or substitute your own thresholds.

Apply this rubric:
- BLOCK if sanctions matches > 0, OR the band is EXTREME_ABOVE_10X_MEDIAN, OR a counterparty name indicates a shell/front company (contains SUSPICIOUS, SHELL, UNKNOWN, or is a generic non-identifiable trading name).
- ESCALATE if the band is ELEVATED_BETWEEN_5X_AND_10X_MEDIAN, OR cost per kg was not computable, OR a required commercial figure is missing, OR document provenance reports extraction confidence below 60/100 or a failed validation. An ELEVATED band alone must NOT be blocked.
- CLEAR if sanctions matches = 0 AND the band is NORMAL_AT_OR_BELOW_5X_MEDIAN AND both counterparties are recognisable real businesses AND (if provenance is given) the extraction validated cleanly. A heavy-weight, high-value or duplicate-BL flag alone, with a NORMAL band and clean screening, is a routine data-quality issue and should be CLEARED.

Cite the actual numbers in your reason.
Return: decision (one of BLOCK/ESCALATE/CLEAR), reason (one sentence, max 200 chars, citing the decisive evidence), assessment (a short risk assessment naming the key indicators and their values).

Alert evidence: Alert type: WEIGHT_ANOMALY. BL: MAEU07519. Shipper: Vinamilk Co Ltd. Consignee: Lotte Corp. Carrier: MSC. Route: GBFXT -> HKHKG. Charges: $6881. Weight: 40933kg. Cost per kg: $0.1681 (0.66x the peer median of $0.2558). PRE-COMPUTED COST-PER-KG BAND: NORMAL_AT_OR_BELOW_5X_MEDIAN. This band is economically ordinary and does NOT justify BLOCK or ESCALATE on its own. Sanctions/export-restriction list matches for the counterparties: 0 (0 = both parties clear, -1 = screening data unavailable).","{""assessment"":""The key indicators are the cost-per-kg band (NORMAL_AT_OR_BELOW_5X_MEDIAN) and sanctions matches (0). Both counterparties are recognisable real businesses, and the cost per kg is economically ordinary. There are no indications of fraud or compliance issues."",""decision"":""CLEAR"",""reason"":""Sanctions matches = 0, cost-per-kg band is NORMAL_AT_OR_BELOW_5X_MEDIAN, and both counterparties are recognisable real businesses.""}",736,"SUCCESS","\N","2026-08-02 00:48:49.856","fraud_investigation:attempt1","WORKFLOW_INVESTIGATE_ANOMALY",600,136,78548,"SUCCESS",637
239,"mistral-large2","You are a maritime logistics fraud and compliance analyst.

The cost-per-kg threshold comparison has ALREADY been computed for you and is given as PRE-COMPUTED COST-PER-KG BAND. Trust that band and the rule stated next to it. Do not re-derive it or substitute your own thresholds.

Apply this rubric:
- BLOCK if sanctions matches > 0, OR the band is EXTREME_ABOVE_10X_MEDIAN, OR a counterparty name indicates a shell/front company (contains SUSPICIOUS, SHELL, UNKNOWN, or is a generic non-identifiable trading name).
- ESCALATE if the band is ELEVATED_BETWEEN_5X_AND_10X_MEDIAN, OR cost per kg was not computable, OR a required commercial figure is missing, OR document provenance reports extraction confidence below 60/100 or a failed validation. An ELEVATED band alone must NOT be blocked.
- CLEAR if sanctions matches = 0 AND the band is NORMAL_AT_OR_BELOW_5X_MEDIAN AND both counterparties are recognisable real businesses AND (if provenance is given) the extraction validated cleanly. A heavy-weight, high-value or duplicate-BL flag alone, with a NORMAL band and clean screening, is a routine data-quality issue and should be CLEARED.

Cite the actual numbers in your reason.
Return: decision (one of BLOCK/ESCALATE/CLEAR), reason (one sentence, max 200 chars, citing the decisive evidence), assessment (a short risk assessment naming the key indicators and their values).

Alert evidence: Alert type: WEIGHT_ANOMALY. BL: YMLU09730. Shipper: Nike Vietnam. Consignee: Best Buy USA. Carrier: CMA_CGM. Route: USNYC -> KRPUS. Charges: $6956. Weight: 31312kg. Cost per kg: $0.2222 (0.87x the peer median of $0.2558). PRE-COMPUTED COST-PER-KG BAND: NORMAL_AT_OR_BELOW_5X_MEDIAN. This band is economically ordinary and does NOT justify BLOCK or ESCALATE on its own. Sanctions/export-restriction list matches for the counterparties: 0 (0 = both parties clear, -1 = screening data unavailable).","{""assessment"":""The key indicators are the cost-per-kg band (NORMAL_AT_OR_BELOW_5X_MEDIAN) and sanctions matches (0). Both counterparties are recognisable real businesses, and the cost per kg is economically ordinary. There are no indications of fraud or compliance issues."",""decision"":""CLEAR"",""reason"":""Sanctions matches = 0, cost-per-kg band is NORMAL_AT_OR_BELOW_5X_MEDIAN, and both counterparties are recognisable real businesses.""}",734,"SUCCESS","\N","2026-08-02 00:48:59.680","fraud_investigation:attempt1","WORKFLOW_INVESTIGATE_ANOMALY",598,136,5163,"SUCCESS",638
240,"mistral-large2","You are a maritime logistics fraud and compliance analyst.

The cost-per-kg threshold comparison has ALREADY been computed for you and is given as PRE-COMPUTED COST-PER-KG BAND. Trust that band and the rule stated next to it. Do not re-derive it or substitute your own thresholds.

Apply this rubric:
- BLOCK if sanctions matches > 0, OR the band is EXTREME_ABOVE_10X_MEDIAN, OR a counterparty name indicates a shell/front company (contains SUSPICIOUS, SHELL, UNKNOWN, or is a generic non-identifiable trading name).
- ESCALATE if the band is ELEVATED_BETWEEN_5X_AND_10X_MEDIAN, OR cost per kg was not computable, OR a required commercial figure is missing, OR document provenance reports extraction confidence below 60/100 or a failed validation. An ELEVATED band alone must NOT be blocked.
- CLEAR if sanctions matches = 0 AND the band is NORMAL_AT_OR_BELOW_5X_MEDIAN AND both counterparties are recognisable real businesses AND (if provenance is given) the extraction validated cleanly. A heavy-weight, high-value or duplicate-BL flag alone, with a NORMAL band and clean screening, is a routine data-quality issue and should be CLEARED.

Cite the actual numbers in your reason.
Return: decision (one of BLOCK/ESCALATE/CLEAR), reason (one sentence, max 200 chars, citing the decisive evidence), assessment (a short risk assessment naming the key indicators and their values).

Alert evidence: Alert type: WEIGHT_ANOMALY. BL: EGLV02144. Shipper: Foxconn Vietnam. Consignee: Seven Eleven Japan. Carrier: COSCO. Route: VNSGN -> THLCH. Charges: $6323. Weight: 41217kg. Cost per kg: $0.1534 (0.6x the peer median of $0.2558). PRE-COMPUTED COST-PER-KG BAND: NORMAL_AT_OR_BELOW_5X_MEDIAN. This band is economically ordinary and does NOT justify BLOCK or ESCALATE on its own. Sanctions/export-restriction list matches for the counterparties: 0 (0 = both parties clear, -1 = screening data unavailable).","{""assessment"":""The key indicators are the cost-per-kg band (NORMAL_AT_OR_BELOW_5X_MEDIAN) and sanctions matches (0). Both counterparties are recognisable real businesses, and the cost per kg is economically ordinary. There are no indications of fraud or compliance issues."",""decision"":""CLEAR"",""reason"":""Sanctions matches = 0, cost-per-kg band is NORMAL_AT_OR_BELOW_5X_MEDIAN, and both counterparties are recognisable real businesses.""}",732,"SUCCESS","\N","2026-08-02 00:49:09.270","fraud_investigation:attempt1","WORKFLOW_INVESTIGATE_ANOMALY",596,136,5150,"SUCCESS",639
241,"mistral-large2","You are a maritime logistics fraud and compliance analyst.

The cost-per-kg threshold comparison has ALREADY been computed for you and is given as PRE-COMPUTED COST-PER-KG BAND. Trust that band and the rule stated next to it. Do not re-derive it or substitute your own thresholds.

Apply this rubric:
- BLOCK if sanctions matches > 0, OR the band is EXTREME_ABOVE_10X_MEDIAN, OR a counterparty name indicates a shell/front company (contains SUSPICIOUS, SHELL, UNKNOWN, or is a generic non-identifiable trading name).
- ESCALATE if the band is ELEVATED_BETWEEN_5X_AND_10X_MEDIAN, OR cost per kg was not computable, OR a required commercial figure is missing, OR document provenance reports extraction confidence below 60/100 or a failed validation. An ELEVATED band alone must NOT be blocked.
- CLEAR if sanctions matches = 0 AND the band is NORMAL_AT_OR_BELOW_5X_MEDIAN AND both counterparties are recognisable real businesses AND (if provenance is given) the extraction validated cleanly. A heavy-weight, high-value or duplicate-BL flag alone, with a NORMAL band and clean screening, is a routine data-quality issue and should be CLEARED.

Cite the actual numbers in your reason.
Return: decision (one of BLOCK/ESCALATE/CLEAR), reason (one sentence, max 200 chars, citing the decisive evidence), assessment (a short risk assessment naming the key indicators and their values).

Alert evidence: Alert type: WEIGHT_ANOMALY. BL: CMDU03742. Shipper: Honda Vietnam. Consignee: Carrefour SA. Carrier: COSCO. Route: THLCH -> CNSHA. Charges: $4923. Weight: 32111kg. Cost per kg: $0.1533 (0.6x the peer median of $0.2558). PRE-COMPUTED COST-PER-KG BAND: NORMAL_AT_OR_BELOW_5X_MEDIAN. This band is economically ordinary and does NOT justify BLOCK or ESCALATE on its own. Sanctions/export-restriction list matches for the counterparties: 0 (0 = both parties clear, -1 = screening data unavailable).","{""assessment"":""The key indicators are the cost-per-kg band (NORMAL_AT_OR_BELOW_5X_MEDIAN) and sanctions matches (0). Both counterparties are recognisable real businesses, and the cost per kg is economically ordinary. There are no indications of fraud or compliance issues."",""decision"":""CLEAR"",""reason"":""Sanctions matches = 0, cost-per-kg band is NORMAL_AT_OR_BELOW_5X_MEDIAN, and both counterparties are recognisable real businesses.""}",732,"SUCCESS","\N","2026-08-02 00:51:28.837","fraud_investigation:attempt1","WORKFLOW_INVESTIGATE_ANOMALY",596,136,135211,"SUCCESS",640
242,"mistral-large2","You are a maritime logistics fraud and compliance analyst.

The cost-per-kg threshold comparison has ALREADY been computed for you and is given as PRE-COMPUTED COST-PER-KG BAND. Trust that band and the rule stated next to it. Do not re-derive it or substitute your own thresholds.

Apply this rubric:
- BLOCK if sanctions matches > 0, OR the band is EXTREME_ABOVE_10X_MEDIAN, OR a counterparty name indicates a shell/front company (contains SUSPICIOUS, SHELL, UNKNOWN, or is a generic non-identifiable trading name).
- ESCALATE if the band is ELEVATED_BETWEEN_5X_AND_10X_MEDIAN, OR cost per kg was not computable, OR a required commercial figure is missing, OR document provenance reports extraction confidence below 60/100 or a failed validation. An ELEVATED band alone must NOT be blocked.
- CLEAR if sanctions matches = 0 AND the band is NORMAL_AT_OR_BELOW_5X_MEDIAN AND both counterparties are recognisable real businesses AND (if provenance is given) the extraction validated cleanly. A heavy-weight, high-value or duplicate-BL flag alone, with a NORMAL band and clean screening, is a routine data-quality issue and should be CLEARED.

Cite the actual numbers in your reason.
Return: decision (one of BLOCK/ESCALATE/CLEAR), reason (one sentence, max 200 chars, citing the decisive evidence), assessment (a short risk assessment naming the key indicators and their values).

Alert evidence: Alert type: WEIGHT_ANOMALY. BL: YMLU00231. Shipper: Viglacera Corp. Consignee: Metro AG. Carrier: COSCO. Route: KRPUS -> USLGB. Charges: $5215. Weight: 42020kg. Cost per kg: $0.1241 (0.49x the peer median of $0.2558). PRE-COMPUTED COST-PER-KG BAND: NORMAL_AT_OR_BELOW_5X_MEDIAN. This band is economically ordinary and does NOT justify BLOCK or ESCALATE on its own. Sanctions/export-restriction list matches for the counterparties: 0 (0 = both parties clear, -1 = screening data unavailable).","{""assessment"":""The key indicators are the cost-per-kg band (NORMAL_AT_OR_BELOW_5X_MEDIAN) and sanctions matches (0). Both counterparties are recognisable real businesses, and the cost per kg is economically ordinary."",""decision"":""CLEAR"",""reason"":""Sanctions matches = 0, cost-per-kg band is NORMAL_AT_OR_BELOW_5X_MEDIAN, and both counterparties are recognisable real businesses.""}",724,"SUCCESS","\N","2026-08-02 00:51:36.670","fraud_investigation:attempt1","WORKFLOW_INVESTIGATE_ANOMALY",599,125,3252,"SUCCESS",641
243,"mistral-large2","You are a maritime logistics fraud and compliance analyst.

The cost-per-kg threshold comparison has ALREADY been computed for you and is given as PRE-COMPUTED COST-PER-KG BAND. Trust that band and the rule stated next to it. Do not re-derive it or substitute your own thresholds.

Apply this rubric:
- BLOCK if sanctions matches > 0, OR the band is EXTREME_ABOVE_10X_MEDIAN, OR a counterparty name indicates a shell/front company (contains SUSPICIOUS, SHELL, UNKNOWN, or is a generic non-identifiable trading name).
- ESCALATE if the band is ELEVATED_BETWEEN_5X_AND_10X_MEDIAN, OR cost per kg was not computable, OR a required commercial figure is missing, OR document provenance reports extraction confidence below 60/100 or a failed validation. An ELEVATED band alone must NOT be blocked.
- CLEAR if sanctions matches = 0 AND the band is NORMAL_AT_OR_BELOW_5X_MEDIAN AND both counterparties are recognisable real businesses AND (if provenance is given) the extraction validated cleanly. A heavy-weight, high-value or duplicate-BL flag alone, with a NORMAL band and clean screening, is a routine data-quality issue and should be CLEARED.

Cite the actual numbers in your reason.
Return: decision (one of BLOCK/ESCALATE/CLEAR), reason (one sentence, max 200 chars, citing the decisive evidence), assessment (a short risk assessment naming the key indicators and their values).

Alert evidence: Alert type: WEIGHT_ANOMALY. BL: CAXU06662. Shipper: Nike Vietnam. Consignee: Costco Wholesale. Carrier: COSCO. Route: MYPKG -> USLAX. Charges: $2661. Weight: 33537kg. Cost per kg: $0.0793 (0.31x the peer median of $0.2558). PRE-COMPUTED COST-PER-KG BAND: NORMAL_AT_OR_BELOW_5X_MEDIAN. This band is economically ordinary and does NOT justify BLOCK or ESCALATE on its own. Sanctions/export-restriction list matches for the counterparties: 0 (0 = both parties clear, -1 = screening data unavailable).","{""assessment"":""The key indicators are the cost-per-kg band (NORMAL_AT_OR_BELOW_5X_MEDIAN) and sanctions matches (0). Both counterparties are recognisable real businesses, and the cost per kg is economically ordinary. There are no indicators of high risk."",""decision"":""CLEAR"",""reason"":""Sanctions matches = 0, cost-per-kg band is NORMAL_AT_OR_BELOW_5X_MEDIAN, and both counterparties are recognisable real businesses.""}",732,"SUCCESS","\N","2026-08-02 00:51:44.524","fraud_investigation:attempt1","WORKFLOW_INVESTIGATE_ANOMALY",598,134,3517,"SUCCESS",642
244,"mistral-large2","You are a maritime logistics fraud and compliance analyst.

The cost-per-kg threshold comparison has ALREADY been computed for you and is given as PRE-COMPUTED COST-PER-KG BAND. Trust that band and the rule stated next to it. Do not re-derive it or substitute your own thresholds.

Apply this rubric:
- BLOCK if sanctions matches > 0, OR the band is EXTREME_ABOVE_10X_MEDIAN, OR a counterparty name indicates a shell/front company (contains SUSPICIOUS, SHELL, UNKNOWN, or is a generic non-identifiable trading name).
- ESCALATE if the band is ELEVATED_BETWEEN_5X_AND_10X_MEDIAN, OR cost per kg was not computable, OR a required commercial figure is missing, OR document provenance reports extraction confidence below 60/100 or a failed validation. An ELEVATED band alone must NOT be blocked.
- CLEAR if sanctions matches = 0 AND the band is NORMAL_AT_OR_BELOW_5X_MEDIAN AND both counterparties are recognisable real businesses AND (if provenance is given) the extraction validated cleanly. A heavy-weight, high-value or duplicate-BL flag alone, with a NORMAL band and clean screening, is a routine data-quality issue and should be CLEARED.

Cite the actual numbers in your reason.
Return: decision (one of BLOCK/ESCALATE/CLEAR), reason (one sentence, max 200 chars, citing the decisive evidence), assessment (a short risk assessment naming the key indicators and their values).

Alert evidence: Alert type: WEIGHT_ANOMALY. BL: MSKU07483. Shipper: LG Display Vietnam. Consignee: Costco Wholesale. Carrier: COSCO. Route: USLAX -> JPYOK. Charges: $4774. Weight: 41217kg. Cost per kg: $0.1158 (0.45x the peer median of $0.2558). PRE-COMPUTED COST-PER-KG BAND: NORMAL_AT_OR_BELOW_5X_MEDIAN. This band is economically ordinary and does NOT justify BLOCK or ESCALATE on its own. Sanctions/export-restriction list matches for the counterparties: 0 (0 = both parties clear, -1 = screening data unavailable).","{""assessment"":""The key indicators are the cost-per-kg band (NORMAL_AT_OR_BELOW_5X_MEDIAN) and sanctions matches (0). Both counterparties are recognisable real businesses, and the cost per kg is economically ordinary. There are no indications of fraud or compliance issues."",""decision"":""CLEAR"",""reason"":""Sanctions matches = 0, cost-per-kg band is NORMAL_AT_OR_BELOW_5X_MEDIAN, and both counterparties are recognisable real businesses.""}",735,"SUCCESS","\N","2026-08-02 00:51:52.293","fraud_investigation:attempt1","WORKFLOW_INVESTIGATE_ANOMALY",599,136,3493,"SUCCESS",643
245,"mistral-large2","You are a maritime logistics fraud and compliance analyst.

The cost-per-kg threshold comparison has ALREADY been computed for you and is given as PRE-COMPUTED COST-PER-KG BAND. Trust that band and the rule stated next to it. Do not re-derive it or substitute your own thresholds.

Apply this rubric:
- BLOCK if sanctions matches > 0, OR the band is EXTREME_ABOVE_10X_MEDIAN, OR a counterparty name indicates a shell/front company (contains SUSPICIOUS, SHELL, UNKNOWN, or is a generic non-identifiable trading name).
- ESCALATE if the band is ELEVATED_BETWEEN_5X_AND_10X_MEDIAN, OR cost per kg was not computable, OR a required commercial figure is missing, OR document provenance reports extraction confidence below 60/100 or a failed validation. An ELEVATED band alone must NOT be blocked.
- CLEAR if sanctions matches = 0 AND the band is NORMAL_AT_OR_BELOW_5X_MEDIAN AND both counterparties are recognisable real businesses AND (if provenance is given) the extraction validated cleanly. A heavy-weight, high-value or duplicate-BL flag alone, with a NORMAL band and clean screening, is a routine data-quality issue and should be CLEARED.

Cite the actual numbers in your reason.
Return: decision (one of BLOCK/ESCALATE/CLEAR), reason (one sentence, max 200 chars, citing the decisive evidence), assessment (a short risk assessment naming the key indicators and their values).

Alert evidence: Alert type: WEIGHT_ANOMALY. BL: ONEY06829. Shipper: Trung Nguyen Coffee. Consignee: Tech Solutions GmbH. Carrier: COSCO. Route: THLCH -> NLRTM. Charges: $5115. Weight: 41264kg. Cost per kg: $0.124 (0.48x the peer median of $0.2558). PRE-COMPUTED COST-PER-KG BAND: NORMAL_AT_OR_BELOW_5X_MEDIAN. This band is economically ordinary and does NOT justify BLOCK or ESCALATE on its own. Sanctions/export-restriction list matches for the counterparties: 0 (0 = both parties clear, -1 = screening data unavailable).","{""assessment"":""The key indicators are the cost-per-kg band (NORMAL_AT_OR_BELOW_5X_MEDIAN) and sanctions matches (0). Both counterparties are recognisable real businesses, and the cost per kg is economically ordinary. There are no indications of fraud or compliance issues."",""decision"":""CLEAR"",""reason"":""Sanctions matches = 0, cost-per-kg band is NORMAL_AT_OR_BELOW_5X_MEDIAN, and both counterparties are recognisable real businesses.""}",736,"SUCCESS","\N","2026-08-02 00:52:01.796","fraud_investigation:attempt1","WORKFLOW_INVESTIGATE_ANOMALY",600,136,5169,"SUCCESS",644
246,"mistral-large2","You are a maritime logistics fraud and compliance analyst.

The cost-per-kg threshold comparison has ALREADY been computed for you and is given as PRE-COMPUTED COST-PER-KG BAND. Trust that band and the rule stated next to it. Do not re-derive it or substitute your own thresholds.

Apply this rubric:
- BLOCK if sanctions matches > 0, OR the band is EXTREME_ABOVE_10X_MEDIAN, OR a counterparty name indicates a shell/front company (contains SUSPICIOUS, SHELL, UNKNOWN, or is a generic non-identifiable trading name).
- ESCALATE if the band is ELEVATED_BETWEEN_5X_AND_10X_MEDIAN, OR cost per kg was not computable, OR a required commercial figure is missing, OR document provenance reports extraction confidence below 60/100 or a failed validation. An ELEVATED band alone must NOT be blocked.
- CLEAR if sanctions matches = 0 AND the band is NORMAL_AT_OR_BELOW_5X_MEDIAN AND both counterparties are recognisable real businesses AND (if provenance is given) the extraction validated cleanly. A heavy-weight, high-value or duplicate-BL flag alone, with a NORMAL band and clean screening, is a routine data-quality issue and should be CLEARED.

Cite the actual numbers in your reason.
Return: decision (one of BLOCK/ESCALATE/CLEAR), reason (one sentence, max 200 chars, citing the decisive evidence), assessment (a short risk assessment naming the key indicators and their values).

Alert evidence: Alert type: WEIGHT_ANOMALY. BL: MSKU08549. Shipper: Panasonic Vietnam. Consignee: JD Logistics. Carrier: COSCO. Route: THLCH -> SGSIN. Charges: $2510. Weight: 33894kg. Cost per kg: $0.0741 (0.29x the peer median of $0.2558). PRE-COMPUTED COST-PER-KG BAND: NORMAL_AT_OR_BELOW_5X_MEDIAN. This band is economically ordinary and does NOT justify BLOCK or ESCALATE on its own. Sanctions/export-restriction list matches for the counterparties: 0 (0 = both parties clear, -1 = screening data unavailable).","{""assessment"":""The key indicators are the cost-per-kg band (NORMAL_AT_OR_BELOW_5X_MEDIAN) and sanctions matches (0). Both counterparties are recognisable real businesses, and the cost per kg is economically ordinary."",""decision"":""CLEAR"",""reason"":""Sanctions matches = 0, cost-per-kg band is NORMAL_AT_OR_BELOW_5X_MEDIAN, and both counterparties are recognisable real businesses.""}",723,"SUCCESS","\N","2026-08-02 00:52:09.635","fraud_investigation:attempt1","WORKFLOW_INVESTIGATE_ANOMALY",598,125,3598,"SUCCESS",645
247,"mistral-large2","You are a maritime logistics fraud and compliance analyst.

The cost-per-kg threshold comparison has ALREADY been computed for you and is given as PRE-COMPUTED COST-PER-KG BAND. Trust that band and the rule stated next to it. Do not re-derive it or substitute your own thresholds.

Apply this rubric:
- BLOCK if sanctions matches > 0, OR the band is EXTREME_ABOVE_10X_MEDIAN, OR a counterparty name indicates a shell/front company (contains SUSPICIOUS, SHELL, UNKNOWN, or is a generic non-identifiable trading name).
- ESCALATE if the band is ELEVATED_BETWEEN_5X_AND_10X_MEDIAN, OR cost per kg was not computable, OR a required commercial figure is missing, OR document provenance reports extraction confidence below 60/100 or a failed validation. An ELEVATED band alone must NOT be blocked.
- CLEAR if sanctions matches = 0 AND the band is NORMAL_AT_OR_BELOW_5X_MEDIAN AND both counterparties are recognisable real businesses AND (if provenance is given) the extraction validated cleanly. A heavy-weight, high-value or duplicate-BL flag alone, with a NORMAL band and clean screening, is a routine data-quality issue and should be CLEARED.

Cite the actual numbers in your reason.
Return: decision (one of BLOCK/ESCALATE/CLEAR), reason (one sentence, max 200 chars, citing the decisive evidence), assessment (a short risk assessment naming the key indicators and their values).

Alert evidence: Alert type: WEIGHT_ANOMALY. BL: APZU07664. Shipper: Canon Vietnam. Consignee: Seven Eleven Japan. Carrier: HAPAG_LLOYD. Route: MYPKG -> KRPUS. Charges: $7639. Weight: 30162kg. Cost per kg: $0.2533 (0.99x the peer median of $0.2558). PRE-COMPUTED COST-PER-KG BAND: NORMAL_AT_OR_BELOW_5X_MEDIAN. This band is economically ordinary and does NOT justify BLOCK or ESCALATE on its own. Sanctions/export-restriction list matches for the counterparties: 0 (0 = both parties clear, -1 = screening data unavailable).","{""assessment"":""The key indicators are the cost-per-kg band (NORMAL_AT_OR_BELOW_5X_MEDIAN) and sanctions matches (0). Both counterparties are recognisable real businesses, and the cost per kg is economically ordinary. There are no indicators of high risk."",""decision"":""CLEAR"",""reason"":""Sanctions matches = 0, cost-per-kg band is NORMAL_AT_OR_BELOW_5X_MEDIAN, and both counterparties are recognisable real businesses.""}",736,"SUCCESS","\N","2026-08-02 00:52:17.331","fraud_investigation:attempt1","WORKFLOW_INVESTIGATE_ANOMALY",602,134,3484,"SUCCESS",646
248,"mistral-large2","You are a maritime logistics fraud and compliance analyst.

The cost-per-kg threshold comparison has ALREADY been computed for you and is given as PRE-COMPUTED COST-PER-KG BAND. Trust that band and the rule stated next to it. Do not re-derive it or substitute your own thresholds.

Apply this rubric:
- BLOCK if sanctions matches > 0, OR the band is EXTREME_ABOVE_10X_MEDIAN, OR a counterparty name indicates a shell/front company (contains SUSPICIOUS, SHELL, UNKNOWN, or is a generic non-identifiable trading name).
- ESCALATE if the band is ELEVATED_BETWEEN_5X_AND_10X_MEDIAN, OR cost per kg was not computable, OR a required commercial figure is missing, OR document provenance reports extraction confidence below 60/100 or a failed validation. An ELEVATED band alone must NOT be blocked.
- CLEAR if sanctions matches = 0 AND the band is NORMAL_AT_OR_BELOW_5X_MEDIAN AND both counterparties are recognisable real businesses AND (if provenance is given) the extraction validated cleanly. A heavy-weight, high-value or duplicate-BL flag alone, with a NORMAL band and clean screening, is a routine data-quality issue and should be CLEARED.

Cite the actual numbers in your reason.
Return: decision (one of BLOCK/ESCALATE/CLEAR), reason (one sentence, max 200 chars, citing the decisive evidence), assessment (a short risk assessment naming the key indicators and their values).

Alert evidence: Alert type: WEIGHT_ANOMALY. BL: CAXU06559. Shipper: Canon Vietnam. Consignee: Tesco PLC. Carrier: HAPAG_LLOYD. Route: CNSHA -> CNNGB. Charges: $8239. Weight: 31622kg. Cost per kg: $0.2605 (1.02x the peer median of $0.2558). PRE-COMPUTED COST-PER-KG BAND: NORMAL_AT_OR_BELOW_5X_MEDIAN. This band is economically ordinary and does NOT justify BLOCK or ESCALATE on its own. Sanctions/export-restriction list matches for the counterparties: 0 (0 = both parties clear, -1 = screening data unavailable).","{""assessment"":""The key indicators are the cost-per-kg band (NORMAL_AT_OR_BELOW_5X_MEDIAN) and sanctions matches (0). Both counterparties are recognisable real businesses, and the cost per kg is economically ordinary. There are no indications of shell/front companies or extraction issues."",""decision"":""CLEAR"",""reason"":""Sanctions matches = 0, cost-per-kg band is NORMAL_AT_OR_BELOW_5X_MEDIAN, and both counterparties are recognisable real businesses.""}",741,"SUCCESS","\N","2026-08-02 00:52:25.266","fraud_investigation:attempt1","WORKFLOW_INVESTIGATE_ANOMALY",601,140,3696,"SUCCESS",647
249,"mistral-large2","You are a maritime logistics fraud and compliance analyst.

The cost-per-kg threshold comparison has ALREADY been computed for you and is given as PRE-COMPUTED COST-PER-KG BAND. Trust that band and the rule stated next to it. Do not re-derive it or substitute your own thresholds.

Apply this rubric:
- BLOCK if sanctions matches > 0, OR the band is EXTREME_ABOVE_10X_MEDIAN, OR a counterparty name indicates a shell/front company (contains SUSPICIOUS, SHELL, UNKNOWN, or is a generic non-identifiable trading name).
- ESCALATE if the band is ELEVATED_BETWEEN_5X_AND_10X_MEDIAN, OR cost per kg was not computable, OR a required commercial figure is missing, OR document provenance reports extraction confidence below 60/100 or a failed validation. An ELEVATED band alone must NOT be blocked.
- CLEAR if sanctions matches = 0 AND the band is NORMAL_AT_OR_BELOW_5X_MEDIAN AND both counterparties are recognisable real businesses AND (if provenance is given) the extraction validated cleanly. A heavy-weight, high-value or duplicate-BL flag alone, with a NORMAL band and clean screening, is a routine data-quality issue and should be CLEARED.

Cite the actual numbers in your reason.
Return: decision (one of BLOCK/ESCALATE/CLEAR), reason (one sentence, max 200 chars, citing the decisive evidence), assessment (a short risk assessment naming the key indicators and their values).

Alert evidence: Alert type: WEIGHT_ANOMALY. BL: ONEY00911. Shipper: Vinamilk Co Ltd. Consignee: Costco Wholesale. Carrier: HAPAG_LLOYD. Route: USLAX -> KRPUS. Charges: $8374. Weight: 30906kg. Cost per kg: $0.271 (1.06x the peer median of $0.2558). PRE-COMPUTED COST-PER-KG BAND: NORMAL_AT_OR_BELOW_5X_MEDIAN. This band is economically ordinary and does NOT justify BLOCK or ESCALATE on its own. Sanctions/export-restriction list matches for the counterparties: 0 (0 = both parties clear, -1 = screening data unavailable).","{""assessment"":""The key indicators are the cost-per-kg band (NORMAL_AT_OR_BELOW_5X_MEDIAN), sanctions matches (0), and recognizable counterparties (Vinamilk Co Ltd and Costco Wholesale). All indicators are within acceptable ranges, suggesting a low-risk transaction."",""decision"":""CLEAR"",""reason"":""Sanctions matches = 0, cost-per-kg band is NORMAL_AT_OR_BELOW_5X_MEDIAN, and both counterparties are recognizable real businesses.""}",741,"SUCCESS","\N","2026-08-02 00:52:33.213","fraud_investigation:attempt1","WORKFLOW_INVESTIGATE_ANOMALY",603,138,3489,"SUCCESS",648
250,"mistral-large2","You are a maritime logistics fraud and compliance analyst.

The cost-per-kg threshold comparison has ALREADY been computed for you and is given as PRE-COMPUTED COST-PER-KG BAND. Trust that band and the rule stated next to it. Do not re-derive it or substitute your own thresholds.

Apply this rubric:
- BLOCK if sanctions matches > 0, OR the band is EXTREME_ABOVE_10X_MEDIAN, OR a counterparty name indicates a shell/front company (contains SUSPICIOUS, SHELL, UNKNOWN, or is a generic non-identifiable trading name).
- ESCALATE if the band is ELEVATED_BETWEEN_5X_AND_10X_MEDIAN, OR cost per kg was not computable, OR a required commercial figure is missing, OR document provenance reports extraction confidence below 60/100 or a failed validation. An ELEVATED band alone must NOT be blocked.
- CLEAR if sanctions matches = 0 AND the band is NORMAL_AT_OR_BELOW_5X_MEDIAN AND both counterparties are recognisable real businesses AND (if provenance is given) the extraction validated cleanly. A heavy-weight, high-value or duplicate-BL flag alone, with a NORMAL band and clean screening, is a routine data-quality issue and should be CLEARED.

Cite the actual numbers in your reason.
Return: decision (one of BLOCK/ESCALATE/CLEAR), reason (one sentence, max 200 chars, citing the decisive evidence), assessment (a short risk assessment naming the key indicators and their values).

Alert evidence: Alert type: WEIGHT_ANOMALY. BL: MSKU07166. Shipper: Toyota Vietnam. Consignee: Lotte Corp. Carrier: HAPAG_LLOYD. Route: DEHAM -> USNYC. Charges: $5440. Weight: 33103kg. Cost per kg: $0.1643 (0.64x the peer median of $0.2558). PRE-COMPUTED COST-PER-KG BAND: NORMAL_AT_OR_BELOW_5X_MEDIAN. This band is economically ordinary and does NOT justify BLOCK or ESCALATE on its own. Sanctions/export-restriction list matches for the counterparties: 0 (0 = both parties clear, -1 = screening data unavailable).","{""assessment"":""The key indicators are the cost-per-kg band (NORMAL_AT_OR_BELOW_5X_MEDIAN) and sanctions matches (0). Both counterparties are recognisable real businesses, and the cost per kg is economically ordinary."",""decision"":""CLEAR"",""reason"":""Sanctions matches = 0, cost-per-kg band is NORMAL_AT_OR_BELOW_5X_MEDIAN, and both counterparties are recognisable real businesses.""}",727,"SUCCESS","\N","2026-08-02 00:52:40.380","fraud_investigation:attempt1","WORKFLOW_INVESTIGATE_ANOMALY",602,125,2829,"SUCCESS",649
251,"mistral-large2","You are a maritime logistics fraud and compliance analyst.

The cost-per-kg threshold comparison has ALREADY been computed for you and is given as PRE-COMPUTED COST-PER-KG BAND. Trust that band and the rule stated next to it. Do not re-derive it or substitute your own thresholds.

Apply this rubric:
- BLOCK if sanctions matches > 0, OR the band is EXTREME_ABOVE_10X_MEDIAN, OR a counterparty name indicates a shell/front company (contains SUSPICIOUS, SHELL, UNKNOWN, or is a generic non-identifiable trading name).
- ESCALATE if the band is ELEVATED_BETWEEN_5X_AND_10X_MEDIAN, OR cost per kg was not computable, OR a required commercial figure is missing, OR document provenance reports extraction confidence below 60/100 or a failed validation. An ELEVATED band alone must NOT be blocked.
- CLEAR if sanctions matches = 0 AND the band is NORMAL_AT_OR_BELOW_5X_MEDIAN AND both counterparties are recognisable real businesses AND (if provenance is given) the extraction validated cleanly. A heavy-weight, high-value or duplicate-BL flag alone, with a NORMAL band and clean screening, is a routine data-quality issue and should be CLEARED.

Cite the actual numbers in your reason.
Return: decision (one of BLOCK/ESCALATE/CLEAR), reason (one sentence, max 200 chars, citing the decisive evidence), assessment (a short risk assessment naming the key indicators and their values).

Alert evidence: Alert type: WEIGHT_ANOMALY. BL: ONEY04345. Shipper: Hoa Sen Group. Consignee: Best Buy USA. Carrier: HAPAG_LLOYD. Route: THLCH -> AEJEA. Charges: $7265. Weight: 34749kg. Cost per kg: $0.2091 (0.82x the peer median of $0.2558). PRE-COMPUTED COST-PER-KG BAND: NORMAL_AT_OR_BELOW_5X_MEDIAN. This band is economically ordinary and does NOT justify BLOCK or ESCALATE on its own. Sanctions/export-restriction list matches for the counterparties: 0 (0 = both parties clear, -1 = screening data unavailable).","{""assessment"":""The key indicators are the cost-per-kg band (NORMAL_AT_OR_BELOW_5X_MEDIAN), sanctions matches (0), and recognizable counterparties (Hoa Sen Group and Best Buy USA). All indicators are within acceptable ranges, suggesting a low-risk transaction."",""decision"":""CLEAR"",""reason"":""Sanctions matches = 0, cost-per-kg band is NORMAL_AT_OR_BELOW_5X_MEDIAN, and both counterparties are recognizable real businesses.""}",736,"SUCCESS","\N","2026-08-02 00:52:49.711","fraud_investigation:attempt1","WORKFLOW_INVESTIGATE_ANOMALY",602,134,5134,"SUCCESS",650
252,"mistral-large2","You are a maritime logistics fraud and compliance analyst.

The cost-per-kg threshold comparison has ALREADY been computed for you and is given as PRE-COMPUTED COST-PER-KG BAND. Trust that band and the rule stated next to it. Do not re-derive it or substitute your own thresholds.

Apply this rubric:
- BLOCK if sanctions matches > 0, OR the band is EXTREME_ABOVE_10X_MEDIAN, OR a counterparty name indicates a shell/front company (contains SUSPICIOUS, SHELL, UNKNOWN, or is a generic non-identifiable trading name).
- ESCALATE if the band is ELEVATED_BETWEEN_5X_AND_10X_MEDIAN, OR cost per kg was not computable, OR a required commercial figure is missing, OR document provenance reports extraction confidence below 60/100 or a failed validation. An ELEVATED band alone must NOT be blocked.
- CLEAR if sanctions matches = 0 AND the band is NORMAL_AT_OR_BELOW_5X_MEDIAN AND both counterparties are recognisable real businesses AND (if provenance is given) the extraction validated cleanly. A heavy-weight, high-value or duplicate-BL flag alone, with a NORMAL band and clean screening, is a routine data-quality issue and should be CLEARED.

Cite the actual numbers in your reason.
Return: decision (one of BLOCK/ESCALATE/CLEAR), reason (one sentence, max 200 chars, citing the decisive evidence), assessment (a short risk assessment naming the key indicators and their values).

Alert evidence: Alert type: WEIGHT_ANOMALY. BL: APZU99001. Shipper: FPT Software. Consignee: Tech Solutions. Carrier: HAPAG_LLOYD. Route: ? -> ?. Charges: $6135. Weight: 33864kg. Cost per kg: $0.1812 (0.71x the peer median of $0.2558). PRE-COMPUTED COST-PER-KG BAND: NORMAL_AT_OR_BELOW_5X_MEDIAN. This band is economically ordinary and does NOT justify BLOCK or ESCALATE on its own. Sanctions/export-restriction list matches for the counterparties: 0 (0 = both parties clear, -1 = screening data unavailable).","{""assessment"":""The key indicators are the cost-per-kg band (NORMAL_AT_OR_BELOW_5X_MEDIAN) and sanctions matches (0). Both counterparties are recognisable real businesses, and the cost per kg is economically ordinary. There are no indicators of high risk."",""decision"":""CLEAR"",""reason"":""Sanctions matches = 0, cost-per-kg band is NORMAL_AT_OR_BELOW_5X_MEDIAN, and both counterparties are recognisable real businesses.""}",730,"SUCCESS","\N","2026-08-02 00:52:57.400","fraud_investigation:attempt1","WORKFLOW_INVESTIGATE_ANOMALY",596,134,3499,"SUCCESS",651
253,"mistral-large2","You are a maritime logistics fraud and compliance analyst.

The cost-per-kg threshold comparison has ALREADY been computed for you and is given as PRE-COMPUTED COST-PER-KG BAND. Trust that band and the rule stated next to it. Do not re-derive it or substitute your own thresholds.

Apply this rubric:
- BLOCK if sanctions matches > 0, OR the band is EXTREME_ABOVE_10X_MEDIAN, OR a counterparty name indicates a shell/front company (contains SUSPICIOUS, SHELL, UNKNOWN, or is a generic non-identifiable trading name).
- ESCALATE if the band is ELEVATED_BETWEEN_5X_AND_10X_MEDIAN, OR cost per kg was not computable, OR a required commercial figure is missing, OR document provenance reports extraction confidence below 60/100 or a failed validation. An ELEVATED band alone must NOT be blocked.
- CLEAR if sanctions matches = 0 AND the band is NORMAL_AT_OR_BELOW_5X_MEDIAN AND both counterparties are recognisable real businesses AND (if provenance is given) the extraction validated cleanly. A heavy-weight, high-value or duplicate-BL flag alone, with a NORMAL band and clean screening, is a routine data-quality issue and should be CLEARED.

Cite the actual numbers in your reason.
Return: decision (one of BLOCK/ESCALATE/CLEAR), reason (one sentence, max 200 chars, citing the decisive evidence), assessment (a short risk assessment naming the key indicators and their values).

Alert evidence: Alert type: WEIGHT_ANOMALY. BL: CMDU06010. Shipper: Trung Nguyen Coffee. Consignee: Asian Foods LLC. Carrier: HAPAG_LLOYD. Route: DEHAM -> MYPKG. Charges: $7108. Weight: 31140kg. Cost per kg: $0.2283 (0.89x the peer median of $0.2558). PRE-COMPUTED COST-PER-KG BAND: NORMAL_AT_OR_BELOW_5X_MEDIAN. This band is economically ordinary and does NOT justify BLOCK or ESCALATE on its own. Sanctions/export-restriction list matches for the counterparties: 0 (0 = both parties clear, -1 = screening data unavailable).","{""assessment"":""The key indicators are the cost-per-kg band (NORMAL_AT_OR_BELOW_5X_MEDIAN) and sanctions matches (0). Both counterparties are recognisable real businesses, and the cost per kg is economically ordinary. There are no indications of shell/front companies or extraction issues."",""decision"":""CLEAR"",""reason"":""Sanctions matches = 0, cost-per-kg band is NORMAL_AT_OR_BELOW_5X_MEDIAN, and both counterparties are recognisable real businesses.""}",746,"SUCCESS","\N","2026-08-02 00:53:05.532","fraud_investigation:attempt1","WORKFLOW_INVESTIGATE_ANOMALY",606,140,3700,"SUCCESS",652
254,"mistral-large2","You are a maritime logistics fraud and compliance analyst.

The cost-per-kg threshold comparison has ALREADY been computed for you and is given as PRE-COMPUTED COST-PER-KG BAND. Trust that band and the rule stated next to it. Do not re-derive it or substitute your own thresholds.

Apply this rubric:
- BLOCK if sanctions matches > 0, OR the band is EXTREME_ABOVE_10X_MEDIAN, OR a counterparty name indicates a shell/front company (contains SUSPICIOUS, SHELL, UNKNOWN, or is a generic non-identifiable trading name).
- ESCALATE if the band is ELEVATED_BETWEEN_5X_AND_10X_MEDIAN, OR cost per kg was not computable, OR a required commercial figure is missing, OR document provenance reports extraction confidence below 60/100 or a failed validation. An ELEVATED band alone must NOT be blocked.
- CLEAR if sanctions matches = 0 AND the band is NORMAL_AT_OR_BELOW_5X_MEDIAN AND both counterparties are recognisable real businesses AND (if provenance is given) the extraction validated cleanly. A heavy-weight, high-value or duplicate-BL flag alone, with a NORMAL band and clean screening, is a routine data-quality issue and should be CLEARED.

Cite the actual numbers in your reason.
Return: decision (one of BLOCK/ESCALATE/CLEAR), reason (one sentence, max 200 chars, citing the decisive evidence), assessment (a short risk assessment naming the key indicators and their values).

Alert evidence: Alert type: WEIGHT_ANOMALY. BL: YMLU08709. Shipper: Phong Phu Garment. Consignee: Lazada Group. Carrier: MAERSK. Route: BEANR -> THLCH. Charges: $4030. Weight: 39745kg. Cost per kg: $0.1014 (0.4x the peer median of $0.2558). PRE-COMPUTED COST-PER-KG BAND: NORMAL_AT_OR_BELOW_5X_MEDIAN. This band is economically ordinary and does NOT justify BLOCK or ESCALATE on its own. Sanctions/export-restriction list matches for the counterparties: 0 (0 = both parties clear, -1 = screening data unavailable).","{""assessment"":""The key indicators are the cost-per-kg band (NORMAL_AT_OR_BELOW_5X_MEDIAN) and sanctions matches (0). Both counterparties are recognisable real businesses, and the cost per kg is economically ordinary. There are no indications of fraud or compliance issues."",""decision"":""CLEAR"",""reason"":""Sanctions matches = 0, cost-per-kg band is NORMAL_AT_OR_BELOW_5X_MEDIAN, and both counterparties are recognisable real businesses.""}",735,"SUCCESS","\N","2026-08-02 00:53:13.214","fraud_investigation:attempt1","WORKFLOW_INVESTIGATE_ANOMALY",599,136,3486,"SUCCESS",653
255,"mistral-large2","You are a maritime logistics fraud and compliance analyst.

The cost-per-kg threshold comparison has ALREADY been computed for you and is given as PRE-COMPUTED COST-PER-KG BAND. Trust that band and the rule stated next to it. Do not re-derive it or substitute your own thresholds.

Apply this rubric:
- BLOCK if sanctions matches > 0, OR the band is EXTREME_ABOVE_10X_MEDIAN, OR a counterparty name indicates a shell/front company (contains SUSPICIOUS, SHELL, UNKNOWN, or is a generic non-identifiable trading name).
- ESCALATE if the band is ELEVATED_BETWEEN_5X_AND_10X_MEDIAN, OR cost per kg was not computable, OR a required commercial figure is missing, OR document provenance reports extraction confidence below 60/100 or a failed validation. An ELEVATED band alone must NOT be blocked.
- CLEAR if sanctions matches = 0 AND the band is NORMAL_AT_OR_BELOW_5X_MEDIAN AND both counterparties are recognisable real businesses AND (if provenance is given) the extraction validated cleanly. A heavy-weight, high-value or duplicate-BL flag alone, with a NORMAL band and clean screening, is a routine data-quality issue and should be CLEARED.

Cite the actual numbers in your reason.
Return: decision (one of BLOCK/ESCALATE/CLEAR), reason (one sentence, max 200 chars, citing the decisive evidence), assessment (a short risk assessment naming the key indicators and their values).

Alert evidence: Alert type: WEIGHT_ANOMALY. BL: CAXU08154. Shipper: Intel Products Vietnam. Consignee: Amazon Logistics. Carrier: MAERSK. Route: AEJEA -> VNSGN. Charges: $3685. Weight: 31469kg. Cost per kg: $0.1171 (0.46x the peer median of $0.2558). PRE-COMPUTED COST-PER-KG BAND: NORMAL_AT_OR_BELOW_5X_MEDIAN. This band is economically ordinary and does NOT justify BLOCK or ESCALATE on its own. Sanctions/export-restriction list matches for the counterparties: 0 (0 = both parties clear, -1 = screening data unavailable).","{""assessment"":""The key indicators are the cost-per-kg band (NORMAL_AT_OR_BELOW_5X_MEDIAN) and sanctions matches (0). Both counterparties are recognisable real businesses, and the cost per kg is economically ordinary. There are no indications of fraud or compliance issues."",""decision"":""CLEAR"",""reason"":""Sanctions matches = 0, cost-per-kg band is NORMAL_AT_OR_BELOW_5X_MEDIAN, and both counterparties are recognisable real businesses.""}",733,"SUCCESS","\N","2026-08-02 00:53:21.380","fraud_investigation:attempt1","WORKFLOW_INVESTIGATE_ANOMALY",597,136,3828,"SUCCESS",654
256,"mistral-large2","You are a maritime logistics fraud and compliance analyst.

The cost-per-kg threshold comparison has ALREADY been computed for you and is given as PRE-COMPUTED COST-PER-KG BAND. Trust that band and the rule stated next to it. Do not re-derive it or substitute your own thresholds.

Apply this rubric:
- BLOCK if sanctions matches > 0, OR the band is EXTREME_ABOVE_10X_MEDIAN, OR a counterparty name indicates a shell/front company (contains SUSPICIOUS, SHELL, UNKNOWN, or is a generic non-identifiable trading name).
- ESCALATE if the band is ELEVATED_BETWEEN_5X_AND_10X_MEDIAN, OR cost per kg was not computable, OR a required commercial figure is missing, OR document provenance reports extraction confidence below 60/100 or a failed validation. An ELEVATED band alone must NOT be blocked.
- CLEAR if sanctions matches = 0 AND the band is NORMAL_AT_OR_BELOW_5X_MEDIAN AND both counterparties are recognisable real businesses AND (if provenance is given) the extraction validated cleanly. A heavy-weight, high-value or duplicate-BL flag alone, with a NORMAL band and clean screening, is a routine data-quality issue and should be CLEARED.

Cite the actual numbers in your reason.
Return: decision (one of BLOCK/ESCALATE/CLEAR), reason (one sentence, max 200 chars, citing the decisive evidence), assessment (a short risk assessment naming the key indicators and their values).

Alert evidence: Alert type: WEIGHT_ANOMALY. BL: CMDU00278. Shipper: Binh Tien Consumer. Consignee: Shopee Express. Carrier: MAERSK. Route: GBFXT -> USLGB. Charges: $5829. Weight: 43672kg. Cost per kg: $0.1335 (0.52x the peer median of $0.2558). PRE-COMPUTED COST-PER-KG BAND: NORMAL_AT_OR_BELOW_5X_MEDIAN. This band is economically ordinary and does NOT justify BLOCK or ESCALATE on its own. Sanctions/export-restriction list matches for the counterparties: 0 (0 = both parties clear, -1 = screening data unavailable).","{""assessment"":""The key indicators are the cost-per-kg band (NORMAL_AT_OR_BELOW_5X_MEDIAN) and sanctions matches (0). Both counterparties are recognisable real businesses, and the cost per kg is economically ordinary. There are no indications of shell/front companies or extraction issues."",""decision"":""CLEAR"",""reason"":""Sanctions matches = 0, cost-per-kg band is NORMAL_AT_OR_BELOW_5X_MEDIAN, and both counterparties are recognisable real businesses.""}",740,"SUCCESS","\N","2026-08-02 00:54:32.851","fraud_investigation:attempt1","WORKFLOW_INVESTIGATE_ANOMALY",600,140,67007,"SUCCESS",655
257,"mistral-large2","You are a maritime logistics fraud and compliance analyst.

The cost-per-kg threshold comparison has ALREADY been computed for you and is given as PRE-COMPUTED COST-PER-KG BAND. Trust that band and the rule stated next to it. Do not re-derive it or substitute your own thresholds.

Apply this rubric:
- BLOCK if sanctions matches > 0, OR the band is EXTREME_ABOVE_10X_MEDIAN, OR a counterparty name indicates a shell/front company (contains SUSPICIOUS, SHELL, UNKNOWN, or is a generic non-identifiable trading name).
- ESCALATE if the band is ELEVATED_BETWEEN_5X_AND_10X_MEDIAN, OR cost per kg was not computable, OR a required commercial figure is missing, OR document provenance reports extraction confidence below 60/100 or a failed validation. An ELEVATED band alone must NOT be blocked.
- CLEAR if sanctions matches = 0 AND the band is NORMAL_AT_OR_BELOW_5X_MEDIAN AND both counterparties are recognisable real businesses AND (if provenance is given) the extraction validated cleanly. A heavy-weight, high-value or duplicate-BL flag alone, with a NORMAL band and clean screening, is a routine data-quality issue and should be CLEARED.

Cite the actual numbers in your reason.
Return: decision (one of BLOCK/ESCALATE/CLEAR), reason (one sentence, max 200 chars, citing the decisive evidence), assessment (a short risk assessment naming the key indicators and their values).

Alert evidence: Alert type: WEIGHT_ANOMALY. BL: CMDU04252. Shipper: Panasonic Vietnam. Consignee: Construction Supply Co. Carrier: MAERSK. Route: HKHKG -> INMUN. Charges: $7899. Weight: 32113kg. Cost per kg: $0.246 (0.96x the peer median of $0.2558). PRE-COMPUTED COST-PER-KG BAND: NORMAL_AT_OR_BELOW_5X_MEDIAN. This band is economically ordinary and does NOT justify BLOCK or ESCALATE on its own. Sanctions/export-restriction list matches for the counterparties: 0 (0 = both parties clear, -1 = screening data unavailable).","{""assessment"":""The key indicators are the cost-per-kg band (NORMAL_AT_OR_BELOW_5X_MEDIAN), sanctions matches (0), and recognizable counterparties (Panasonic Vietnam and Construction Supply Co.). The cost per kg is $0.246, which is 0.96x the peer median of $0.2558, indicating a normal economic transaction. Both counterparties are recognizable real businesses, and there are no sanctions matches."",""decision"":""CLEAR"",""reason"":""Sanctions matches = 0, cost-per-kg band is NORMAL_AT_OR_BELOW_5X_MEDIAN, and both counterparties are recognizable real businesses.""}",774,"SUCCESS","\N","2026-08-02 00:55:22.074","fraud_investigation:attempt1","WORKFLOW_INVESTIGATE_ANOMALY",599,175,44770,"SUCCESS",656
258,"mistral-large2","You are a maritime logistics fraud and compliance analyst.

The cost-per-kg threshold comparison has ALREADY been computed for you and is given as PRE-COMPUTED COST-PER-KG BAND. Trust that band and the rule stated next to it. Do not re-derive it or substitute your own thresholds.

Apply this rubric:
- BLOCK if sanctions matches > 0, OR the band is EXTREME_ABOVE_10X_MEDIAN, OR a counterparty name indicates a shell/front company (contains SUSPICIOUS, SHELL, UNKNOWN, or is a generic non-identifiable trading name).
- ESCALATE if the band is ELEVATED_BETWEEN_5X_AND_10X_MEDIAN, OR cost per kg was not computable, OR a required commercial figure is missing, OR document provenance reports extraction confidence below 60/100 or a failed validation. An ELEVATED band alone must NOT be blocked.
- CLEAR if sanctions matches = 0 AND the band is NORMAL_AT_OR_BELOW_5X_MEDIAN AND both counterparties are recognisable real businesses AND (if provenance is given) the extraction validated cleanly. A heavy-weight, high-value or duplicate-BL flag alone, with a NORMAL band and clean screening, is a routine data-quality issue and should be CLEARED.

Cite the actual numbers in your reason.
Return: decision (one of BLOCK/ESCALATE/CLEAR), reason (one sentence, max 200 chars, citing the decisive evidence), assessment (a short risk assessment naming the key indicators and their values).

Alert evidence: Alert type: WEIGHT_ANOMALY. BL: MAEU06745. Shipper: Nike Vietnam. Consignee: JD Logistics. Carrier: MAERSK. Route: VNSGN -> NLRTM. Charges: $7100. Weight: 42509kg. Cost per kg: $0.167 (0.65x the peer median of $0.2558). PRE-COMPUTED COST-PER-KG BAND: NORMAL_AT_OR_BELOW_5X_MEDIAN. This band is economically ordinary and does NOT justify BLOCK or ESCALATE on its own. Sanctions/export-restriction list matches for the counterparties: 0 (0 = both parties clear, -1 = screening data unavailable).","{""assessment"":""The key indicators are the cost-per-kg band (NORMAL_AT_OR_BELOW_5X_MEDIAN) and sanctions matches (0). Both counterparties are recognisable real businesses, and the cost per kg is economically ordinary."",""decision"":""CLEAR"",""reason"":""Sanctions matches = 0, cost-per-kg band is NORMAL_AT_OR_BELOW_5X_MEDIAN, and both counterparties are recognisable real businesses.""}",721,"SUCCESS","\N","2026-08-02 00:55:29.786","fraud_investigation:attempt1","WORKFLOW_INVESTIGATE_ANOMALY",596,125,3374,"SUCCESS",657
259,"mistral-large2","You are a maritime logistics fraud and compliance analyst.

The cost-per-kg threshold comparison has ALREADY been computed for you and is given as PRE-COMPUTED COST-PER-KG BAND. Trust that band and the rule stated next to it. Do not re-derive it or substitute your own thresholds.

Apply this rubric:
- BLOCK if sanctions matches > 0, OR the band is EXTREME_ABOVE_10X_MEDIAN, OR a counterparty name indicates a shell/front company (contains SUSPICIOUS, SHELL, UNKNOWN, or is a generic non-identifiable trading name).
- ESCALATE if the band is ELEVATED_BETWEEN_5X_AND_10X_MEDIAN, OR cost per kg was not computable, OR a required commercial figure is missing, OR document provenance reports extraction confidence below 60/100 or a failed validation. An ELEVATED band alone must NOT be blocked.
- CLEAR if sanctions matches = 0 AND the band is NORMAL_AT_OR_BELOW_5X_MEDIAN AND both counterparties are recognisable real businesses AND (if provenance is given) the extraction validated cleanly. A heavy-weight, high-value or duplicate-BL flag alone, with a NORMAL band and clean screening, is a routine data-quality issue and should be CLEARED.

Cite the actual numbers in your reason.
Return: decision (one of BLOCK/ESCALATE/CLEAR), reason (one sentence, max 200 chars, citing the decisive evidence), assessment (a short risk assessment naming the key indicators and their values).

Alert evidence: Alert type: WEIGHT_ANOMALY. BL: CMDU03859. Shipper: FPT Software. Consignee: Home Depot. Carrier: MAERSK. Route: JPTYO -> SGSIN. Charges: $7423. Weight: 40072kg. Cost per kg: $0.1852 (0.72x the peer median of $0.2558). PRE-COMPUTED COST-PER-KG BAND: NORMAL_AT_OR_BELOW_5X_MEDIAN. This band is economically ordinary and does NOT justify BLOCK or ESCALATE on its own. Sanctions/export-restriction list matches for the counterparties: 0 (0 = both parties clear, -1 = screening data unavailable).","{""assessment"":""The key indicators are the cost-per-kg band (NORMAL_AT_OR_BELOW_5X_MEDIAN) and sanctions matches (0). Both counterparties are recognisable real businesses, and the cost per kg is economically ordinary. There are no indications of fraud or compliance issues."",""decision"":""CLEAR"",""reason"":""Sanctions matches = 0, cost-per-kg band is NORMAL_AT_OR_BELOW_5X_MEDIAN, and both counterparties are recognisable real businesses.""}",733,"SUCCESS","\N","2026-08-02 00:56:42.480","fraud_investigation:attempt1","WORKFLOW_INVESTIGATE_ANOMALY",597,136,67777,"SUCCESS",658
260,"mistral-large2","You are a maritime logistics fraud and compliance analyst.

The cost-per-kg threshold comparison has ALREADY been computed for you and is given as PRE-COMPUTED COST-PER-KG BAND. Trust that band and the rule stated next to it. Do not re-derive it or substitute your own thresholds.

Apply this rubric:
- BLOCK if sanctions matches > 0, OR the band is EXTREME_ABOVE_10X_MEDIAN, OR a counterparty name indicates a shell/front company (contains SUSPICIOUS, SHELL, UNKNOWN, or is a generic non-identifiable trading name).
- ESCALATE if the band is ELEVATED_BETWEEN_5X_AND_10X_MEDIAN, OR cost per kg was not computable, OR a required commercial figure is missing, OR document provenance reports extraction confidence below 60/100 or a failed validation. An ELEVATED band alone must NOT be blocked.
- CLEAR if sanctions matches = 0 AND the band is NORMAL_AT_OR_BELOW_5X_MEDIAN AND both counterparties are recognisable real businesses AND (if provenance is given) the extraction validated cleanly. A heavy-weight, high-value or duplicate-BL flag alone, with a NORMAL band and clean screening, is a routine data-quality issue and should be CLEARED.

Cite the actual numbers in your reason.
Return: decision (one of BLOCK/ESCALATE/CLEAR), reason (one sentence, max 200 chars, citing the decisive evidence), assessment (a short risk assessment naming the key indicators and their values).

Alert evidence: Alert type: WEIGHT_ANOMALY. BL: YMLU07627. Shipper: LG Display Vietnam. Consignee: Tech Solutions GmbH. Carrier: MAERSK. Route: USLGB -> CNNGB. Charges: $4652. Weight: 34321kg. Cost per kg: $0.1355 (0.53x the peer median of $0.2558). PRE-COMPUTED COST-PER-KG BAND: NORMAL_AT_OR_BELOW_5X_MEDIAN. This band is economically ordinary and does NOT justify BLOCK or ESCALATE on its own. Sanctions/export-restriction list matches for the counterparties: 0 (0 = both parties clear, -1 = screening data unavailable).","{""assessment"":""The key indicators are the cost-per-kg band (NORMAL_AT_OR_BELOW_5X_MEDIAN) and sanctions matches (0). Both counterparties are recognisable real businesses, and the cost per kg is economically ordinary. There are no indications of fraud or compliance issues."",""decision"":""CLEAR"",""reason"":""Sanctions matches = 0, cost-per-kg band is NORMAL_AT_OR_BELOW_5X_MEDIAN, and both counterparties are recognisable real businesses.""}",734,"SUCCESS","\N","2026-08-02 00:57:24.871","fraud_investigation:attempt1","WORKFLOW_INVESTIGATE_ANOMALY",598,136,37809,"SUCCESS",659
261,"mistral-large2","You are a maritime logistics fraud and compliance analyst.

The cost-per-kg threshold comparison has ALREADY been computed for you and is given as PRE-COMPUTED COST-PER-KG BAND. Trust that band and the rule stated next to it. Do not re-derive it or substitute your own thresholds.

Apply this rubric:
- BLOCK if sanctions matches > 0, OR the band is EXTREME_ABOVE_10X_MEDIAN, OR a counterparty name indicates a shell/front company (contains SUSPICIOUS, SHELL, UNKNOWN, or is a generic non-identifiable trading name).
- ESCALATE if the band is ELEVATED_BETWEEN_5X_AND_10X_MEDIAN, OR cost per kg was not computable, OR a required commercial figure is missing, OR document provenance reports extraction confidence below 60/100 or a failed validation. An ELEVATED band alone must NOT be blocked.
- CLEAR if sanctions matches = 0 AND the band is NORMAL_AT_OR_BELOW_5X_MEDIAN AND both counterparties are recognisable real businesses AND (if provenance is given) the extraction validated cleanly. A heavy-weight, high-value or duplicate-BL flag alone, with a NORMAL band and clean screening, is a routine data-quality issue and should be CLEARED.

Cite the actual numbers in your reason.
Return: decision (one of BLOCK/ESCALATE/CLEAR), reason (one sentence, max 200 chars, citing the decisive evidence), assessment (a short risk assessment naming the key indicators and their values).

Alert evidence: Alert type: WEIGHT_ANOMALY. BL: EGLV06238. Shipper: Honda Vietnam. Consignee: Tesco PLC. Carrier: MAERSK. Route: USLAX -> HKHKG. Charges: $3538. Weight: 44521kg. Cost per kg: $0.0795 (0.31x the peer median of $0.2558). PRE-COMPUTED COST-PER-KG BAND: NORMAL_AT_OR_BELOW_5X_MEDIAN. This band is economically ordinary and does NOT justify BLOCK or ESCALATE on its own. Sanctions/export-restriction list matches for the counterparties: 0 (0 = both parties clear, -1 = screening data unavailable).","{""assessment"":""The key indicators are the cost-per-kg band (NORMAL_AT_OR_BELOW_5X_MEDIAN) and sanctions matches (0). Both counterparties are recognisable real businesses, and the cost per kg is economically ordinary. There are no indicators of high risk."",""decision"":""CLEAR"",""reason"":""Sanctions matches = 0, cost-per-kg band is NORMAL_AT_OR_BELOW_5X_MEDIAN, and both counterparties are recognisable real businesses.""}",733,"SUCCESS","\N","2026-08-02 00:57:48.629","fraud_investigation:attempt1","WORKFLOW_INVESTIGATE_ANOMALY",599,134,19039,"SUCCESS",660
262,"mistral-large2","You are a maritime logistics fraud and compliance analyst.

The cost-per-kg threshold comparison has ALREADY been computed for you and is given as PRE-COMPUTED COST-PER-KG BAND. Trust that band and the rule stated next to it. Do not re-derive it or substitute your own thresholds.

Apply this rubric:
- BLOCK if sanctions matches > 0, OR the band is EXTREME_ABOVE_10X_MEDIAN, OR a counterparty name indicates a shell/front company (contains SUSPICIOUS, SHELL, UNKNOWN, or is a generic non-identifiable trading name).
- ESCALATE if the band is ELEVATED_BETWEEN_5X_AND_10X_MEDIAN, OR cost per kg was not computable, OR a required commercial figure is missing, OR document provenance reports extraction confidence below 60/100 or a failed validation. An ELEVATED band alone must NOT be blocked.
- CLEAR if sanctions matches = 0 AND the band is NORMAL_AT_OR_BELOW_5X_MEDIAN AND both counterparties are recognisable real businesses AND (if provenance is given) the extraction validated cleanly. A heavy-weight, high-value or duplicate-BL flag alone, with a NORMAL band and clean screening, is a routine data-quality issue and should be CLEARED.

Cite the actual numbers in your reason.
Return: decision (one of BLOCK/ESCALATE/CLEAR), reason (one sentence, max 200 chars, citing the decisive evidence), assessment (a short risk assessment naming the key indicators and their values).

Alert evidence: Alert type: WEIGHT_ANOMALY. BL: EGLV07123. Shipper: Viglacera Corp. Consignee: Home Depot. Carrier: MAERSK. Route: NLRTM -> BEANR. Charges: $5727. Weight: 34339kg. Cost per kg: $0.1668 (0.65x the peer median of $0.2558). PRE-COMPUTED COST-PER-KG BAND: NORMAL_AT_OR_BELOW_5X_MEDIAN. This band is economically ordinary and does NOT justify BLOCK or ESCALATE on its own. Sanctions/export-restriction list matches for the counterparties: 0 (0 = both parties clear, -1 = screening data unavailable).","{""assessment"":""The key indicators are the cost-per-kg band (NORMAL_AT_OR_BELOW_5X_MEDIAN) and sanctions matches (0). Both counterparties are recognisable real businesses, and the cost per kg is economically ordinary."",""decision"":""CLEAR"",""reason"":""Sanctions matches = 0, cost-per-kg band is NORMAL_AT_OR_BELOW_5X_MEDIAN, and both counterparties are recognisable real businesses.""}",725,"SUCCESS","\N","2026-08-02 00:57:56.322","fraud_investigation:attempt1","WORKFLOW_INVESTIGATE_ANOMALY",600,125,3132,"SUCCESS",661
263,"mistral-large2","You are a maritime logistics fraud and compliance analyst.

The cost-per-kg threshold comparison has ALREADY been computed for you and is given as PRE-COMPUTED COST-PER-KG BAND. Trust that band and the rule stated next to it. Do not re-derive it or substitute your own thresholds.

Apply this rubric:
- BLOCK if sanctions matches > 0, OR the band is EXTREME_ABOVE_10X_MEDIAN, OR a counterparty name indicates a shell/front company (contains SUSPICIOUS, SHELL, UNKNOWN, or is a generic non-identifiable trading name).
- ESCALATE if the band is ELEVATED_BETWEEN_5X_AND_10X_MEDIAN, OR cost per kg was not computable, OR a required commercial figure is missing, OR document provenance reports extraction confidence below 60/100 or a failed validation. An ELEVATED band alone must NOT be blocked.
- CLEAR if sanctions matches = 0 AND the band is NORMAL_AT_OR_BELOW_5X_MEDIAN AND both counterparties are recognisable real businesses AND (if provenance is given) the extraction validated cleanly. A heavy-weight, high-value or duplicate-BL flag alone, with a NORMAL band and clean screening, is a routine data-quality issue and should be CLEARED.

Cite the actual numbers in your reason.
Return: decision (one of BLOCK/ESCALATE/CLEAR), reason (one sentence, max 200 chars, citing the decisive evidence), assessment (a short risk assessment naming the key indicators and their values).

Alert evidence: Alert type: WEIGHT_ANOMALY. BL: MAEU09494. Shipper: Viettel Electronics. Consignee: Amazon Logistics. Carrier: MAERSK. Route: THLCH -> INMUN. Charges: $4878. Weight: 30509kg. Cost per kg: $0.1599 (0.63x the peer median of $0.2558). PRE-COMPUTED COST-PER-KG BAND: NORMAL_AT_OR_BELOW_5X_MEDIAN. This band is economically ordinary and does NOT justify BLOCK or ESCALATE on its own. Sanctions/export-restriction list matches for the counterparties: 0 (0 = both parties clear, -1 = screening data unavailable).","{""assessment"":""The key indicators are the cost-per-kg band (NORMAL_AT_OR_BELOW_5X_MEDIAN) and sanctions matches (0). Both counterparties are recognisable real businesses, and the cost per kg is economically ordinary. There are no indicators of high risk."",""decision"":""CLEAR"",""reason"":""Sanctions matches = 0, cost-per-kg band is NORMAL_AT_OR_BELOW_5X_MEDIAN, and both counterparties are recognisable real businesses.""}",733,"SUCCESS","\N","2026-08-02 00:58:04.274","fraud_investigation:attempt1","WORKFLOW_INVESTIGATE_ANOMALY",599,134,3565,"SUCCESS",662
264,"mistral-large2","You are a maritime logistics fraud and compliance analyst.

The cost-per-kg threshold comparison has ALREADY been computed for you and is given as PRE-COMPUTED COST-PER-KG BAND. Trust that band and the rule stated next to it. Do not re-derive it or substitute your own thresholds.

Apply this rubric:
- BLOCK if sanctions matches > 0, OR the band is EXTREME_ABOVE_10X_MEDIAN, OR a counterparty name indicates a shell/front company (contains SUSPICIOUS, SHELL, UNKNOWN, or is a generic non-identifiable trading name).
- ESCALATE if the band is ELEVATED_BETWEEN_5X_AND_10X_MEDIAN, OR cost per kg was not computable, OR a required commercial figure is missing, OR document provenance reports extraction confidence below 60/100 or a failed validation. An ELEVATED band alone must NOT be blocked.
- CLEAR if sanctions matches = 0 AND the band is NORMAL_AT_OR_BELOW_5X_MEDIAN AND both counterparties are recognisable real businesses AND (if provenance is given) the extraction validated cleanly. A heavy-weight, high-value or duplicate-BL flag alone, with a NORMAL band and clean screening, is a routine data-quality issue and should be CLEARED.

Cite the actual numbers in your reason.
Return: decision (one of BLOCK/ESCALATE/CLEAR), reason (one sentence, max 200 chars, citing the decisive evidence), assessment (a short risk assessment naming the key indicators and their values).

Alert evidence: Alert type: WEIGHT_ANOMALY. BL: ONEY02278. Shipper: Canon Vietnam. Consignee: Home Depot. Carrier: MAERSK. Route: VNHPH -> CNNGB. Charges: $5993. Weight: 38669kg. Cost per kg: $0.155 (0.61x the peer median of $0.2558). PRE-COMPUTED COST-PER-KG BAND: NORMAL_AT_OR_BELOW_5X_MEDIAN. This band is economically ordinary and does NOT justify BLOCK or ESCALATE on its own. Sanctions/export-restriction list matches for the counterparties: 0 (0 = both parties clear, -1 = screening data unavailable).","{""assessment"":""The key indicators are the cost-per-kg band (NORMAL_AT_OR_BELOW_5X_MEDIAN) and sanctions matches (0). Both counterparties are recognisable real businesses, and the cost per kg is economically ordinary. There are no indicators of high risk."",""decision"":""CLEAR"",""reason"":""Sanctions matches = 0, cost-per-kg band is NORMAL_AT_OR_BELOW_5X_MEDIAN, and both counterparties are recognisable real businesses.""}",728,"SUCCESS","\N","2026-08-02 00:58:20.163","fraud_investigation:attempt1","WORKFLOW_INVESTIGATE_ANOMALY",594,134,11565,"SUCCESS",663
265,"mistral-large2","You are a maritime logistics fraud and compliance analyst.

The cost-per-kg threshold comparison has ALREADY been computed for you and is given as PRE-COMPUTED COST-PER-KG BAND. Trust that band and the rule stated next to it. Do not re-derive it or substitute your own thresholds.

Apply this rubric:
- BLOCK if sanctions matches > 0, OR the band is EXTREME_ABOVE_10X_MEDIAN, OR a counterparty name indicates a shell/front company (contains SUSPICIOUS, SHELL, UNKNOWN, or is a generic non-identifiable trading name).
- ESCALATE if the band is ELEVATED_BETWEEN_5X_AND_10X_MEDIAN, OR cost per kg was not computable, OR a required commercial figure is missing, OR document provenance reports extraction confidence below 60/100 or a failed validation. An ELEVATED band alone must NOT be blocked.
- CLEAR if sanctions matches = 0 AND the band is NORMAL_AT_OR_BELOW_5X_MEDIAN AND both counterparties are recognisable real businesses AND (if provenance is given) the extraction validated cleanly. A heavy-weight, high-value or duplicate-BL flag alone, with a NORMAL band and clean screening, is a routine data-quality issue and should be CLEARED.

Cite the actual numbers in your reason.
Return: decision (one of BLOCK/ESCALATE/CLEAR), reason (one sentence, max 200 chars, citing the decisive evidence), assessment (a short risk assessment naming the key indicators and their values).

Alert evidence: Alert type: WEIGHT_ANOMALY. BL: MAEU05764. Shipper: Honda Vietnam. Consignee: JD Logistics. Carrier: MAERSK. Route: CNSHA -> INMUN. Charges: $5492. Weight: 35001kg. Cost per kg: $0.1569 (0.61x the peer median of $0.2558). PRE-COMPUTED COST-PER-KG BAND: NORMAL_AT_OR_BELOW_5X_MEDIAN. This band is economically ordinary and does NOT justify BLOCK or ESCALATE on its own. Sanctions/export-restriction list matches for the counterparties: 0 (0 = both parties clear, -1 = screening data unavailable).","{""assessment"":""The key indicators are the cost-per-kg band (NORMAL_AT_OR_BELOW_5X_MEDIAN) and sanctions matches (0). Both counterparties are recognisable real businesses, and the cost per kg is economically ordinary. There are no indications of fraud or compliance issues."",""decision"":""CLEAR"",""reason"":""Sanctions matches = 0, cost-per-kg band is NORMAL_AT_OR_BELOW_5X_MEDIAN, and both counterparties are recognisable real businesses.""}",733,"SUCCESS","\N","2026-08-02 00:58:27.706","fraud_investigation:attempt1","WORKFLOW_INVESTIGATE_ANOMALY",597,136,3025,"SUCCESS",664
266,"mistral-large2","You are a maritime logistics fraud and compliance analyst.

The cost-per-kg threshold comparison has ALREADY been computed for you and is given as PRE-COMPUTED COST-PER-KG BAND. Trust that band and the rule stated next to it. Do not re-derive it or substitute your own thresholds.

Apply this rubric:
- BLOCK if sanctions matches > 0, OR the band is EXTREME_ABOVE_10X_MEDIAN, OR a counterparty name indicates a shell/front company (contains SUSPICIOUS, SHELL, UNKNOWN, or is a generic non-identifiable trading name).
- ESCALATE if the band is ELEVATED_BETWEEN_5X_AND_10X_MEDIAN, OR cost per kg was not computable, OR a required commercial figure is missing, OR document provenance reports extraction confidence below 60/100 or a failed validation. An ELEVATED band alone must NOT be blocked.
- CLEAR if sanctions matches = 0 AND the band is NORMAL_AT_OR_BELOW_5X_MEDIAN AND both counterparties are recognisable real businesses AND (if provenance is given) the extraction validated cleanly. A heavy-weight, high-value or duplicate-BL flag alone, with a NORMAL band and clean screening, is a routine data-quality issue and should be CLEARED.

Cite the actual numbers in your reason.
Return: decision (one of BLOCK/ESCALATE/CLEAR), reason (one sentence, max 200 chars, citing the decisive evidence), assessment (a short risk assessment naming the key indicators and their values).

Alert evidence: Alert type: WEIGHT_ANOMALY. BL: ONEY00193. Shipper: Adidas Sourcing Ltd. Consignee: Target Corp. Carrier: MAERSK. Route: VNHPH -> VNHPH. Charges: $5051. Weight: 41434kg. Cost per kg: $0.1219 (0.48x the peer median of $0.2558). PRE-COMPUTED COST-PER-KG BAND: NORMAL_AT_OR_BELOW_5X_MEDIAN. This band is economically ordinary and does NOT justify BLOCK or ESCALATE on its own. Sanctions/export-restriction list matches for the counterparties: 0 (0 = both parties clear, -1 = screening data unavailable).","{""assessment"":""The key indicators are the cost-per-kg band (NORMAL_AT_OR_BELOW_5X_MEDIAN) and sanctions matches (0). Both counterparties are recognisable real businesses, and the cost per kg is economically ordinary. There are no indicators of high risk."",""decision"":""CLEAR"",""reason"":""Sanctions matches = 0, cost-per-kg band is NORMAL_AT_OR_BELOW_5X_MEDIAN, and both counterparties are recognisable real businesses.""}",734,"SUCCESS","\N","2026-08-02 00:58:35.606","fraud_investigation:attempt1","WORKFLOW_INVESTIGATE_ANOMALY",600,134,3481,"SUCCESS",665
267,"mistral-large2","You are a maritime logistics fraud and compliance analyst.

The cost-per-kg threshold comparison has ALREADY been computed for you and is given as PRE-COMPUTED COST-PER-KG BAND. Trust that band and the rule stated next to it. Do not re-derive it or substitute your own thresholds.

Apply this rubric:
- BLOCK if sanctions matches > 0, OR the band is EXTREME_ABOVE_10X_MEDIAN, OR a counterparty name indicates a shell/front company (contains SUSPICIOUS, SHELL, UNKNOWN, or is a generic non-identifiable trading name).
- ESCALATE if the band is ELEVATED_BETWEEN_5X_AND_10X_MEDIAN, OR cost per kg was not computable, OR a required commercial figure is missing, OR document provenance reports extraction confidence below 60/100 or a failed validation. An ELEVATED band alone must NOT be blocked.
- CLEAR if sanctions matches = 0 AND the band is NORMAL_AT_OR_BELOW_5X_MEDIAN AND both counterparties are recognisable real businesses AND (if provenance is given) the extraction validated cleanly. A heavy-weight, high-value or duplicate-BL flag alone, with a NORMAL band and clean screening, is a routine data-quality issue and should be CLEARED.

Cite the actual numbers in your reason.
Return: decision (one of BLOCK/ESCALATE/CLEAR), reason (one sentence, max 200 chars, citing the decisive evidence), assessment (a short risk assessment naming the key indicators and their values).

Alert evidence: Alert type: WEIGHT_ANOMALY. BL: APZU02476. Shipper: FPT Software. Consignee: AEON Japan. Carrier: MAERSK. Route: NLRTM -> INMUN. Charges: $5255. Weight: 31151kg. Cost per kg: $0.1687 (0.66x the peer median of $0.2558). PRE-COMPUTED COST-PER-KG BAND: NORMAL_AT_OR_BELOW_5X_MEDIAN. This band is economically ordinary and does NOT justify BLOCK or ESCALATE on its own. Sanctions/export-restriction list matches for the counterparties: 0 (0 = both parties clear, -1 = screening data unavailable).","{""assessment"":""The key indicators are the cost-per-kg band (NORMAL_AT_OR_BELOW_5X_MEDIAN) and sanctions matches (0). Both counterparties are recognisable real businesses, and the cost per kg is economically ordinary. There are no indications of fraud or compliance issues."",""decision"":""CLEAR"",""reason"":""Sanctions matches = 0, cost-per-kg band is NORMAL_AT_OR_BELOW_5X_MEDIAN, and both counterparties are recognisable real businesses.""}",733,"SUCCESS","\N","2026-08-02 00:58:45.184","fraud_investigation:attempt1","WORKFLOW_INVESTIGATE_ANOMALY",597,136,5149,"SUCCESS",666
268,"mistral-large2","You are a maritime logistics fraud and compliance analyst.

The cost-per-kg threshold comparison has ALREADY been computed for you and is given as PRE-COMPUTED COST-PER-KG BAND. Trust that band and the rule stated next to it. Do not re-derive it or substitute your own thresholds.

Apply this rubric:
- BLOCK if sanctions matches > 0, OR the band is EXTREME_ABOVE_10X_MEDIAN, OR a counterparty name indicates a shell/front company (contains SUSPICIOUS, SHELL, UNKNOWN, or is a generic non-identifiable trading name).
- ESCALATE if the band is ELEVATED_BETWEEN_5X_AND_10X_MEDIAN, OR cost per kg was not computable, OR a required commercial figure is missing, OR document provenance reports extraction confidence below 60/100 or a failed validation. An ELEVATED band alone must NOT be blocked.
- CLEAR if sanctions matches = 0 AND the band is NORMAL_AT_OR_BELOW_5X_MEDIAN AND both counterparties are recognisable real businesses AND (if provenance is given) the extraction validated cleanly. A heavy-weight, high-value or duplicate-BL flag alone, with a NORMAL band and clean screening, is a routine data-quality issue and should be CLEARED.

Cite the actual numbers in your reason.
Return: decision (one of BLOCK/ESCALATE/CLEAR), reason (one sentence, max 200 chars, citing the decisive evidence), assessment (a short risk assessment naming the key indicators and their values).

Alert evidence: Alert type: WEIGHT_ANOMALY. BL: CMDU09967. Shipper: ABC Electronics Vietnam. Consignee: Lotte Corp. Carrier: MAERSK. Route: NLRTM -> INMUN. Charges: $6203. Weight: 37306kg. Cost per kg: $0.1663 (0.65x the peer median of $0.2558). PRE-COMPUTED COST-PER-KG BAND: NORMAL_AT_OR_BELOW_5X_MEDIAN. This band is economically ordinary and does NOT justify BLOCK or ESCALATE on its own. Sanctions/export-restriction list matches for the counterparties: 0 (0 = both parties clear, -1 = screening data unavailable).","{""assessment"":""The key indicators are the cost-per-kg band (NORMAL_AT_OR_BELOW_5X_MEDIAN) and sanctions matches (0). Both counterparties are recognisable real businesses, and the cost per kg is economically ordinary. There are no indications of fraud or compliance issues."",""decision"":""CLEAR"",""reason"":""Sanctions matches = 0, cost-per-kg band is NORMAL_AT_OR_BELOW_5X_MEDIAN, and both counterparties are recognisable real businesses.""}",735,"SUCCESS","\N","2026-08-02 01:02:09.183","fraud_investigation:attempt1","WORKFLOW_INVESTIGATE_ANOMALY",599,136,3070,"SUCCESS",667
269,"mistral-large2","You are a maritime logistics fraud and compliance analyst.

The cost-per-kg threshold comparison has ALREADY been computed for you and is given as PRE-COMPUTED COST-PER-KG BAND. Trust that band and the rule stated next to it. Do not re-derive it or substitute your own thresholds.

Apply this rubric:
- BLOCK if sanctions matches > 0, OR the band is EXTREME_ABOVE_10X_MEDIAN, OR a counterparty name indicates a shell/front company (contains SUSPICIOUS, SHELL, UNKNOWN, or is a generic non-identifiable trading name).
- ESCALATE if the band is ELEVATED_BETWEEN_5X_AND_10X_MEDIAN, OR cost per kg was not computable, OR a required commercial figure is missing, OR document provenance reports extraction confidence below 60/100 or a failed validation. An ELEVATED band alone must NOT be blocked.
- CLEAR if sanctions matches = 0 AND the band is NORMAL_AT_OR_BELOW_5X_MEDIAN AND both counterparties are recognisable real businesses AND (if provenance is given) the extraction validated cleanly. A heavy-weight, high-value or duplicate-BL flag alone, with a NORMAL band and clean screening, is a routine data-quality issue and should be CLEARED.

Cite the actual numbers in your reason.
Return: decision (one of BLOCK/ESCALATE/CLEAR), reason (one sentence, max 200 chars, citing the decisive evidence), assessment (a short risk assessment naming the key indicators and their values).

Alert evidence: Alert type: WEIGHT_ANOMALY. BL: ONEY09487. Shipper: Trung Nguyen Coffee. Consignee: Home Depot. Carrier: MAERSK. Route: JPYOK -> USLAX. Charges: $7536. Weight: 30673kg. Cost per kg: $0.2457 (0.96x the peer median of $0.2558). PRE-COMPUTED COST-PER-KG BAND: NORMAL_AT_OR_BELOW_5X_MEDIAN. This band is economically ordinary and does NOT justify BLOCK or ESCALATE on its own. Sanctions/export-restriction list matches for the counterparties: 0 (0 = both parties clear, -1 = screening data unavailable).","{""assessment"":""The key indicators are the cost-per-kg band (NORMAL_AT_OR_BELOW_5X_MEDIAN) and sanctions matches (0). Both counterparties are recognisable real businesses, and the cost per kg is economically ordinary. There are no indicators of high risk."",""decision"":""CLEAR"",""reason"":""Sanctions matches = 0, cost-per-kg band is NORMAL_AT_OR_BELOW_5X_MEDIAN, and both counterparties are recognisable real businesses.""}",733,"SUCCESS","\N","2026-08-02 01:02:18.314","fraud_investigation:attempt1","WORKFLOW_INVESTIGATE_ANOMALY",599,134,3546,"SUCCESS",668
270,"mistral-large2","You are a maritime logistics fraud and compliance analyst.

The cost-per-kg threshold comparison has ALREADY been computed for you and is given as PRE-COMPUTED COST-PER-KG BAND. Trust that band and the rule stated next to it. Do not re-derive it or substitute your own thresholds.

Apply this rubric:
- BLOCK if sanctions matches > 0, OR the band is EXTREME_ABOVE_10X_MEDIAN, OR a counterparty name indicates a shell/front company (contains SUSPICIOUS, SHELL, UNKNOWN, or is a generic non-identifiable trading name).
- ESCALATE if the band is ELEVATED_BETWEEN_5X_AND_10X_MEDIAN, OR cost per kg was not computable, OR a required commercial figure is missing, OR document provenance reports extraction confidence below 60/100 or a failed validation. An ELEVATED band alone must NOT be blocked.
- CLEAR if sanctions matches = 0 AND the band is NORMAL_AT_OR_BELOW_5X_MEDIAN AND both counterparties are recognisable real businesses AND (if provenance is given) the extraction validated cleanly. A heavy-weight, high-value or duplicate-BL flag alone, with a NORMAL band and clean screening, is a routine data-quality issue and should be CLEARED.

Cite the actual numbers in your reason.
Return: decision (one of BLOCK/ESCALATE/CLEAR), reason (one sentence, max 200 chars, citing the decisive evidence), assessment (a short risk assessment naming the key indicators and their values).

Alert evidence: Alert type: WEIGHT_ANOMALY. BL: ONEY03973. Shipper: Binh Tien Consumer. Consignee: Walmart Inc. Carrier: MAERSK. Route: BEANR -> MYPKG. Charges: $4178. Weight: 33837kg. Cost per kg: $0.1235 (0.48x the peer median of $0.2558). PRE-COMPUTED COST-PER-KG BAND: NORMAL_AT_OR_BELOW_5X_MEDIAN. This band is economically ordinary and does NOT justify BLOCK or ESCALATE on its own. Sanctions/export-restriction list matches for the counterparties: 0 (0 = both parties clear, -1 = screening data unavailable).","{""assessment"":""The key indicators are the cost-per-kg band (NORMAL_AT_OR_BELOW_5X_MEDIAN) and sanctions matches (0). Both counterparties are recognisable real businesses, and the cost per kg is economically ordinary. There are no indications of fraud or compliance issues."",""decision"":""CLEAR"",""reason"":""Sanctions matches = 0, cost-per-kg band is NORMAL_AT_OR_BELOW_5X_MEDIAN, and both counterparties are recognisable real businesses.""}",734,"SUCCESS","\N","2026-08-02 01:02:26.838","fraud_investigation:attempt1","WORKFLOW_INVESTIGATE_ANOMALY",598,136,3832,"SUCCESS",669
271,"mistral-large2","You are a maritime logistics fraud and compliance analyst.

The cost-per-kg threshold comparison has ALREADY been computed for you and is given as PRE-COMPUTED COST-PER-KG BAND. Trust that band and the rule stated next to it. Do not re-derive it or substitute your own thresholds.

Apply this rubric:
- BLOCK if sanctions matches > 0, OR the band is EXTREME_ABOVE_10X_MEDIAN, OR a counterparty name indicates a shell/front company (contains SUSPICIOUS, SHELL, UNKNOWN, or is a generic non-identifiable trading name).
- ESCALATE if the band is ELEVATED_BETWEEN_5X_AND_10X_MEDIAN, OR cost per kg was not computable, OR a required commercial figure is missing, OR document provenance reports extraction confidence below 60/100 or a failed validation. An ELEVATED band alone must NOT be blocked.
- CLEAR if sanctions matches = 0 AND the band is NORMAL_AT_OR_BELOW_5X_MEDIAN AND both counterparties are recognisable real businesses AND (if provenance is given) the extraction validated cleanly. A heavy-weight, high-value or duplicate-BL flag alone, with a NORMAL band and clean screening, is a routine data-quality issue and should be CLEARED.

Cite the actual numbers in your reason.
Return: decision (one of BLOCK/ESCALATE/CLEAR), reason (one sentence, max 200 chars, citing the decisive evidence), assessment (a short risk assessment naming the key indicators and their values).

Alert evidence: Alert type: WEIGHT_ANOMALY. BL: MAEU02308. Shipper: Vinamilk Co Ltd. Consignee: Best Buy USA. Carrier: MAERSK. Route: DEHAM -> BEANR. Charges: $6545. Weight: 39604kg. Cost per kg: $0.1653 (0.65x the peer median of $0.2558). PRE-COMPUTED COST-PER-KG BAND: NORMAL_AT_OR_BELOW_5X_MEDIAN. This band is economically ordinary and does NOT justify BLOCK or ESCALATE on its own. Sanctions/export-restriction list matches for the counterparties: 0 (0 = both parties clear, -1 = screening data unavailable).","{""assessment"":""The key indicators are the cost-per-kg band (NORMAL_AT_OR_BELOW_5X_MEDIAN) and sanctions matches (0). Both counterparties are recognisable real businesses, and the cost per kg is economically ordinary. There are no indicators of high risk."",""decision"":""CLEAR"",""reason"":""Sanctions matches = 0, cost-per-kg band is NORMAL_AT_OR_BELOW_5X_MEDIAN, and both counterparties are recognisable real businesses.""}",732,"SUCCESS","\N","2026-08-02 01:02:50.859","fraud_investigation:attempt1","WORKFLOW_INVESTIGATE_ANOMALY",598,134,19481,"SUCCESS",670
272,"mistral-large2","You are a maritime logistics fraud and compliance analyst.

The cost-per-kg threshold comparison has ALREADY been computed for you and is given as PRE-COMPUTED COST-PER-KG BAND. Trust that band and the rule stated next to it. Do not re-derive it or substitute your own thresholds.

Apply this rubric:
- BLOCK if sanctions matches > 0, OR the band is EXTREME_ABOVE_10X_MEDIAN, OR a counterparty name indicates a shell/front company (contains SUSPICIOUS, SHELL, UNKNOWN, or is a generic non-identifiable trading name).
- ESCALATE if the band is ELEVATED_BETWEEN_5X_AND_10X_MEDIAN, OR cost per kg was not computable, OR a required commercial figure is missing, OR document provenance reports extraction confidence below 60/100 or a failed validation. An ELEVATED band alone must NOT be blocked.
- CLEAR if sanctions matches = 0 AND the band is NORMAL_AT_OR_BELOW_5X_MEDIAN AND both counterparties are recognisable real businesses AND (if provenance is given) the extraction validated cleanly. A heavy-weight, high-value or duplicate-BL flag alone, with a NORMAL band and clean screening, is a routine data-quality issue and should be CLEARED.

Cite the actual numbers in your reason.
Return: decision (one of BLOCK/ESCALATE/CLEAR), reason (one sentence, max 200 chars, citing the decisive evidence), assessment (a short risk assessment naming the key indicators and their values).

Alert evidence: Alert type: WEIGHT_ANOMALY. BL: MSKU00084. Shipper: Hoa Sen Group. Consignee: Tesco PLC. Carrier: MAERSK. Route: THLCH -> JPTYO. Charges: $4903. Weight: 35459kg. Cost per kg: $0.1383 (0.54x the peer median of $0.2558). PRE-COMPUTED COST-PER-KG BAND: NORMAL_AT_OR_BELOW_5X_MEDIAN. This band is economically ordinary and does NOT justify BLOCK or ESCALATE on its own. Sanctions/export-restriction list matches for the counterparties: 0 (0 = both parties clear, -1 = screening data unavailable).","{""assessment"":""The key indicators are the cost-per-kg band (NORMAL_AT_OR_BELOW_5X_MEDIAN) and sanctions matches (0). Both counterparties are recognisable real businesses, and the cost per kg is economically ordinary. There are no indications of fraud or compliance issues."",""decision"":""CLEAR"",""reason"":""Sanctions matches = 0, cost-per-kg band is NORMAL_AT_OR_BELOW_5X_MEDIAN, and both counterparties are recognisable real businesses.""}",735,"SUCCESS","\N","2026-08-02 01:02:58.998","fraud_investigation:attempt1","WORKFLOW_INVESTIGATE_ANOMALY",599,136,3539,"SUCCESS",671
273,"mistral-large2","You are a maritime logistics fraud and compliance analyst.

The cost-per-kg threshold comparison has ALREADY been computed for you and is given as PRE-COMPUTED COST-PER-KG BAND. Trust that band and the rule stated next to it. Do not re-derive it or substitute your own thresholds.

Apply this rubric:
- BLOCK if sanctions matches > 0, OR the band is EXTREME_ABOVE_10X_MEDIAN, OR a counterparty name indicates a shell/front company (contains SUSPICIOUS, SHELL, UNKNOWN, or is a generic non-identifiable trading name).
- ESCALATE if the band is ELEVATED_BETWEEN_5X_AND_10X_MEDIAN, OR cost per kg was not computable, OR a required commercial figure is missing, OR document provenance reports extraction confidence below 60/100 or a failed validation. An ELEVATED band alone must NOT be blocked.
- CLEAR if sanctions matches = 0 AND the band is NORMAL_AT_OR_BELOW_5X_MEDIAN AND both counterparties are recognisable real businesses AND (if provenance is given) the extraction validated cleanly. A heavy-weight, high-value or duplicate-BL flag alone, with a NORMAL band and clean screening, is a routine data-quality issue and should be CLEARED.

Cite the actual numbers in your reason.
Return: decision (one of BLOCK/ESCALATE/CLEAR), reason (one sentence, max 200 chars, citing the decisive evidence), assessment (a short risk assessment naming the key indicators and their values).

Alert evidence: Alert type: WEIGHT_ANOMALY. BL: APZU02173. Shipper: ABC Electronics Vietnam. Consignee: Alibaba Trade. Carrier: MSC. Route: MYPKG -> JPTYO. Charges: $5577. Weight: 30925kg. Cost per kg: $0.1803 (0.7x the peer median of $0.2558). PRE-COMPUTED COST-PER-KG BAND: NORMAL_AT_OR_BELOW_5X_MEDIAN. This band is economically ordinary and does NOT justify BLOCK or ESCALATE on its own. Sanctions/export-restriction list matches for the counterparties: 0 (0 = both parties clear, -1 = screening data unavailable).","{""assessment"":""The key indicators are the cost-per-kg band (NORMAL_AT_OR_BELOW_5X_MEDIAN) and sanctions matches (0). Both counterparties are recognisable real businesses, and the cost per kg is economically ordinary. There are no indicators of high risk."",""decision"":""CLEAR"",""reason"":""Sanctions matches = 0, cost-per-kg band is NORMAL_AT_OR_BELOW_5X_MEDIAN, and both counterparties are recognisable real businesses.""}",732,"SUCCESS","\N","2026-08-02 01:03:07.930","fraud_investigation:attempt1","WORKFLOW_INVESTIGATE_ANOMALY",598,134,3613,"SUCCESS",672
274,"mistral-large2","You are a maritime logistics fraud and compliance analyst.

The cost-per-kg threshold comparison has ALREADY been computed for you and is given as PRE-COMPUTED COST-PER-KG BAND. Trust that band and the rule stated next to it. Do not re-derive it or substitute your own thresholds.

Apply this rubric:
- BLOCK if sanctions matches > 0, OR the band is EXTREME_ABOVE_10X_MEDIAN, OR a counterparty name indicates a shell/front company (contains SUSPICIOUS, SHELL, UNKNOWN, or is a generic non-identifiable trading name).
- ESCALATE if the band is ELEVATED_BETWEEN_5X_AND_10X_MEDIAN, OR cost per kg was not computable, OR a required commercial figure is missing, OR document provenance reports extraction confidence below 60/100 or a failed validation. An ELEVATED band alone must NOT be blocked.
- CLEAR if sanctions matches = 0 AND the band is NORMAL_AT_OR_BELOW_5X_MEDIAN AND both counterparties are recognisable real businesses AND (if provenance is given) the extraction validated cleanly. A heavy-weight, high-value or duplicate-BL flag alone, with a NORMAL band and clean screening, is a routine data-quality issue and should be CLEARED.

Cite the actual numbers in your reason.
Return: decision (one of BLOCK/ESCALATE/CLEAR), reason (one sentence, max 200 chars, citing the decisive evidence), assessment (a short risk assessment naming the key indicators and their values).

Alert evidence: Alert type: WEIGHT_ANOMALY. BL: YMLU03570. Shipper: Vinamilk Co Ltd. Consignee: Carrefour SA. Carrier: MSC. Route: CNNGB -> INMUN. Charges: $4173. Weight: 33172kg. Cost per kg: $0.1258 (0.49x the peer median of $0.2558). PRE-COMPUTED COST-PER-KG BAND: NORMAL_AT_OR_BELOW_5X_MEDIAN. This band is economically ordinary and does NOT justify BLOCK or ESCALATE on its own. Sanctions/export-restriction list matches for the counterparties: 0 (0 = both parties clear, -1 = screening data unavailable).","{""assessment"":""The key indicators are the cost-per-kg band (NORMAL_AT_OR_BELOW_5X_MEDIAN) and sanctions matches (0). Both counterparties are recognisable real businesses, and the cost per kg is economically ordinary. There are no indications of fraud or compliance issues."",""decision"":""CLEAR"",""reason"":""Sanctions matches = 0, cost-per-kg band is NORMAL_AT_OR_BELOW_5X_MEDIAN, and both counterparties are recognisable real businesses.""}",733,"SUCCESS","\N","2026-08-02 01:03:16.076","fraud_investigation:attempt1","WORKFLOW_INVESTIGATE_ANOMALY",597,136,3379,"SUCCESS",673
275,"mistral-large2","You are a maritime logistics fraud and compliance analyst.

The cost-per-kg threshold comparison has ALREADY been computed for you and is given as PRE-COMPUTED COST-PER-KG BAND. Trust that band and the rule stated next to it. Do not re-derive it or substitute your own thresholds.

Apply this rubric:
- BLOCK if sanctions matches > 0, OR the band is EXTREME_ABOVE_10X_MEDIAN, OR a counterparty name indicates a shell/front company (contains SUSPICIOUS, SHELL, UNKNOWN, or is a generic non-identifiable trading name).
- ESCALATE if the band is ELEVATED_BETWEEN_5X_AND_10X_MEDIAN, OR cost per kg was not computable, OR a required commercial figure is missing, OR document provenance reports extraction confidence below 60/100 or a failed validation. An ELEVATED band alone must NOT be blocked.
- CLEAR if sanctions matches = 0 AND the band is NORMAL_AT_OR_BELOW_5X_MEDIAN AND both counterparties are recognisable real businesses AND (if provenance is given) the extraction validated cleanly. A heavy-weight, high-value or duplicate-BL flag alone, with a NORMAL band and clean screening, is a routine data-quality issue and should be CLEARED.

Cite the actual numbers in your reason.
Return: decision (one of BLOCK/ESCALATE/CLEAR), reason (one sentence, max 200 chars, citing the decisive evidence), assessment (a short risk assessment naming the key indicators and their values).

Alert evidence: Alert type: WEIGHT_ANOMALY. BL: MSKU06041. Shipper: Foxconn Vietnam. Consignee: Seven Eleven Japan. Carrier: MSC. Route: VNSGN -> CNNGB. Charges: $6722. Weight: 30348kg. Cost per kg: $0.2215 (0.87x the peer median of $0.2558). PRE-COMPUTED COST-PER-KG BAND: NORMAL_AT_OR_BELOW_5X_MEDIAN. This band is economically ordinary and does NOT justify BLOCK or ESCALATE on its own. Sanctions/export-restriction list matches for the counterparties: 0 (0 = both parties clear, -1 = screening data unavailable).","{""assessment"":""The key indicators are the cost-per-kg band (NORMAL_AT_OR_BELOW_5X_MEDIAN) and sanctions matches (0). Both counterparties are recognisable real businesses, and the cost per kg is economically ordinary. There are no indications of fraud or compliance issues."",""decision"":""CLEAR"",""reason"":""Sanctions matches = 0, cost-per-kg band is NORMAL_AT_OR_BELOW_5X_MEDIAN, and both counterparties are recognisable real businesses.""}",731,"SUCCESS","\N","2026-08-02 01:03:25.820","fraud_investigation:attempt1","WORKFLOW_INVESTIGATE_ANOMALY",595,136,5184,"SUCCESS",674
276,"mistral-large2","You are a maritime logistics fraud and compliance analyst.

The cost-per-kg threshold comparison has ALREADY been computed for you and is given as PRE-COMPUTED COST-PER-KG BAND. Trust that band and the rule stated next to it. Do not re-derive it or substitute your own thresholds.

Apply this rubric:
- BLOCK if sanctions matches > 0, OR the band is EXTREME_ABOVE_10X_MEDIAN, OR a counterparty name indicates a shell/front company (contains SUSPICIOUS, SHELL, UNKNOWN, or is a generic non-identifiable trading name).
- ESCALATE if the band is ELEVATED_BETWEEN_5X_AND_10X_MEDIAN, OR cost per kg was not computable, OR a required commercial figure is missing, OR document provenance reports extraction confidence below 60/100 or a failed validation. An ELEVATED band alone must NOT be blocked.
- CLEAR if sanctions matches = 0 AND the band is NORMAL_AT_OR_BELOW_5X_MEDIAN AND both counterparties are recognisable real businesses AND (if provenance is given) the extraction validated cleanly. A heavy-weight, high-value or duplicate-BL flag alone, with a NORMAL band and clean screening, is a routine data-quality issue and should be CLEARED.

Cite the actual numbers in your reason.
Return: decision (one of BLOCK/ESCALATE/CLEAR), reason (one sentence, max 200 chars, citing the decisive evidence), assessment (a short risk assessment naming the key indicators and their values).

Alert evidence: Alert type: WEIGHT_ANOMALY. BL: MSKU02709. Shipper: Hoa Sen Group. Consignee: Amazon Logistics. Carrier: MSC. Route: INMUN -> JPYOK. Charges: $7475. Weight: 39499kg. Cost per kg: $0.1892 (0.74x the peer median of $0.2558). PRE-COMPUTED COST-PER-KG BAND: NORMAL_AT_OR_BELOW_5X_MEDIAN. This band is economically ordinary and does NOT justify BLOCK or ESCALATE on its own. Sanctions/export-restriction list matches for the counterparties: 0 (0 = both parties clear, -1 = screening data unavailable).","{""assessment"":""The key indicators are the cost-per-kg band (NORMAL_AT_OR_BELOW_5X_MEDIAN) and sanctions matches (0). Both counterparties are recognisable real businesses, and the cost per kg is economically ordinary. There are no indicators of high risk."",""decision"":""CLEAR"",""reason"":""Sanctions matches = 0, cost-per-kg band is NORMAL_AT_OR_BELOW_5X_MEDIAN, and both counterparties are recognisable real businesses.""}",730,"SUCCESS","\N","2026-08-02 01:03:33.976","fraud_investigation:attempt1","WORKFLOW_INVESTIGATE_ANOMALY",596,134,3495,"SUCCESS",675
277,"mistral-large2","You are a maritime logistics fraud and compliance analyst.

The cost-per-kg threshold comparison has ALREADY been computed for you and is given as PRE-COMPUTED COST-PER-KG BAND. Trust that band and the rule stated next to it. Do not re-derive it or substitute your own thresholds.

Apply this rubric:
- BLOCK if sanctions matches > 0, OR the band is EXTREME_ABOVE_10X_MEDIAN, OR a counterparty name indicates a shell/front company (contains SUSPICIOUS, SHELL, UNKNOWN, or is a generic non-identifiable trading name).
- ESCALATE if the band is ELEVATED_BETWEEN_5X_AND_10X_MEDIAN, OR cost per kg was not computable, OR a required commercial figure is missing, OR document provenance reports extraction confidence below 60/100 or a failed validation. An ELEVATED band alone must NOT be blocked.
- CLEAR if sanctions matches = 0 AND the band is NORMAL_AT_OR_BELOW_5X_MEDIAN AND both counterparties are recognisable real businesses AND (if provenance is given) the extraction validated cleanly. A heavy-weight, high-value or duplicate-BL flag alone, with a NORMAL band and clean screening, is a routine data-quality issue and should be CLEARED.

Cite the actual numbers in your reason.
Return: decision (one of BLOCK/ESCALATE/CLEAR), reason (one sentence, max 200 chars, citing the decisive evidence), assessment (a short risk assessment naming the key indicators and their values).

Alert evidence: Alert type: WEIGHT_ANOMALY. BL: OOLU02390. Shipper: Intel Products Vietnam. Consignee: Lotte Corp. Carrier: MSC. Route: BEANR -> INMUN. Charges: $5227. Weight: 40806kg. Cost per kg: $0.1281 (0.5x the peer median of $0.2558). PRE-COMPUTED COST-PER-KG BAND: NORMAL_AT_OR_BELOW_5X_MEDIAN. This band is economically ordinary and does NOT justify BLOCK or ESCALATE on its own. Sanctions/export-restriction list matches for the counterparties: 0 (0 = both parties clear, -1 = screening data unavailable).","{""assessment"":""The key indicators are the cost-per-kg band (NORMAL_AT_OR_BELOW_5X_MEDIAN) and sanctions matches (0). Both counterparties are recognisable real businesses, and the cost per kg is economically ordinary. There are no indications of fraud or compliance issues."",""decision"":""CLEAR"",""reason"":""Sanctions matches = 0, cost-per-kg band is NORMAL_AT_OR_BELOW_5X_MEDIAN, and both counterparties are recognisable real businesses.""}",731,"SUCCESS","\N","2026-08-02 01:03:43.647","fraud_investigation:attempt1","WORKFLOW_INVESTIGATE_ANOMALY",595,136,5185,"SUCCESS",676
278,"mistral-large2","You are a maritime logistics fraud and compliance analyst.

The cost-per-kg threshold comparison has ALREADY been computed for you and is given as PRE-COMPUTED COST-PER-KG BAND. Trust that band and the rule stated next to it. Do not re-derive it or substitute your own thresholds.

Apply this rubric:
- BLOCK if sanctions matches > 0, OR the band is EXTREME_ABOVE_10X_MEDIAN, OR a counterparty name indicates a shell/front company (contains SUSPICIOUS, SHELL, UNKNOWN, or is a generic non-identifiable trading name).
- ESCALATE if the band is ELEVATED_BETWEEN_5X_AND_10X_MEDIAN, OR cost per kg was not computable, OR a required commercial figure is missing, OR document provenance reports extraction confidence below 60/100 or a failed validation. An ELEVATED band alone must NOT be blocked.
- CLEAR if sanctions matches = 0 AND the band is NORMAL_AT_OR_BELOW_5X_MEDIAN AND both counterparties are recognisable real businesses AND (if provenance is given) the extraction validated cleanly. A heavy-weight, high-value or duplicate-BL flag alone, with a NORMAL band and clean screening, is a routine data-quality issue and should be CLEARED.

Cite the actual numbers in your reason.
Return: decision (one of BLOCK/ESCALATE/CLEAR), reason (one sentence, max 200 chars, citing the decisive evidence), assessment (a short risk assessment naming the key indicators and their values).

Alert evidence: Alert type: WEIGHT_ANOMALY. BL: YMLU03100. Shipper: Samsung Vietnam. Consignee: Costco Wholesale. Carrier: MSC. Route: DEHAM -> VNHPH. Charges: $7785. Weight: 44293kg. Cost per kg: $0.1758 (0.69x the peer median of $0.2558). PRE-COMPUTED COST-PER-KG BAND: NORMAL_AT_OR_BELOW_5X_MEDIAN. This band is economically ordinary and does NOT justify BLOCK or ESCALATE on its own. Sanctions/export-restriction list matches for the counterparties: 0 (0 = both parties clear, -1 = screening data unavailable).","{""assessment"":""The key indicators are the cost-per-kg band (NORMAL_AT_OR_BELOW_5X_MEDIAN) and sanctions matches (0). Both counterparties are recognisable real businesses, and the cost per kg is economically ordinary. There are no indicators of high risk."",""decision"":""CLEAR"",""reason"":""Sanctions matches = 0, cost-per-kg band is NORMAL_AT_OR_BELOW_5X_MEDIAN, and both counterparties are recognisable real businesses.""}",731,"SUCCESS","\N","2026-08-02 01:03:53.293","fraud_investigation:attempt1","WORKFLOW_INVESTIGATE_ANOMALY",597,134,5105,"SUCCESS",677
279,"mistral-large2","You are a maritime logistics fraud and compliance analyst.

The cost-per-kg threshold comparison has ALREADY been computed for you and is given as PRE-COMPUTED COST-PER-KG BAND. Trust that band and the rule stated next to it. Do not re-derive it or substitute your own thresholds.

Apply this rubric:
- BLOCK if sanctions matches > 0, OR the band is EXTREME_ABOVE_10X_MEDIAN, OR a counterparty name indicates a shell/front company (contains SUSPICIOUS, SHELL, UNKNOWN, or is a generic non-identifiable trading name).
- ESCALATE if the band is ELEVATED_BETWEEN_5X_AND_10X_MEDIAN, OR cost per kg was not computable, OR a required commercial figure is missing, OR document provenance reports extraction confidence below 60/100 or a failed validation. An ELEVATED band alone must NOT be blocked.
- CLEAR if sanctions matches = 0 AND the band is NORMAL_AT_OR_BELOW_5X_MEDIAN AND both counterparties are recognisable real businesses AND (if provenance is given) the extraction validated cleanly. A heavy-weight, high-value or duplicate-BL flag alone, with a NORMAL band and clean screening, is a routine data-quality issue and should be CLEARED.

Cite the actual numbers in your reason.
Return: decision (one of BLOCK/ESCALATE/CLEAR), reason (one sentence, max 200 chars, citing the decisive evidence), assessment (a short risk assessment naming the key indicators and their values).

Alert evidence: Alert type: WEIGHT_ANOMALY. BL: YMLU00663. Shipper: FPT Software. Consignee: JD Logistics. Carrier: MSC. Route: VNSGN -> CNSHA. Charges: $4237. Weight: 42139kg. Cost per kg: $0.1005 (0.39x the peer median of $0.2558). PRE-COMPUTED COST-PER-KG BAND: NORMAL_AT_OR_BELOW_5X_MEDIAN. This band is economically ordinary and does NOT justify BLOCK or ESCALATE on its own. Sanctions/export-restriction list matches for the counterparties: 0 (0 = both parties clear, -1 = screening data unavailable).","{""assessment"":""The key indicators are the cost-per-kg band (NORMAL_AT_OR_BELOW_5X_MEDIAN) and sanctions matches (0). Both counterparties are recognisable real businesses, and the cost per kg is economically ordinary. There are no indications of fraud or compliance issues."",""decision"":""CLEAR"",""reason"":""Sanctions matches = 0, cost-per-kg band is NORMAL_AT_OR_BELOW_5X_MEDIAN, and both counterparties are recognisable real businesses.""}",732,"SUCCESS","\N","2026-08-02 01:04:02.932","fraud_investigation:attempt1","WORKFLOW_INVESTIGATE_ANOMALY",596,136,5192,"SUCCESS",678
280,"mistral-large2","You are a maritime logistics fraud and compliance analyst.

The cost-per-kg threshold comparison has ALREADY been computed for you and is given as PRE-COMPUTED COST-PER-KG BAND. Trust that band and the rule stated next to it. Do not re-derive it or substitute your own thresholds.

Apply this rubric:
- BLOCK if sanctions matches > 0, OR the band is EXTREME_ABOVE_10X_MEDIAN, OR a counterparty name indicates a shell/front company (contains SUSPICIOUS, SHELL, UNKNOWN, or is a generic non-identifiable trading name).
- ESCALATE if the band is ELEVATED_BETWEEN_5X_AND_10X_MEDIAN, OR cost per kg was not computable, OR a required commercial figure is missing, OR document provenance reports extraction confidence below 60/100 or a failed validation. An ELEVATED band alone must NOT be blocked.
- CLEAR if sanctions matches = 0 AND the band is NORMAL_AT_OR_BELOW_5X_MEDIAN AND both counterparties are recognisable real businesses AND (if provenance is given) the extraction validated cleanly. A heavy-weight, high-value or duplicate-BL flag alone, with a NORMAL band and clean screening, is a routine data-quality issue and should be CLEARED.

Cite the actual numbers in your reason.
Return: decision (one of BLOCK/ESCALATE/CLEAR), reason (one sentence, max 200 chars, citing the decisive evidence), assessment (a short risk assessment naming the key indicators and their values).

Alert evidence: Alert type: WEIGHT_ANOMALY. BL: OOLU09036. Shipper: Toyota Vietnam. Consignee: Tesco PLC. Carrier: MSC. Route: BEANR -> CNSHA. Charges: $7155. Weight: 42235kg. Cost per kg: $0.1694 (0.66x the peer median of $0.2558). PRE-COMPUTED COST-PER-KG BAND: NORMAL_AT_OR_BELOW_5X_MEDIAN. This band is economically ordinary and does NOT justify BLOCK or ESCALATE on its own. Sanctions/export-restriction list matches for the counterparties: 0 (0 = both parties clear, -1 = screening data unavailable).","{""assessment"":""The key indicators are the cost-per-kg band (NORMAL_AT_OR_BELOW_5X_MEDIAN) and sanctions matches (0). Both counterparties are recognisable real businesses, and the cost per kg is economically ordinary."",""decision"":""CLEAR"",""reason"":""Sanctions matches = 0, cost-per-kg band is NORMAL_AT_OR_BELOW_5X_MEDIAN, and both counterparties are recognisable real businesses.""}",721,"SUCCESS","\N","2026-08-02 01:04:10.777","fraud_investigation:attempt1","WORKFLOW_INVESTIGATE_ANOMALY",596,125,3345,"SUCCESS",679
281,"mistral-large2","You are a maritime logistics fraud and compliance analyst.

The cost-per-kg threshold comparison has ALREADY been computed for you and is given as PRE-COMPUTED COST-PER-KG BAND. Trust that band and the rule stated next to it. Do not re-derive it or substitute your own thresholds.

Apply this rubric:
- BLOCK if sanctions matches > 0, OR the band is EXTREME_ABOVE_10X_MEDIAN, OR a counterparty name indicates a shell/front company (contains SUSPICIOUS, SHELL, UNKNOWN, or is a generic non-identifiable trading name).
- ESCALATE if the band is ELEVATED_BETWEEN_5X_AND_10X_MEDIAN, OR cost per kg was not computable, OR a required commercial figure is missing, OR document provenance reports extraction confidence below 60/100 or a failed validation. An ELEVATED band alone must NOT be blocked.
- CLEAR if sanctions matches = 0 AND the band is NORMAL_AT_OR_BELOW_5X_MEDIAN AND both counterparties are recognisable real businesses AND (if provenance is given) the extraction validated cleanly. A heavy-weight, high-value or duplicate-BL flag alone, with a NORMAL band and clean screening, is a routine data-quality issue and should be CLEARED.

Cite the actual numbers in your reason.
Return: decision (one of BLOCK/ESCALATE/CLEAR), reason (one sentence, max 200 chars, citing the decisive evidence), assessment (a short risk assessment naming the key indicators and their values).

Alert evidence: Alert type: WEIGHT_ANOMALY. BL: MSKU00872. Shipper: Tan Hiep Phat. Consignee: Seven Eleven Japan. Carrier: MSC. Route: USLGB -> USNYC. Charges: $3728. Weight: 38449kg. Cost per kg: $0.097 (0.38x the peer median of $0.2558). PRE-COMPUTED COST-PER-KG BAND: NORMAL_AT_OR_BELOW_5X_MEDIAN. This band is economically ordinary and does NOT justify BLOCK or ESCALATE on its own. Sanctions/export-restriction list matches for the counterparties: 0 (0 = both parties clear, -1 = screening data unavailable).","{""assessment"":""The key indicators are the cost-per-kg band (NORMAL_AT_OR_BELOW_5X_MEDIAN) and sanctions matches (0). Both counterparties are recognisable real businesses, and the cost per kg is economically ordinary. There are no indicators of fraud or compliance issues."",""decision"":""CLEAR"",""reason"":""Sanctions matches = 0, cost-per-kg band is NORMAL_AT_OR_BELOW_5X_MEDIAN, and both counterparties are recognisable real businesses.""}",734,"SUCCESS","\N","2026-08-02 01:04:18.714","fraud_investigation:attempt1","WORKFLOW_INVESTIGATE_ANOMALY",598,136,3491,"SUCCESS",680
282,"mistral-large2","You are a maritime logistics fraud and compliance analyst.

The cost-per-kg threshold comparison has ALREADY been computed for you and is given as PRE-COMPUTED COST-PER-KG BAND. Trust that band and the rule stated next to it. Do not re-derive it or substitute your own thresholds.

Apply this rubric:
- BLOCK if sanctions matches > 0, OR the band is EXTREME_ABOVE_10X_MEDIAN, OR a counterparty name indicates a shell/front company (contains SUSPICIOUS, SHELL, UNKNOWN, or is a generic non-identifiable trading name).
- ESCALATE if the band is ELEVATED_BETWEEN_5X_AND_10X_MEDIAN, OR cost per kg was not computable, OR a required commercial figure is missing, OR document provenance reports extraction confidence below 60/100 or a failed validation. An ELEVATED band alone must NOT be blocked.
- CLEAR if sanctions matches = 0 AND the band is NORMAL_AT_OR_BELOW_5X_MEDIAN AND both counterparties are recognisable real businesses AND (if provenance is given) the extraction validated cleanly. A heavy-weight, high-value or duplicate-BL flag alone, with a NORMAL band and clean screening, is a routine data-quality issue and should be CLEARED.

Cite the actual numbers in your reason.
Return: decision (one of BLOCK/ESCALATE/CLEAR), reason (one sentence, max 200 chars, citing the decisive evidence), assessment (a short risk assessment naming the key indicators and their values).

Alert evidence: Alert type: WEIGHT_ANOMALY. BL: APZU08707. Shipper: Vinamilk Co Ltd. Consignee: Walmart Inc. Carrier: MSC. Route: JPYOK -> USNYC. Charges: $7278. Weight: 30627kg. Cost per kg: $0.2376 (0.93x the peer median of $0.2558). PRE-COMPUTED COST-PER-KG BAND: NORMAL_AT_OR_BELOW_5X_MEDIAN. This band is economically ordinary and does NOT justify BLOCK or ESCALATE on its own. Sanctions/export-restriction list matches for the counterparties: 0 (0 = both parties clear, -1 = screening data unavailable).","{""assessment"":""The key indicators are the cost-per-kg band (NORMAL_AT_OR_BELOW_5X_MEDIAN) and sanctions matches (0). Both counterparties are recognisable real businesses, and the cost per kg is economically ordinary. There are no indicators of fraud or compliance issues."",""decision"":""CLEAR"",""reason"":""Sanctions matches = 0, cost-per-kg band is NORMAL_AT_OR_BELOW_5X_MEDIAN, and both counterparties are recognisable real businesses.""}",733,"SUCCESS","\N","2026-08-02 01:04:49.028","fraud_investigation:attempt1","WORKFLOW_INVESTIGATE_ANOMALY",597,136,25788,"SUCCESS",681
283,"mistral-large2","You are a maritime logistics fraud and compliance analyst.

The cost-per-kg threshold comparison has ALREADY been computed for you and is given as PRE-COMPUTED COST-PER-KG BAND. Trust that band and the rule stated next to it. Do not re-derive it or substitute your own thresholds.

Apply this rubric:
- BLOCK if sanctions matches > 0, OR the band is EXTREME_ABOVE_10X_MEDIAN, OR a counterparty name indicates a shell/front company (contains SUSPICIOUS, SHELL, UNKNOWN, or is a generic non-identifiable trading name).
- ESCALATE if the band is ELEVATED_BETWEEN_5X_AND_10X_MEDIAN, OR cost per kg was not computable, OR a required commercial figure is missing, OR document provenance reports extraction confidence below 60/100 or a failed validation. An ELEVATED band alone must NOT be blocked.
- CLEAR if sanctions matches = 0 AND the band is NORMAL_AT_OR_BELOW_5X_MEDIAN AND both counterparties are recognisable real businesses AND (if provenance is given) the extraction validated cleanly. A heavy-weight, high-value or duplicate-BL flag alone, with a NORMAL band and clean screening, is a routine data-quality issue and should be CLEARED.

Cite the actual numbers in your reason.
Return: decision (one of BLOCK/ESCALATE/CLEAR), reason (one sentence, max 200 chars, citing the decisive evidence), assessment (a short risk assessment naming the key indicators and their values).

Alert evidence: Alert type: WEIGHT_ANOMALY. BL: CMDU01661. Shipper: ABC Electronics Vietnam. Consignee: Home Depot. Carrier: MSC. Route: JPTYO -> SGSIN. Charges: $5155. Weight: 31369kg. Cost per kg: $0.1643 (0.64x the peer median of $0.2558). PRE-COMPUTED COST-PER-KG BAND: NORMAL_AT_OR_BELOW_5X_MEDIAN. This band is economically ordinary and does NOT justify BLOCK or ESCALATE on its own. Sanctions/export-restriction list matches for the counterparties: 0 (0 = both parties clear, -1 = screening data unavailable).","{""assessment"":""The key indicators are the cost-per-kg band (NORMAL_AT_OR_BELOW_5X_MEDIAN) and sanctions matches (0). Both counterparties are recognisable real businesses, and the cost per kg is economically ordinary. There are no indications of fraud or compliance issues."",""decision"":""CLEAR"",""reason"":""Sanctions matches = 0, cost-per-kg band is NORMAL_AT_OR_BELOW_5X_MEDIAN, and both counterparties are recognisable real businesses.""}",734,"SUCCESS","\N","2026-08-02 01:04:56.958","fraud_investigation:attempt1","WORKFLOW_INVESTIGATE_ANOMALY",598,136,3252,"SUCCESS",682
284,"mistral-large2","You are a maritime logistics fraud and compliance analyst.

The cost-per-kg threshold comparison has ALREADY been computed for you and is given as PRE-COMPUTED COST-PER-KG BAND. Trust that band and the rule stated next to it. Do not re-derive it or substitute your own thresholds.

Apply this rubric:
- BLOCK if sanctions matches > 0, OR the band is EXTREME_ABOVE_10X_MEDIAN, OR a counterparty name indicates a shell/front company (contains SUSPICIOUS, SHELL, UNKNOWN, or is a generic non-identifiable trading name).
- ESCALATE if the band is ELEVATED_BETWEEN_5X_AND_10X_MEDIAN, OR cost per kg was not computable, OR a required commercial figure is missing, OR document provenance reports extraction confidence below 60/100 or a failed validation. An ELEVATED band alone must NOT be blocked.
- CLEAR if sanctions matches = 0 AND the band is NORMAL_AT_OR_BELOW_5X_MEDIAN AND both counterparties are recognisable real businesses AND (if provenance is given) the extraction validated cleanly. A heavy-weight, high-value or duplicate-BL flag alone, with a NORMAL band and clean screening, is a routine data-quality issue and should be CLEARED.

Cite the actual numbers in your reason.
Return: decision (one of BLOCK/ESCALATE/CLEAR), reason (one sentence, max 200 chars, citing the decisive evidence), assessment (a short risk assessment naming the key indicators and their values).

Alert evidence: Alert type: WEIGHT_ANOMALY. BL: ONEY02488. Shipper: Viglacera Corp. Consignee: Target Corp. Carrier: MSC. Route: JPYOK -> DEHAM. Charges: $6974. Weight: 34966kg. Cost per kg: $0.1995 (0.78x the peer median of $0.2558). PRE-COMPUTED COST-PER-KG BAND: NORMAL_AT_OR_BELOW_5X_MEDIAN. This band is economically ordinary and does NOT justify BLOCK or ESCALATE on its own. Sanctions/export-restriction list matches for the counterparties: 0 (0 = both parties clear, -1 = screening data unavailable).","{""assessment"":""The key indicators are the cost-per-kg band (NORMAL_AT_OR_BELOW_5X_MEDIAN) and sanctions matches (0). Both counterparties are recognisable real businesses, and the cost per kg is economically ordinary. There are no indications of fraud or compliance issues."",""decision"":""CLEAR"",""reason"":""Sanctions matches = 0, cost-per-kg band is NORMAL_AT_OR_BELOW_5X_MEDIAN, and both counterparties are recognisable real businesses.""}",734,"SUCCESS","\N","2026-08-02 01:05:07.598","fraud_investigation:attempt1","WORKFLOW_INVESTIGATE_ANOMALY",598,136,5190,"SUCCESS",683
285,"mistral-large2","You are a maritime logistics fraud and compliance analyst.

The cost-per-kg threshold comparison has ALREADY been computed for you and is given as PRE-COMPUTED COST-PER-KG BAND. Trust that band and the rule stated next to it. Do not re-derive it or substitute your own thresholds.

Apply this rubric:
- BLOCK if sanctions matches > 0, OR the band is EXTREME_ABOVE_10X_MEDIAN, OR a counterparty name indicates a shell/front company (contains SUSPICIOUS, SHELL, UNKNOWN, or is a generic non-identifiable trading name).
- ESCALATE if the band is ELEVATED_BETWEEN_5X_AND_10X_MEDIAN, OR cost per kg was not computable, OR a required commercial figure is missing, OR document provenance reports extraction confidence below 60/100 or a failed validation. An ELEVATED band alone must NOT be blocked.
- CLEAR if sanctions matches = 0 AND the band is NORMAL_AT_OR_BELOW_5X_MEDIAN AND both counterparties are recognisable real businesses AND (if provenance is given) the extraction validated cleanly. A heavy-weight, high-value or duplicate-BL flag alone, with a NORMAL band and clean screening, is a routine data-quality issue and should be CLEARED.

Cite the actual numbers in your reason.
Return: decision (one of BLOCK/ESCALATE/CLEAR), reason (one sentence, max 200 chars, citing the decisive evidence), assessment (a short risk assessment naming the key indicators and their values).

Alert evidence: Alert type: WEIGHT_ANOMALY. BL: ONEY08618. Shipper: Honda Vietnam. Consignee: Carrefour SA. Carrier: MSC. Route: INMUN -> NLRTM. Charges: $6691. Weight: 43150kg. Cost per kg: $0.1551 (0.61x the peer median of $0.2558). PRE-COMPUTED COST-PER-KG BAND: NORMAL_AT_OR_BELOW_5X_MEDIAN. This band is economically ordinary and does NOT justify BLOCK or ESCALATE on its own. Sanctions/export-restriction list matches for the counterparties: 0 (0 = both parties clear, -1 = screening data unavailable).","{""assessment"":""The key indicators are the cost-per-kg band (NORMAL_AT_OR_BELOW_5X_MEDIAN) and sanctions matches (0). Both counterparties are recognisable real businesses, and the cost per kg is economically ordinary. There are no indications of fraud or compliance issues."",""decision"":""CLEAR"",""reason"":""Sanctions matches = 0, cost-per-kg band is NORMAL_AT_OR_BELOW_5X_MEDIAN, and both counterparties are recognisable real businesses.""}",731,"SUCCESS","\N","2026-08-02 01:05:18.034","fraud_investigation:attempt1","WORKFLOW_INVESTIGATE_ANOMALY",595,136,5361,"SUCCESS",684
286,"mistral-large2","You are a maritime logistics fraud and compliance analyst.

The cost-per-kg threshold comparison has ALREADY been computed for you and is given as PRE-COMPUTED COST-PER-KG BAND. Trust that band and the rule stated next to it. Do not re-derive it or substitute your own thresholds.

Apply this rubric:
- BLOCK if sanctions matches > 0, OR the band is EXTREME_ABOVE_10X_MEDIAN, OR a counterparty name indicates a shell/front company (contains SUSPICIOUS, SHELL, UNKNOWN, or is a generic non-identifiable trading name).
- ESCALATE if the band is ELEVATED_BETWEEN_5X_AND_10X_MEDIAN, OR cost per kg was not computable, OR a required commercial figure is missing, OR document provenance reports extraction confidence below 60/100 or a failed validation. An ELEVATED band alone must NOT be blocked.
- CLEAR if sanctions matches = 0 AND the band is NORMAL_AT_OR_BELOW_5X_MEDIAN AND both counterparties are recognisable real businesses AND (if provenance is given) the extraction validated cleanly. A heavy-weight, high-value or duplicate-BL flag alone, with a NORMAL band and clean screening, is a routine data-quality issue and should be CLEARED.

Cite the actual numbers in your reason.
Return: decision (one of BLOCK/ESCALATE/CLEAR), reason (one sentence, max 200 chars, citing the decisive evidence), assessment (a short risk assessment naming the key indicators and their values).

Alert evidence: Alert type: WEIGHT_ANOMALY. BL: APZU09956. Shipper: Panasonic Vietnam. Consignee: Carrefour SA. Carrier: CMA_CGM. Route: CNNGB -> MYPKG. Charges: $4156. Weight: 32573kg. Cost per kg: $0.1276 (0.5x the peer median of $0.2558). PRE-COMPUTED COST-PER-KG BAND: NORMAL_AT_OR_BELOW_5X_MEDIAN. This band is economically ordinary and does NOT justify BLOCK or ESCALATE on its own. Sanctions/export-restriction list matches for the counterparties: 0 (0 = both parties clear, -1 = screening data unavailable).","{""assessment"":""The key indicators are the cost-per-kg band (NORMAL_AT_OR_BELOW_5X_MEDIAN) and sanctions matches (0). Both counterparties are recognisable real businesses, and the cost per kg is economically ordinary. There are no indications of fraud or compliance issues."",""decision"":""CLEAR"",""reason"":""Sanctions matches = 0, cost-per-kg band is NORMAL_AT_OR_BELOW_5X_MEDIAN, and both counterparties are recognisable real businesses.""}",734,"SUCCESS","\N","2026-08-02 01:05:26.166","fraud_investigation:attempt1","WORKFLOW_INVESTIGATE_ANOMALY",598,136,3522,"SUCCESS",685
287,"mistral-large2","You are a maritime logistics fraud and compliance analyst.

The cost-per-kg threshold comparison has ALREADY been computed for you and is given as PRE-COMPUTED COST-PER-KG BAND. Trust that band and the rule stated next to it. Do not re-derive it or substitute your own thresholds.

Apply this rubric:
- BLOCK if sanctions matches > 0, OR the band is EXTREME_ABOVE_10X_MEDIAN, OR a counterparty name indicates a shell/front company (contains SUSPICIOUS, SHELL, UNKNOWN, or is a generic non-identifiable trading name).
- ESCALATE if the band is ELEVATED_BETWEEN_5X_AND_10X_MEDIAN, OR cost per kg was not computable, OR a required commercial figure is missing, OR document provenance reports extraction confidence below 60/100 or a failed validation. An ELEVATED band alone must NOT be blocked.
- CLEAR if sanctions matches = 0 AND the band is NORMAL_AT_OR_BELOW_5X_MEDIAN AND both counterparties are recognisable real businesses AND (if provenance is given) the extraction validated cleanly. A heavy-weight, high-value or duplicate-BL flag alone, with a NORMAL band and clean screening, is a routine data-quality issue and should be CLEARED.

Cite the actual numbers in your reason.
Return: decision (one of BLOCK/ESCALATE/CLEAR), reason (one sentence, max 200 chars, citing the decisive evidence), assessment (a short risk assessment naming the key indicators and their values).

Alert evidence: Alert type: WEIGHT_ANOMALY. BL: HLCU08828. Shipper: Canon Vietnam. Consignee: Seven Eleven Japan. Carrier: CMA_CGM. Route: GBFXT -> CNSHA. Charges: $3299. Weight: 31990kg. Cost per kg: $0.1031 (0.4x the peer median of $0.2558). PRE-COMPUTED COST-PER-KG BAND: NORMAL_AT_OR_BELOW_5X_MEDIAN. This band is economically ordinary and does NOT justify BLOCK or ESCALATE on its own. Sanctions/export-restriction list matches for the counterparties: 0 (0 = both parties clear, -1 = screening data unavailable).","{""assessment"":""The key indicators are the cost-per-kg band (NORMAL_AT_OR_BELOW_5X_MEDIAN) and sanctions matches (0). Both counterparties are recognisable real businesses, and the cost per kg is economically ordinary. There are no indicators of high risk."",""decision"":""CLEAR"",""reason"":""Sanctions matches = 0, cost-per-kg band is NORMAL_AT_OR_BELOW_5X_MEDIAN, and both counterparties are recognisable real businesses.""}",732,"SUCCESS","\N","2026-08-02 01:05:42.523","fraud_investigation:attempt1","WORKFLOW_INVESTIGATE_ANOMALY",598,134,9603,"SUCCESS",686
288,"mistral-large2","You are a maritime logistics fraud and compliance analyst.

The cost-per-kg threshold comparison has ALREADY been computed for you and is given as PRE-COMPUTED COST-PER-KG BAND. Trust that band and the rule stated next to it. Do not re-derive it or substitute your own thresholds.

Apply this rubric:
- BLOCK if sanctions matches > 0, OR the band is EXTREME_ABOVE_10X_MEDIAN, OR a counterparty name indicates a shell/front company (contains SUSPICIOUS, SHELL, UNKNOWN, or is a generic non-identifiable trading name).
- ESCALATE if the band is ELEVATED_BETWEEN_5X_AND_10X_MEDIAN, OR cost per kg was not computable, OR a required commercial figure is missing, OR document provenance reports extraction confidence below 60/100 or a failed validation. An ELEVATED band alone must NOT be blocked.
- CLEAR if sanctions matches = 0 AND the band is NORMAL_AT_OR_BELOW_5X_MEDIAN AND both counterparties are recognisable real businesses AND (if provenance is given) the extraction validated cleanly. A heavy-weight, high-value or duplicate-BL flag alone, with a NORMAL band and clean screening, is a routine data-quality issue and should be CLEARED.

Cite the actual numbers in your reason.
Return: decision (one of BLOCK/ESCALATE/CLEAR), reason (one sentence, max 200 chars, citing the decisive evidence), assessment (a short risk assessment naming the key indicators and their values).

Alert evidence: Alert type: WEIGHT_ANOMALY. BL: EGLV05869. Shipper: Toyota Vietnam. Consignee: Walmart Inc. Carrier: CMA_CGM. Route: USLGB -> USLGB. Charges: $5847. Weight: 30964kg. Cost per kg: $0.1888 (0.74x the peer median of $0.2558). PRE-COMPUTED COST-PER-KG BAND: NORMAL_AT_OR_BELOW_5X_MEDIAN. This band is economically ordinary and does NOT justify BLOCK or ESCALATE on its own. Sanctions/export-restriction list matches for the counterparties: 0 (0 = both parties clear, -1 = screening data unavailable).","{""assessment"":""The key indicators are the cost-per-kg band (NORMAL_AT_OR_BELOW_5X_MEDIAN) and sanctions matches (0). Both counterparties are recognisable real businesses, and the cost per kg is economically ordinary. There are no indicators of high risk."",""decision"":""CLEAR"",""reason"":""Sanctions matches = 0, cost-per-kg band is NORMAL_AT_OR_BELOW_5X_MEDIAN, and both counterparties are recognisable real businesses.""}",732,"SUCCESS","\N","2026-08-02 01:06:25.116","fraud_investigation:attempt1","WORKFLOW_INVESTIGATE_ANOMALY",598,134,35594,"SUCCESS",687
289,"mistral-large2","You are a maritime logistics fraud and compliance analyst.

The cost-per-kg threshold comparison has ALREADY been computed for you and is given as PRE-COMPUTED COST-PER-KG BAND. Trust that band and the rule stated next to it. Do not re-derive it or substitute your own thresholds.

Apply this rubric:
- BLOCK if sanctions matches > 0, OR the band is EXTREME_ABOVE_10X_MEDIAN, OR a counterparty name indicates a shell/front company (contains SUSPICIOUS, SHELL, UNKNOWN, or is a generic non-identifiable trading name).
- ESCALATE if the band is ELEVATED_BETWEEN_5X_AND_10X_MEDIAN, OR cost per kg was not computable, OR a required commercial figure is missing, OR document provenance reports extraction confidence below 60/100 or a failed validation. An ELEVATED band alone must NOT be blocked.
- CLEAR if sanctions matches = 0 AND the band is NORMAL_AT_OR_BELOW_5X_MEDIAN AND both counterparties are recognisable real businesses AND (if provenance is given) the extraction validated cleanly. A heavy-weight, high-value or duplicate-BL flag alone, with a NORMAL band and clean screening, is a routine data-quality issue and should be CLEARED.

Cite the actual numbers in your reason.
Return: decision (one of BLOCK/ESCALATE/CLEAR), reason (one sentence, max 200 chars, citing the decisive evidence), assessment (a short risk assessment naming the key indicators and their values).

Alert evidence: Alert type: WEIGHT_ANOMALY. BL: ONEY02724. Shipper: ABC Electronics Vietnam. Consignee: Shopee Express. Carrier: CMA_CGM. Route: DEHAM -> INMUN. Charges: $5005. Weight: 33828kg. Cost per kg: $0.148 (0.58x the peer median of $0.2558). PRE-COMPUTED COST-PER-KG BAND: NORMAL_AT_OR_BELOW_5X_MEDIAN. This band is economically ordinary and does NOT justify BLOCK or ESCALATE on its own. Sanctions/export-restriction list matches for the counterparties: 0 (0 = both parties clear, -1 = screening data unavailable).","{""assessment"":""The key indicators are the cost-per-kg band (NORMAL_AT_OR_BELOW_5X_MEDIAN) and sanctions matches (0). Both counterparties are recognisable real businesses, and the cost per kg is economically ordinary. There are no indications of fraud or compliance issues."",""decision"":""CLEAR"",""reason"":""Sanctions matches = 0, cost-per-kg band is NORMAL_AT_OR_BELOW_5X_MEDIAN, and both counterparties are recognisable real businesses.""}",735,"SUCCESS","\N","2026-08-02 01:06:34.076","fraud_investigation:attempt1","WORKFLOW_INVESTIGATE_ANOMALY",599,136,3509,"SUCCESS",688
290,"mistral-large2","You are a maritime logistics fraud and compliance analyst.

The cost-per-kg threshold comparison has ALREADY been computed for you and is given as PRE-COMPUTED COST-PER-KG BAND. Trust that band and the rule stated next to it. Do not re-derive it or substitute your own thresholds.

Apply this rubric:
- BLOCK if sanctions matches > 0, OR the band is EXTREME_ABOVE_10X_MEDIAN, OR a counterparty name indicates a shell/front company (contains SUSPICIOUS, SHELL, UNKNOWN, or is a generic non-identifiable trading name).
- ESCALATE if the band is ELEVATED_BETWEEN_5X_AND_10X_MEDIAN, OR cost per kg was not computable, OR a required commercial figure is missing, OR document provenance reports extraction confidence below 60/100 or a failed validation. An ELEVATED band alone must NOT be blocked.
- CLEAR if sanctions matches = 0 AND the band is NORMAL_AT_OR_BELOW_5X_MEDIAN AND both counterparties are recognisable real businesses AND (if provenance is given) the extraction validated cleanly. A heavy-weight, high-value or duplicate-BL flag alone, with a NORMAL band and clean screening, is a routine data-quality issue and should be CLEARED.

Cite the actual numbers in your reason.
Return: decision (one of BLOCK/ESCALATE/CLEAR), reason (one sentence, max 200 chars, citing the decisive evidence), assessment (a short risk assessment naming the key indicators and their values).

Alert evidence: Alert type: WEIGHT_ANOMALY. BL: HLCU01698. Shipper: Viglacera Corp. Consignee: AEON Japan. Carrier: CMA_CGM. Route: MYPKG -> AEJEA. Charges: $5899. Weight: 30946kg. Cost per kg: $0.1906 (0.75x the peer median of $0.2558). PRE-COMPUTED COST-PER-KG BAND: NORMAL_AT_OR_BELOW_5X_MEDIAN. This band is economically ordinary and does NOT justify BLOCK or ESCALATE on its own. Sanctions/export-restriction list matches for the counterparties: 0 (0 = both parties clear, -1 = screening data unavailable).","{""assessment"":""The key indicators are the cost-per-kg band (NORMAL_AT_OR_BELOW_5X_MEDIAN) and sanctions matches (0). Both counterparties are recognisable real businesses, and the cost per kg is economically ordinary."",""decision"":""CLEAR"",""reason"":""Sanctions matches = 0, cost-per-kg band is NORMAL_AT_OR_BELOW_5X_MEDIAN, and both counterparties are recognisable real businesses.""}",729,"SUCCESS","\N","2026-08-02 01:06:59.455","fraud_investigation:attempt1","WORKFLOW_INVESTIGATE_ANOMALY",604,125,20908,"SUCCESS",689
291,"mistral-large2","You are a maritime logistics fraud and compliance analyst.

The cost-per-kg threshold comparison has ALREADY been computed for you and is given as PRE-COMPUTED COST-PER-KG BAND. Trust that band and the rule stated next to it. Do not re-derive it or substitute your own thresholds.

Apply this rubric:
- BLOCK if sanctions matches > 0, OR the band is EXTREME_ABOVE_10X_MEDIAN, OR a counterparty name indicates a shell/front company (contains SUSPICIOUS, SHELL, UNKNOWN, or is a generic non-identifiable trading name).
- ESCALATE if the band is ELEVATED_BETWEEN_5X_AND_10X_MEDIAN, OR cost per kg was not computable, OR a required commercial figure is missing, OR document provenance reports extraction confidence below 60/100 or a failed validation. An ELEVATED band alone must NOT be blocked.
- CLEAR if sanctions matches = 0 AND the band is NORMAL_AT_OR_BELOW_5X_MEDIAN AND both counterparties are recognisable real businesses AND (if provenance is given) the extraction validated cleanly. A heavy-weight, high-value or duplicate-BL flag alone, with a NORMAL band and clean screening, is a routine data-quality issue and should be CLEARED.

Cite the actual numbers in your reason.
Return: decision (one of BLOCK/ESCALATE/CLEAR), reason (one sentence, max 200 chars, citing the decisive evidence), assessment (a short risk assessment naming the key indicators and their values).

Alert evidence: Alert type: WEIGHT_ANOMALY. BL: APZU00885. Shipper: Panasonic Vietnam. Consignee: Costco Wholesale. Carrier: COSCO. Route: DEHAM -> USLGB. Charges: $4352. Weight: 30017kg. Cost per kg: $0.145 (0.57x the peer median of $0.2558). PRE-COMPUTED COST-PER-KG BAND: NORMAL_AT_OR_BELOW_5X_MEDIAN. This band is economically ordinary and does NOT justify BLOCK or ESCALATE on its own. Sanctions/export-restriction list matches for the counterparties: 0 (0 = both parties clear, -1 = screening data unavailable).","{""assessment"":""The key indicators are the cost-per-kg band (NORMAL_AT_OR_BELOW_5X_MEDIAN) and sanctions matches (0). Both counterparties are recognisable real businesses, and the cost per kg is economically ordinary."",""decision"":""CLEAR"",""reason"":""Sanctions matches = 0, cost-per-kg band is NORMAL_AT_OR_BELOW_5X_MEDIAN, and both counterparties are recognisable real businesses.""}",723,"SUCCESS","\N","2026-08-02 01:07:08.556","fraud_investigation:attempt1","WORKFLOW_INVESTIGATE_ANOMALY",598,125,3159,"SUCCESS",690
292,"mistral-large2","You are a maritime logistics fraud and compliance analyst.

The cost-per-kg threshold comparison has ALREADY been computed for you and is given as PRE-COMPUTED COST-PER-KG BAND. Trust that band and the rule stated next to it. Do not re-derive it or substitute your own thresholds.

Apply this rubric:
- BLOCK if sanctions matches > 0, OR the band is EXTREME_ABOVE_10X_MEDIAN, OR a counterparty name indicates a shell/front company (contains SUSPICIOUS, SHELL, UNKNOWN, or is a generic non-identifiable trading name).
- ESCALATE if the band is ELEVATED_BETWEEN_5X_AND_10X_MEDIAN, OR cost per kg was not computable, OR a required commercial figure is missing, OR document provenance reports extraction confidence below 60/100 or a failed validation. An ELEVATED band alone must NOT be blocked.
- CLEAR if sanctions matches = 0 AND the band is NORMAL_AT_OR_BELOW_5X_MEDIAN AND both counterparties are recognisable real businesses AND (if provenance is given) the extraction validated cleanly. A heavy-weight, high-value or duplicate-BL flag alone, with a NORMAL band and clean screening, is a routine data-quality issue and should be CLEARED.

Cite the actual numbers in your reason.
Return: decision (one of BLOCK/ESCALATE/CLEAR), reason (one sentence, max 200 chars, citing the decisive evidence), assessment (a short risk assessment naming the key indicators and their values).

Alert evidence: Alert type: WEIGHT_ANOMALY. BL: HLCU09205. Shipper: LG Display Vietnam. Consignee: Tesco PLC. Carrier: COSCO. Route: MYPKG -> NLRTM. Charges: $3655. Weight: 39162kg. Cost per kg: $0.0933 (0.36x the peer median of $0.2558). PRE-COMPUTED COST-PER-KG BAND: NORMAL_AT_OR_BELOW_5X_MEDIAN. This band is economically ordinary and does NOT justify BLOCK or ESCALATE on its own. Sanctions/export-restriction list matches for the counterparties: 0 (0 = both parties clear, -1 = screening data unavailable).","{""assessment"":""The key indicators are the cost-per-kg band (NORMAL_AT_OR_BELOW_5X_MEDIAN) and sanctions matches (0). Both counterparties are recognisable real businesses, and the cost per kg is economically ordinary. There are no indicators of high risk."",""decision"":""CLEAR"",""reason"":""Sanctions matches = 0, cost-per-kg band is NORMAL_AT_OR_BELOW_5X_MEDIAN, and both counterparties are recognisable real businesses.""}",732,"SUCCESS","\N","2026-08-02 01:07:18.681","fraud_investigation:attempt1","WORKFLOW_INVESTIGATE_ANOMALY",598,134,4118,"SUCCESS",691
293,"mistral-large2","You are a maritime logistics fraud and compliance analyst.

The cost-per-kg threshold comparison has ALREADY been computed for you and is given as PRE-COMPUTED COST-PER-KG BAND. Trust that band and the rule stated next to it. Do not re-derive it or substitute your own thresholds.

Apply this rubric:
- BLOCK if sanctions matches > 0, OR the band is EXTREME_ABOVE_10X_MEDIAN, OR a counterparty name indicates a shell/front company (contains SUSPICIOUS, SHELL, UNKNOWN, or is a generic non-identifiable trading name).
- ESCALATE if the band is ELEVATED_BETWEEN_5X_AND_10X_MEDIAN, OR cost per kg was not computable, OR a required commercial figure is missing, OR document provenance reports extraction confidence below 60/100 or a failed validation. An ELEVATED band alone must NOT be blocked.
- CLEAR if sanctions matches = 0 AND the band is NORMAL_AT_OR_BELOW_5X_MEDIAN AND both counterparties are recognisable real businesses AND (if provenance is given) the extraction validated cleanly. A heavy-weight, high-value or duplicate-BL flag alone, with a NORMAL band and clean screening, is a routine data-quality issue and should be CLEARED.

Cite the actual numbers in your reason.
Return: decision (one of BLOCK/ESCALATE/CLEAR), reason (one sentence, max 200 chars, citing the decisive evidence), assessment (a short risk assessment naming the key indicators and their values).

Alert evidence: Alert type: WEIGHT_ANOMALY. BL: MAEU05237. Shipper: LG Display Vietnam. Consignee: Amazon Logistics. Carrier: COSCO. Route: CNSHA -> SGSIN. Charges: $5831. Weight: 30693kg. Cost per kg: $0.19 (0.74x the peer median of $0.2558). PRE-COMPUTED COST-PER-KG BAND: NORMAL_AT_OR_BELOW_5X_MEDIAN. This band is economically ordinary and does NOT justify BLOCK or ESCALATE on its own. Sanctions/export-restriction list matches for the counterparties: 0 (0 = both parties clear, -1 = screening data unavailable).","{""assessment"":""The key indicators are the cost-per-kg band (NORMAL_AT_OR_BELOW_5X_MEDIAN) and sanctions matches (0). Both counterparties are recognisable real businesses, and the cost per kg is economically ordinary. There are no indicators of high risk."",""decision"":""CLEAR"",""reason"":""Sanctions matches = 0, cost-per-kg band is NORMAL_AT_OR_BELOW_5X_MEDIAN, and both counterparties are recognisable real businesses.""}",729,"SUCCESS","\N","2026-08-02 01:07:48.513","fraud_investigation:attempt1","WORKFLOW_INVESTIGATE_ANOMALY",595,134,22935,"SUCCESS",692
294,"mistral-large2","You are a maritime logistics fraud and compliance analyst.

The cost-per-kg threshold comparison has ALREADY been computed for you and is given as PRE-COMPUTED COST-PER-KG BAND. Trust that band and the rule stated next to it. Do not re-derive it or substitute your own thresholds.

Apply this rubric:
- BLOCK if sanctions matches > 0, OR the band is EXTREME_ABOVE_10X_MEDIAN, OR a counterparty name indicates a shell/front company (contains SUSPICIOUS, SHELL, UNKNOWN, or is a generic non-identifiable trading name).
- ESCALATE if the band is ELEVATED_BETWEEN_5X_AND_10X_MEDIAN, OR cost per kg was not computable, OR a required commercial figure is missing, OR document provenance reports extraction confidence below 60/100 or a failed validation. An ELEVATED band alone must NOT be blocked.
- CLEAR if sanctions matches = 0 AND the band is NORMAL_AT_OR_BELOW_5X_MEDIAN AND both counterparties are recognisable real businesses AND (if provenance is given) the extraction validated cleanly. A heavy-weight, high-value or duplicate-BL flag alone, with a NORMAL band and clean screening, is a routine data-quality issue and should be CLEARED.

Cite the actual numbers in your reason.
Return: decision (one of BLOCK/ESCALATE/CLEAR), reason (one sentence, max 200 chars, citing the decisive evidence), assessment (a short risk assessment naming the key indicators and their values).

Alert evidence: Alert type: WEIGHT_ANOMALY. BL: ONEY01301. Shipper: Binh Tien Consumer. Consignee: Asian Foods LLC. Carrier: COSCO. Route: AEJEA -> BEANR. Charges: $2912. Weight: 38208kg. Cost per kg: $0.0762 (0.3x the peer median of $0.2558). PRE-COMPUTED COST-PER-KG BAND: NORMAL_AT_OR_BELOW_5X_MEDIAN. This band is economically ordinary and does NOT justify BLOCK or ESCALATE on its own. Sanctions/export-restriction list matches for the counterparties: 0 (0 = both parties clear, -1 = screening data unavailable).","{""assessment"":""The key indicators are the cost-per-kg band (NORMAL_AT_OR_BELOW_5X_MEDIAN) and sanctions matches (0). Both counterparties are recognisable real businesses, and the cost per kg is economically ordinary. There are no indications of shell/front companies or extraction issues."",""decision"":""CLEAR"",""reason"":""Sanctions matches = 0, cost-per-kg band is NORMAL_AT_OR_BELOW_5X_MEDIAN, and both counterparties are recognisable real businesses.""}",739,"SUCCESS","\N","2026-08-02 01:07:58.547","fraud_investigation:attempt1","WORKFLOW_INVESTIGATE_ANOMALY",599,140,5300,"SUCCESS",693
295,"mistral-large2","You are a maritime logistics fraud and compliance analyst.

The cost-per-kg threshold comparison has ALREADY been computed for you and is given as PRE-COMPUTED COST-PER-KG BAND. Trust that band and the rule stated next to it. Do not re-derive it or substitute your own thresholds.

Apply this rubric:
- BLOCK if sanctions matches > 0, OR the band is EXTREME_ABOVE_10X_MEDIAN, OR a counterparty name indicates a shell/front company (contains SUSPICIOUS, SHELL, UNKNOWN, or is a generic non-identifiable trading name).
- ESCALATE if the band is ELEVATED_BETWEEN_5X_AND_10X_MEDIAN, OR cost per kg was not computable, OR a required commercial figure is missing, OR document provenance reports extraction confidence below 60/100 or a failed validation. An ELEVATED band alone must NOT be blocked.
- CLEAR if sanctions matches = 0 AND the band is NORMAL_AT_OR_BELOW_5X_MEDIAN AND both counterparties are recognisable real businesses AND (if provenance is given) the extraction validated cleanly. A heavy-weight, high-value or duplicate-BL flag alone, with a NORMAL band and clean screening, is a routine data-quality issue and should be CLEARED.

Cite the actual numbers in your reason.
Return: decision (one of BLOCK/ESCALATE/CLEAR), reason (one sentence, max 200 chars, citing the decisive evidence), assessment (a short risk assessment naming the key indicators and their values).

Alert evidence: Alert type: WEIGHT_ANOMALY. BL: OOLU07206. Shipper: Intel Products Vietnam. Consignee: Lazada Group. Carrier: COSCO. Route: USNYC -> CNSHA. Charges: $3414. Weight: 35536kg. Cost per kg: $0.0961 (0.38x the peer median of $0.2558). PRE-COMPUTED COST-PER-KG BAND: NORMAL_AT_OR_BELOW_5X_MEDIAN. This band is economically ordinary and does NOT justify BLOCK or ESCALATE on its own. Sanctions/export-restriction list matches for the counterparties: 0 (0 = both parties clear, -1 = screening data unavailable).","{""assessment"":""The key indicators are the cost-per-kg band (NORMAL_AT_OR_BELOW_5X_MEDIAN) and sanctions matches (0). Both counterparties are recognisable real businesses, and the cost per kg is economically ordinary. There are no indicators of fraud or compliance issues."",""decision"":""CLEAR"",""reason"":""Sanctions matches = 0, cost-per-kg band is NORMAL_AT_OR_BELOW_5X_MEDIAN, and both counterparties are recognisable real businesses.""}",733,"SUCCESS","\N","2026-08-02 01:08:25.615","fraud_investigation:attempt1","WORKFLOW_INVESTIGATE_ANOMALY",597,136,22372,"SUCCESS",694
296,"mistral-large2","You are a maritime logistics fraud and compliance analyst.

The cost-per-kg threshold comparison has ALREADY been computed for you and is given as PRE-COMPUTED COST-PER-KG BAND. Trust that band and the rule stated next to it. Do not re-derive it or substitute your own thresholds.

Apply this rubric:
- BLOCK if sanctions matches > 0, OR the band is EXTREME_ABOVE_10X_MEDIAN, OR a counterparty name indicates a shell/front company (contains SUSPICIOUS, SHELL, UNKNOWN, or is a generic non-identifiable trading name).
- ESCALATE if the band is ELEVATED_BETWEEN_5X_AND_10X_MEDIAN, OR cost per kg was not computable, OR a required commercial figure is missing, OR document provenance reports extraction confidence below 60/100 or a failed validation. An ELEVATED band alone must NOT be blocked.
- CLEAR if sanctions matches = 0 AND the band is NORMAL_AT_OR_BELOW_5X_MEDIAN AND both counterparties are recognisable real businesses AND (if provenance is given) the extraction validated cleanly. A heavy-weight, high-value or duplicate-BL flag alone, with a NORMAL band and clean screening, is a routine data-quality issue and should be CLEARED.

Cite the actual numbers in your reason.
Return: decision (one of BLOCK/ESCALATE/CLEAR), reason (one sentence, max 200 chars, citing the decisive evidence), assessment (a short risk assessment naming the key indicators and their values).

Alert evidence: Alert type: WEIGHT_ANOMALY. BL: HLCU09159. Shipper: Toyota Vietnam. Consignee: AEON Japan. Carrier: COSCO. Route: INMUN -> HKHKG. Charges: $5628. Weight: 38694kg. Cost per kg: $0.1454 (0.57x the peer median of $0.2558). PRE-COMPUTED COST-PER-KG BAND: NORMAL_AT_OR_BELOW_5X_MEDIAN. This band is economically ordinary and does NOT justify BLOCK or ESCALATE on its own. Sanctions/export-restriction list matches for the counterparties: 0 (0 = both parties clear, -1 = screening data unavailable).","{""assessment"":""The key indicators are the cost-per-kg band (NORMAL_AT_OR_BELOW_5X_MEDIAN) and sanctions matches (0). Both counterparties are recognisable real businesses, and the cost per kg is economically ordinary. There are no indications of fraud or compliance issues."",""decision"":""CLEAR"",""reason"":""Sanctions matches = 0, cost-per-kg band is NORMAL_AT_OR_BELOW_5X_MEDIAN, and both counterparties are recognisable real businesses.""}",735,"SUCCESS","\N","2026-08-02 01:08:34.001","fraud_investigation:attempt1","WORKFLOW_INVESTIGATE_ANOMALY",599,136,3891,"SUCCESS",695
297,"mistral-large2","You are a maritime logistics fraud and compliance analyst.

The cost-per-kg threshold comparison has ALREADY been computed for you and is given as PRE-COMPUTED COST-PER-KG BAND. Trust that band and the rule stated next to it. Do not re-derive it or substitute your own thresholds.

Apply this rubric:
- BLOCK if sanctions matches > 0, OR the band is EXTREME_ABOVE_10X_MEDIAN, OR a counterparty name indicates a shell/front company (contains SUSPICIOUS, SHELL, UNKNOWN, or is a generic non-identifiable trading name).
- ESCALATE if the band is ELEVATED_BETWEEN_5X_AND_10X_MEDIAN, OR cost per kg was not computable, OR a required commercial figure is missing, OR document provenance reports extraction confidence below 60/100 or a failed validation. An ELEVATED band alone must NOT be blocked.
- CLEAR if sanctions matches = 0 AND the band is NORMAL_AT_OR_BELOW_5X_MEDIAN AND both counterparties are recognisable real businesses AND (if provenance is given) the extraction validated cleanly. A heavy-weight, high-value or duplicate-BL flag alone, with a NORMAL band and clean screening, is a routine data-quality issue and should be CLEARED.

Cite the actual numbers in your reason.
Return: decision (one of BLOCK/ESCALATE/CLEAR), reason (one sentence, max 200 chars, citing the decisive evidence), assessment (a short risk assessment naming the key indicators and their values).

Alert evidence: Alert type: WEIGHT_ANOMALY. BL: YMLU03313. Shipper: Binh Tien Consumer. Consignee: Alibaba Trade. Carrier: COSCO. Route: GBFXT -> GBFXT. Charges: $5153. Weight: 40746kg. Cost per kg: $0.1265 (0.49x the peer median of $0.2558). PRE-COMPUTED COST-PER-KG BAND: NORMAL_AT_OR_BELOW_5X_MEDIAN. This band is economically ordinary and does NOT justify BLOCK or ESCALATE on its own. Sanctions/export-restriction list matches for the counterparties: 0 (0 = both parties clear, -1 = screening data unavailable).","{""assessment"":""The key indicators are the cost-per-kg band (NORMAL_AT_OR_BELOW_5X_MEDIAN) and sanctions matches (0). Both counterparties are recognisable real businesses, and the cost per kg is economically ordinary. There are no indications of fraud or compliance issues."",""decision"":""CLEAR"",""reason"":""Sanctions matches = 0, cost-per-kg band is NORMAL_AT_OR_BELOW_5X_MEDIAN, and both counterparties are recognisable real businesses.""}",736,"SUCCESS","\N","2026-08-02 01:08:42.949","fraud_investigation:attempt1","WORKFLOW_INVESTIGATE_ANOMALY",600,136,4668,"SUCCESS",696
298,"mistral-large2","You are a maritime logistics fraud and compliance analyst.

The cost-per-kg threshold comparison has ALREADY been computed for you and is given as PRE-COMPUTED COST-PER-KG BAND. Trust that band and the rule stated next to it. Do not re-derive it or substitute your own thresholds.

Apply this rubric:
- BLOCK if sanctions matches > 0, OR the band is EXTREME_ABOVE_10X_MEDIAN, OR a counterparty name indicates a shell/front company (contains SUSPICIOUS, SHELL, UNKNOWN, or is a generic non-identifiable trading name).
- ESCALATE if the band is ELEVATED_BETWEEN_5X_AND_10X_MEDIAN, OR cost per kg was not computable, OR a required commercial figure is missing, OR document provenance reports extraction confidence below 60/100 or a failed validation. An ELEVATED band alone must NOT be blocked.
- CLEAR if sanctions matches = 0 AND the band is NORMAL_AT_OR_BELOW_5X_MEDIAN AND both counterparties are recognisable real businesses AND (if provenance is given) the extraction validated cleanly. A heavy-weight, high-value or duplicate-BL flag alone, with a NORMAL band and clean screening, is a routine data-quality issue and should be CLEARED.

Cite the actual numbers in your reason.
Return: decision (one of BLOCK/ESCALATE/CLEAR), reason (one sentence, max 200 chars, citing the decisive evidence), assessment (a short risk assessment naming the key indicators and their values).

Alert evidence: Alert type: WEIGHT_ANOMALY. BL: MAEU05028. Shipper: Samsung Vietnam. Consignee: Seven Eleven Japan. Carrier: COSCO. Route: GBFXT -> USNYC. Charges: $4908. Weight: 31652kg. Cost per kg: $0.1551 (0.61x the peer median of $0.2558). PRE-COMPUTED COST-PER-KG BAND: NORMAL_AT_OR_BELOW_5X_MEDIAN. This band is economically ordinary and does NOT justify BLOCK or ESCALATE on its own. Sanctions/export-restriction list matches for the counterparties: 0 (0 = both parties clear, -1 = screening data unavailable).","{""assessment"":""The key indicators are the cost-per-kg band (NORMAL_AT_OR_BELOW_5X_MEDIAN) and sanctions matches (0). Both counterparties are recognisable real businesses, and the cost per kg is economically ordinary. There are no indications of fraud or compliance issues."",""decision"":""CLEAR"",""reason"":""Sanctions matches = 0, cost-per-kg band is NORMAL_AT_OR_BELOW_5X_MEDIAN, and both counterparties are recognisable real businesses.""}",732,"SUCCESS","\N","2026-08-02 01:08:51.715","fraud_investigation:attempt1","WORKFLOW_INVESTIGATE_ANOMALY",596,136,4415,"SUCCESS",697
299,"mistral-large2","You are a maritime logistics fraud and compliance analyst.

The cost-per-kg threshold comparison has ALREADY been computed for you and is given as PRE-COMPUTED COST-PER-KG BAND. Trust that band and the rule stated next to it. Do not re-derive it or substitute your own thresholds.

Apply this rubric:
- BLOCK if sanctions matches > 0, OR the band is EXTREME_ABOVE_10X_MEDIAN, OR a counterparty name indicates a shell/front company (contains SUSPICIOUS, SHELL, UNKNOWN, or is a generic non-identifiable trading name).
- ESCALATE if the band is ELEVATED_BETWEEN_5X_AND_10X_MEDIAN, OR cost per kg was not computable, OR a required commercial figure is missing, OR document provenance reports extraction confidence below 60/100 or a failed validation. An ELEVATED band alone must NOT be blocked.
- CLEAR if sanctions matches = 0 AND the band is NORMAL_AT_OR_BELOW_5X_MEDIAN AND both counterparties are recognisable real businesses AND (if provenance is given) the extraction validated cleanly. A heavy-weight, high-value or duplicate-BL flag alone, with a NORMAL band and clean screening, is a routine data-quality issue and should be CLEARED.

Cite the actual numbers in your reason.
Return: decision (one of BLOCK/ESCALATE/CLEAR), reason (one sentence, max 200 chars, citing the decisive evidence), assessment (a short risk assessment naming the key indicators and their values).

Alert evidence: Alert type: WEIGHT_ANOMALY. BL: EGLV05821. Shipper: Samsung Vietnam. Consignee: Costco Wholesale. Carrier: COSCO. Route: VNSGN -> MYPKG. Charges: $4418. Weight: 39038kg. Cost per kg: $0.1132 (0.44x the peer median of $0.2558). PRE-COMPUTED COST-PER-KG BAND: NORMAL_AT_OR_BELOW_5X_MEDIAN. This band is economically ordinary and does NOT justify BLOCK or ESCALATE on its own. Sanctions/export-restriction list matches for the counterparties: 0 (0 = both parties clear, -1 = screening data unavailable).","{""assessment"":""The key indicators are the cost-per-kg band (NORMAL_AT_OR_BELOW_5X_MEDIAN) and sanctions matches (0). Both counterparties are recognisable real businesses, and the cost per kg is economically ordinary."",""decision"":""CLEAR"",""reason"":""Sanctions matches = 0, cost-per-kg band is NORMAL_AT_OR_BELOW_5X_MEDIAN, and both counterparties are recognisable real businesses.""}",722,"SUCCESS","\N","2026-08-02 01:08:59.727","fraud_investigation:attempt1","WORKFLOW_INVESTIGATE_ANOMALY",597,125,3590,"SUCCESS",698
300,"mistral-large2","You are a maritime logistics fraud and compliance analyst.

The cost-per-kg threshold comparison has ALREADY been computed for you and is given as PRE-COMPUTED COST-PER-KG BAND. Trust that band and the rule stated next to it. Do not re-derive it or substitute your own thresholds.

Apply this rubric:
- BLOCK if sanctions matches > 0, OR the band is EXTREME_ABOVE_10X_MEDIAN, OR a counterparty name indicates a shell/front company (contains SUSPICIOUS, SHELL, UNKNOWN, or is a generic non-identifiable trading name).
- ESCALATE if the band is ELEVATED_BETWEEN_5X_AND_10X_MEDIAN, OR cost per kg was not computable, OR a required commercial figure is missing, OR document provenance reports extraction confidence below 60/100 or a failed validation. An ELEVATED band alone must NOT be blocked.
- CLEAR if sanctions matches = 0 AND the band is NORMAL_AT_OR_BELOW_5X_MEDIAN AND both counterparties are recognisable real businesses AND (if provenance is given) the extraction validated cleanly. A heavy-weight, high-value or duplicate-BL flag alone, with a NORMAL band and clean screening, is a routine data-quality issue and should be CLEARED.

Cite the actual numbers in your reason.
Return: decision (one of BLOCK/ESCALATE/CLEAR), reason (one sentence, max 200 chars, citing the decisive evidence), assessment (a short risk assessment naming the key indicators and their values).

Alert evidence: Alert type: WEIGHT_ANOMALY. BL: OOLU03884. Shipper: Toyota Vietnam. Consignee: Costco Wholesale. Carrier: COSCO. Route: AEJEA -> THLCH. Charges: $2513. Weight: 43162kg. Cost per kg: $0.0582 (0.23x the peer median of $0.2558). PRE-COMPUTED COST-PER-KG BAND: NORMAL_AT_OR_BELOW_5X_MEDIAN. This band is economically ordinary and does NOT justify BLOCK or ESCALATE on its own. Sanctions/export-restriction list matches for the counterparties: 0 (0 = both parties clear, -1 = screening data unavailable).","{""assessment"":""The key indicators are the cost-per-kg band (NORMAL_AT_OR_BELOW_5X_MEDIAN) and sanctions matches (0). Both counterparties are recognisable real businesses, and the cost per kg is economically ordinary. There are no indications of fraud or compliance issues."",""decision"":""CLEAR"",""reason"":""Sanctions matches = 0, cost-per-kg band is NORMAL_AT_OR_BELOW_5X_MEDIAN, and both counterparties are recognisable real businesses.""}",735,"SUCCESS","\N","2026-08-02 01:09:12.726","fraud_investigation:attempt1","WORKFLOW_INVESTIGATE_ANOMALY",599,136,8159,"SUCCESS",699
301,"mistral-large2","You are a maritime logistics fraud and compliance analyst.

The cost-per-kg threshold comparison has ALREADY been computed for you and is given as PRE-COMPUTED COST-PER-KG BAND. Trust that band and the rule stated next to it. Do not re-derive it or substitute your own thresholds.

Apply this rubric:
- BLOCK if sanctions matches > 0, OR the band is EXTREME_ABOVE_10X_MEDIAN, OR a counterparty name indicates a shell/front company (contains SUSPICIOUS, SHELL, UNKNOWN, or is a generic non-identifiable trading name).
- ESCALATE if the band is ELEVATED_BETWEEN_5X_AND_10X_MEDIAN, OR cost per kg was not computable, OR a required commercial figure is missing, OR document provenance reports extraction confidence below 60/100 or a failed validation. An ELEVATED band alone must NOT be blocked.
- CLEAR if sanctions matches = 0 AND the band is NORMAL_AT_OR_BELOW_5X_MEDIAN AND both counterparties are recognisable real businesses AND (if provenance is given) the extraction validated cleanly. A heavy-weight, high-value or duplicate-BL flag alone, with a NORMAL band and clean screening, is a routine data-quality issue and should be CLEARED.

Cite the actual numbers in your reason.
Return: decision (one of BLOCK/ESCALATE/CLEAR), reason (one sentence, max 200 chars, citing the decisive evidence), assessment (a short risk assessment naming the key indicators and their values).

Alert evidence: Alert type: WEIGHT_ANOMALY. BL: MAEU22334. Shipper: Vinamilk Co Ltd. Consignee: Asian Grocery Store. Carrier: COSCO. Route: ? -> ?. Charges: $6299. Weight: 31232kg. Cost per kg: $0.2017 (0.79x the peer median of $0.2558). PRE-COMPUTED COST-PER-KG BAND: NORMAL_AT_OR_BELOW_5X_MEDIAN. This band is economically ordinary and does NOT justify BLOCK or ESCALATE on its own. Sanctions/export-restriction list matches for the counterparties: 0 (0 = both parties clear, -1 = screening data unavailable).","{""assessment"":""The key indicators are the cost-per-kg band (NORMAL_AT_OR_BELOW_5X_MEDIAN) and sanctions matches (0). Both counterparties are recognisable real businesses, and the cost per kg is economically ordinary. There are no indicators of high risk."",""decision"":""CLEAR"",""reason"":""Sanctions matches = 0, cost-per-kg band is NORMAL_AT_OR_BELOW_5X_MEDIAN, and both counterparties are recognisable real businesses.""}",729,"SUCCESS","\N","2026-08-02 01:09:24.959","fraud_investigation:attempt1","WORKFLOW_INVESTIGATE_ANOMALY",595,134,7324,"SUCCESS",700
302,"mistral-large2","You are a maritime logistics fraud and compliance analyst.

The cost-per-kg threshold comparison has ALREADY been computed for you and is given as PRE-COMPUTED COST-PER-KG BAND. Trust that band and the rule stated next to it. Do not re-derive it or substitute your own thresholds.

Apply this rubric:
- BLOCK if sanctions matches > 0, OR the band is EXTREME_ABOVE_10X_MEDIAN, OR a counterparty name indicates a shell/front company (contains SUSPICIOUS, SHELL, UNKNOWN, or is a generic non-identifiable trading name).
- ESCALATE if the band is ELEVATED_BETWEEN_5X_AND_10X_MEDIAN, OR cost per kg was not computable, OR a required commercial figure is missing, OR document provenance reports extraction confidence below 60/100 or a failed validation. An ELEVATED band alone must NOT be blocked.
- CLEAR if sanctions matches = 0 AND the band is NORMAL_AT_OR_BELOW_5X_MEDIAN AND both counterparties are recognisable real businesses AND (if provenance is given) the extraction validated cleanly. A heavy-weight, high-value or duplicate-BL flag alone, with a NORMAL band and clean screening, is a routine data-quality issue and should be CLEARED.

Cite the actual numbers in your reason.
Return: decision (one of BLOCK/ESCALATE/CLEAR), reason (one sentence, max 200 chars, citing the decisive evidence), assessment (a short risk assessment naming the key indicators and their values).

Alert evidence: Alert type: WEIGHT_ANOMALY. BL: CMDU03130. Shipper: Toyota Vietnam. Consignee: Seven Eleven Japan. Carrier: COSCO. Route: KRPUS -> CNSHA. Charges: $3521. Weight: 44388kg. Cost per kg: $0.0793 (0.31x the peer median of $0.2558). PRE-COMPUTED COST-PER-KG BAND: NORMAL_AT_OR_BELOW_5X_MEDIAN. This band is economically ordinary and does NOT justify BLOCK or ESCALATE on its own. Sanctions/export-restriction list matches for the counterparties: 0 (0 = both parties clear, -1 = screening data unavailable).","{""assessment"":""The key indicators are the cost-per-kg band (NORMAL_AT_OR_BELOW_5X_MEDIAN) and sanctions matches (0). Both counterparties are recognisable real businesses, and the cost per kg is economically ordinary. There are no indications of fraud or compliance issues."",""decision"":""CLEAR"",""reason"":""Sanctions matches = 0, cost-per-kg band is NORMAL_AT_OR_BELOW_5X_MEDIAN, and both counterparties are recognisable real businesses.""}",733,"SUCCESS","\N","2026-08-02 01:09:32.479","fraud_investigation:attempt1","WORKFLOW_INVESTIGATE_ANOMALY",597,136,3008,"SUCCESS",701
303,"mistral-large2","You are a maritime logistics fraud and compliance analyst.

The cost-per-kg threshold comparison has ALREADY been computed for you and is given as PRE-COMPUTED COST-PER-KG BAND. Trust that band and the rule stated next to it. Do not re-derive it or substitute your own thresholds.

Apply this rubric:
- BLOCK if sanctions matches > 0, OR the band is EXTREME_ABOVE_10X_MEDIAN, OR a counterparty name indicates a shell/front company (contains SUSPICIOUS, SHELL, UNKNOWN, or is a generic non-identifiable trading name).
- ESCALATE if the band is ELEVATED_BETWEEN_5X_AND_10X_MEDIAN, OR cost per kg was not computable, OR a required commercial figure is missing, OR document provenance reports extraction confidence below 60/100 or a failed validation. An ELEVATED band alone must NOT be blocked.
- CLEAR if sanctions matches = 0 AND the band is NORMAL_AT_OR_BELOW_5X_MEDIAN AND both counterparties are recognisable real businesses AND (if provenance is given) the extraction validated cleanly. A heavy-weight, high-value or duplicate-BL flag alone, with a NORMAL band and clean screening, is a routine data-quality issue and should be CLEARED.

Cite the actual numbers in your reason.
Return: decision (one of BLOCK/ESCALATE/CLEAR), reason (one sentence, max 200 chars, citing the decisive evidence), assessment (a short risk assessment naming the key indicators and their values).

Alert evidence: Alert type: WEIGHT_ANOMALY. BL: APZU01994. Shipper: Viglacera Corp. Consignee: JD Logistics. Carrier: HAPAG_LLOYD. Route: VNSGN -> CNSHA. Charges: $4512. Weight: 31967kg. Cost per kg: $0.1411 (0.55x the peer median of $0.2558). PRE-COMPUTED COST-PER-KG BAND: NORMAL_AT_OR_BELOW_5X_MEDIAN. This band is economically ordinary and does NOT justify BLOCK or ESCALATE on its own. Sanctions/export-restriction list matches for the counterparties: 0 (0 = both parties clear, -1 = screening data unavailable).","{""assessment"":""The key indicators are the cost-per-kg band (NORMAL_AT_OR_BELOW_5X_MEDIAN) and sanctions matches (0). Both counterparties are recognisable real businesses, and the cost per kg is economically ordinary. There are no indications of shell/front companies or extraction issues."",""decision"":""CLEAR"",""reason"":""Sanctions matches = 0, cost-per-kg band is NORMAL_AT_OR_BELOW_5X_MEDIAN, and both counterparties are recognisable real businesses.""}",746,"SUCCESS","\N","2026-08-02 01:10:07.761","fraud_investigation:attempt1","WORKFLOW_INVESTIGATE_ANOMALY",606,140,31065,"SUCCESS",702
304,"mistral-large2","You are a maritime logistics fraud and compliance analyst.

The cost-per-kg threshold comparison has ALREADY been computed for you and is given as PRE-COMPUTED COST-PER-KG BAND. Trust that band and the rule stated next to it. Do not re-derive it or substitute your own thresholds.

Apply this rubric:
- BLOCK if sanctions matches > 0, OR the band is EXTREME_ABOVE_10X_MEDIAN, OR a counterparty name indicates a shell/front company (contains SUSPICIOUS, SHELL, UNKNOWN, or is a generic non-identifiable trading name).
- ESCALATE if the band is ELEVATED_BETWEEN_5X_AND_10X_MEDIAN, OR cost per kg was not computable, OR a required commercial figure is missing, OR document provenance reports extraction confidence below 60/100 or a failed validation. An ELEVATED band alone must NOT be blocked.
- CLEAR if sanctions matches = 0 AND the band is NORMAL_AT_OR_BELOW_5X_MEDIAN AND both counterparties are recognisable real businesses AND (if provenance is given) the extraction validated cleanly. A heavy-weight, high-value or duplicate-BL flag alone, with a NORMAL band and clean screening, is a routine data-quality issue and should be CLEARED.

Cite the actual numbers in your reason.
Return: decision (one of BLOCK/ESCALATE/CLEAR), reason (one sentence, max 200 chars, citing the decisive evidence), assessment (a short risk assessment naming the key indicators and their values).

Alert evidence: Alert type: WEIGHT_ANOMALY. BL: MAEU00443. Shipper: Canon Vietnam. Consignee: Home Depot. Carrier: HAPAG_LLOYD. Route: SGSIN -> HKHKG. Charges: $4392. Weight: 33137kg. Cost per kg: $0.1325 (0.52x the peer median of $0.2558). PRE-COMPUTED COST-PER-KG BAND: NORMAL_AT_OR_BELOW_5X_MEDIAN. This band is economically ordinary and does NOT justify BLOCK or ESCALATE on its own. Sanctions/export-restriction list matches for the counterparties: 0 (0 = both parties clear, -1 = screening data unavailable).","{""assessment"":""The alert indicates a normal cost-per-kg band and no sanctions matches, suggesting a low-risk transaction. Key indicators: Cost per kg = $0.1325 (0.52x the peer median of $0.2558), PRE-COMPUTED COST-PER-KG BAND = NORMAL_AT_OR_BELOW_5X_MEDIAN, Sanctions matches = 0."",""decision"":""CLEAR"",""reason"":""Cost per kg is within normal range ($0.1325, 0.52x the peer median) and no sanctions matches (0).""}",761,"SUCCESS","\N","2026-08-02 01:10:16.335","fraud_investigation:attempt1","WORKFLOW_INVESTIGATE_ANOMALY",603,158,3833,"SUCCESS",703
305,"mistral-large2","You are a maritime logistics fraud and compliance analyst.

The cost-per-kg threshold comparison has ALREADY been computed for you and is given as PRE-COMPUTED COST-PER-KG BAND. Trust that band and the rule stated next to it. Do not re-derive it or substitute your own thresholds.

Apply this rubric:
- BLOCK if sanctions matches > 0, OR the band is EXTREME_ABOVE_10X_MEDIAN, OR a counterparty name indicates a shell/front company (contains SUSPICIOUS, SHELL, UNKNOWN, or is a generic non-identifiable trading name).
- ESCALATE if the band is ELEVATED_BETWEEN_5X_AND_10X_MEDIAN, OR cost per kg was not computable, OR a required commercial figure is missing, OR document provenance reports extraction confidence below 60/100 or a failed validation. An ELEVATED band alone must NOT be blocked.
- CLEAR if sanctions matches = 0 AND the band is NORMAL_AT_OR_BELOW_5X_MEDIAN AND both counterparties are recognisable real businesses AND (if provenance is given) the extraction validated cleanly. A heavy-weight, high-value or duplicate-BL flag alone, with a NORMAL band and clean screening, is a routine data-quality issue and should be CLEARED.

Cite the actual numbers in your reason.
Return: decision (one of BLOCK/ESCALATE/CLEAR), reason (one sentence, max 200 chars, citing the decisive evidence), assessment (a short risk assessment naming the key indicators and their values).

Alert evidence: Alert type: WEIGHT_ANOMALY. BL: CAXU06463. Shipper: Adidas Sourcing Ltd. Consignee: Shopee Express. Carrier: HAPAG_LLOYD. Route: VNHPH -> AEJEA. Charges: $4416. Weight: 30492kg. Cost per kg: $0.1448 (0.57x the peer median of $0.2558). PRE-COMPUTED COST-PER-KG BAND: NORMAL_AT_OR_BELOW_5X_MEDIAN. This band is economically ordinary and does NOT justify BLOCK or ESCALATE on its own. Sanctions/export-restriction list matches for the counterparties: 0 (0 = both parties clear, -1 = screening data unavailable).","{""assessment"":""The alert indicates a normal cost-per-kg band (NORMAL_AT_OR_BELOW_5X_MEDIAN) with a cost per kg of $0.1448, which is 0.57x the peer median of $0.2558. Both counterparties are recognizable real businesses, and there are no sanctions or export-restriction list matches. The alert type is WEIGHT_ANOMALY, but the cost-per-kg band is within normal limits."",""decision"":""CLEAR"",""reason"":""Sanctions matches = 0, cost-per-kg band is NORMAL_AT_OR_BELOW_5X_MEDIAN, and both counterparties are recognizable real businesses.""}",786,"SUCCESS","\N","2026-08-02 01:10:25.526","fraud_investigation:attempt1","WORKFLOW_INVESTIGATE_ANOMALY",607,179,4629,"SUCCESS",704
306,"mistral-large2","You are a maritime logistics fraud and compliance analyst.

The cost-per-kg threshold comparison has ALREADY been computed for you and is given as PRE-COMPUTED COST-PER-KG BAND. Trust that band and the rule stated next to it. Do not re-derive it or substitute your own thresholds.

Apply this rubric:
- BLOCK if sanctions matches > 0, OR the band is EXTREME_ABOVE_10X_MEDIAN, OR a counterparty name indicates a shell/front company (contains SUSPICIOUS, SHELL, UNKNOWN, or is a generic non-identifiable trading name).
- ESCALATE if the band is ELEVATED_BETWEEN_5X_AND_10X_MEDIAN, OR cost per kg was not computable, OR a required commercial figure is missing, OR document provenance reports extraction confidence below 60/100 or a failed validation. An ELEVATED band alone must NOT be blocked.
- CLEAR if sanctions matches = 0 AND the band is NORMAL_AT_OR_BELOW_5X_MEDIAN AND both counterparties are recognisable real businesses AND (if provenance is given) the extraction validated cleanly. A heavy-weight, high-value or duplicate-BL flag alone, with a NORMAL band and clean screening, is a routine data-quality issue and should be CLEARED.

Cite the actual numbers in your reason.
Return: decision (one of BLOCK/ESCALATE/CLEAR), reason (one sentence, max 200 chars, citing the decisive evidence), assessment (a short risk assessment naming the key indicators and their values).

Alert evidence: Alert type: WEIGHT_ANOMALY. BL: CAXU03436. Shipper: Toyota Vietnam. Consignee: Construction Supply Co. Carrier: MAERSK. Route: KRPUS -> MYPKG. Charges: $6708. Weight: 33512kg. Cost per kg: $0.2002 (0.78x the peer median of $0.2558). PRE-COMPUTED COST-PER-KG BAND: NORMAL_AT_OR_BELOW_5X_MEDIAN. This band is economically ordinary and does NOT justify BLOCK or ESCALATE on its own. Sanctions/export-restriction list matches for the counterparties: 0 (0 = both parties clear, -1 = screening data unavailable).","{""assessment"":""The key indicators are the cost-per-kg band (NORMAL_AT_OR_BELOW_5X_MEDIAN) and sanctions matches (0). Both counterparties are recognisable real businesses, and the cost per kg is economically ordinary. There are no indicators of high risk."",""decision"":""CLEAR"",""reason"":""Sanctions matches = 0, cost-per-kg band is NORMAL_AT_OR_BELOW_5X_MEDIAN, and both counterparties are recognisable real businesses.""}",731,"SUCCESS","\N","2026-08-02 01:10:33.670","fraud_investigation:attempt1","WORKFLOW_INVESTIGATE_ANOMALY",597,134,3622,"SUCCESS",705
307,"mistral-large2","You are a maritime logistics fraud and compliance analyst.

The cost-per-kg threshold comparison has ALREADY been computed for you and is given as PRE-COMPUTED COST-PER-KG BAND. Trust that band and the rule stated next to it. Do not re-derive it or substitute your own thresholds.

Apply this rubric:
- BLOCK if sanctions matches > 0, OR the band is EXTREME_ABOVE_10X_MEDIAN, OR a counterparty name indicates a shell/front company (contains SUSPICIOUS, SHELL, UNKNOWN, or is a generic non-identifiable trading name).
- ESCALATE if the band is ELEVATED_BETWEEN_5X_AND_10X_MEDIAN, OR cost per kg was not computable, OR a required commercial figure is missing, OR document provenance reports extraction confidence below 60/100 or a failed validation. An ELEVATED band alone must NOT be blocked.
- CLEAR if sanctions matches = 0 AND the band is NORMAL_AT_OR_BELOW_5X_MEDIAN AND both counterparties are recognisable real businesses AND (if provenance is given) the extraction validated cleanly. A heavy-weight, high-value or duplicate-BL flag alone, with a NORMAL band and clean screening, is a routine data-quality issue and should be CLEARED.

Cite the actual numbers in your reason.
Return: decision (one of BLOCK/ESCALATE/CLEAR), reason (one sentence, max 200 chars, citing the decisive evidence), assessment (a short risk assessment naming the key indicators and their values).

Alert evidence: Alert type: WEIGHT_ANOMALY. BL: ONEY02415. Shipper: Trung Nguyen Coffee. Consignee: Target Corp. Carrier: MAERSK. Route: VNHPH -> VNHPH. Charges: $4436. Weight: 43305kg. Cost per kg: $0.1024 (0.4x the peer median of $0.2558). PRE-COMPUTED COST-PER-KG BAND: NORMAL_AT_OR_BELOW_5X_MEDIAN. This band is economically ordinary and does NOT justify BLOCK or ESCALATE on its own. Sanctions/export-restriction list matches for the counterparties: 0 (0 = both parties clear, -1 = screening data unavailable).","{""assessment"":""The key indicators are the cost-per-kg band (NORMAL_AT_OR_BELOW_5X_MEDIAN), sanctions matches (0), and recognizable counterparties (Trung Nguyen Coffee and Target Corp). All indicators are within acceptable ranges, suggesting a low-risk transaction."",""decision"":""CLEAR"",""reason"":""Sanctions matches = 0, cost-per-kg band is NORMAL_AT_OR_BELOW_5X_MEDIAN, and both counterparties are recognizable real businesses.""}",737,"SUCCESS","\N","2026-08-02 01:10:41.554","fraud_investigation:attempt1","WORKFLOW_INVESTIGATE_ANOMALY",600,137,3382,"SUCCESS",706
308,"mistral-large2","You are a maritime logistics fraud and compliance analyst.

The cost-per-kg threshold comparison has ALREADY been computed for you and is given as PRE-COMPUTED COST-PER-KG BAND. Trust that band and the rule stated next to it. Do not re-derive it or substitute your own thresholds.

Apply this rubric:
- BLOCK if sanctions matches > 0, OR the band is EXTREME_ABOVE_10X_MEDIAN, OR a counterparty name indicates a shell/front company (contains SUSPICIOUS, SHELL, UNKNOWN, or is a generic non-identifiable trading name).
- ESCALATE if the band is ELEVATED_BETWEEN_5X_AND_10X_MEDIAN, OR cost per kg was not computable, OR a required commercial figure is missing, OR document provenance reports extraction confidence below 60/100 or a failed validation. An ELEVATED band alone must NOT be blocked.
- CLEAR if sanctions matches = 0 AND the band is NORMAL_AT_OR_BELOW_5X_MEDIAN AND both counterparties are recognisable real businesses AND (if provenance is given) the extraction validated cleanly. A heavy-weight, high-value or duplicate-BL flag alone, with a NORMAL band and clean screening, is a routine data-quality issue and should be CLEARED.

Cite the actual numbers in your reason.
Return: decision (one of BLOCK/ESCALATE/CLEAR), reason (one sentence, max 200 chars, citing the decisive evidence), assessment (a short risk assessment naming the key indicators and their values).

Alert evidence: Alert type: WEIGHT_ANOMALY. BL: OOLU01367. Shipper: Viglacera Corp. Consignee: Costco Wholesale. Carrier: MAERSK. Route: DEHAM -> GBFXT. Charges: $3706. Weight: 33889kg. Cost per kg: $0.1094 (0.43x the peer median of $0.2558). PRE-COMPUTED COST-PER-KG BAND: NORMAL_AT_OR_BELOW_5X_MEDIAN. This band is economically ordinary and does NOT justify BLOCK or ESCALATE on its own. Sanctions/export-restriction list matches for the counterparties: 0 (0 = both parties clear, -1 = screening data unavailable).","{""assessment"":""The key indicators are the cost-per-kg band (NORMAL_AT_OR_BELOW_5X_MEDIAN) and sanctions matches (0). Both counterparties are recognisable real businesses, and the cost per kg is economically ordinary. There are no indications of fraud or compliance issues."",""decision"":""CLEAR"",""reason"":""Sanctions matches = 0, cost-per-kg band is NORMAL_AT_OR_BELOW_5X_MEDIAN, and both counterparties are recognisable real businesses.""}",738,"SUCCESS","\N","2026-08-02 01:10:49.835","fraud_investigation:attempt1","WORKFLOW_INVESTIGATE_ANOMALY",602,136,3540,"SUCCESS",707
309,"mistral-large2","You are a maritime logistics fraud and compliance analyst.

The cost-per-kg threshold comparison has ALREADY been computed for you and is given as PRE-COMPUTED COST-PER-KG BAND. Trust that band and the rule stated next to it. Do not re-derive it or substitute your own thresholds.

Apply this rubric:
- BLOCK if sanctions matches > 0, OR the band is EXTREME_ABOVE_10X_MEDIAN, OR a counterparty name indicates a shell/front company (contains SUSPICIOUS, SHELL, UNKNOWN, or is a generic non-identifiable trading name).
- ESCALATE if the band is ELEVATED_BETWEEN_5X_AND_10X_MEDIAN, OR cost per kg was not computable, OR a required commercial figure is missing, OR document provenance reports extraction confidence below 60/100 or a failed validation. An ELEVATED band alone must NOT be blocked.
- CLEAR if sanctions matches = 0 AND the band is NORMAL_AT_OR_BELOW_5X_MEDIAN AND both counterparties are recognisable real businesses AND (if provenance is given) the extraction validated cleanly. A heavy-weight, high-value or duplicate-BL flag alone, with a NORMAL band and clean screening, is a routine data-quality issue and should be CLEARED.

Cite the actual numbers in your reason.
Return: decision (one of BLOCK/ESCALATE/CLEAR), reason (one sentence, max 200 chars, citing the decisive evidence), assessment (a short risk assessment naming the key indicators and their values).

Alert evidence: Alert type: WEIGHT_ANOMALY. BL: CAXU00337. Shipper: Adidas Sourcing Ltd. Consignee: Best Buy USA. Carrier: MAERSK. Route: CNNGB -> SGSIN. Charges: $5630. Weight: 35872kg. Cost per kg: $0.1569 (0.61x the peer median of $0.2558). PRE-COMPUTED COST-PER-KG BAND: NORMAL_AT_OR_BELOW_5X_MEDIAN. This band is economically ordinary and does NOT justify BLOCK or ESCALATE on its own. Sanctions/export-restriction list matches for the counterparties: 0 (0 = both parties clear, -1 = screening data unavailable).","{""assessment"":""The key indicators are the cost-per-kg band (NORMAL_AT_OR_BELOW_5X_MEDIAN) and sanctions matches (0). Both counterparties are recognisable real businesses, and the cost per kg is economically ordinary."",""decision"":""CLEAR"",""reason"":""Sanctions matches = 0, cost-per-kg band is NORMAL_AT_OR_BELOW_5X_MEDIAN, and both counterparties are recognisable real businesses.""}",723,"SUCCESS","\N","2026-08-02 01:10:57.337","fraud_investigation:attempt1","WORKFLOW_INVESTIGATE_ANOMALY",598,125,3096,"SUCCESS",708
310,"mistral-large2","You are a maritime logistics fraud and compliance analyst.

The cost-per-kg threshold comparison has ALREADY been computed for you and is given as PRE-COMPUTED COST-PER-KG BAND. Trust that band and the rule stated next to it. Do not re-derive it or substitute your own thresholds.

Apply this rubric:
- BLOCK if sanctions matches > 0, OR the band is EXTREME_ABOVE_10X_MEDIAN, OR a counterparty name indicates a shell/front company (contains SUSPICIOUS, SHELL, UNKNOWN, or is a generic non-identifiable trading name).
- ESCALATE if the band is ELEVATED_BETWEEN_5X_AND_10X_MEDIAN, OR cost per kg was not computable, OR a required commercial figure is missing, OR document provenance reports extraction confidence below 60/100 or a failed validation. An ELEVATED band alone must NOT be blocked.
- CLEAR if sanctions matches = 0 AND the band is NORMAL_AT_OR_BELOW_5X_MEDIAN AND both counterparties are recognisable real businesses AND (if provenance is given) the extraction validated cleanly. A heavy-weight, high-value or duplicate-BL flag alone, with a NORMAL band and clean screening, is a routine data-quality issue and should be CLEARED.

Cite the actual numbers in your reason.
Return: decision (one of BLOCK/ESCALATE/CLEAR), reason (one sentence, max 200 chars, citing the decisive evidence), assessment (a short risk assessment naming the key indicators and their values).

Alert evidence: Alert type: WEIGHT_ANOMALY. BL: CAXU01653. Shipper: Adidas Sourcing Ltd. Consignee: Best Buy USA. Carrier: MAERSK. Route: AEJEA -> JPTYO. Charges: $3875. Weight: 32572kg. Cost per kg: $0.119 (0.47x the peer median of $0.2558). PRE-COMPUTED COST-PER-KG BAND: NORMAL_AT_OR_BELOW_5X_MEDIAN. This band is economically ordinary and does NOT justify BLOCK or ESCALATE on its own. Sanctions/export-restriction list matches for the counterparties: 0 (0 = both parties clear, -1 = screening data unavailable).","{""assessment"":""The key indicators are the cost-per-kg band (NORMAL_AT_OR_BELOW_5X_MEDIAN) and sanctions matches (0). Both counterparties are recognisable real businesses, and the cost per kg is economically ordinary. There are no indications of fraud or compliance issues."",""decision"":""CLEAR"",""reason"":""Sanctions matches = 0, cost-per-kg band is NORMAL_AT_OR_BELOW_5X_MEDIAN, and both counterparties are recognisable real businesses.""}",736,"SUCCESS","\N","2026-08-02 01:11:07.516","fraud_investigation:attempt1","WORKFLOW_INVESTIGATE_ANOMALY",600,136,5196,"SUCCESS",709
311,"mistral-large2","You are a maritime logistics fraud and compliance analyst.

The cost-per-kg threshold comparison has ALREADY been computed for you and is given as PRE-COMPUTED COST-PER-KG BAND. Trust that band and the rule stated next to it. Do not re-derive it or substitute your own thresholds.

Apply this rubric:
- BLOCK if sanctions matches > 0, OR the band is EXTREME_ABOVE_10X_MEDIAN, OR a counterparty name indicates a shell/front company (contains SUSPICIOUS, SHELL, UNKNOWN, or is a generic non-identifiable trading name).
- ESCALATE if the band is ELEVATED_BETWEEN_5X_AND_10X_MEDIAN, OR cost per kg was not computable, OR a required commercial figure is missing, OR document provenance reports extraction confidence below 60/100 or a failed validation. An ELEVATED band alone must NOT be blocked.
- CLEAR if sanctions matches = 0 AND the band is NORMAL_AT_OR_BELOW_5X_MEDIAN AND both counterparties are recognisable real businesses AND (if provenance is given) the extraction validated cleanly. A heavy-weight, high-value or duplicate-BL flag alone, with a NORMAL band and clean screening, is a routine data-quality issue and should be CLEARED.

Cite the actual numbers in your reason.
Return: decision (one of BLOCK/ESCALATE/CLEAR), reason (one sentence, max 200 chars, citing the decisive evidence), assessment (a short risk assessment naming the key indicators and their values).

Alert evidence: Alert type: WEIGHT_ANOMALY. BL: MSKU03418. Shipper: Phong Phu Garment. Consignee: Asian Foods LLC. Carrier: MAERSK. Route: JPTYO -> VNHPH. Charges: $7888. Weight: 37676kg. Cost per kg: $0.2094 (0.82x the peer median of $0.2558). PRE-COMPUTED COST-PER-KG BAND: NORMAL_AT_OR_BELOW_5X_MEDIAN. This band is economically ordinary and does NOT justify BLOCK or ESCALATE on its own. Sanctions/export-restriction list matches for the counterparties: 0 (0 = both parties clear, -1 = screening data unavailable).","{""assessment"":""The key indicators are the cost-per-kg band (NORMAL_AT_OR_BELOW_5X_MEDIAN) and sanctions matches (0). Both counterparties are recognisable real businesses, and the cost per kg is economically ordinary. There are no indications of fraud or compliance issues."",""decision"":""CLEAR"",""reason"":""Sanctions matches = 0, cost-per-kg band is NORMAL_AT_OR_BELOW_5X_MEDIAN, and both counterparties are recognisable real businesses.""}",738,"SUCCESS","\N","2026-08-02 01:11:15.443","fraud_investigation:attempt1","WORKFLOW_INVESTIGATE_ANOMALY",602,136,3343,"SUCCESS",710
312,"mistral-large2","You are a maritime logistics fraud and compliance analyst.

The cost-per-kg threshold comparison has ALREADY been computed for you and is given as PRE-COMPUTED COST-PER-KG BAND. Trust that band and the rule stated next to it. Do not re-derive it or substitute your own thresholds.

Apply this rubric:
- BLOCK if sanctions matches > 0, OR the band is EXTREME_ABOVE_10X_MEDIAN, OR a counterparty name indicates a shell/front company (contains SUSPICIOUS, SHELL, UNKNOWN, or is a generic non-identifiable trading name).
- ESCALATE if the band is ELEVATED_BETWEEN_5X_AND_10X_MEDIAN, OR cost per kg was not computable, OR a required commercial figure is missing, OR document provenance reports extraction confidence below 60/100 or a failed validation. An ELEVATED band alone must NOT be blocked.
- CLEAR if sanctions matches = 0 AND the band is NORMAL_AT_OR_BELOW_5X_MEDIAN AND both counterparties are recognisable real businesses AND (if provenance is given) the extraction validated cleanly. A heavy-weight, high-value or duplicate-BL flag alone, with a NORMAL band and clean screening, is a routine data-quality issue and should be CLEARED.

Cite the actual numbers in your reason.
Return: decision (one of BLOCK/ESCALATE/CLEAR), reason (one sentence, max 200 chars, citing the decisive evidence), assessment (a short risk assessment naming the key indicators and their values).

Alert evidence: Alert type: WEIGHT_ANOMALY. BL: ONEY08036. Shipper: FPT Software. Consignee: Asian Foods LLC. Carrier: MAERSK. Route: USLGB -> THLCH. Charges: $6421. Weight: 43182kg. Cost per kg: $0.1487 (0.58x the peer median of $0.2558). PRE-COMPUTED COST-PER-KG BAND: NORMAL_AT_OR_BELOW_5X_MEDIAN. This band is economically ordinary and does NOT justify BLOCK or ESCALATE on its own. Sanctions/export-restriction list matches for the counterparties: 0 (0 = both parties clear, -1 = screening data unavailable).","{""assessment"":""The key indicators are the cost-per-kg band (NORMAL_AT_OR_BELOW_5X_MEDIAN) and sanctions matches (0). Both counterparties are recognisable real businesses, and the cost per kg is economically ordinary. There are no indicators of high risk."",""decision"":""CLEAR"",""reason"":""Sanctions matches = 0, cost-per-kg band is NORMAL_AT_OR_BELOW_5X_MEDIAN, and both counterparties are recognisable real businesses.""}",730,"SUCCESS","\N","2026-08-02 01:11:24.391","fraud_investigation:attempt1","WORKFLOW_INVESTIGATE_ANOMALY",596,134,3523,"SUCCESS",711
313,"mistral-large2","You are a maritime logistics fraud and compliance analyst.

The cost-per-kg threshold comparison has ALREADY been computed for you and is given as PRE-COMPUTED COST-PER-KG BAND. Trust that band and the rule stated next to it. Do not re-derive it or substitute your own thresholds.

Apply this rubric:
- BLOCK if sanctions matches > 0, OR the band is EXTREME_ABOVE_10X_MEDIAN, OR a counterparty name indicates a shell/front company (contains SUSPICIOUS, SHELL, UNKNOWN, or is a generic non-identifiable trading name).
- ESCALATE if the band is ELEVATED_BETWEEN_5X_AND_10X_MEDIAN, OR cost per kg was not computable, OR a required commercial figure is missing, OR document provenance reports extraction confidence below 60/100 or a failed validation. An ELEVATED band alone must NOT be blocked.
- CLEAR if sanctions matches = 0 AND the band is NORMAL_AT_OR_BELOW_5X_MEDIAN AND both counterparties are recognisable real businesses AND (if provenance is given) the extraction validated cleanly. A heavy-weight, high-value or duplicate-BL flag alone, with a NORMAL band and clean screening, is a routine data-quality issue and should be CLEARED.

Cite the actual numbers in your reason.
Return: decision (one of BLOCK/ESCALATE/CLEAR), reason (one sentence, max 200 chars, citing the decisive evidence), assessment (a short risk assessment naming the key indicators and their values).

Alert evidence: Alert type: WEIGHT_ANOMALY. BL: ONEY08786. Shipper: Adidas Sourcing Ltd. Consignee: Home Depot. Carrier: MAERSK. Route: JPTYO -> USLGB. Charges: $5374. Weight: 33959kg. Cost per kg: $0.1583 (0.62x the peer median of $0.2558). PRE-COMPUTED COST-PER-KG BAND: NORMAL_AT_OR_BELOW_5X_MEDIAN. This band is economically ordinary and does NOT justify BLOCK or ESCALATE on its own. Sanctions/export-restriction list matches for the counterparties: 0 (0 = both parties clear, -1 = screening data unavailable).","{""assessment"":""The key indicators are the cost-per-kg band (NORMAL_AT_OR_BELOW_5X_MEDIAN) and sanctions matches (0). Both counterparties are recognisable real businesses, and the cost per kg is economically ordinary. There are no indications of fraud or compliance issues."",""decision"":""CLEAR"",""reason"":""Sanctions matches = 0, cost-per-kg band is NORMAL_AT_OR_BELOW_5X_MEDIAN, and both counterparties are recognisable real businesses.""}",735,"SUCCESS","\N","2026-08-02 01:11:34.087","fraud_investigation:attempt1","WORKFLOW_INVESTIGATE_ANOMALY",599,136,3577,"SUCCESS",712
314,"mistral-large2","You are a maritime logistics fraud and compliance analyst.

The cost-per-kg threshold comparison has ALREADY been computed for you and is given as PRE-COMPUTED COST-PER-KG BAND. Trust that band and the rule stated next to it. Do not re-derive it or substitute your own thresholds.

Apply this rubric:
- BLOCK if sanctions matches > 0, OR the band is EXTREME_ABOVE_10X_MEDIAN, OR a counterparty name indicates a shell/front company (contains SUSPICIOUS, SHELL, UNKNOWN, or is a generic non-identifiable trading name).
- ESCALATE if the band is ELEVATED_BETWEEN_5X_AND_10X_MEDIAN, OR cost per kg was not computable, OR a required commercial figure is missing, OR document provenance reports extraction confidence below 60/100 or a failed validation. An ELEVATED band alone must NOT be blocked.
- CLEAR if sanctions matches = 0 AND the band is NORMAL_AT_OR_BELOW_5X_MEDIAN AND both counterparties are recognisable real businesses AND (if provenance is given) the extraction validated cleanly. A heavy-weight, high-value or duplicate-BL flag alone, with a NORMAL band and clean screening, is a routine data-quality issue and should be CLEARED.

Cite the actual numbers in your reason.
Return: decision (one of BLOCK/ESCALATE/CLEAR), reason (one sentence, max 200 chars, citing the decisive evidence), assessment (a short risk assessment naming the key indicators and their values).

Alert evidence: Alert type: WEIGHT_ANOMALY. BL: APZU04890. Shipper: Trung Nguyen Coffee. Consignee: JD Logistics. Carrier: MAERSK. Route: CNNGB -> INMUN. Charges: $7721. Weight: 30530kg. Cost per kg: $0.2529 (0.99x the peer median of $0.2558). PRE-COMPUTED COST-PER-KG BAND: NORMAL_AT_OR_BELOW_5X_MEDIAN. This band is economically ordinary and does NOT justify BLOCK or ESCALATE on its own. Sanctions/export-restriction list matches for the counterparties: 0 (0 = both parties clear, -1 = screening data unavailable).","{""assessment"":""The key indicators are the cost-per-kg band (NORMAL_AT_OR_BELOW_5X_MEDIAN) and sanctions matches (0). Both counterparties are recognisable real businesses, and the cost per kg is economically ordinary. There are no indications of fraud or compliance issues."",""decision"":""CLEAR"",""reason"":""Sanctions matches = 0, cost-per-kg band is NORMAL_AT_OR_BELOW_5X_MEDIAN, and both counterparties are recognisable real businesses.""}",736,"SUCCESS","\N","2026-08-02 01:12:27.505","fraud_investigation:attempt1","WORKFLOW_INVESTIGATE_ANOMALY",600,136,47451,"SUCCESS",713
315,"mistral-large2","You are a maritime logistics fraud and compliance analyst.

The cost-per-kg threshold comparison has ALREADY been computed for you and is given as PRE-COMPUTED COST-PER-KG BAND. Trust that band and the rule stated next to it. Do not re-derive it or substitute your own thresholds.

Apply this rubric:
- BLOCK if sanctions matches > 0, OR the band is EXTREME_ABOVE_10X_MEDIAN, OR a counterparty name indicates a shell/front company (contains SUSPICIOUS, SHELL, UNKNOWN, or is a generic non-identifiable trading name).
- ESCALATE if the band is ELEVATED_BETWEEN_5X_AND_10X_MEDIAN, OR cost per kg was not computable, OR a required commercial figure is missing, OR document provenance reports extraction confidence below 60/100 or a failed validation. An ELEVATED band alone must NOT be blocked.
- CLEAR if sanctions matches = 0 AND the band is NORMAL_AT_OR_BELOW_5X_MEDIAN AND both counterparties are recognisable real businesses AND (if provenance is given) the extraction validated cleanly. A heavy-weight, high-value or duplicate-BL flag alone, with a NORMAL band and clean screening, is a routine data-quality issue and should be CLEARED.

Cite the actual numbers in your reason.
Return: decision (one of BLOCK/ESCALATE/CLEAR), reason (one sentence, max 200 chars, citing the decisive evidence), assessment (a short risk assessment naming the key indicators and their values).

Alert evidence: Alert type: WEIGHT_ANOMALY. BL: EGLV09866. Shipper: Panasonic Vietnam. Consignee: Costco Wholesale. Carrier: MAERSK. Route: USNYC -> VNHPH. Charges: $3871. Weight: 39433kg. Cost per kg: $0.0982 (0.38x the peer median of $0.2558). PRE-COMPUTED COST-PER-KG BAND: NORMAL_AT_OR_BELOW_5X_MEDIAN. This band is economically ordinary and does NOT justify BLOCK or ESCALATE on its own. Sanctions/export-restriction list matches for the counterparties: 0 (0 = both parties clear, -1 = screening data unavailable).","{""assessment"":""The key indicators are the cost-per-kg band (NORMAL_AT_OR_BELOW_5X_MEDIAN) and sanctions matches (0). Both counterparties are recognisable real businesses, and the cost per kg is economically ordinary. There are no indications of fraud or compliance issues."",""decision"":""CLEAR"",""reason"":""Sanctions matches = 0, cost-per-kg band is NORMAL_AT_OR_BELOW_5X_MEDIAN, and both counterparties are recognisable real businesses.""}",736,"SUCCESS","\N","2026-08-02 01:12:57.484","fraud_investigation:attempt1","WORKFLOW_INVESTIGATE_ANOMALY",600,136,25384,"SUCCESS",714
316,"mistral-large2","You are a maritime logistics fraud and compliance analyst.

The cost-per-kg threshold comparison has ALREADY been computed for you and is given as PRE-COMPUTED COST-PER-KG BAND. Trust that band and the rule stated next to it. Do not re-derive it or substitute your own thresholds.

Apply this rubric:
- BLOCK if sanctions matches > 0, OR the band is EXTREME_ABOVE_10X_MEDIAN, OR a counterparty name indicates a shell/front company (contains SUSPICIOUS, SHELL, UNKNOWN, or is a generic non-identifiable trading name).
- ESCALATE if the band is ELEVATED_BETWEEN_5X_AND_10X_MEDIAN, OR cost per kg was not computable, OR a required commercial figure is missing, OR document provenance reports extraction confidence below 60/100 or a failed validation. An ELEVATED band alone must NOT be blocked.
- CLEAR if sanctions matches = 0 AND the band is NORMAL_AT_OR_BELOW_5X_MEDIAN AND both counterparties are recognisable real businesses AND (if provenance is given) the extraction validated cleanly. A heavy-weight, high-value or duplicate-BL flag alone, with a NORMAL band and clean screening, is a routine data-quality issue and should be CLEARED.

Cite the actual numbers in your reason.
Return: decision (one of BLOCK/ESCALATE/CLEAR), reason (one sentence, max 200 chars, citing the decisive evidence), assessment (a short risk assessment naming the key indicators and their values).

Alert evidence: Alert type: WEIGHT_ANOMALY. BL: CAXU05434. Shipper: Samsung Vietnam. Consignee: Best Buy USA. Carrier: MAERSK. Route: DEHAM -> AEJEA. Charges: $5922. Weight: 38379kg. Cost per kg: $0.1543 (0.6x the peer median of $0.2558). PRE-COMPUTED COST-PER-KG BAND: NORMAL_AT_OR_BELOW_5X_MEDIAN. This band is economically ordinary and does NOT justify BLOCK or ESCALATE on its own. Sanctions/export-restriction list matches for the counterparties: 0 (0 = both parties clear, -1 = screening data unavailable).","{""assessment"":""The key indicators are the cost-per-kg band (NORMAL_AT_OR_BELOW_5X_MEDIAN) and sanctions matches (0). Both counterparties are recognisable real businesses, and the cost per kg is economically ordinary. There are no indicators of high risk."",""decision"":""CLEAR"",""reason"":""Sanctions matches = 0, cost-per-kg band is NORMAL_AT_OR_BELOW_5X_MEDIAN, and both counterparties are recognisable real businesses.""}",729,"SUCCESS","\N","2026-08-02 01:13:06.085","fraud_investigation:attempt1","WORKFLOW_INVESTIGATE_ANOMALY",595,134,3568,"SUCCESS",715
317,"mistral-large2","You are a maritime logistics fraud and compliance analyst.

The cost-per-kg threshold comparison has ALREADY been computed for you and is given as PRE-COMPUTED COST-PER-KG BAND. Trust that band and the rule stated next to it. Do not re-derive it or substitute your own thresholds.

Apply this rubric:
- BLOCK if sanctions matches > 0, OR the band is EXTREME_ABOVE_10X_MEDIAN, OR a counterparty name indicates a shell/front company (contains SUSPICIOUS, SHELL, UNKNOWN, or is a generic non-identifiable trading name).
- ESCALATE if the band is ELEVATED_BETWEEN_5X_AND_10X_MEDIAN, OR cost per kg was not computable, OR a required commercial figure is missing, OR document provenance reports extraction confidence below 60/100 or a failed validation. An ELEVATED band alone must NOT be blocked.
- CLEAR if sanctions matches = 0 AND the band is NORMAL_AT_OR_BELOW_5X_MEDIAN AND both counterparties are recognisable real businesses AND (if provenance is given) the extraction validated cleanly. A heavy-weight, high-value or duplicate-BL flag alone, with a NORMAL band and clean screening, is a routine data-quality issue and should be CLEARED.

Cite the actual numbers in your reason.
Return: decision (one of BLOCK/ESCALATE/CLEAR), reason (one sentence, max 200 chars, citing the decisive evidence), assessment (a short risk assessment naming the key indicators and their values).

Alert evidence: Alert type: WEIGHT_ANOMALY. BL: MSKU01856. Shipper: ABC Electronics Vietnam. Consignee: Construction Supply Co. Carrier: MAERSK. Route: VNHPH -> SGSIN. Charges: $5724. Weight: 40542kg. Cost per kg: $0.1412 (0.55x the peer median of $0.2558). PRE-COMPUTED COST-PER-KG BAND: NORMAL_AT_OR_BELOW_5X_MEDIAN. This band is economically ordinary and does NOT justify BLOCK or ESCALATE on its own. Sanctions/export-restriction list matches for the counterparties: 0 (0 = both parties clear, -1 = screening data unavailable).","{""assessment"":""The key indicators are the cost-per-kg band (NORMAL_AT_OR_BELOW_5X_MEDIAN) and sanctions matches (0). Both counterparties are recognisable real businesses, and the cost per kg is economically ordinary. There are no indications of fraud or compliance issues."",""decision"":""CLEAR"",""reason"":""Sanctions matches = 0, cost-per-kg band is NORMAL_AT_OR_BELOW_5X_MEDIAN, and both counterparties are recognisable real businesses.""}",736,"SUCCESS","\N","2026-08-02 01:14:29.276","fraud_investigation:attempt1","WORKFLOW_INVESTIGATE_ANOMALY",600,136,78628,"SUCCESS",716
318,"mistral-large2","You are a maritime logistics fraud and compliance analyst.

The cost-per-kg threshold comparison has ALREADY been computed for you and is given as PRE-COMPUTED COST-PER-KG BAND. Trust that band and the rule stated next to it. Do not re-derive it or substitute your own thresholds.

Apply this rubric:
- BLOCK if sanctions matches > 0, OR the band is EXTREME_ABOVE_10X_MEDIAN, OR a counterparty name indicates a shell/front company (contains SUSPICIOUS, SHELL, UNKNOWN, or is a generic non-identifiable trading name).
- ESCALATE if the band is ELEVATED_BETWEEN_5X_AND_10X_MEDIAN, OR cost per kg was not computable, OR a required commercial figure is missing, OR document provenance reports extraction confidence below 60/100 or a failed validation. An ELEVATED band alone must NOT be blocked.
- CLEAR if sanctions matches = 0 AND the band is NORMAL_AT_OR_BELOW_5X_MEDIAN AND both counterparties are recognisable real businesses AND (if provenance is given) the extraction validated cleanly. A heavy-weight, high-value or duplicate-BL flag alone, with a NORMAL band and clean screening, is a routine data-quality issue and should be CLEARED.

Cite the actual numbers in your reason.
Return: decision (one of BLOCK/ESCALATE/CLEAR), reason (one sentence, max 200 chars, citing the decisive evidence), assessment (a short risk assessment naming the key indicators and their values).

Alert evidence: Alert type: WEIGHT_ANOMALY. BL: MAEU04217. Shipper: Canon Vietnam. Consignee: Fashion Retail Inc. Carrier: MAERSK. Route: AEJEA -> USNYC. Charges: $7612. Weight: 37144kg. Cost per kg: $0.2049 (0.8x the peer median of $0.2558). PRE-COMPUTED COST-PER-KG BAND: NORMAL_AT_OR_BELOW_5X_MEDIAN. This band is economically ordinary and does NOT justify BLOCK or ESCALATE on its own. Sanctions/export-restriction list matches for the counterparties: 0 (0 = both parties clear, -1 = screening data unavailable).","{""assessment"":""The key indicators are the cost-per-kg band (NORMAL_AT_OR_BELOW_5X_MEDIAN) and sanctions matches (0). Both counterparties are recognisable real businesses, and the cost per kg is economically ordinary. There are no indications of fraud or compliance issues."",""decision"":""CLEAR"",""reason"":""Sanctions matches = 0, cost-per-kg band is NORMAL_AT_OR_BELOW_5X_MEDIAN, and both counterparties are recognisable real businesses.""}",734,"SUCCESS","\N","2026-08-02 01:14:38.117","fraud_investigation:attempt1","WORKFLOW_INVESTIGATE_ANOMALY",598,136,3499,"SUCCESS",717
319,"mistral-large2","You are a maritime logistics fraud and compliance analyst.

The cost-per-kg threshold comparison has ALREADY been computed for you and is given as PRE-COMPUTED COST-PER-KG BAND. Trust that band and the rule stated next to it. Do not re-derive it or substitute your own thresholds.

Apply this rubric:
- BLOCK if sanctions matches > 0, OR the band is EXTREME_ABOVE_10X_MEDIAN, OR a counterparty name indicates a shell/front company (contains SUSPICIOUS, SHELL, UNKNOWN, or is a generic non-identifiable trading name).
- ESCALATE if the band is ELEVATED_BETWEEN_5X_AND_10X_MEDIAN, OR cost per kg was not computable, OR a required commercial figure is missing, OR document provenance reports extraction confidence below 60/100 or a failed validation. An ELEVATED band alone must NOT be blocked.
- CLEAR if sanctions matches = 0 AND the band is NORMAL_AT_OR_BELOW_5X_MEDIAN AND both counterparties are recognisable real businesses AND (if provenance is given) the extraction validated cleanly. A heavy-weight, high-value or duplicate-BL flag alone, with a NORMAL band and clean screening, is a routine data-quality issue and should be CLEARED.

Cite the actual numbers in your reason.
Return: decision (one of BLOCK/ESCALATE/CLEAR), reason (one sentence, max 200 chars, citing the decisive evidence), assessment (a short risk assessment naming the key indicators and their values).

Alert evidence: Alert type: WEIGHT_ANOMALY. BL: EGLV01992. Shipper: LG Display Vietnam. Consignee: Asian Foods LLC. Carrier: MAERSK. Route: USLAX -> DEHAM. Charges: $5820. Weight: 32119kg. Cost per kg: $0.1812 (0.71x the peer median of $0.2558). PRE-COMPUTED COST-PER-KG BAND: NORMAL_AT_OR_BELOW_5X_MEDIAN. This band is economically ordinary and does NOT justify BLOCK or ESCALATE on its own. Sanctions/export-restriction list matches for the counterparties: 0 (0 = both parties clear, -1 = screening data unavailable).","{""assessment"":""The key indicators are the cost-per-kg band (NORMAL_AT_OR_BELOW_5X_MEDIAN) and sanctions matches (0). Both counterparties are recognisable real businesses, and the cost per kg is economically ordinary. There are no indications of fraud or compliance issues."",""decision"":""CLEAR"",""reason"":""Sanctions matches = 0, cost-per-kg band is NORMAL_AT_OR_BELOW_5X_MEDIAN, and both counterparties are recognisable real businesses.""}",734,"SUCCESS","\N","2026-08-02 01:14:47.874","fraud_investigation:attempt1","WORKFLOW_INVESTIGATE_ANOMALY",598,136,5140,"SUCCESS",718
320,"mistral-large2","You are a maritime logistics fraud and compliance analyst.

The cost-per-kg threshold comparison has ALREADY been computed for you and is given as PRE-COMPUTED COST-PER-KG BAND. Trust that band and the rule stated next to it. Do not re-derive it or substitute your own thresholds.

Apply this rubric:
- BLOCK if sanctions matches > 0, OR the band is EXTREME_ABOVE_10X_MEDIAN, OR a counterparty name indicates a shell/front company (contains SUSPICIOUS, SHELL, UNKNOWN, or is a generic non-identifiable trading name).
- ESCALATE if the band is ELEVATED_BETWEEN_5X_AND_10X_MEDIAN, OR cost per kg was not computable, OR a required commercial figure is missing, OR document provenance reports extraction confidence below 60/100 or a failed validation. An ELEVATED band alone must NOT be blocked.
- CLEAR if sanctions matches = 0 AND the band is NORMAL_AT_OR_BELOW_5X_MEDIAN AND both counterparties are recognisable real businesses AND (if provenance is given) the extraction validated cleanly. A heavy-weight, high-value or duplicate-BL flag alone, with a NORMAL band and clean screening, is a routine data-quality issue and should be CLEARED.

Cite the actual numbers in your reason.
Return: decision (one of BLOCK/ESCALATE/CLEAR), reason (one sentence, max 200 chars, citing the decisive evidence), assessment (a short risk assessment naming the key indicators and their values).

Alert evidence: Alert type: WEIGHT_ANOMALY. BL: APZU01129. Shipper: Adidas Sourcing Ltd. Consignee: Target Corp. Carrier: MAERSK. Route: CNSHA -> AEJEA. Charges: $4234. Weight: 33307kg. Cost per kg: $0.1271 (0.5x the peer median of $0.2558). PRE-COMPUTED COST-PER-KG BAND: NORMAL_AT_OR_BELOW_5X_MEDIAN. This band is economically ordinary and does NOT justify BLOCK or ESCALATE on its own. Sanctions/export-restriction list matches for the counterparties: 0 (0 = both parties clear, -1 = screening data unavailable).","{""assessment"":""The key indicators are the cost-per-kg band (NORMAL_AT_OR_BELOW_5X_MEDIAN) and sanctions matches (0). Both counterparties are recognisable real businesses, and the cost per kg is economically ordinary. There are no indications of fraud or compliance issues."",""decision"":""CLEAR"",""reason"":""Sanctions matches = 0, cost-per-kg band is NORMAL_AT_OR_BELOW_5X_MEDIAN, and both counterparties are recognisable real businesses.""}",735,"SUCCESS","\N","2026-08-02 01:14:55.590","fraud_investigation:attempt1","WORKFLOW_INVESTIGATE_ANOMALY",599,136,3013,"SUCCESS",719
321,"mistral-large2","You are a maritime logistics fraud and compliance analyst.

The cost-per-kg threshold comparison has ALREADY been computed for you and is given as PRE-COMPUTED COST-PER-KG BAND. Trust that band and the rule stated next to it. Do not re-derive it or substitute your own thresholds.

Apply this rubric:
- BLOCK if sanctions matches > 0, OR the band is EXTREME_ABOVE_10X_MEDIAN, OR a counterparty name indicates a shell/front company (contains SUSPICIOUS, SHELL, UNKNOWN, or is a generic non-identifiable trading name).
- ESCALATE if the band is ELEVATED_BETWEEN_5X_AND_10X_MEDIAN, OR cost per kg was not computable, OR a required commercial figure is missing, OR document provenance reports extraction confidence below 60/100 or a failed validation. An ELEVATED band alone must NOT be blocked.
- CLEAR if sanctions matches = 0 AND the band is NORMAL_AT_OR_BELOW_5X_MEDIAN AND both counterparties are recognisable real businesses AND (if provenance is given) the extraction validated cleanly. A heavy-weight, high-value or duplicate-BL flag alone, with a NORMAL band and clean screening, is a routine data-quality issue and should be CLEARED.

Cite the actual numbers in your reason.
Return: decision (one of BLOCK/ESCALATE/CLEAR), reason (one sentence, max 200 chars, citing the decisive evidence), assessment (a short risk assessment naming the key indicators and their values).

Alert evidence: Alert type: WEIGHT_ANOMALY. BL: HLCU04519. Shipper: Binh Tien Consumer. Consignee: Walmart Inc. Carrier: MAERSK. Route: CNSHA -> MYPKG. Charges: $7457. Weight: 31566kg. Cost per kg: $0.2362 (0.92x the peer median of $0.2558). PRE-COMPUTED COST-PER-KG BAND: NORMAL_AT_OR_BELOW_5X_MEDIAN. This band is economically ordinary and does NOT justify BLOCK or ESCALATE on its own. Sanctions/export-restriction list matches for the counterparties: 0 (0 = both parties clear, -1 = screening data unavailable).","{""assessment"":""The key indicators are the cost-per-kg band (NORMAL_AT_OR_BELOW_5X_MEDIAN) and sanctions matches (0). Both counterparties are recognisable real businesses, and the cost per kg is economically ordinary. There are no indications of fraud or compliance issues."",""decision"":""CLEAR"",""reason"":""Sanctions matches = 0, cost-per-kg band is NORMAL_AT_OR_BELOW_5X_MEDIAN, and both counterparties are recognisable real businesses.""}",735,"SUCCESS","\N","2026-08-02 01:15:03.566","fraud_investigation:attempt1","WORKFLOW_INVESTIGATE_ANOMALY",599,136,3366,"SUCCESS",720
322,"mistral-large2","You are a maritime logistics fraud and compliance analyst.

The cost-per-kg threshold comparison has ALREADY been computed for you and is given as PRE-COMPUTED COST-PER-KG BAND. Trust that band and the rule stated next to it. Do not re-derive it or substitute your own thresholds.

Apply this rubric:
- BLOCK if sanctions matches > 0, OR the band is EXTREME_ABOVE_10X_MEDIAN, OR a counterparty name indicates a shell/front company (contains SUSPICIOUS, SHELL, UNKNOWN, or is a generic non-identifiable trading name).
- ESCALATE if the band is ELEVATED_BETWEEN_5X_AND_10X_MEDIAN, OR cost per kg was not computable, OR a required commercial figure is missing, OR document provenance reports extraction confidence below 60/100 or a failed validation. An ELEVATED band alone must NOT be blocked.
- CLEAR if sanctions matches = 0 AND the band is NORMAL_AT_OR_BELOW_5X_MEDIAN AND both counterparties are recognisable real businesses AND (if provenance is given) the extraction validated cleanly. A heavy-weight, high-value or duplicate-BL flag alone, with a NORMAL band and clean screening, is a routine data-quality issue and should be CLEARED.

Cite the actual numbers in your reason.
Return: decision (one of BLOCK/ESCALATE/CLEAR), reason (one sentence, max 200 chars, citing the decisive evidence), assessment (a short risk assessment naming the key indicators and their values).

Alert evidence: Alert type: WEIGHT_ANOMALY. BL: ONEY05098. Shipper: Panasonic Vietnam. Consignee: Asian Foods LLC. Carrier: MSC. Route: VNHPH -> USLAX. Charges: $3248. Weight: 36065kg. Cost per kg: $0.0901 (0.35x the peer median of $0.2558). PRE-COMPUTED COST-PER-KG BAND: NORMAL_AT_OR_BELOW_5X_MEDIAN. This band is economically ordinary and does NOT justify BLOCK or ESCALATE on its own. Sanctions/export-restriction list matches for the counterparties: 0 (0 = both parties clear, -1 = screening data unavailable).","{""assessment"":""The key indicators are the cost-per-kg band (NORMAL_AT_OR_BELOW_5X_MEDIAN) and sanctions matches (0). Both counterparties are recognisable real businesses, and the cost per kg is economically ordinary."",""decision"":""CLEAR"",""reason"":""Sanctions matches = 0, cost-per-kg band is NORMAL_AT_OR_BELOW_5X_MEDIAN, and both counterparties are recognisable real businesses.""}",722,"SUCCESS","\N","2026-08-02 01:15:53.099","fraud_investigation:attempt1","WORKFLOW_INVESTIGATE_ANOMALY",597,125,44940,"SUCCESS",721
323,"mistral-large2","You are a maritime logistics fraud and compliance analyst.

The cost-per-kg threshold comparison has ALREADY been computed for you and is given as PRE-COMPUTED COST-PER-KG BAND. Trust that band and the rule stated next to it. Do not re-derive it or substitute your own thresholds.

Apply this rubric:
- BLOCK if sanctions matches > 0, OR the band is EXTREME_ABOVE_10X_MEDIAN, OR a counterparty name indicates a shell/front company (contains SUSPICIOUS, SHELL, UNKNOWN, or is a generic non-identifiable trading name).
- ESCALATE if the band is ELEVATED_BETWEEN_5X_AND_10X_MEDIAN, OR cost per kg was not computable, OR a required commercial figure is missing, OR document provenance reports extraction confidence below 60/100 or a failed validation. An ELEVATED band alone must NOT be blocked.
- CLEAR if sanctions matches = 0 AND the band is NORMAL_AT_OR_BELOW_5X_MEDIAN AND both counterparties are recognisable real businesses AND (if provenance is given) the extraction validated cleanly. A heavy-weight, high-value or duplicate-BL flag alone, with a NORMAL band and clean screening, is a routine data-quality issue and should be CLEARED.

Cite the actual numbers in your reason.
Return: decision (one of BLOCK/ESCALATE/CLEAR), reason (one sentence, max 200 chars, citing the decisive evidence), assessment (a short risk assessment naming the key indicators and their values).

Alert evidence: Alert type: WEIGHT_ANOMALY. BL: ONEY02010. Shipper: Intel Products Vietnam. Consignee: Walmart Inc. Carrier: MSC. Route: USLAX -> CNNGB. Charges: $4229. Weight: 40149kg. Cost per kg: $0.1053 (0.41x the peer median of $0.2558). PRE-COMPUTED COST-PER-KG BAND: NORMAL_AT_OR_BELOW_5X_MEDIAN. This band is economically ordinary and does NOT justify BLOCK or ESCALATE on its own. Sanctions/export-restriction list matches for the counterparties: 0 (0 = both parties clear, -1 = screening data unavailable).","{""assessment"":""The key indicators are the cost-per-kg band (NORMAL_AT_OR_BELOW_5X_MEDIAN) and sanctions matches (0). Both counterparties are recognisable real businesses, and the cost per kg is economically ordinary."",""decision"":""CLEAR"",""reason"":""Sanctions matches = 0, cost-per-kg band is NORMAL_AT_OR_BELOW_5X_MEDIAN, and both counterparties are recognisable real businesses.""}",718,"SUCCESS","\N","2026-08-02 01:16:14.054","fraud_investigation:attempt1","WORKFLOW_INVESTIGATE_ANOMALY",593,125,15444,"SUCCESS",722
324,"mistral-large2","You are a maritime logistics fraud and compliance analyst.

The cost-per-kg threshold comparison has ALREADY been computed for you and is given as PRE-COMPUTED COST-PER-KG BAND. Trust that band and the rule stated next to it. Do not re-derive it or substitute your own thresholds.

Apply this rubric:
- BLOCK if sanctions matches > 0, OR the band is EXTREME_ABOVE_10X_MEDIAN, OR a counterparty name indicates a shell/front company (contains SUSPICIOUS, SHELL, UNKNOWN, or is a generic non-identifiable trading name).
- ESCALATE if the band is ELEVATED_BETWEEN_5X_AND_10X_MEDIAN, OR cost per kg was not computable, OR a required commercial figure is missing, OR document provenance reports extraction confidence below 60/100 or a failed validation. An ELEVATED band alone must NOT be blocked.
- CLEAR if sanctions matches = 0 AND the band is NORMAL_AT_OR_BELOW_5X_MEDIAN AND both counterparties are recognisable real businesses AND (if provenance is given) the extraction validated cleanly. A heavy-weight, high-value or duplicate-BL flag alone, with a NORMAL band and clean screening, is a routine data-quality issue and should be CLEARED.

Cite the actual numbers in your reason.
Return: decision (one of BLOCK/ESCALATE/CLEAR), reason (one sentence, max 200 chars, citing the decisive evidence), assessment (a short risk assessment naming the key indicators and their values).

Alert evidence: Alert type: WEIGHT_ANOMALY. BL: APZU02596. Shipper: Phong Phu Garment. Consignee: Seven Eleven Japan. Carrier: MSC. Route: JPYOK -> HKHKG. Charges: $7024. Weight: 35694kg. Cost per kg: $0.1968 (0.77x the peer median of $0.2558). PRE-COMPUTED COST-PER-KG BAND: NORMAL_AT_OR_BELOW_5X_MEDIAN. This band is economically ordinary and does NOT justify BLOCK or ESCALATE on its own. Sanctions/export-restriction list matches for the counterparties: 0 (0 = both parties clear, -1 = screening data unavailable).","{""assessment"":""The key indicators are the cost-per-kg band (NORMAL_AT_OR_BELOW_5X_MEDIAN) and sanctions matches (0). Both counterparties are recognisable real businesses, and the cost per kg is economically ordinary. There are no indications of fraud or compliance issues."",""decision"":""CLEAR"",""reason"":""Sanctions matches = 0, cost-per-kg band is NORMAL_AT_OR_BELOW_5X_MEDIAN, and both counterparties are recognisable real businesses.""}",737,"SUCCESS","\N","2026-08-02 01:16:21.921","fraud_investigation:attempt1","WORKFLOW_INVESTIGATE_ANOMALY",601,136,3054,"SUCCESS",723
325,"mistral-large2","You are a maritime logistics fraud and compliance analyst.

The cost-per-kg threshold comparison has ALREADY been computed for you and is given as PRE-COMPUTED COST-PER-KG BAND. Trust that band and the rule stated next to it. Do not re-derive it or substitute your own thresholds.

Apply this rubric:
- BLOCK if sanctions matches > 0, OR the band is EXTREME_ABOVE_10X_MEDIAN, OR a counterparty name indicates a shell/front company (contains SUSPICIOUS, SHELL, UNKNOWN, or is a generic non-identifiable trading name).
- ESCALATE if the band is ELEVATED_BETWEEN_5X_AND_10X_MEDIAN, OR cost per kg was not computable, OR a required commercial figure is missing, OR document provenance reports extraction confidence below 60/100 or a failed validation. An ELEVATED band alone must NOT be blocked.
- CLEAR if sanctions matches = 0 AND the band is NORMAL_AT_OR_BELOW_5X_MEDIAN AND both counterparties are recognisable real businesses AND (if provenance is given) the extraction validated cleanly. A heavy-weight, high-value or duplicate-BL flag alone, with a NORMAL band and clean screening, is a routine data-quality issue and should be CLEARED.

Cite the actual numbers in your reason.
Return: decision (one of BLOCK/ESCALATE/CLEAR), reason (one sentence, max 200 chars, citing the decisive evidence), assessment (a short risk assessment naming the key indicators and their values).

Alert evidence: Alert type: WEIGHT_ANOMALY. BL: ONEY06899. Shipper: Hoa Sen Group. Consignee: Alibaba Trade. Carrier: MSC. Route: GBFXT -> HKHKG. Charges: $7205. Weight: 43064kg. Cost per kg: $0.1673 (0.65x the peer median of $0.2558). PRE-COMPUTED COST-PER-KG BAND: NORMAL_AT_OR_BELOW_5X_MEDIAN. This band is economically ordinary and does NOT justify BLOCK or ESCALATE on its own. Sanctions/export-restriction list matches for the counterparties: 0 (0 = both parties clear, -1 = screening data unavailable).","{""assessment"":""The key indicators are the cost-per-kg band (NORMAL_AT_OR_BELOW_5X_MEDIAN) and sanctions matches (0). Both counterparties are recognisable real businesses, and the cost per kg is economically ordinary. There are no indicators of high risk."",""decision"":""CLEAR"",""reason"":""Sanctions matches = 0, cost-per-kg band is NORMAL_AT_OR_BELOW_5X_MEDIAN, and both counterparties are recognisable real businesses.""}",732,"SUCCESS","\N","2026-08-02 01:16:30.272","fraud_investigation:attempt1","WORKFLOW_INVESTIGATE_ANOMALY",598,134,3589,"SUCCESS",724
326,"mistral-large2","You are a maritime logistics fraud and compliance analyst.

The cost-per-kg threshold comparison has ALREADY been computed for you and is given as PRE-COMPUTED COST-PER-KG BAND. Trust that band and the rule stated next to it. Do not re-derive it or substitute your own thresholds.

Apply this rubric:
- BLOCK if sanctions matches > 0, OR the band is EXTREME_ABOVE_10X_MEDIAN, OR a counterparty name indicates a shell/front company (contains SUSPICIOUS, SHELL, UNKNOWN, or is a generic non-identifiable trading name).
- ESCALATE if the band is ELEVATED_BETWEEN_5X_AND_10X_MEDIAN, OR cost per kg was not computable, OR a required commercial figure is missing, OR document provenance reports extraction confidence below 60/100 or a failed validation. An ELEVATED band alone must NOT be blocked.
- CLEAR if sanctions matches = 0 AND the band is NORMAL_AT_OR_BELOW_5X_MEDIAN AND both counterparties are recognisable real businesses AND (if provenance is given) the extraction validated cleanly. A heavy-weight, high-value or duplicate-BL flag alone, with a NORMAL band and clean screening, is a routine data-quality issue and should be CLEARED.

Cite the actual numbers in your reason.
Return: decision (one of BLOCK/ESCALATE/CLEAR), reason (one sentence, max 200 chars, citing the decisive evidence), assessment (a short risk assessment naming the key indicators and their values).

Alert evidence: Alert type: WEIGHT_ANOMALY. BL: ONEY06897. Shipper: Vinamilk Co Ltd. Consignee: Asian Foods LLC. Carrier: MSC. Route: CNSHA -> INMUN. Charges: $6262. Weight: 31218kg. Cost per kg: $0.2006 (0.78x the peer median of $0.2558). PRE-COMPUTED COST-PER-KG BAND: NORMAL_AT_OR_BELOW_5X_MEDIAN. This band is economically ordinary and does NOT justify BLOCK or ESCALATE on its own. Sanctions/export-restriction list matches for the counterparties: 0 (0 = both parties clear, -1 = screening data unavailable).","{""assessment"":""The key indicators are the cost-per-kg band (NORMAL_AT_OR_BELOW_5X_MEDIAN) and sanctions matches (0). Both counterparties are recognisable real businesses, and the cost per kg is economically ordinary. There are no indications of shell/front companies or extraction issues."",""decision"":""CLEAR"",""reason"":""Sanctions matches = 0, cost-per-kg band is NORMAL_AT_OR_BELOW_5X_MEDIAN, and both counterparties are recognisable real businesses.""}",737,"SUCCESS","\N","2026-08-02 01:16:40.876","fraud_investigation:attempt1","WORKFLOW_INVESTIGATE_ANOMALY",597,140,5320,"SUCCESS",725
327,"mistral-large2","You are a maritime logistics fraud and compliance analyst.

The cost-per-kg threshold comparison has ALREADY been computed for you and is given as PRE-COMPUTED COST-PER-KG BAND. Trust that band and the rule stated next to it. Do not re-derive it or substitute your own thresholds.

Apply this rubric:
- BLOCK if sanctions matches > 0, OR the band is EXTREME_ABOVE_10X_MEDIAN, OR a counterparty name indicates a shell/front company (contains SUSPICIOUS, SHELL, UNKNOWN, or is a generic non-identifiable trading name).
- ESCALATE if the band is ELEVATED_BETWEEN_5X_AND_10X_MEDIAN, OR cost per kg was not computable, OR a required commercial figure is missing, OR document provenance reports extraction confidence below 60/100 or a failed validation. An ELEVATED band alone must NOT be blocked.
- CLEAR if sanctions matches = 0 AND the band is NORMAL_AT_OR_BELOW_5X_MEDIAN AND both counterparties are recognisable real businesses AND (if provenance is given) the extraction validated cleanly. A heavy-weight, high-value or duplicate-BL flag alone, with a NORMAL band and clean screening, is a routine data-quality issue and should be CLEARED.

Cite the actual numbers in your reason.
Return: decision (one of BLOCK/ESCALATE/CLEAR), reason (one sentence, max 200 chars, citing the decisive evidence), assessment (a short risk assessment naming the key indicators and their values).

Alert evidence: Alert type: WEIGHT_ANOMALY. BL: HLCU00335. Shipper: Viettel Electronics. Consignee: Lazada Group. Carrier: MSC. Route: BEANR -> USLAX. Charges: $6433. Weight: 33656kg. Cost per kg: $0.1911 (0.75x the peer median of $0.2558). PRE-COMPUTED COST-PER-KG BAND: NORMAL_AT_OR_BELOW_5X_MEDIAN. This band is economically ordinary and does NOT justify BLOCK or ESCALATE on its own. Sanctions/export-restriction list matches for the counterparties: 0 (0 = both parties clear, -1 = screening data unavailable).","{""assessment"":""The alert indicates a normal cost-per-kg band and no sanctions matches, suggesting a low-risk transaction. Key indicators: Cost per kg = $0.1911 (0.75x median), Sanctions matches = 0."",""decision"":""CLEAR"",""reason"":""Cost per kg is within normal range ($0.1911, 0.75x median) and no sanctions matches (0).""}",713,"SUCCESS","\N","2026-08-02 01:16:47.942","fraud_investigation:attempt1","WORKFLOW_INVESTIGATE_ANOMALY",599,114,2614,"SUCCESS",726
328,"mistral-large2","You are a maritime logistics fraud and compliance analyst.

The cost-per-kg threshold comparison has ALREADY been computed for you and is given as PRE-COMPUTED COST-PER-KG BAND. Trust that band and the rule stated next to it. Do not re-derive it or substitute your own thresholds.

Apply this rubric:
- BLOCK if sanctions matches > 0, OR the band is EXTREME_ABOVE_10X_MEDIAN, OR a counterparty name indicates a shell/front company (contains SUSPICIOUS, SHELL, UNKNOWN, or is a generic non-identifiable trading name).
- ESCALATE if the band is ELEVATED_BETWEEN_5X_AND_10X_MEDIAN, OR cost per kg was not computable, OR a required commercial figure is missing, OR document provenance reports extraction confidence below 60/100 or a failed validation. An ELEVATED band alone must NOT be blocked.
- CLEAR if sanctions matches = 0 AND the band is NORMAL_AT_OR_BELOW_5X_MEDIAN AND both counterparties are recognisable real businesses AND (if provenance is given) the extraction validated cleanly. A heavy-weight, high-value or duplicate-BL flag alone, with a NORMAL band and clean screening, is a routine data-quality issue and should be CLEARED.

Cite the actual numbers in your reason.
Return: decision (one of BLOCK/ESCALATE/CLEAR), reason (one sentence, max 200 chars, citing the decisive evidence), assessment (a short risk assessment naming the key indicators and their values).

Alert evidence: Alert type: WEIGHT_ANOMALY. BL: MAEU08818. Shipper: Trung Nguyen Coffee. Consignee: Home Depot. Carrier: MSC. Route: HKHKG -> DEHAM. Charges: $7640. Weight: 42053kg. Cost per kg: $0.1817 (0.71x the peer median of $0.2558). PRE-COMPUTED COST-PER-KG BAND: NORMAL_AT_OR_BELOW_5X_MEDIAN. This band is economically ordinary and does NOT justify BLOCK or ESCALATE on its own. Sanctions/export-restriction list matches for the counterparties: 0 (0 = both parties clear, -1 = screening data unavailable).","{""assessment"":""The key indicators are the cost-per-kg band (NORMAL_AT_OR_BELOW_5X_MEDIAN) and sanctions matches (0). Both counterparties are recognisable real businesses, and the cost per kg is economically ordinary. There are no indications of fraud or compliance issues."",""decision"":""CLEAR"",""reason"":""Sanctions matches = 0, cost-per-kg band is NORMAL_AT_OR_BELOW_5X_MEDIAN, and both counterparties are recognisable real businesses.""}",737,"SUCCESS","\N","2026-08-02 01:16:55.384","fraud_investigation:attempt1","WORKFLOW_INVESTIGATE_ANOMALY",601,136,3030,"SUCCESS",727
329,"mistral-large2","You are a maritime logistics fraud and compliance analyst.

The cost-per-kg threshold comparison has ALREADY been computed for you and is given as PRE-COMPUTED COST-PER-KG BAND. Trust that band and the rule stated next to it. Do not re-derive it or substitute your own thresholds.

Apply this rubric:
- BLOCK if sanctions matches > 0, OR the band is EXTREME_ABOVE_10X_MEDIAN, OR a counterparty name indicates a shell/front company (contains SUSPICIOUS, SHELL, UNKNOWN, or is a generic non-identifiable trading name).
- ESCALATE if the band is ELEVATED_BETWEEN_5X_AND_10X_MEDIAN, OR cost per kg was not computable, OR a required commercial figure is missing, OR document provenance reports extraction confidence below 60/100 or a failed validation. An ELEVATED band alone must NOT be blocked.
- CLEAR if sanctions matches = 0 AND the band is NORMAL_AT_OR_BELOW_5X_MEDIAN AND both counterparties are recognisable real businesses AND (if provenance is given) the extraction validated cleanly. A heavy-weight, high-value or duplicate-BL flag alone, with a NORMAL band and clean screening, is a routine data-quality issue and should be CLEARED.

Cite the actual numbers in your reason.
Return: decision (one of BLOCK/ESCALATE/CLEAR), reason (one sentence, max 200 chars, citing the decisive evidence), assessment (a short risk assessment naming the key indicators and their values).

Alert evidence: Alert type: WEIGHT_ANOMALY. BL: EGLV01169. Shipper: Samsung Vietnam. Consignee: Alibaba Trade. Carrier: MSC. Route: MYPKG -> VNHPH. Charges: $3590. Weight: 43354kg. Cost per kg: $0.0828 (0.32x the peer median of $0.2558). PRE-COMPUTED COST-PER-KG BAND: NORMAL_AT_OR_BELOW_5X_MEDIAN. This band is economically ordinary and does NOT justify BLOCK or ESCALATE on its own. Sanctions/export-restriction list matches for the counterparties: 0 (0 = both parties clear, -1 = screening data unavailable).","{""assessment"":""The key indicators are the cost-per-kg band (NORMAL_AT_OR_BELOW_5X_MEDIAN) and sanctions matches (0). Both counterparties are recognisable real businesses, and the cost per kg is economically ordinary."",""decision"":""CLEAR"",""reason"":""Sanctions matches = 0, cost-per-kg band is NORMAL_AT_OR_BELOW_5X_MEDIAN, and both counterparties are recognisable real businesses.""}",721,"SUCCESS","\N","2026-08-02 01:17:08.065","fraud_investigation:attempt1","WORKFLOW_INVESTIGATE_ANOMALY",596,125,8147,"SUCCESS",728
330,"mistral-large2","You are a maritime logistics fraud and compliance analyst.

The cost-per-kg threshold comparison has ALREADY been computed for you and is given as PRE-COMPUTED COST-PER-KG BAND. Trust that band and the rule stated next to it. Do not re-derive it or substitute your own thresholds.

Apply this rubric:
- BLOCK if sanctions matches > 0, OR the band is EXTREME_ABOVE_10X_MEDIAN, OR a counterparty name indicates a shell/front company (contains SUSPICIOUS, SHELL, UNKNOWN, or is a generic non-identifiable trading name).
- ESCALATE if the band is ELEVATED_BETWEEN_5X_AND_10X_MEDIAN, OR cost per kg was not computable, OR a required commercial figure is missing, OR document provenance reports extraction confidence below 60/100 or a failed validation. An ELEVATED band alone must NOT be blocked.
- CLEAR if sanctions matches = 0 AND the band is NORMAL_AT_OR_BELOW_5X_MEDIAN AND both counterparties are recognisable real businesses AND (if provenance is given) the extraction validated cleanly. A heavy-weight, high-value or duplicate-BL flag alone, with a NORMAL band and clean screening, is a routine data-quality issue and should be CLEARED.

Cite the actual numbers in your reason.
Return: decision (one of BLOCK/ESCALATE/CLEAR), reason (one sentence, max 200 chars, citing the decisive evidence), assessment (a short risk assessment naming the key indicators and their values).

Alert evidence: Alert type: WEIGHT_ANOMALY. BL: HLCU00442. Shipper: Foxconn Vietnam. Consignee: Tesco PLC. Carrier: MSC. Route: THLCH -> DEHAM. Charges: $6228. Weight: 35512kg. Cost per kg: $0.1754 (0.69x the peer median of $0.2558). PRE-COMPUTED COST-PER-KG BAND: NORMAL_AT_OR_BELOW_5X_MEDIAN. This band is economically ordinary and does NOT justify BLOCK or ESCALATE on its own. Sanctions/export-restriction list matches for the counterparties: 0 (0 = both parties clear, -1 = screening data unavailable).","{""assessment"":""The key indicators are the cost-per-kg band (NORMAL_AT_OR_BELOW_5X_MEDIAN) and sanctions matches (0). Both counterparties are recognisable real businesses, and the cost per kg is economically ordinary. There are no indications of fraud or compliance issues."",""decision"":""CLEAR"",""reason"":""Sanctions matches = 0, cost-per-kg band is NORMAL_AT_OR_BELOW_5X_MEDIAN, and both counterparties are recognisable real businesses.""}",732,"SUCCESS","\N","2026-08-02 01:17:15.981","fraud_investigation:attempt1","WORKFLOW_INVESTIGATE_ANOMALY",596,136,3034,"SUCCESS",729
331,"mistral-large2","You are a maritime logistics fraud and compliance analyst.

The cost-per-kg threshold comparison has ALREADY been computed for you and is given as PRE-COMPUTED COST-PER-KG BAND. Trust that band and the rule stated next to it. Do not re-derive it or substitute your own thresholds.

Apply this rubric:
- BLOCK if sanctions matches > 0, OR the band is EXTREME_ABOVE_10X_MEDIAN, OR a counterparty name indicates a shell/front company (contains SUSPICIOUS, SHELL, UNKNOWN, or is a generic non-identifiable trading name).
- ESCALATE if the band is ELEVATED_BETWEEN_5X_AND_10X_MEDIAN, OR cost per kg was not computable, OR a required commercial figure is missing, OR document provenance reports extraction confidence below 60/100 or a failed validation. An ELEVATED band alone must NOT be blocked.
- CLEAR if sanctions matches = 0 AND the band is NORMAL_AT_OR_BELOW_5X_MEDIAN AND both counterparties are recognisable real businesses AND (if provenance is given) the extraction validated cleanly. A heavy-weight, high-value or duplicate-BL flag alone, with a NORMAL band and clean screening, is a routine data-quality issue and should be CLEARED.

Cite the actual numbers in your reason.
Return: decision (one of BLOCK/ESCALATE/CLEAR), reason (one sentence, max 200 chars, citing the decisive evidence), assessment (a short risk assessment naming the key indicators and their values).

Alert evidence: Alert type: WEIGHT_ANOMALY. BL: YMLU06773. Shipper: LG Display Vietnam. Consignee: Metro AG. Carrier: MSC. Route: USLGB -> AEJEA. Charges: $6548. Weight: 35722kg. Cost per kg: $0.1833 (0.72x the peer median of $0.2558). PRE-COMPUTED COST-PER-KG BAND: NORMAL_AT_OR_BELOW_5X_MEDIAN. This band is economically ordinary and does NOT justify BLOCK or ESCALATE on its own. Sanctions/export-restriction list matches for the counterparties: 0 (0 = both parties clear, -1 = screening data unavailable).","{""assessment"":""The key indicators are the cost-per-kg band (NORMAL_AT_OR_BELOW_5X_MEDIAN) and sanctions matches (0). Both counterparties are recognisable real businesses, and the cost per kg is economically ordinary. There are no indications of fraud or compliance issues."",""decision"":""CLEAR"",""reason"":""Sanctions matches = 0, cost-per-kg band is NORMAL_AT_OR_BELOW_5X_MEDIAN, and both counterparties are recognisable real businesses.""}",732,"SUCCESS","\N","2026-08-02 01:17:25.672","fraud_investigation:attempt1","WORKFLOW_INVESTIGATE_ANOMALY",596,136,5175,"SUCCESS",730
332,"mistral-large2","You are a maritime logistics fraud and compliance analyst.

The cost-per-kg threshold comparison has ALREADY been computed for you and is given as PRE-COMPUTED COST-PER-KG BAND. Trust that band and the rule stated next to it. Do not re-derive it or substitute your own thresholds.

Apply this rubric:
- BLOCK if sanctions matches > 0, OR the band is EXTREME_ABOVE_10X_MEDIAN, OR a counterparty name indicates a shell/front company (contains SUSPICIOUS, SHELL, UNKNOWN, or is a generic non-identifiable trading name).
- ESCALATE if the band is ELEVATED_BETWEEN_5X_AND_10X_MEDIAN, OR cost per kg was not computable, OR a required commercial figure is missing, OR document provenance reports extraction confidence below 60/100 or a failed validation. An ELEVATED band alone must NOT be blocked.
- CLEAR if sanctions matches = 0 AND the band is NORMAL_AT_OR_BELOW_5X_MEDIAN AND both counterparties are recognisable real businesses AND (if provenance is given) the extraction validated cleanly. A heavy-weight, high-value or duplicate-BL flag alone, with a NORMAL band and clean screening, is a routine data-quality issue and should be CLEARED.

Cite the actual numbers in your reason.
Return: decision (one of BLOCK/ESCALATE/CLEAR), reason (one sentence, max 200 chars, citing the decisive evidence), assessment (a short risk assessment naming the key indicators and their values).

Alert evidence: Alert type: WEIGHT_ANOMALY. BL: APZU05833. Shipper: Intel Products Vietnam. Consignee: Lotte Corp. Carrier: MSC. Route: CNNGB -> GBFXT. Charges: $6814. Weight: 35722kg. Cost per kg: $0.1908 (0.75x the peer median of $0.2558). PRE-COMPUTED COST-PER-KG BAND: NORMAL_AT_OR_BELOW_5X_MEDIAN. This band is economically ordinary and does NOT justify BLOCK or ESCALATE on its own. Sanctions/export-restriction list matches for the counterparties: 0 (0 = both parties clear, -1 = screening data unavailable).","{""assessment"":""The key indicators are the cost-per-kg band (NORMAL_AT_OR_BELOW_5X_MEDIAN) and sanctions matches (0). Both counterparties are recognisable real businesses, and the cost per kg is economically ordinary. There are no indicators of high risk."",""decision"":""CLEAR"",""reason"":""Sanctions matches = 0, cost-per-kg band is NORMAL_AT_OR_BELOW_5X_MEDIAN, and both counterparties are recognisable real businesses.""}",729,"SUCCESS","\N","2026-08-02 01:17:33.591","fraud_investigation:attempt1","WORKFLOW_INVESTIGATE_ANOMALY",595,134,3473,"SUCCESS",731
333,"mistral-large2","You are a maritime logistics fraud and compliance analyst.

The cost-per-kg threshold comparison has ALREADY been computed for you and is given as PRE-COMPUTED COST-PER-KG BAND. Trust that band and the rule stated next to it. Do not re-derive it or substitute your own thresholds.

Apply this rubric:
- BLOCK if sanctions matches > 0, OR the band is EXTREME_ABOVE_10X_MEDIAN, OR a counterparty name indicates a shell/front company (contains SUSPICIOUS, SHELL, UNKNOWN, or is a generic non-identifiable trading name).
- ESCALATE if the band is ELEVATED_BETWEEN_5X_AND_10X_MEDIAN, OR cost per kg was not computable, OR a required commercial figure is missing, OR document provenance reports extraction confidence below 60/100 or a failed validation. An ELEVATED band alone must NOT be blocked.
- CLEAR if sanctions matches = 0 AND the band is NORMAL_AT_OR_BELOW_5X_MEDIAN AND both counterparties are recognisable real businesses AND (if provenance is given) the extraction validated cleanly. A heavy-weight, high-value or duplicate-BL flag alone, with a NORMAL band and clean screening, is a routine data-quality issue and should be CLEARED.

Cite the actual numbers in your reason.
Return: decision (one of BLOCK/ESCALATE/CLEAR), reason (one sentence, max 200 chars, citing the decisive evidence), assessment (a short risk assessment naming the key indicators and their values).

Alert evidence: Alert type: WEIGHT_ANOMALY. BL: MAEU05015. Shipper: Adidas Sourcing Ltd. Consignee: Asian Foods LLC. Carrier: MSC. Route: VNHPH -> CNSHA. Charges: $3940. Weight: 31152kg. Cost per kg: $0.1265 (0.49x the peer median of $0.2558). PRE-COMPUTED COST-PER-KG BAND: NORMAL_AT_OR_BELOW_5X_MEDIAN. This band is economically ordinary and does NOT justify BLOCK or ESCALATE on its own. Sanctions/export-restriction list matches for the counterparties: 0 (0 = both parties clear, -1 = screening data unavailable).","{""assessment"":""The key indicators are the cost-per-kg band (NORMAL_AT_OR_BELOW_5X_MEDIAN) and sanctions matches (0). Both counterparties are recognisable real businesses, and the cost per kg is economically ordinary. There are no indications of fraud or compliance issues."",""decision"":""CLEAR"",""reason"":""Sanctions matches = 0, cost-per-kg band is NORMAL_AT_OR_BELOW_5X_MEDIAN, and both counterparties are recognisable real businesses.""}",736,"SUCCESS","\N","2026-08-02 01:17:41.592","fraud_investigation:attempt1","WORKFLOW_INVESTIGATE_ANOMALY",600,136,3508,"SUCCESS",732
334,"mistral-large2","You are a maritime logistics fraud and compliance analyst.

The cost-per-kg threshold comparison has ALREADY been computed for you and is given as PRE-COMPUTED COST-PER-KG BAND. Trust that band and the rule stated next to it. Do not re-derive it or substitute your own thresholds.

Apply this rubric:
- BLOCK if sanctions matches > 0, OR the band is EXTREME_ABOVE_10X_MEDIAN, OR a counterparty name indicates a shell/front company (contains SUSPICIOUS, SHELL, UNKNOWN, or is a generic non-identifiable trading name).
- ESCALATE if the band is ELEVATED_BETWEEN_5X_AND_10X_MEDIAN, OR cost per kg was not computable, OR a required commercial figure is missing, OR document provenance reports extraction confidence below 60/100 or a failed validation. An ELEVATED band alone must NOT be blocked.
- CLEAR if sanctions matches = 0 AND the band is NORMAL_AT_OR_BELOW_5X_MEDIAN AND both counterparties are recognisable real businesses AND (if provenance is given) the extraction validated cleanly. A heavy-weight, high-value or duplicate-BL flag alone, with a NORMAL band and clean screening, is a routine data-quality issue and should be CLEARED.

Cite the actual numbers in your reason.
Return: decision (one of BLOCK/ESCALATE/CLEAR), reason (one sentence, max 200 chars, citing the decisive evidence), assessment (a short risk assessment naming the key indicators and their values).

Alert evidence: Alert type: WEIGHT_ANOMALY. BL: EGLV03046. Shipper: Adidas Sourcing Ltd. Consignee: Carrefour SA. Carrier: MSC. Route: VNHPH -> AEJEA. Charges: $5765. Weight: 36970kg. Cost per kg: $0.1559 (0.61x the peer median of $0.2558). PRE-COMPUTED COST-PER-KG BAND: NORMAL_AT_OR_BELOW_5X_MEDIAN. This band is economically ordinary and does NOT justify BLOCK or ESCALATE on its own. Sanctions/export-restriction list matches for the counterparties: 0 (0 = both parties clear, -1 = screening data unavailable).","{""assessment"":""The key indicators are the cost-per-kg band (NORMAL_AT_OR_BELOW_5X_MEDIAN) and sanctions matches (0). Both counterparties are recognisable real businesses, and the cost per kg is economically ordinary. There are no indications of fraud or compliance issues."",""decision"":""CLEAR"",""reason"":""Sanctions matches = 0, cost-per-kg band is NORMAL_AT_OR_BELOW_5X_MEDIAN, and both counterparties are recognisable real businesses.""}",737,"SUCCESS","\N","2026-08-02 01:17:49.581","fraud_investigation:attempt1","WORKFLOW_INVESTIGATE_ANOMALY",601,136,3506,"SUCCESS",733
335,"mistral-large2","You are a maritime logistics fraud and compliance analyst.

The cost-per-kg threshold comparison has ALREADY been computed for you and is given as PRE-COMPUTED COST-PER-KG BAND. Trust that band and the rule stated next to it. Do not re-derive it or substitute your own thresholds.

Apply this rubric:
- BLOCK if sanctions matches > 0, OR the band is EXTREME_ABOVE_10X_MEDIAN, OR a counterparty name indicates a shell/front company (contains SUSPICIOUS, SHELL, UNKNOWN, or is a generic non-identifiable trading name).
- ESCALATE if the band is ELEVATED_BETWEEN_5X_AND_10X_MEDIAN, OR cost per kg was not computable, OR a required commercial figure is missing, OR document provenance reports extraction confidence below 60/100 or a failed validation. An ELEVATED band alone must NOT be blocked.
- CLEAR if sanctions matches = 0 AND the band is NORMAL_AT_OR_BELOW_5X_MEDIAN AND both counterparties are recognisable real businesses AND (if provenance is given) the extraction validated cleanly. A heavy-weight, high-value or duplicate-BL flag alone, with a NORMAL band and clean screening, is a routine data-quality issue and should be CLEARED.

Cite the actual numbers in your reason.
Return: decision (one of BLOCK/ESCALATE/CLEAR), reason (one sentence, max 200 chars, citing the decisive evidence), assessment (a short risk assessment naming the key indicators and their values).

Alert evidence: Alert type: WEIGHT_ANOMALY. BL: OOLU00428. Shipper: Foxconn Vietnam. Consignee: Tesco PLC. Carrier: MSC. Route: MYPKG -> CNNGB. Charges: $4932. Weight: 44301kg. Cost per kg: $0.1113 (0.44x the peer median of $0.2558). PRE-COMPUTED COST-PER-KG BAND: NORMAL_AT_OR_BELOW_5X_MEDIAN. This band is economically ordinary and does NOT justify BLOCK or ESCALATE on its own. Sanctions/export-restriction list matches for the counterparties: 0 (0 = both parties clear, -1 = screening data unavailable).","{""assessment"":""The key indicators are the cost-per-kg band (NORMAL_AT_OR_BELOW_5X_MEDIAN) and sanctions matches (0). Both counterparties are recognisable real businesses, and the cost per kg is economically ordinary. There are no indicators of high risk."",""decision"":""CLEAR"",""reason"":""Sanctions matches = 0, cost-per-kg band is NORMAL_AT_OR_BELOW_5X_MEDIAN, and both counterparties are recognisable real businesses.""}",729,"SUCCESS","\N","2026-08-02 01:17:57.484","fraud_investigation:attempt1","WORKFLOW_INVESTIGATE_ANOMALY",595,134,3354,"SUCCESS",734
336,"mistral-large2","You are a maritime logistics fraud and compliance analyst.

The cost-per-kg threshold comparison has ALREADY been computed for you and is given as PRE-COMPUTED COST-PER-KG BAND. Trust that band and the rule stated next to it. Do not re-derive it or substitute your own thresholds.

Apply this rubric:
- BLOCK if sanctions matches > 0, OR the band is EXTREME_ABOVE_10X_MEDIAN, OR a counterparty name indicates a shell/front company (contains SUSPICIOUS, SHELL, UNKNOWN, or is a generic non-identifiable trading name).
- ESCALATE if the band is ELEVATED_BETWEEN_5X_AND_10X_MEDIAN, OR cost per kg was not computable, OR a required commercial figure is missing, OR document provenance reports extraction confidence below 60/100 or a failed validation. An ELEVATED band alone must NOT be blocked.
- CLEAR if sanctions matches = 0 AND the band is NORMAL_AT_OR_BELOW_5X_MEDIAN AND both counterparties are recognisable real businesses AND (if provenance is given) the extraction validated cleanly. A heavy-weight, high-value or duplicate-BL flag alone, with a NORMAL band and clean screening, is a routine data-quality issue and should be CLEARED.

Cite the actual numbers in your reason.
Return: decision (one of BLOCK/ESCALATE/CLEAR), reason (one sentence, max 200 chars, citing the decisive evidence), assessment (a short risk assessment naming the key indicators and their values).

Alert evidence: Alert type: WEIGHT_ANOMALY. BL: CMDU09869. Shipper: ABC Electronics Vietnam. Consignee: Lotte Corp. Carrier: MSC. Route: USLGB -> NLRTM. Charges: $4271. Weight: 35785kg. Cost per kg: $0.1194 (0.47x the peer median of $0.2558). PRE-COMPUTED COST-PER-KG BAND: NORMAL_AT_OR_BELOW_5X_MEDIAN. This band is economically ordinary and does NOT justify BLOCK or ESCALATE on its own. Sanctions/export-restriction list matches for the counterparties: 0 (0 = both parties clear, -1 = screening data unavailable).","{""assessment"":""The key indicators are the cost-per-kg band (NORMAL_AT_OR_BELOW_5X_MEDIAN) and sanctions matches (0). Both counterparties are recognisable real businesses, and the cost per kg is economically ordinary."",""decision"":""CLEAR"",""reason"":""Sanctions matches = 0, cost-per-kg band is NORMAL_AT_OR_BELOW_5X_MEDIAN, and both counterparties are recognisable real businesses.""}",723,"SUCCESS","\N","2026-08-02 01:18:05.014","fraud_investigation:attempt1","WORKFLOW_INVESTIGATE_ANOMALY",598,125,3087,"SUCCESS",735
337,"mistral-large2","You are a maritime logistics fraud and compliance analyst.

The cost-per-kg threshold comparison has ALREADY been computed for you and is given as PRE-COMPUTED COST-PER-KG BAND. Trust that band and the rule stated next to it. Do not re-derive it or substitute your own thresholds.

Apply this rubric:
- BLOCK if sanctions matches > 0, OR the band is EXTREME_ABOVE_10X_MEDIAN, OR a counterparty name indicates a shell/front company (contains SUSPICIOUS, SHELL, UNKNOWN, or is a generic non-identifiable trading name).
- ESCALATE if the band is ELEVATED_BETWEEN_5X_AND_10X_MEDIAN, OR cost per kg was not computable, OR a required commercial figure is missing, OR document provenance reports extraction confidence below 60/100 or a failed validation. An ELEVATED band alone must NOT be blocked.
- CLEAR if sanctions matches = 0 AND the band is NORMAL_AT_OR_BELOW_5X_MEDIAN AND both counterparties are recognisable real businesses AND (if provenance is given) the extraction validated cleanly. A heavy-weight, high-value or duplicate-BL flag alone, with a NORMAL band and clean screening, is a routine data-quality issue and should be CLEARED.

Cite the actual numbers in your reason.
Return: decision (one of BLOCK/ESCALATE/CLEAR), reason (one sentence, max 200 chars, citing the decisive evidence), assessment (a short risk assessment naming the key indicators and their values).

Alert evidence: Alert type: WEIGHT_ANOMALY. BL: MAEU07229. Shipper: Trung Nguyen Coffee. Consignee: Amazon Logistics. Carrier: CMA_CGM. Route: USLGB -> CNNGB. Charges: $3947. Weight: 32806kg. Cost per kg: $0.1203 (0.47x the peer median of $0.2558). PRE-COMPUTED COST-PER-KG BAND: NORMAL_AT_OR_BELOW_5X_MEDIAN. This band is economically ordinary and does NOT justify BLOCK or ESCALATE on its own. Sanctions/export-restriction list matches for the counterparties: 0 (0 = both parties clear, -1 = screening data unavailable).","{""assessment"":""The key indicators are the cost-per-kg band (NORMAL_AT_OR_BELOW_5X_MEDIAN) and sanctions matches (0). Both counterparties are recognisable real businesses, and the cost per kg is economically ordinary. There are no indications of fraud or compliance issues."",""decision"":""CLEAR"",""reason"":""Sanctions matches = 0, cost-per-kg band is NORMAL_AT_OR_BELOW_5X_MEDIAN, and both counterparties are recognisable real businesses.""}",737,"SUCCESS","\N","2026-08-02 01:18:14.595","fraud_investigation:attempt1","WORKFLOW_INVESTIGATE_ANOMALY",601,136,5143,"SUCCESS",736
338,"mistral-large2","You are a maritime logistics fraud and compliance analyst.

The cost-per-kg threshold comparison has ALREADY been computed for you and is given as PRE-COMPUTED COST-PER-KG BAND. Trust that band and the rule stated next to it. Do not re-derive it or substitute your own thresholds.

Apply this rubric:
- BLOCK if sanctions matches > 0, OR the band is EXTREME_ABOVE_10X_MEDIAN, OR a counterparty name indicates a shell/front company (contains SUSPICIOUS, SHELL, UNKNOWN, or is a generic non-identifiable trading name).
- ESCALATE if the band is ELEVATED_BETWEEN_5X_AND_10X_MEDIAN, OR cost per kg was not computable, OR a required commercial figure is missing, OR document provenance reports extraction confidence below 60/100 or a failed validation. An ELEVATED band alone must NOT be blocked.
- CLEAR if sanctions matches = 0 AND the band is NORMAL_AT_OR_BELOW_5X_MEDIAN AND both counterparties are recognisable real businesses AND (if provenance is given) the extraction validated cleanly. A heavy-weight, high-value or duplicate-BL flag alone, with a NORMAL band and clean screening, is a routine data-quality issue and should be CLEARED.

Cite the actual numbers in your reason.
Return: decision (one of BLOCK/ESCALATE/CLEAR), reason (one sentence, max 200 chars, citing the decisive evidence), assessment (a short risk assessment naming the key indicators and their values).

Alert evidence: Alert type: WEIGHT_ANOMALY. BL: OOLU05060. Shipper: Samsung Vietnam. Consignee: Home Depot. Carrier: COSCO. Route: THLCH -> USLGB. Charges: $2867. Weight: 44463kg. Cost per kg: $0.0645 (0.25x the peer median of $0.2557). PRE-COMPUTED COST-PER-KG BAND: NORMAL_AT_OR_BELOW_5X_MEDIAN. This band is economically ordinary and does NOT justify BLOCK or ESCALATE on its own. Sanctions/export-restriction list matches for the counterparties: 0 (0 = both parties clear, -1 = screening data unavailable).","{""assessment"":""The key indicators are the cost-per-kg band (NORMAL_AT_OR_BELOW_5X_MEDIAN) and sanctions matches (0). Both counterparties are recognisable real businesses, and the cost per kg is economically ordinary. There are no indications of fraud or compliance issues."",""decision"":""CLEAR"",""reason"":""Sanctions matches = 0, cost-per-kg band is NORMAL_AT_OR_BELOW_5X_MEDIAN, and both counterparties are recognisable real businesses.""}",731,"SUCCESS","\N","2026-08-02 01:36:34.961","fraud_investigation:attempt1","WORKFLOW_INVESTIGATE_ANOMALY",595,136,3346,"SUCCESS",737
339,"mistral-large2","You are a maritime logistics fraud and compliance analyst.

The cost-per-kg threshold comparison has ALREADY been computed for you and is given as PRE-COMPUTED COST-PER-KG BAND. Trust that band and the rule stated next to it. Do not re-derive it or substitute your own thresholds.

Apply this rubric:
- BLOCK if sanctions matches > 0, OR the band is EXTREME_ABOVE_10X_MEDIAN, OR a counterparty name indicates a shell/front company (contains SUSPICIOUS, SHELL, UNKNOWN, or is a generic non-identifiable trading name).
- ESCALATE if the band is ELEVATED_BETWEEN_5X_AND_10X_MEDIAN, OR cost per kg was not computable, OR a required commercial figure is missing, OR document provenance reports extraction confidence below 60/100 or a failed validation. An ELEVATED band alone must NOT be blocked.
- CLEAR if sanctions matches = 0 AND the band is NORMAL_AT_OR_BELOW_5X_MEDIAN AND both counterparties are recognisable real businesses AND (if provenance is given) the extraction validated cleanly. A heavy-weight, high-value or duplicate-BL flag alone, with a NORMAL band and clean screening, is a routine data-quality issue and should be CLEARED.

Cite the actual numbers in your reason.
Return: decision (one of BLOCK/ESCALATE/CLEAR), reason (one sentence, max 200 chars, citing the decisive evidence), assessment (a short risk assessment naming the key indicators and their values).

Alert evidence: Alert type: HIGH_VALUE_ANOMALY. BL: TESTFIXTURE-SHELLCO-01. Shipper: SUSPICIOUS TRADING CO. Consignee: SHELL CORP INTL. Carrier: MAERSK. Route: VNSGN -> KRPUS. Charges: $75000. Weight: 95000kg. Cost per kg: $0.7895 (3.09x the peer median of $0.2557). PRE-COMPUTED COST-PER-KG BAND: NORMAL_AT_OR_BELOW_5X_MEDIAN. This band is economically ordinary and does NOT justify BLOCK or ESCALATE on its own. Sanctions/export-restriction list matches for the counterparties: 0 (0 = both parties clear, -1 = screening data unavailable).","{""assessment"":""The key indicators are the counterparty names and the sanctions matches. The shipper name 'SUSPICIOUS TRADING CO' and the consignee name 'SHELL CORP INTL' both indicate potential shell/front companies. Sanctions matches are 0, but the suspicious names warrant a block."",""decision"":""BLOCK"",""reason"":""BLOCK due to suspicious counterparty names: 'SUSPICIOUS TRADING CO' and 'SHELL CORP INTL'.""}",743,"SUCCESS","\N","2026-08-02 01:37:31.889","fraud_investigation:attempt1","WORKFLOW_INVESTIGATE_ANOMALY",615,128,3279,"SUCCESS",738
340,"mistral-large2","You are a maritime logistics fraud and compliance analyst.

The cost-per-kg threshold comparison has ALREADY been computed for you and is given as PRE-COMPUTED COST-PER-KG BAND. Trust that band and the rule stated next to it. Do not re-derive it or substitute your own thresholds.

Apply this rubric:
- BLOCK if sanctions matches > 0, OR the band is EXTREME_ABOVE_10X_MEDIAN, OR a counterparty name indicates a shell/front company (contains SUSPICIOUS, SHELL, UNKNOWN, or is a generic non-identifiable trading name).
- ESCALATE if the band is ELEVATED_BETWEEN_5X_AND_10X_MEDIAN, OR cost per kg was not computable, OR a required commercial figure is missing, OR document provenance reports extraction confidence below 60/100 or a failed validation. An ELEVATED band alone must NOT be blocked.
- CLEAR if sanctions matches = 0 AND the band is NORMAL_AT_OR_BELOW_5X_MEDIAN AND both counterparties are recognisable real businesses AND (if provenance is given) the extraction validated cleanly. A heavy-weight, high-value or duplicate-BL flag alone, with a NORMAL band and clean screening, is a routine data-quality issue and should be CLEARED.

Cite the actual numbers in your reason.
Return: decision (one of BLOCK/ESCALATE/CLEAR), reason (one sentence, max 200 chars, citing the decisive evidence), assessment (a short risk assessment naming the key indicators and their values).

Alert evidence: Alert type: HIGH_VALUE_ANOMALY. BL: TESTFIXTURE-SHELLCO-02. Shipper: SUSPICIOUS TRADING CO. Consignee: SHELL CORP INTL. Carrier: MAERSK. Route: VNSGN -> KRPUS. Charges: $75000. Weight: 95000kg. Cost per kg: $0.7895 (3.09x the peer median of $0.2557). PRE-COMPUTED COST-PER-KG BAND: NORMAL_AT_OR_BELOW_5X_MEDIAN. This band is economically ordinary and does NOT justify BLOCK or ESCALATE on its own. Sanctions/export-restriction list matches for the counterparties: 0 (0 = both parties clear, -1 = screening data unavailable).","{""assessment"":""The key indicators are the counterparty names and the sanctions matches. The shipper name 'SUSPICIOUS TRADING CO' and the consignee name 'SHELL CORP INTL' both indicate potential shell/front companies. The sanctions matches are 0, indicating no sanctions or export restrictions."",""decision"":""BLOCK"",""reason"":""Counterparty names indicate shell/front companies (SUSPICIOUS TRADING CO, SHELL CORP INTL).""}",742,"SUCCESS","\N","2026-08-02 01:37:39.067","fraud_investigation:attempt1","WORKFLOW_INVESTIGATE_ANOMALY",615,127,3149,"SUCCESS",739
341,"mistral-large2","You are a maritime logistics fraud and compliance analyst.

The cost-per-kg threshold comparison has ALREADY been computed for you and is given as PRE-COMPUTED COST-PER-KG BAND. Trust that band and the rule stated next to it. Do not re-derive it or substitute your own thresholds.

Apply this rubric:
- BLOCK if sanctions matches > 0, OR the band is EXTREME_ABOVE_10X_MEDIAN, OR a counterparty name indicates a shell/front company (contains SUSPICIOUS, SHELL, UNKNOWN, or is a generic non-identifiable trading name).
- ESCALATE if the band is ELEVATED_BETWEEN_5X_AND_10X_MEDIAN, OR cost per kg was not computable, OR a required commercial figure is missing, OR document provenance reports extraction confidence below 60/100 or a failed validation. An ELEVATED band alone must NOT be blocked.
- CLEAR if sanctions matches = 0 AND the band is NORMAL_AT_OR_BELOW_5X_MEDIAN AND both counterparties are recognisable real businesses AND (if provenance is given) the extraction validated cleanly. A heavy-weight, high-value or duplicate-BL flag alone, with a NORMAL band and clean screening, is a routine data-quality issue and should be CLEARED.

Cite the actual numbers in your reason.
Return: decision (one of BLOCK/ESCALATE/CLEAR), reason (one sentence, max 200 chars, citing the decisive evidence), assessment (a short risk assessment naming the key indicators and their values).

Alert evidence: Alert type: WEIGHT_ANOMALY. BL: ONEY09879. Shipper: Samsung Vietnam. Consignee: Lotte Corp. Carrier: MSC. Route: CNNGB -> CNNGB. Charges: $4509. Weight: 44461kg. Cost per kg: $0.1014 (0.4x the peer median of $0.2557). PRE-COMPUTED COST-PER-KG BAND: NORMAL_AT_OR_BELOW_5X_MEDIAN. This band is economically ordinary and does NOT justify BLOCK or ESCALATE on its own. Sanctions/export-restriction list matches for the counterparties: 0 (0 = both parties clear, -1 = screening data unavailable).","{""assessment"":""The key indicators are the cost-per-kg band (NORMAL_AT_OR_BELOW_5X_MEDIAN) and sanctions matches (0). Both counterparties are recognisable real businesses, and the cost per kg is economically ordinary. There are no indicators of high risk."",""decision"":""CLEAR"",""reason"":""Sanctions matches = 0, cost-per-kg band is NORMAL_AT_OR_BELOW_5X_MEDIAN, and both counterparties are recognisable real businesses.""}",725,"SUCCESS","\N","2026-08-02 01:37:46.648","fraud_investigation:attempt1","WORKFLOW_INVESTIGATE_ANOMALY",591,134,3610,"SUCCESS",740
401,"mistral-large2","You are a maritime logistics fraud and compliance analyst.

The cost-per-kg threshold comparison has ALREADY been computed for you and is given as PRE-COMPUTED COST-PER-KG BAND. Trust that band and the rule stated next to it. Do not re-derive it or substitute your own thresholds.

Apply this rubric:
- BLOCK if sanctions matches > 0, OR the band is EXTREME_ABOVE_10X_MEDIAN, OR a counterparty name indicates a shell/front company (contains SUSPICIOUS, SHELL, UNKNOWN, or is a generic non-identifiable trading name).
- ESCALATE if the band is ELEVATED_BETWEEN_5X_AND_10X_MEDIAN, OR cost per kg was not computable, OR a required commercial figure is missing, OR document provenance reports extraction confidence below 60/100 or a failed validation. An ELEVATED band alone must NOT be blocked.
- CLEAR if sanctions matches = 0 AND the band is NORMAL_AT_OR_BELOW_5X_MEDIAN AND both counterparties are recognisable real businesses AND (if provenance is given) the extraction validated cleanly. A heavy-weight, high-value or duplicate-BL flag alone, with a NORMAL band and clean screening, is a routine data-quality issue and should be CLEARED.

Cite the actual numbers in your reason.
Return: decision (one of BLOCK/ESCALATE/CLEAR), reason (one sentence, max 200 chars, citing the decisive evidence), assessment (a short risk assessment naming the key indicators and their values).

Alert evidence: Alert type: HIGH_VALUE_ANOMALY. BL: TESTFIXTURE-SHELLCO-01. Shipper: SUSPICIOUS TRADING CO. Consignee: SHELL CORP INTL. Carrier: MAERSK. Route: VNSGN -> KRPUS. Charges: $75000. Weight: 95000kg. Cost per kg: $0.7895 (3.09x the peer median of $0.2557). PRE-COMPUTED COST-PER-KG BAND: NORMAL_AT_OR_BELOW_5X_MEDIAN. This band is economically ordinary and does NOT justify BLOCK or ESCALATE on its own. Sanctions/export-restriction list matches for the counterparties: 0 (0 = both parties clear, -1 = screening data unavailable).","{""assessment"":""The key indicators are the counterparty names and the sanctions matches. The shipper name 'SUSPICIOUS TRADING CO' and the consignee name 'SHELL CORP INTL' both indicate potential shell/front companies. Sanctions matches are 0, but the suspicious names warrant a block."",""decision"":""BLOCK"",""reason"":""BLOCK due to suspicious counterparty names: 'SUSPICIOUS TRADING CO' and 'SHELL CORP INTL'.""}",743,"SUCCESS","\N","2026-08-02 03:23:41.550","fraud_investigation:attempt1","WORKFLOW_INVESTIGATE_ANOMALY",615,128,3238,"SUCCESS",800
402,"mistral-large2","You are a maritime logistics fraud and compliance analyst.

The cost-per-kg threshold comparison has ALREADY been computed for you and is given as PRE-COMPUTED COST-PER-KG BAND. Trust that band and the rule stated next to it. Do not re-derive it or substitute your own thresholds.

Apply this rubric:
- BLOCK if sanctions matches > 0, OR the band is EXTREME_ABOVE_10X_MEDIAN, OR a counterparty name indicates a shell/front company (contains SUSPICIOUS, SHELL, UNKNOWN, or is a generic non-identifiable trading name).
- ESCALATE if the band is ELEVATED_BETWEEN_5X_AND_10X_MEDIAN, OR cost per kg was not computable, OR a required commercial figure is missing, OR document provenance reports extraction confidence below 60/100 or a failed validation. An ELEVATED band alone must NOT be blocked.
- CLEAR if sanctions matches = 0 AND the band is NORMAL_AT_OR_BELOW_5X_MEDIAN AND both counterparties are recognisable real businesses AND (if provenance is given) the extraction validated cleanly. A heavy-weight, high-value or duplicate-BL flag alone, with a NORMAL band and clean screening, is a routine data-quality issue and should be CLEARED.

Cite the actual numbers in your reason.
Return: decision (one of BLOCK/ESCALATE/CLEAR), reason (one sentence, max 200 chars, citing the decisive evidence), assessment (a short risk assessment naming the key indicators and their values).

Alert evidence: Alert type: HIGH_VALUE_ANOMALY. BL: TESTFIXTURE-SHELLCO-02. Shipper: SUSPICIOUS TRADING CO. Consignee: SHELL CORP INTL. Carrier: MAERSK. Route: VNSGN -> KRPUS. Charges: $75000. Weight: 95000kg. Cost per kg: $0.7895 (3.09x the peer median of $0.2557). PRE-COMPUTED COST-PER-KG BAND: NORMAL_AT_OR_BELOW_5X_MEDIAN. This band is economically ordinary and does NOT justify BLOCK or ESCALATE on its own. Sanctions/export-restriction list matches for the counterparties: 0 (0 = both parties clear, -1 = screening data unavailable).","{""assessment"":""The key indicators are the suspicious names of the shipper and consignee, which suggest potential shell companies. The cost per kg is within the normal band and there are no sanctions matches."",""decision"":""BLOCK"",""reason"":""BLOCK due to suspicious counterparty names: SUSPICIOUS TRADING CO and SHELL CORP INTL.""}",709,"SUCCESS","\N","2026-08-02 03:23:48.497","fraud_investigation:attempt1","WORKFLOW_INVESTIGATE_ANOMALY",615,94,2537,"SUCCESS",801
403,"mistral-large2","You are a maritime logistics fraud and compliance analyst.

The cost-per-kg threshold comparison has ALREADY been computed for you and is given as PRE-COMPUTED COST-PER-KG BAND. Trust that band and the rule stated next to it. Do not re-derive it or substitute your own thresholds.

Apply this rubric:
- BLOCK if sanctions matches > 0, OR the band is EXTREME_ABOVE_10X_MEDIAN, OR a counterparty name indicates a shell/front company (contains SUSPICIOUS, SHELL, UNKNOWN, or is a generic non-identifiable trading name).
- ESCALATE if the band is ELEVATED_BETWEEN_5X_AND_10X_MEDIAN, OR cost per kg was not computable, OR a required commercial figure is missing, OR document provenance reports extraction confidence below 60/100 or a failed validation. An ELEVATED band alone must NOT be blocked.
- CLEAR if sanctions matches = 0 AND the band is NORMAL_AT_OR_BELOW_5X_MEDIAN AND both counterparties are recognisable real businesses AND (if provenance is given) the extraction validated cleanly. A heavy-weight, high-value or duplicate-BL flag alone, with a NORMAL band and clean screening, is a routine data-quality issue and should be CLEARED.

Cite the actual numbers in your reason.
Return: decision (one of BLOCK/ESCALATE/CLEAR), reason (one sentence, max 200 chars, citing the decisive evidence), assessment (a short risk assessment naming the key indicators and their values).

Alert evidence: Alert type: WEIGHT_ANOMALY. BL: HLCU05481. Shipper: Panasonic Vietnam. Consignee: Tech Solutions GmbH. Carrier: COSCO. Route: USNYC -> VNHPH. Charges: $5522. Weight: 44456kg. Cost per kg: $0.1242 (0.49x the peer median of $0.2557). PRE-COMPUTED COST-PER-KG BAND: NORMAL_AT_OR_BELOW_5X_MEDIAN. This band is economically ordinary and does NOT justify BLOCK or ESCALATE on its own. Sanctions/export-restriction list matches for the counterparties: 0 (0 = both parties clear, -1 = screening data unavailable).","{""assessment"":""The key indicators are the cost-per-kg band (NORMAL_AT_OR_BELOW_5X_MEDIAN) and sanctions matches (0). Both counterparties are recognisable real businesses, and the cost per kg is economically ordinary. There are no indicators of high risk."",""decision"":""CLEAR"",""reason"":""Sanctions matches = 0, cost-per-kg band is NORMAL_AT_OR_BELOW_5X_MEDIAN, and both counterparties are recognisable real businesses.""}",734,"SUCCESS","\N","2026-08-02 03:23:56.805","fraud_investigation:attempt1","WORKFLOW_INVESTIGATE_ANOMALY",600,134,3722,"SUCCESS",802
701,"mistral-large2","You are a maritime logistics fraud and compliance analyst.

The cost-per-kg threshold comparison has ALREADY been computed for you and is given as PRE-COMPUTED COST-PER-KG BAND. Trust that band and the rule stated next to it. Do not re-derive it or substitute your own thresholds.

Apply this rubric:
- BLOCK if sanctions matches > 0, OR the band is EXTREME_ABOVE_10X_MEDIAN, OR a counterparty name indicates a shell/front company (contains SUSPICIOUS, SHELL, UNKNOWN, or is a generic non-identifiable trading name).
- ESCALATE if the band is ELEVATED_BETWEEN_5X_AND_10X_MEDIAN, OR cost per kg was not computable, OR a required commercial figure is missing, OR document provenance reports extraction confidence below 60/100 or a failed validation. An ELEVATED band alone must NOT be blocked.
- CLEAR if sanctions matches = 0 AND the band is NORMAL_AT_OR_BELOW_5X_MEDIAN AND both counterparties are recognisable real businesses AND (if provenance is given) the extraction validated cleanly. A heavy-weight, high-value or duplicate-BL flag alone, with a NORMAL band and clean screening, is a routine data-quality issue and should be CLEARED.

Cite the actual numbers in your reason.
Return: decision (one of BLOCK/ESCALATE/CLEAR), reason (one sentence, max 200 chars, citing the decisive evidence), assessment (a short risk assessment naming the key indicators and their values).

Alert evidence: Alert type: WEIGHT_ANOMALY. BL: HLCU00205. Shipper: Viettel Electronics. Consignee: Lotte Corp. Carrier: COSCO. Route: BEANR -> INMUN. Charges: $5542. Weight: 44387kg. Cost per kg: $0.1249 (0.49x the peer median of $0.2557). PRE-COMPUTED COST-PER-KG BAND: NORMAL_AT_OR_BELOW_5X_MEDIAN. This band is economically ordinary and does NOT justify BLOCK or ESCALATE on its own. Sanctions/export-restriction list matches for the counterparties: 0 (0 = both parties clear, -1 = screening data unavailable).","{""assessment"":""The key indicators are the cost-per-kg band (NORMAL_AT_OR_BELOW_5X_MEDIAN) and sanctions matches (0). Both counterparties are recognisable real businesses, and the cost per kg is economically ordinary. There are no indications of fraud or compliance issues."",""decision"":""CLEAR"",""reason"":""Sanctions matches = 0, cost-per-kg band is NORMAL_AT_OR_BELOW_5X_MEDIAN, and both counterparties are recognisable real businesses.""}",736,"SUCCESS","\N","2026-08-16 21:34:31.218","fraud_investigation:attempt1","WORKFLOW_INVESTIGATE_ANOMALY",600,136,3563,"SUCCESS",1100
702,"mistral-large2","You are a maritime logistics fraud and compliance analyst.

The cost-per-kg threshold comparison has ALREADY been computed for you and is given as PRE-COMPUTED COST-PER-KG BAND. Trust that band and the rule stated next to it. Do not re-derive it or substitute your own thresholds.

Apply this rubric:
- BLOCK if sanctions matches > 0, OR the band is EXTREME_ABOVE_10X_MEDIAN, OR a counterparty name indicates a shell/front company (contains SUSPICIOUS, SHELL, UNKNOWN, or is a generic non-identifiable trading name).
- ESCALATE if the band is ELEVATED_BETWEEN_5X_AND_10X_MEDIAN, OR cost per kg was not computable, OR a required commercial figure is missing, OR document provenance reports extraction confidence below 60/100 or a failed validation. An ELEVATED band alone must NOT be blocked.
- CLEAR if sanctions matches = 0 AND the band is NORMAL_AT_OR_BELOW_5X_MEDIAN AND both counterparties are recognisable real businesses AND (if provenance is given) the extraction validated cleanly. A heavy-weight, high-value or duplicate-BL flag alone, with a NORMAL band and clean screening, is a routine data-quality issue and should be CLEARED.

Cite the actual numbers in your reason.
Return: decision (one of BLOCK/ESCALATE/CLEAR), reason (one sentence, max 200 chars, citing the decisive evidence), assessment (a short risk assessment naming the key indicators and their values).

Alert evidence: Alert type: WEIGHT_ANOMALY. BL: ONEY09742. Shipper: LG Display Vietnam. Consignee: Lotte Corp. Carrier: MAERSK. Route: DEHAM -> KRPUS. Charges: $8434. Weight: 44378kg. Cost per kg: $0.19 (0.74x the peer median of $0.2557). PRE-COMPUTED COST-PER-KG BAND: NORMAL_AT_OR_BELOW_5X_MEDIAN. This band is economically ordinary and does NOT justify BLOCK or ESCALATE on its own. Sanctions/export-restriction list matches for the counterparties: 0 (0 = both parties clear, -1 = screening data unavailable).","{""assessment"":""The key indicators are the cost-per-kg band (NORMAL_AT_OR_BELOW_5X_MEDIAN) and sanctions matches (0). Both counterparties are recognisable real businesses, and the cost per kg is economically ordinary. There are no indications of fraud or compliance issues."",""decision"":""CLEAR"",""reason"":""Sanctions matches = 0, cost-per-kg band is NORMAL_AT_OR_BELOW_5X_MEDIAN, and both counterparties are recognisable real businesses.""}",731,"SUCCESS","\N","2026-08-16 22:55:52.455","fraud_investigation:attempt1","WORKFLOW_INVESTIGATE_ANOMALY",595,136,4043,"SUCCESS",1101
703,"mistral-large2","You are a maritime logistics fraud and compliance analyst.

The cost-per-kg threshold comparison has ALREADY been computed for you and is given as PRE-COMPUTED COST-PER-KG BAND. Trust that band and the rule stated next to it. Do not re-derive it or substitute your own thresholds.

Apply this rubric:
- BLOCK if sanctions matches > 0, OR the band is EXTREME_ABOVE_10X_MEDIAN, OR a counterparty name indicates a shell/front company (contains SUSPICIOUS, SHELL, UNKNOWN, or is a generic non-identifiable trading name).
- ESCALATE if the band is ELEVATED_BETWEEN_5X_AND_10X_MEDIAN, OR cost per kg was not computable, OR a required commercial figure is missing, OR document provenance reports extraction confidence below 60/100 or a failed validation. An ELEVATED band alone must NOT be blocked.
- CLEAR if sanctions matches = 0 AND the band is NORMAL_AT_OR_BELOW_5X_MEDIAN AND both counterparties are recognisable real businesses AND (if provenance is given) the extraction validated cleanly. A heavy-weight, high-value or duplicate-BL flag alone, with a NORMAL band and clean screening, is a routine data-quality issue and should be CLEARED.

Cite the actual numbers in your reason.
Return: decision (one of BLOCK/ESCALATE/CLEAR), reason (one sentence, max 200 chars, citing the decisive evidence), assessment (a short risk assessment naming the key indicators and their values).

Alert evidence: Alert type: WEIGHT_ANOMALY. BL: ONEY09918. Shipper: Phong Phu Garment. Consignee: Lotte Corp. Carrier: MAERSK. Route: HKHKG -> JPTYO. Charges: $3818. Weight: 44376kg. Cost per kg: $0.086 (0.34x the peer median of $0.2557). PRE-COMPUTED COST-PER-KG BAND: NORMAL_AT_OR_BELOW_5X_MEDIAN. This band is economically ordinary and does NOT justify BLOCK or ESCALATE on its own. Sanctions/export-restriction list matches for the counterparties: 0 (0 = both parties clear, -1 = screening data unavailable).","{""assessment"":""The key indicators are the cost-per-kg band (NORMAL_AT_OR_BELOW_5X_MEDIAN) and sanctions matches (0). Both counterparties are recognisable real businesses, and the cost per kg is economically ordinary. There are no indications of fraud or compliance issues."",""decision"":""CLEAR"",""reason"":""Sanctions matches = 0, cost-per-kg band is NORMAL_AT_OR_BELOW_5X_MEDIAN, and both counterparties are recognisable real businesses.""}",737,"SUCCESS","\N","2026-08-16 23:22:24.833","fraud_investigation:attempt1","WORKFLOW_INVESTIGATE_ANOMALY",601,136,5619,"SUCCESS",1102
