"CHECK_ID","BL_ID","CHECK_TIMESTAMP","COMPLIANT","VIOLATIONS","RISK_SCORE","RULES_CHECKED"
1,7903,"2026-07-27 08:15:16.894",false,"[""RESTRICTED_HS_CODE""]",30,3
101,7903,"2026-07-27 08:45:16.512",false,"[""RESTRICTED_HS_CODE""]",30,3
201,7903,"2026-07-27 09:15:16.640",false,"[""RESTRICTED_HS_CODE""]",30,3
300,1,"2026-08-01 21:45:20.805",true,"[""OVERWEIGHT""]",10,3
402,9167,"2026-08-18 07:16:19.624",true,"[]",0,3
400,9167,"2026-08-18 07:46:19.467",true,"[]",0,3
401,9167,"2026-08-18 08:16:19.437",true,"[]",0,3
301,568,"2026-08-18 08:26:17.836",true,"[]",0,3
500,14315,"2026-08-18 17:12:08.077",true,"[]",0,3
501,14314,"2026-08-18 17:12:08.077",true,"[]",0,3
502,14312,"2026-08-18 17:12:08.077",true,"[]",0,3
503,14311,"2026-08-18 17:12:08.077",true,"[]",0,3
504,14310,"2026-08-18 17:12:08.077",true,"[]",0,3
505,14309,"2026-08-18 17:12:08.077",true,"[]",0,3
506,14308,"2026-08-18 17:12:08.077",true,"[]",0,3
507,14307,"2026-08-18 17:12:08.077",true,"[]",0,3
508,14306,"2026-08-18 17:12:08.077",true,"[]",0,3
509,14305,"2026-08-18 17:12:08.077",true,"[]",0,3
510,14304,"2026-08-18 17:12:08.077",true,"[]",0,3
511,14303,"2026-08-18 17:12:08.077",true,"[]",0,3
512,14302,"2026-08-18 17:12:08.077",true,"[]",0,3
513,14301,"2026-08-18 17:12:08.077",true,"[]",0,3
514,14300,"2026-08-18 17:12:08.077",true,"[]",0,3
515,14000,"2026-08-18 17:12:08.077",true,"[""OVERWEIGHT""]",10,3
516,1,"2026-08-18 17:12:08.077",true,"[""OVERWEIGHT""]",10,3
517,7269,"2026-08-18 17:12:08.077",true,"[]",0,3
518,7222,"2026-08-18 17:12:08.077",true,"[]",0,3
519,5387,"2026-08-18 17:12:08.077",true,"[]",0,3
520,1135,"2026-08-18 17:12:08.077",false,"[""RESTRICTED_HS_CODE""]",30,3
521,5969,"2026-08-18 17:12:08.077",true,"[""DANGEROUS_GOODS""]",20,3
522,2691,"2026-08-18 17:12:08.077",true,"[]",0,3
523,6004,"2026-08-18 17:12:08.077",true,"[]",0,3
524,6729,"2026-08-18 17:12:08.077",true,"[]",0,3
525,4227,"2026-08-18 17:12:08.077",true,"[]",0,3
526,4720,"2026-08-18 17:12:08.077",true,"[]",0,3
527,8008,"2026-08-18 17:12:08.077",true,"[]",0,3
528,269,"2026-08-18 17:12:08.077",true,"[]",0,3
529,2004,"2026-08-18 17:12:08.077",false,"[""RESTRICTED_HS_CODE""]",30,3
530,1701,"2026-08-18 17:12:08.077",true,"[]",0,3
531,7469,"2026-08-18 17:12:08.077",true,"[]",0,3
532,568,"2026-08-18 17:12:08.077",true,"[]",0,3
533,4435,"2026-08-18 17:12:08.077",true,"[]",0,3
534,594,"2026-08-18 17:12:08.077",true,"[]",0,3
535,2723,"2026-08-18 17:12:08.077",true,"[]",0,3
536,2474,"2026-08-18 17:12:08.077",true,"[]",0,3
537,3120,"2026-08-18 17:12:08.077",true,"[]",0,3
538,13205,"2026-08-18 17:12:08.077",true,"[]",0,3
539,9,"2026-08-18 17:12:08.077",true,"[]",0,3
540,13209,"2026-08-18 17:12:08.077",true,"[]",0,3
541,13208,"2026-08-18 17:12:08.077",true,"[]",0,3
542,13210,"2026-08-18 17:12:08.077",true,"[]",0,3
543,13212,"2026-08-18 17:12:08.077",true,"[]",0,3
544,2,"2026-08-18 17:12:08.077",true,"[]",0,3
545,13203,"2026-08-18 17:12:08.077",true,"[]",0,3
546,5,"2026-08-18 17:12:08.077",true,"[]",0,3
547,4,"2026-08-18 17:12:08.077",true,"[]",0,3
548,889,"2026-08-18 17:12:08.077",true,"[]",0,3
549,3874,"2026-08-18 17:12:08.077",false,"[""RESTRICTED_HS_CODE""]",30,3
550,78,"2026-08-18 17:12:08.077",false,"[""RESTRICTED_HS_CODE""]",30,3
551,2805,"2026-08-18 17:12:08.077",true,"[]",0,3
552,6168,"2026-08-18 17:12:08.077",true,"[]",0,3
553,7450,"2026-08-18 17:12:08.077",true,"[]",0,3
554,7272,"2026-08-18 17:12:08.077",true,"[]",0,3
555,8963,"2026-08-18 17:12:08.077",true,"[""DANGEROUS_GOODS""]",20,3
556,2197,"2026-08-18 17:12:08.077",true,"[]",0,3
557,9863,"2026-08-18 17:12:08.077",true,"[]",0,3
558,9644,"2026-08-18 17:12:08.077",true,"[]",0,3
559,6980,"2026-08-18 17:12:08.077",false,"[""RESTRICTED_HS_CODE""]",30,3
560,4370,"2026-08-18 17:12:08.077",true,"[]",0,3
561,4110,"2026-08-18 17:12:08.077",true,"[]",0,3
562,1688,"2026-08-18 17:12:08.077",true,"[]",0,3
563,7794,"2026-08-18 17:12:08.077",false,"[""RESTRICTED_HS_CODE""]",30,3
564,4766,"2026-08-18 17:12:08.077",true,"[]",0,3
565,7098,"2026-08-18 17:12:08.077",true,"[]",0,3
566,9588,"2026-08-18 17:12:08.077",true,"[]",0,3
567,2037,"2026-08-18 17:12:08.077",true,"[]",0,3
568,5815,"2026-08-18 17:12:08.077",true,"[]",0,3
569,351,"2026-08-18 17:12:08.077",true,"[]",0,3
570,5990,"2026-08-18 17:12:08.077",true,"[]",0,3
571,9973,"2026-08-18 17:12:08.077",true,"[]",0,3
572,1442,"2026-08-18 17:12:08.077",true,"[]",0,3
573,2129,"2026-08-18 17:12:08.077",true,"[]",0,3
574,7871,"2026-08-18 17:12:08.077",false,"[""RESTRICTED_HS_CODE""]",30,3
575,1582,"2026-08-18 17:12:08.077",false,"[""RESTRICTED_HS_CODE""]",30,3
576,4163,"2026-08-18 17:12:08.077",true,"[]",0,3
577,4117,"2026-08-18 17:12:08.077",true,"[]",0,3
578,6238,"2026-08-18 17:12:08.077",true,"[]",0,3
579,9986,"2026-08-18 17:12:08.077",true,"[]",0,3
580,9180,"2026-08-18 17:12:08.077",true,"[]",0,3
581,74,"2026-08-18 17:12:08.077",false,"[""RESTRICTED_HS_CODE"",""DANGEROUS_GOODS""]",50,3
582,1881,"2026-08-18 17:12:08.077",true,"[]",0,3
583,301,"2026-08-18 17:12:08.077",true,"[]",0,3
584,9709,"2026-08-18 17:12:08.077",true,"[]",0,3
585,6628,"2026-08-18 17:12:08.077",true,"[]",0,3
586,5022,"2026-08-18 17:12:08.077",true,"[]",0,3
587,967,"2026-08-18 17:12:08.077",true,"[]",0,3
588,2911,"2026-08-18 17:12:08.077",false,"[""RESTRICTED_HS_CODE""]",30,3
589,4869,"2026-08-18 17:12:08.077",true,"[]",0,3
590,2426,"2026-08-18 17:12:08.077",true,"[]",0,3
591,7628,"2026-08-18 17:12:08.077",true,"[]",0,3
592,9450,"2026-08-18 17:12:08.077",true,"[]",0,3
593,2950,"2026-08-18 17:12:08.077",true,"[]",0,3
594,9356,"2026-08-18 17:12:08.077",true,"[]",0,3
595,374,"2026-08-18 17:12:08.077",true,"[]",0,3
596,6854,"2026-08-18 17:12:08.077",true,"[]",0,3
597,2714,"2026-08-18 17:12:08.077",false,"[""RESTRICTED_HS_CODE""]",30,3
598,2298,"2026-08-18 17:12:08.077",true,"[]",0,3
599,7282,"2026-08-18 17:12:08.077",false,"[""RESTRICTED_HS_CODE""]",30,3
600,2611,"2026-08-18 17:12:08.077",true,"[]",0,3
601,50,"2026-08-18 17:12:08.077",true,"[]",0,3
602,2005,"2026-08-18 17:12:08.077",true,"[]",0,3
603,7420,"2026-08-18 17:12:08.077",true,"[]",0,3
604,8250,"2026-08-18 17:12:08.077",true,"[]",0,3
605,6334,"2026-08-18 17:12:08.077",true,"[]",0,3
606,3963,"2026-08-18 17:12:08.077",true,"[]",0,3
607,2556,"2026-08-18 17:12:08.077",true,"[]",0,3
608,4339,"2026-08-18 17:12:08.077",true,"[]",0,3
609,64,"2026-08-18 17:12:08.077",true,"[]",0,3
610,6614,"2026-08-18 17:12:08.077",false,"[""RESTRICTED_HS_CODE""]",30,3
611,3440,"2026-08-18 17:12:08.077",true,"[]",0,3
612,3566,"2026-08-18 17:12:08.077",true,"[]",0,3
613,9153,"2026-08-18 17:12:08.077",true,"[]",0,3
614,7570,"2026-08-18 17:12:08.077",true,"[]",0,3
615,3303,"2026-08-18 17:12:08.077",true,"[""DANGEROUS_GOODS""]",20,3
616,2257,"2026-08-18 17:12:08.077",true,"[]",0,3
617,7126,"2026-08-18 17:12:08.077",true,"[]",0,3
618,9034,"2026-08-18 17:12:08.077",true,"[]",0,3
619,2799,"2026-08-18 17:12:08.077",true,"[]",0,3
620,1335,"2026-08-18 17:12:08.077",true,"[]",0,3
621,3357,"2026-08-18 17:12:08.077",true,"[]",0,3
622,6611,"2026-08-18 17:12:08.077",true,"[]",0,3
623,8804,"2026-08-18 17:12:08.077",true,"[]",0,3
624,5683,"2026-08-18 17:12:08.077",true,"[]",0,3
625,7160,"2026-08-18 17:12:08.077",true,"[]",0,3
626,9481,"2026-08-18 17:12:08.077",true,"[]",0,3
627,716,"2026-08-18 17:12:08.077",true,"[]",0,3
628,2757,"2026-08-18 17:12:08.077",true,"[]",0,3
629,8723,"2026-08-18 17:12:08.077",true,"[]",0,3
630,7517,"2026-08-18 17:12:08.077",true,"[]",0,3
631,4617,"2026-08-18 17:12:08.077",true,"[]",0,3
632,458,"2026-08-18 17:12:08.077",true,"[""DANGEROUS_GOODS""]",20,3
633,7394,"2026-08-18 17:12:08.077",false,"[""RESTRICTED_HS_CODE""]",30,3
634,4310,"2026-08-18 17:12:08.077",true,"[]",0,3
635,1343,"2026-08-18 17:12:08.077",false,"[""RESTRICTED_HS_CODE"",""DANGEROUS_GOODS""]",50,3
636,9780,"2026-08-18 17:12:08.077",true,"[]",0,3
637,2255,"2026-08-18 17:12:08.077",false,"[""RESTRICTED_HS_CODE""]",30,3
638,1661,"2026-08-18 17:12:08.077",true,"[]",0,3
639,3275,"2026-08-18 17:12:08.077",false,"[""RESTRICTED_HS_CODE""]",30,3
640,1120,"2026-08-18 17:12:08.077",true,"[]",0,3
641,4072,"2026-08-18 17:12:08.077",true,"[]",0,3
642,1639,"2026-08-18 17:12:08.077",true,"[]",0,3
643,4699,"2026-08-18 17:12:08.077",true,"[]",0,3
644,84,"2026-08-18 17:12:08.077",true,"[]",0,3
645,2084,"2026-08-18 17:12:08.077",false,"[""RESTRICTED_HS_CODE""]",30,3
646,9906,"2026-08-18 17:12:08.077",true,"[]",0,3
647,7200,"2026-08-18 17:12:08.077",true,"[]",0,3
648,2228,"2026-08-18 17:12:08.077",true,"[]",0,3
649,4959,"2026-08-18 17:12:08.077",false,"[""RESTRICTED_HS_CODE""]",30,3
650,9074,"2026-08-18 17:12:08.077",true,"[]",0,3
651,5638,"2026-08-18 17:12:08.077",true,"[]",0,3
652,8612,"2026-08-18 17:12:08.077",false,"[""RESTRICTED_HS_CODE""]",30,3
653,7513,"2026-08-18 17:12:08.077",true,"[]",0,3
654,4724,"2026-08-18 17:12:08.077",true,"[]",0,3
655,1291,"2026-08-18 17:12:08.077",true,"[]",0,3
656,4705,"2026-08-18 17:12:08.077",true,"[]",0,3
657,545,"2026-08-18 17:12:08.077",true,"[]",0,3
658,8257,"2026-08-18 17:12:08.077",true,"[]",0,3
659,36,"2026-08-18 17:12:08.077",true,"[]",0,3
660,869,"2026-08-18 17:12:08.077",true,"[]",0,3
661,4958,"2026-08-18 17:12:08.077",true,"[]",0,3
662,1709,"2026-08-18 17:12:08.077",true,"[""DANGEROUS_GOODS""]",20,3
663,3558,"2026-08-18 17:12:08.077",true,"[]",0,3
664,742,"2026-08-18 17:12:08.077",false,"[""RESTRICTED_HS_CODE""]",30,3
665,3371,"2026-08-18 17:12:08.077",true,"[]",0,3
666,456,"2026-08-18 17:12:08.077",true,"[]",0,3
667,4867,"2026-08-18 17:12:08.077",false,"[""RESTRICTED_HS_CODE""]",30,3
668,4788,"2026-08-18 17:12:08.077",true,"[]",0,3
669,8543,"2026-08-18 17:12:08.077",true,"[]",0,3
670,8796,"2026-08-18 17:12:08.077",true,"[]",0,3
671,1921,"2026-08-18 17:12:08.077",true,"[]",0,3
672,8887,"2026-08-18 17:12:08.077",true,"[]",0,3
673,6740,"2026-08-18 17:12:08.077",true,"[]",0,3
674,2478,"2026-08-18 17:12:08.077",true,"[]",0,3
675,3644,"2026-08-18 17:12:08.077",true,"[]",0,3
676,6396,"2026-08-18 17:12:08.077",true,"[]",0,3
677,9802,"2026-08-18 17:12:08.077",true,"[]",0,3
678,9620,"2026-08-18 17:12:08.077",true,"[]",0,3
679,1119,"2026-08-18 17:12:08.077",true,"[]",0,3
680,4513,"2026-08-18 17:12:08.077",true,"[]",0,3
681,6356,"2026-08-18 17:12:08.077",true,"[]",0,3
682,9195,"2026-08-18 17:12:08.077",true,"[]",0,3
683,8036,"2026-08-18 17:12:08.077",true,"[""DANGEROUS_GOODS""]",20,3
684,8377,"2026-08-18 17:12:08.077",true,"[]",0,3
685,1850,"2026-08-18 17:12:08.077",true,"[]",0,3
686,4685,"2026-08-18 17:12:08.077",false,"[""RESTRICTED_HS_CODE""]",30,3
687,9370,"2026-08-18 17:12:08.077",false,"[""RESTRICTED_HS_CODE""]",30,3
688,8616,"2026-08-18 17:12:08.077",true,"[]",0,3
689,4666,"2026-08-18 17:12:08.077",true,"[""DANGEROUS_GOODS""]",20,3
690,3742,"2026-08-18 17:12:08.077",false,"[""RESTRICTED_HS_CODE""]",30,3
691,6823,"2026-08-18 17:12:08.077",false,"[""RESTRICTED_HS_CODE""]",30,3
692,9788,"2026-08-18 17:12:08.077",true,"[]",0,3
693,789,"2026-08-18 17:12:08.077",false,"[""RESTRICTED_HS_CODE""]",30,3
694,8446,"2026-08-18 17:12:08.077",true,"[]",0,3
695,8041,"2026-08-18 17:12:08.077",true,"[]",0,3
696,6217,"2026-08-18 17:12:08.077",true,"[]",0,3
697,6798,"2026-08-18 17:12:08.077",true,"[]",0,3
698,1651,"2026-08-18 17:12:08.077",true,"[]",0,3
699,4091,"2026-08-18 17:12:08.077",false,"[""RESTRICTED_HS_CODE""]",30,3
700,714,"2026-08-18 17:12:08.077",false,"[""RESTRICTED_HS_CODE""]",30,3
701,3137,"2026-08-18 17:12:08.077",true,"[]",0,3
702,1476,"2026-08-18 17:12:08.077",true,"[]",0,3
703,5908,"2026-08-18 17:12:08.077",false,"[""RESTRICTED_HS_CODE""]",30,3
704,5863,"2026-08-18 17:12:08.077",true,"[]",0,3
705,901,"2026-08-18 17:12:08.077",true,"[]",0,3
706,8333,"2026-08-18 17:12:08.077",true,"[""DANGEROUS_GOODS""]",20,3
707,2995,"2026-08-18 17:12:08.077",true,"[]",0,3
708,4852,"2026-08-18 17:12:08.077",true,"[]",0,3
709,2872,"2026-08-18 17:12:08.077",true,"[]",0,3
710,2439,"2026-08-18 17:12:08.077",true,"[]",0,3
711,354,"2026-08-18 17:12:08.077",true,"[]",0,3
712,1545,"2026-08-18 17:12:08.077",false,"[""RESTRICTED_HS_CODE""]",30,3
713,8880,"2026-08-18 17:12:08.077",true,"[]",0,3
714,5231,"2026-08-18 17:12:08.077",true,"[]",0,3
715,4816,"2026-08-18 17:12:08.077",true,"[]",0,3
716,2394,"2026-08-18 17:12:08.077",true,"[]",0,3
717,3093,"2026-08-18 17:12:08.077",true,"[""DANGEROUS_GOODS""]",20,3
718,1166,"2026-08-18 17:12:08.077",true,"[]",0,3
719,5674,"2026-08-18 17:12:08.077",true,"[]",0,3
720,8120,"2026-08-18 17:12:08.077",true,"[]",0,3
721,8622,"2026-08-18 17:12:08.077",true,"[]",0,3
722,1634,"2026-08-18 17:12:08.077",true,"[]",0,3
723,462,"2026-08-18 17:12:08.077",true,"[]",0,3
724,9439,"2026-08-18 17:12:08.077",true,"[]",0,3
725,1086,"2026-08-18 17:12:08.077",true,"[]",0,3
726,8464,"2026-08-18 17:12:08.077",true,"[]",0,3
727,1982,"2026-08-18 17:12:08.077",false,"[""RESTRICTED_HS_CODE""]",30,3
728,4524,"2026-08-18 17:12:08.077",true,"[]",0,3
729,880,"2026-08-18 17:12:08.077",true,"[""DANGEROUS_GOODS""]",20,3
730,3502,"2026-08-18 17:12:08.077",true,"[]",0,3
731,8204,"2026-08-18 17:12:08.077",true,"[]",0,3
732,7819,"2026-08-18 17:12:08.077",true,"[]",0,3
733,2356,"2026-08-18 17:12:08.077",true,"[]",0,3
734,232,"2026-08-18 17:12:08.077",true,"[]",0,3
735,3011,"2026-08-18 17:12:08.077",true,"[]",0,3
736,4593,"2026-08-18 17:12:08.077",true,"[]",0,3
737,9714,"2026-08-18 17:12:08.077",true,"[""DANGEROUS_GOODS""]",20,3
738,1622,"2026-08-18 17:12:08.077",true,"[]",0,3
739,1556,"2026-08-18 17:12:08.077",true,"[]",0,3
740,1690,"2026-08-18 17:12:08.077",true,"[]",0,3
741,2167,"2026-08-18 17:12:08.077",true,"[]",0,3
742,418,"2026-08-18 17:12:08.077",true,"[]",0,3
743,3864,"2026-08-18 17:12:08.077",true,"[""DANGEROUS_GOODS""]",20,3
744,2795,"2026-08-18 17:12:08.077",true,"[]",0,3
745,7241,"2026-08-18 17:12:08.077",true,"[]",0,3
746,5996,"2026-08-18 17:12:08.077",true,"[]",0,3
747,8367,"2026-08-18 17:12:08.077",true,"[]",0,3
748,9961,"2026-08-18 17:12:08.077",true,"[]",0,3
749,3036,"2026-08-18 17:12:08.077",true,"[]",0,3
750,1868,"2026-08-18 17:12:08.077",true,"[]",0,3
751,6794,"2026-08-18 17:12:08.077",true,"[]",0,3
752,1023,"2026-08-18 17:12:08.077",true,"[]",0,3
753,7899,"2026-08-18 17:12:08.077",true,"[]",0,3
754,2815,"2026-08-18 17:12:08.077",true,"[""DANGEROUS_GOODS""]",20,3
755,4694,"2026-08-18 17:12:08.077",true,"[]",0,3
800,3718,"2026-08-18 17:12:08.077",true,"[]",0,3
801,9711,"2026-08-18 17:12:08.077",true,"[]",0,3
802,5519,"2026-08-18 17:12:08.077",true,"[]",0,3
803,5581,"2026-08-18 17:12:08.077",true,"[]",0,3
804,5009,"2026-08-18 17:12:08.077",false,"[""RESTRICTED_HS_CODE""]",30,3
805,5219,"2026-08-18 17:12:08.077",true,"[]",0,3
806,7798,"2026-08-18 17:12:08.077",true,"[""DANGEROUS_GOODS""]",20,3
807,5486,"2026-08-18 17:12:08.077",true,"[]",0,3
808,5722,"2026-08-18 17:12:08.077",true,"[]",0,3
809,1552,"2026-08-18 17:12:08.077",true,"[]",0,3
810,6327,"2026-08-18 17:12:08.077",true,"[]",0,3
811,7575,"2026-08-18 17:12:08.077",true,"[]",0,3
812,9011,"2026-08-18 17:12:08.077",true,"[]",0,3
813,3750,"2026-08-18 17:12:08.077",true,"[]",0,3
814,8609,"2026-08-18 17:12:08.077",true,"[""DANGEROUS_GOODS""]",20,3
815,9524,"2026-08-18 17:12:08.077",true,"[]",0,3
816,5224,"2026-08-18 17:12:08.077",true,"[]",0,3
817,8400,"2026-08-18 17:12:08.077",true,"[]",0,3
818,4819,"2026-08-18 17:12:08.077",true,"[]",0,3
819,8770,"2026-08-18 17:12:08.077",true,"[]",0,3
820,5972,"2026-08-18 17:12:08.077",true,"[]",0,3
821,4468,"2026-08-18 17:12:08.077",true,"[]",0,3
822,5286,"2026-08-18 17:12:08.077",false,"[""RESTRICTED_HS_CODE"",""DANGEROUS_GOODS""]",50,3
823,438,"2026-08-18 17:12:08.077",true,"[]",0,3
824,6281,"2026-08-18 17:12:08.077",true,"[]",0,3
825,8856,"2026-08-18 17:12:08.077",false,"[""RESTRICTED_HS_CODE""]",30,3
826,3851,"2026-08-18 17:12:08.077",true,"[]",0,3
827,9705,"2026-08-18 17:12:08.077",true,"[]",0,3
828,2828,"2026-08-18 17:12:08.077",true,"[""DANGEROUS_GOODS""]",20,3
829,2479,"2026-08-18 17:12:08.077",true,"[""DANGEROUS_GOODS""]",20,3
830,1702,"2026-08-18 17:12:08.077",true,"[]",0,3
831,4090,"2026-08-18 17:12:08.077",true,"[""DANGEROUS_GOODS""]",20,3
832,8822,"2026-08-18 17:12:08.077",true,"[]",0,3
833,2823,"2026-08-18 17:12:08.077",true,"[]",0,3
834,9113,"2026-08-18 17:12:08.077",true,"[]",0,3
835,4497,"2026-08-18 17:12:08.077",true,"[]",0,3
836,5195,"2026-08-18 17:12:08.077",true,"[]",0,3
837,2466,"2026-08-18 17:12:08.077",true,"[]",0,3
838,3899,"2026-08-18 17:12:08.077",false,"[""RESTRICTED_HS_CODE""]",30,3
839,8863,"2026-08-18 17:12:08.077",true,"[]",0,3
840,4114,"2026-08-18 17:12:08.077",true,"[]",0,3
841,5661,"2026-08-18 17:12:08.077",true,"[]",0,3
842,3696,"2026-08-18 17:12:08.077",false,"[""RESTRICTED_HS_CODE""]",30,3
843,7759,"2026-08-18 17:12:08.077",true,"[]",0,3
844,7297,"2026-08-18 17:12:08.077",false,"[""RESTRICTED_HS_CODE""]",30,3
845,8774,"2026-08-18 17:12:08.077",false,"[""RESTRICTED_HS_CODE""]",30,3
846,7153,"2026-08-18 17:12:08.077",true,"[]",0,3
847,3709,"2026-08-18 17:12:08.077",false,"[""RESTRICTED_HS_CODE""]",30,3
848,9473,"2026-08-18 17:12:08.077",false,"[""RESTRICTED_HS_CODE""]",30,3
849,183,"2026-08-18 17:12:08.077",true,"[""DANGEROUS_GOODS""]",20,3
850,4242,"2026-08-18 17:12:08.077",false,"[""RESTRICTED_HS_CODE""]",30,3
851,884,"2026-08-18 17:12:08.077",true,"[]",0,3
852,4907,"2026-08-18 17:12:08.077",true,"[]",0,3
853,1395,"2026-08-18 17:12:08.077",false,"[""RESTRICTED_HS_CODE""]",30,3
854,8285,"2026-08-18 17:12:08.077",true,"[]",0,3
855,4632,"2026-08-18 17:12:08.077",true,"[]",0,3
856,4993,"2026-08-18 17:12:08.077",true,"[]",0,3
857,3004,"2026-08-18 17:12:08.077",true,"[]",0,3
858,7550,"2026-08-18 17:12:08.077",false,"[""RESTRICTED_HS_CODE""]",30,3
859,5466,"2026-08-18 17:12:08.077",true,"[]",0,3
860,5731,"2026-08-18 17:12:08.077",true,"[]",0,3
861,2760,"2026-08-18 17:12:08.077",true,"[""DANGEROUS_GOODS""]",20,3
862,6973,"2026-08-18 17:12:08.077",true,"[]",0,3
863,860,"2026-08-18 17:12:08.077",true,"[]",0,3
864,396,"2026-08-18 17:12:08.077",true,"[]",0,3
865,159,"2026-08-18 17:12:08.077",true,"[]",0,3
866,9109,"2026-08-18 17:12:08.077",true,"[]",0,3
867,2277,"2026-08-18 17:12:08.077",true,"[]",0,3
868,3821,"2026-08-18 17:12:08.077",true,"[]",0,3
869,4740,"2026-08-18 17:12:08.077",false,"[""RESTRICTED_HS_CODE""]",30,3
870,6557,"2026-08-18 17:12:08.077",true,"[""DANGEROUS_GOODS""]",20,3
871,570,"2026-08-18 17:12:08.077",true,"[]",0,3
872,6539,"2026-08-18 17:12:08.077",true,"[]",0,3
873,2841,"2026-08-18 17:12:08.077",true,"[]",0,3
874,1043,"2026-08-18 17:12:08.077",true,"[]",0,3
875,4209,"2026-08-18 17:12:08.077",false,"[""RESTRICTED_HS_CODE""]",30,3
876,864,"2026-08-18 17:12:08.077",false,"[""RESTRICTED_HS_CODE""]",30,3
877,6634,"2026-08-18 17:12:08.077",false,"[""RESTRICTED_HS_CODE""]",30,3
878,5827,"2026-08-18 17:12:08.077",true,"[]",0,3
879,5668,"2026-08-18 17:12:08.077",false,"[""RESTRICTED_HS_CODE""]",30,3
880,1159,"2026-08-18 17:12:08.077",true,"[]",0,3
881,3692,"2026-08-18 17:12:08.077",true,"[]",0,3
882,8418,"2026-08-18 17:12:08.077",true,"[]",0,3
883,432,"2026-08-18 17:12:08.077",true,"[]",0,3
884,6767,"2026-08-18 17:12:08.077",true,"[]",0,3
885,8706,"2026-08-18 17:12:08.077",true,"[]",0,3
886,6925,"2026-08-18 17:12:08.077",true,"[]",0,3
887,2148,"2026-08-18 17:12:08.077",true,"[]",0,3
888,3061,"2026-08-18 17:12:08.077",true,"[]",0,3
889,2370,"2026-08-18 17:12:08.077",true,"[]",0,3
890,7942,"2026-08-18 17:12:08.077",true,"[]",0,3
891,8701,"2026-08-18 17:12:08.077",false,"[""RESTRICTED_HS_CODE""]",30,3
892,4340,"2026-08-18 17:12:08.077",true,"[]",0,3
893,8054,"2026-08-18 17:12:08.077",true,"[]",0,3
894,9921,"2026-08-18 17:12:08.077",true,"[]",0,3
895,7477,"2026-08-18 17:12:08.077",true,"[]",0,3
896,6386,"2026-08-18 17:12:08.077",true,"[]",0,3
897,3366,"2026-08-18 17:12:08.077",true,"[]",0,3
898,5758,"2026-08-18 17:12:08.077",false,"[""RESTRICTED_HS_CODE""]",30,3
899,6724,"2026-08-18 17:12:08.077",false,"[""RESTRICTED_HS_CODE""]",30,3
900,5871,"2026-08-18 17:12:08.077",false,"[""RESTRICTED_HS_CODE""]",30,3
901,8885,"2026-08-18 17:12:08.077",true,"[]",0,3
902,4211,"2026-08-18 17:12:08.077",true,"[]",0,3
903,8082,"2026-08-18 17:12:08.077",true,"[]",0,3
904,862,"2026-08-18 17:12:08.077",true,"[]",0,3
905,8986,"2026-08-18 17:12:08.077",true,"[]",0,3
906,7400,"2026-08-18 17:12:08.077",true,"[]",0,3
907,8944,"2026-08-18 17:12:08.077",true,"[]",0,3
908,8524,"2026-08-18 17:12:08.077",true,"[]",0,3
909,2083,"2026-08-18 17:12:08.077",true,"[]",0,3
910,3510,"2026-08-18 17:12:08.077",true,"[]",0,3
911,6656,"2026-08-18 17:12:08.077",true,"[]",0,3
912,1846,"2026-08-18 17:12:08.077",true,"[]",0,3
913,9030,"2026-08-18 17:12:08.077",true,"[]",0,3
914,841,"2026-08-18 17:12:08.077",false,"[""RESTRICTED_HS_CODE""]",30,3
915,9199,"2026-08-18 17:12:08.077",true,"[]",0,3
916,6078,"2026-08-18 17:12:08.077",true,"[]",0,3
917,2625,"2026-08-18 17:12:08.077",false,"[""RESTRICTED_HS_CODE""]",30,3
918,9286,"2026-08-18 17:12:08.077",true,"[]",0,3
919,5414,"2026-08-18 17:12:08.077",true,"[]",0,3
920,7852,"2026-08-18 17:12:08.077",true,"[]",0,3
921,5504,"2026-08-18 17:12:08.077",true,"[]",0,3
922,2249,"2026-08-18 17:12:08.077",true,"[]",0,3
923,3224,"2026-08-18 17:12:08.077",false,"[""RESTRICTED_HS_CODE""]",30,3
924,3423,"2026-08-18 17:12:08.077",false,"[""RESTRICTED_HS_CODE""]",30,3
925,1207,"2026-08-18 17:12:08.077",false,"[""RESTRICTED_HS_CODE""]",30,3
926,5428,"2026-08-18 17:12:08.077",false,"[""RESTRICTED_HS_CODE""]",30,3
927,1535,"2026-08-18 17:12:08.077",true,"[]",0,3
928,5437,"2026-08-18 17:12:08.077",true,"[]",0,3
929,6457,"2026-08-18 17:12:08.077",true,"[]",0,3
930,8812,"2026-08-18 17:12:08.077",true,"[]",0,3
931,9941,"2026-08-18 17:12:08.077",true,"[]",0,3
932,779,"2026-08-18 17:12:08.077",true,"[]",0,3
933,8855,"2026-08-18 17:12:08.077",true,"[]",0,3
934,9860,"2026-08-18 17:12:08.077",true,"[]",0,3
935,5439,"2026-08-18 17:12:08.077",true,"[]",0,3
936,7881,"2026-08-18 17:12:08.077",true,"[]",0,3
937,6897,"2026-08-18 17:12:08.077",true,"[]",0,3
938,4561,"2026-08-18 17:12:08.077",false,"[""RESTRICTED_HS_CODE""]",30,3
939,2834,"2026-08-18 17:12:08.077",true,"[]",0,3
940,3115,"2026-08-18 17:12:08.077",true,"[]",0,3
941,7806,"2026-08-18 17:12:08.077",true,"[]",0,3
942,9486,"2026-08-18 17:12:08.077",true,"[]",0,3
943,4307,"2026-08-18 17:12:08.077",true,"[]",0,3
944,9703,"2026-08-18 17:12:08.077",false,"[""RESTRICTED_HS_CODE"",""DANGEROUS_GOODS""]",50,3
945,7654,"2026-08-18 17:12:08.077",true,"[]",0,3
946,2403,"2026-08-18 17:12:08.077",true,"[]",0,3
947,2524,"2026-08-18 17:12:08.077",true,"[]",0,3
948,2015,"2026-08-18 17:12:08.077",true,"[]",0,3
949,4495,"2026-08-18 17:12:08.077",true,"[]",0,3
950,2697,"2026-08-18 17:12:08.077",true,"[]",0,3
951,614,"2026-08-18 17:12:08.077",true,"[]",0,3
952,2528,"2026-08-18 17:12:08.077",true,"[]",0,3
953,4136,"2026-08-18 17:12:08.077",true,"[]",0,3
954,433,"2026-08-18 17:12:08.077",true,"[]",0,3
955,9587,"2026-08-18 17:12:08.077",true,"[]",0,3
956,8267,"2026-08-18 17:12:08.077",true,"[]",0,3
957,221,"2026-08-18 17:12:08.077",true,"[]",0,3
958,1513,"2026-08-18 17:12:08.077",true,"[]",0,3
959,2344,"2026-08-18 17:12:08.077",true,"[]",0,3
960,4034,"2026-08-18 17:12:08.077",true,"[]",0,3
961,4811,"2026-08-18 17:12:08.077",true,"[]",0,3
962,7217,"2026-08-18 17:12:08.077",true,"[""DANGEROUS_GOODS""]",20,3
963,4555,"2026-08-18 17:12:08.077",true,"[]",0,3
964,2551,"2026-08-18 17:12:08.077",true,"[]",0,3
965,5263,"2026-08-18 17:12:08.077",false,"[""RESTRICTED_HS_CODE""]",30,3
966,1538,"2026-08-18 17:12:08.077",true,"[]",0,3
967,7307,"2026-08-18 17:12:08.077",true,"[]",0,3
968,8951,"2026-08-18 17:12:08.077",false,"[""RESTRICTED_HS_CODE""]",30,3
969,1984,"2026-08-18 17:12:08.077",false,"[""RESTRICTED_HS_CODE""]",30,3
970,3913,"2026-08-18 17:12:08.077",true,"[]",0,3
971,8097,"2026-08-18 17:12:08.077",true,"[]",0,3
972,5098,"2026-08-18 17:12:08.077",true,"[]",0,3
973,4884,"2026-08-18 17:12:08.077",true,"[]",0,3
974,2268,"2026-08-18 17:12:08.077",true,"[]",0,3
975,9960,"2026-08-18 17:12:08.077",true,"[]",0,3
976,2858,"2026-08-18 17:12:08.077",true,"[]",0,3
977,5124,"2026-08-18 17:12:08.077",true,"[]",0,3
978,2580,"2026-08-18 17:12:08.077",false,"[""RESTRICTED_HS_CODE""]",30,3
979,653,"2026-08-18 17:12:08.077",true,"[]",0,3
980,8456,"2026-08-18 17:12:08.077",true,"[]",0,3
981,4282,"2026-08-18 17:12:08.077",false,"[""RESTRICTED_HS_CODE""]",30,3
982,7392,"2026-08-18 17:12:08.077",true,"[]",0,3
983,8165,"2026-08-18 17:12:08.077",true,"[]",0,3
984,414,"2026-08-18 17:12:08.077",true,"[]",0,3
985,8087,"2026-08-18 17:12:08.077",true,"[]",0,3
986,7519,"2026-08-18 17:12:08.077",true,"[]",0,3
987,2918,"2026-08-18 17:12:08.077",true,"[]",0,3
988,8741,"2026-08-18 17:12:08.077",true,"[]",0,3
989,3077,"2026-08-18 17:12:08.077",true,"[]",0,3
990,2829,"2026-08-18 17:12:08.077",false,"[""RESTRICTED_HS_CODE""]",30,3
991,7229,"2026-08-18 17:12:08.077",true,"[]",0,3
992,3090,"2026-08-18 17:12:08.077",true,"[]",0,3
993,8780,"2026-08-18 17:12:08.077",true,"[]",0,3
994,5258,"2026-08-18 17:12:08.077",true,"[]",0,3
995,5314,"2026-08-18 17:12:08.077",true,"[]",0,3
996,9876,"2026-08-18 17:12:08.077",true,"[""DANGEROUS_GOODS""]",20,3
997,2763,"2026-08-18 17:12:08.077",true,"[]",0,3
998,9353,"2026-08-18 17:12:08.077",true,"[]",0,3
999,123,"2026-08-18 17:12:08.077",true,"[]",0,3
1000,5266,"2026-08-18 17:12:08.077",true,"[]",0,3
1001,9720,"2026-08-18 17:12:08.077",true,"[""DANGEROUS_GOODS""]",20,3
1002,609,"2026-08-18 17:12:08.077",true,"[]",0,3
1003,8335,"2026-08-18 17:12:08.077",true,"[]",0,3
1004,8149,"2026-08-18 17:12:08.077",true,"[]",0,3
1005,91,"2026-08-18 17:12:08.077",true,"[]",0,3
1006,1052,"2026-08-18 17:12:08.077",true,"[]",0,3
1007,8300,"2026-08-18 17:12:08.077",true,"[]",0,3
1008,6069,"2026-08-18 17:12:08.077",true,"[]",0,3
1009,1609,"2026-08-18 17:12:08.077",true,"[]",0,3
1010,9488,"2026-08-18 17:12:08.077",true,"[]",0,3
1011,8030,"2026-08-18 17:12:08.077",true,"[]",0,3
1012,9724,"2026-08-18 17:12:08.077",true,"[]",0,3
1013,1269,"2026-08-18 17:12:08.077",true,"[]",0,3
1014,8936,"2026-08-18 17:12:08.077",true,"[]",0,3
1015,5838,"2026-08-18 17:12:08.077",true,"[]",0,3
1016,503,"2026-08-18 17:12:08.077",true,"[]",0,3
1017,3261,"2026-08-18 17:12:08.077",true,"[]",0,3
1018,5844,"2026-08-18 17:12:08.077",true,"[]",0,3
1019,6916,"2026-08-18 17:12:08.077",true,"[]",0,3
1020,3674,"2026-08-18 17:12:08.077",true,"[""DANGEROUS_GOODS""]",20,3
1021,3408,"2026-08-18 17:12:08.077",true,"[]",0,3
1022,7313,"2026-08-18 17:12:08.077",true,"[]",0,3
1023,1825,"2026-08-18 17:12:08.077",true,"[]",0,3
1024,5794,"2026-08-18 17:12:08.077",true,"[]",0,3
1025,122,"2026-08-18 17:12:08.077",true,"[]",0,3
1026,2231,"2026-08-18 17:12:08.077",true,"[""DANGEROUS_GOODS""]",20,3
1027,6530,"2026-08-18 17:12:08.077",true,"[]",0,3
1028,7385,"2026-08-18 17:12:08.077",true,"[]",0,3
1029,2902,"2026-08-18 17:12:08.077",true,"[]",0,3
1030,2380,"2026-08-18 17:12:08.077",true,"[""DANGEROUS_GOODS""]",20,3
1031,875,"2026-08-18 17:12:08.077",true,"[""DANGEROUS_GOODS""]",20,3
1032,9751,"2026-08-18 17:12:08.077",true,"[]",0,3
1033,4257,"2026-08-18 17:12:08.077",true,"[]",0,3
1034,242,"2026-08-18 17:12:08.077",true,"[]",0,3
1035,4670,"2026-08-18 17:12:08.077",true,"[]",0,3
1036,244,"2026-08-18 17:12:08.077",true,"[]",0,3
1037,1966,"2026-08-18 17:12:08.077",true,"[]",0,3
1038,5487,"2026-08-18 17:12:08.077",true,"[]",0,3
1039,3314,"2026-08-18 17:12:08.077",true,"[]",0,3
1040,6035,"2026-08-18 17:12:08.077",true,"[]",0,3
1041,8693,"2026-08-18 17:12:08.077",true,"[""DANGEROUS_GOODS""]",20,3
1042,8231,"2026-08-18 17:12:08.077",true,"[]",0,3
1043,325,"2026-08-18 17:12:08.077",true,"[]",0,3
1044,4180,"2026-08-18 17:12:08.077",true,"[]",0,3
1045,776,"2026-08-18 17:12:08.077",true,"[]",0,3
1046,1061,"2026-08-18 17:12:08.077",true,"[]",0,3
1047,8073,"2026-08-18 17:12:08.077",true,"[]",0,3
1048,9552,"2026-08-18 17:12:08.077",true,"[]",0,3
1049,2699,"2026-08-18 17:12:08.077",true,"[]",0,3
1050,7117,"2026-08-18 17:12:08.077",false,"[""RESTRICTED_HS_CODE""]",30,3
1051,9172,"2026-08-18 17:12:08.077",true,"[]",0,3
1052,6779,"2026-08-18 17:12:08.077",true,"[]",0,3
1053,6733,"2026-08-18 17:12:08.077",true,"[]",0,3
1054,5823,"2026-08-18 17:12:08.077",false,"[""RESTRICTED_HS_CODE""]",30,3
1055,9402,"2026-08-18 17:12:08.077",false,"[""RESTRICTED_HS_CODE""]",30,3
1056,2424,"2026-08-18 17:12:08.077",false,"[""RESTRICTED_HS_CODE""]",30,3
1057,2023,"2026-08-18 17:12:08.077",true,"[]",0,3
1058,2891,"2026-08-18 17:12:08.077",false,"[""RESTRICTED_HS_CODE""]",30,3
1059,3900,"2026-08-18 17:12:08.077",true,"[""DANGEROUS_GOODS""]",20,3
1060,1952,"2026-08-18 17:12:08.077",true,"[]",0,3
1061,3394,"2026-08-18 17:12:08.077",true,"[]",0,3
1062,4368,"2026-08-18 17:12:08.077",true,"[]",0,3
1063,2577,"2026-08-18 17:12:08.077",true,"[]",0,3
1064,8191,"2026-08-18 17:12:08.077",true,"[]",0,3
1065,2970,"2026-08-18 17:12:08.077",true,"[]",0,3
1066,5525,"2026-08-18 17:12:08.077",true,"[]",0,3
1067,7592,"2026-08-18 17:12:08.077",true,"[]",0,3
1068,29,"2026-08-18 17:12:08.077",true,"[]",0,3
1069,8650,"2026-08-18 17:12:08.077",true,"[]",0,3
1070,492,"2026-08-18 17:12:08.077",false,"[""RESTRICTED_HS_CODE""]",30,3
1071,4577,"2026-08-18 17:12:08.077",true,"[]",0,3
1072,4597,"2026-08-18 17:12:08.077",false,"[""RESTRICTED_HS_CODE""]",30,3
1073,3215,"2026-08-18 17:12:08.077",true,"[]",0,3
1074,31,"2026-08-18 17:12:08.077",false,"[""RESTRICTED_HS_CODE""]",30,3
1075,3278,"2026-08-18 17:12:08.077",true,"[]",0,3
1076,1643,"2026-08-18 17:12:08.077",true,"[]",0,3
1077,6573,"2026-08-18 17:12:08.077",true,"[]",0,3
1078,3212,"2026-08-18 17:12:08.077",true,"[]",0,3
1079,7712,"2026-08-18 17:12:08.077",true,"[]",0,3
1080,9067,"2026-08-18 17:12:08.077",true,"[]",0,3
1081,4637,"2026-08-18 17:12:08.077",false,"[""RESTRICTED_HS_CODE""]",30,3
1082,6232,"2026-08-18 17:12:08.077",true,"[]",0,3
1083,1804,"2026-08-18 17:12:08.077",true,"[]",0,3
1084,1961,"2026-08-18 17:12:08.077",true,"[]",0,3
1085,9599,"2026-08-18 17:12:08.077",true,"[]",0,3
1086,7486,"2026-08-18 17:12:08.077",false,"[""RESTRICTED_HS_CODE""]",30,3
1087,6891,"2026-08-18 17:12:08.077",true,"[]",0,3
1088,8089,"2026-08-18 17:12:08.077",true,"[]",0,3
1089,4102,"2026-08-18 17:12:08.077",true,"[]",0,3
1090,7311,"2026-08-18 17:12:08.077",true,"[]",0,3
1091,5612,"2026-08-18 17:12:08.077",true,"[]",0,3
1092,327,"2026-08-18 17:12:08.077",false,"[""RESTRICTED_HS_CODE""]",30,3
1093,2916,"2026-08-18 17:12:08.077",true,"[]",0,3
1094,8566,"2026-08-18 17:12:08.077",true,"[]",0,3
1095,6902,"2026-08-18 17:12:08.077",false,"[""RESTRICTED_HS_CODE""]",30,3
1096,4463,"2026-08-18 17:12:08.077",true,"[]",0,3
1097,6094,"2026-08-18 17:12:08.077",true,"[]",0,3
1098,2118,"2026-08-18 17:12:08.077",true,"[]",0,3
1099,8966,"2026-08-18 17:12:08.077",true,"[""DANGEROUS_GOODS""]",20,3
1100,4734,"2026-08-18 17:12:08.077",true,"[]",0,3
1101,4265,"2026-08-18 17:12:08.077",true,"[]",0,3
1102,981,"2026-08-18 17:12:08.077",true,"[]",0,3
1103,2900,"2026-08-18 17:12:08.077",true,"[]",0,3
1104,3350,"2026-08-18 17:12:08.077",true,"[]",0,3
1105,9559,"2026-08-18 17:12:08.077",true,"[]",0,3
1106,6893,"2026-08-18 17:12:08.077",true,"[]",0,3
1107,660,"2026-08-18 17:12:08.077",false,"[""RESTRICTED_HS_CODE""]",30,3
1108,3032,"2026-08-18 17:12:08.077",true,"[]",0,3
1109,1519,"2026-08-18 17:12:08.077",false,"[""RESTRICTED_HS_CODE""]",30,3
1110,5251,"2026-08-18 17:12:08.077",true,"[""DANGEROUS_GOODS""]",20,3
1111,1880,"2026-08-18 17:12:08.077",true,"[]",0,3
1112,7206,"2026-08-18 17:12:08.077",true,"[]",0,3
1113,9042,"2026-08-18 17:12:08.077",false,"[""RESTRICTED_HS_CODE""]",30,3
1114,9017,"2026-08-18 17:12:08.077",true,"[]",0,3
1115,7674,"2026-08-18 17:12:08.077",true,"[]",0,3
1116,1357,"2026-08-18 17:12:08.077",true,"[]",0,3
1117,9674,"2026-08-18 17:12:08.077",true,"[]",0,3
1118,6553,"2026-08-18 17:12:08.077",true,"[]",0,3
1119,9950,"2026-08-18 17:12:08.077",true,"[]",0,3
1120,1204,"2026-08-18 17:12:08.077",true,"[]",0,3
1121,5802,"2026-08-18 17:12:08.077",true,"[]",0,3
1122,4772,"2026-08-18 17:12:08.077",true,"[]",0,3
1123,5094,"2026-08-18 17:12:08.077",true,"[]",0,3
1124,3849,"2026-08-18 17:12:08.077",true,"[]",0,3
1125,7621,"2026-08-18 17:12:08.077",true,"[]",0,3
1126,3392,"2026-08-18 17:12:08.077",false,"[""RESTRICTED_HS_CODE""]",30,3
1127,6739,"2026-08-18 17:12:08.077",true,"[]",0,3
1128,1547,"2026-08-18 17:12:08.077",true,"[]",0,3
1129,4592,"2026-08-18 17:12:08.077",true,"[]",0,3
1130,5817,"2026-08-18 17:12:08.077",true,"[]",0,3
1131,3867,"2026-08-18 17:12:08.077",true,"[]",0,3
1132,7059,"2026-08-18 17:12:08.077",true,"[]",0,3
1133,3897,"2026-08-18 17:12:08.077",true,"[]",0,3
1134,192,"2026-08-18 17:12:08.077",true,"[]",0,3
1135,9741,"2026-08-18 17:12:08.077",false,"[""RESTRICTED_HS_CODE""]",30,3
1136,7320,"2026-08-18 17:12:08.077",true,"[]",0,3
1137,7223,"2026-08-18 17:12:08.077",true,"[]",0,3
1138,4887,"2026-08-18 17:12:08.077",true,"[]",0,3
1139,7326,"2026-08-18 17:12:08.077",false,"[""RESTRICTED_HS_CODE""]",30,3
1140,8588,"2026-08-18 17:12:08.077",true,"[]",0,3
1141,3655,"2026-08-18 17:12:08.077",true,"[]",0,3
1142,3420,"2026-08-18 17:12:08.077",true,"[]",0,3
1143,3426,"2026-08-18 17:12:08.077",true,"[]",0,3
1144,2108,"2026-08-18 17:12:08.077",true,"[]",0,3
1145,1990,"2026-08-18 17:12:08.077",true,"[]",0,3
1146,8355,"2026-08-18 17:12:08.077",false,"[""RESTRICTED_HS_CODE""]",30,3
1147,512,"2026-08-18 17:12:08.077",true,"[]",0,3
1148,3480,"2026-08-18 17:12:08.077",true,"[]",0,3
1149,2405,"2026-08-18 17:12:08.077",true,"[]",0,3
1150,4361,"2026-08-18 17:12:08.077",false,"[""RESTRICTED_HS_CODE""]",30,3
1151,2586,"2026-08-18 17:12:08.077",true,"[]",0,3
1152,3898,"2026-08-18 17:12:08.077",true,"[]",0,3
1153,7988,"2026-08-18 17:12:08.077",true,"[]",0,3
1154,6426,"2026-08-18 17:12:08.077",true,"[]",0,3
1155,3418,"2026-08-18 17:12:08.077",false,"[""RESTRICTED_HS_CODE""]",30,3
1156,4932,"2026-08-18 17:12:08.077",true,"[]",0,3
1157,49,"2026-08-18 17:12:08.077",true,"[]",0,3
1158,6139,"2026-08-18 17:12:08.077",true,"[]",0,3
1159,1920,"2026-08-18 17:12:08.077",false,"[""RESTRICTED_HS_CODE""]",30,3
1160,9699,"2026-08-18 17:12:08.077",true,"[]",0,3
1161,4246,"2026-08-18 17:12:08.077",true,"[]",0,3
1162,1560,"2026-08-18 17:12:08.077",true,"[]",0,3
1163,4571,"2026-08-18 17:12:08.077",true,"[]",0,3
1164,2000,"2026-08-18 17:12:08.077",true,"[]",0,3
1165,904,"2026-08-18 17:12:08.077",true,"[]",0,3
1166,3560,"2026-08-18 17:12:08.077",true,"[]",0,3
1167,7221,"2026-08-18 17:12:08.077",true,"[]",0,3
1168,4587,"2026-08-18 17:12:08.077",true,"[]",0,3
1169,5092,"2026-08-18 17:12:08.077",false,"[""RESTRICTED_HS_CODE""]",30,3
1170,6063,"2026-08-18 17:12:08.077",true,"[""DANGEROUS_GOODS""]",20,3
1171,2669,"2026-08-18 17:12:08.077",true,"[]",0,3
1172,2885,"2026-08-18 17:12:08.077",true,"[]",0,3
1173,7398,"2026-08-18 17:12:08.077",false,"[""RESTRICTED_HS_CODE""]",30,3
1174,3690,"2026-08-18 17:12:08.077",true,"[]",0,3
1175,9905,"2026-08-18 17:12:08.077",false,"[""RESTRICTED_HS_CODE""]",30,3
1176,98,"2026-08-18 17:12:08.077",true,"[]",0,3
1177,2163,"2026-08-18 17:12:08.077",false,"[""RESTRICTED_HS_CODE""]",30,3
1178,1544,"2026-08-18 17:12:08.077",false,"[""RESTRICTED_HS_CODE""]",30,3
1179,2161,"2026-08-18 17:12:08.077",true,"[]",0,3
1180,6167,"2026-08-18 17:12:08.077",true,"[]",0,3
1181,7558,"2026-08-18 17:12:08.077",true,"[]",0,3
1182,3732,"2026-08-18 17:12:08.077",true,"[""DANGEROUS_GOODS""]",20,3
1183,2994,"2026-08-18 17:12:08.077",false,"[""RESTRICTED_HS_CODE""]",30,3
1184,9723,"2026-08-18 17:12:08.077",true,"[]",0,3
1185,8065,"2026-08-18 17:12:08.077",true,"[]",0,3
1186,9073,"2026-08-18 17:12:08.077",true,"[]",0,3
1187,1412,"2026-08-18 17:12:08.077",true,"[]",0,3
1188,9375,"2026-08-18 17:12:08.077",true,"[]",0,3
1189,3827,"2026-08-18 17:12:08.077",true,"[]",0,3
1190,7381,"2026-08-18 17:12:08.077",true,"[]",0,3
1191,2928,"2026-08-18 17:12:08.077",true,"[]",0,3
1192,18,"2026-08-18 17:12:08.077",true,"[]",0,3
1193,3063,"2026-08-18 17:12:08.077",true,"[]",0,3
1194,1365,"2026-08-18 17:12:08.077",false,"[""RESTRICTED_HS_CODE""]",30,3
1195,2134,"2026-08-18 17:12:08.077",true,"[]",0,3
1196,268,"2026-08-18 17:12:08.077",true,"[]",0,3
1197,7622,"2026-08-18 17:12:08.077",true,"[]",0,3
1198,7658,"2026-08-18 17:12:08.077",true,"[]",0,3
1199,7904,"2026-08-18 17:12:08.077",true,"[]",0,3
1200,2784,"2026-08-18 17:12:08.077",true,"[]",0,3
1201,4881,"2026-08-18 17:12:08.077",true,"[]",0,3
1202,1168,"2026-08-18 17:12:08.077",true,"[]",0,3
1203,4904,"2026-08-18 17:12:08.077",false,"[""RESTRICTED_HS_CODE""]",30,3
1204,2339,"2026-08-18 17:12:08.077",true,"[]",0,3
1205,6597,"2026-08-18 17:12:08.077",true,"[]",0,3
1206,7715,"2026-08-18 17:12:08.077",true,"[]",0,3
1207,8309,"2026-08-18 17:12:08.077",true,"[]",0,3
1208,6721,"2026-08-18 17:12:08.077",true,"[""DANGEROUS_GOODS""]",20,3
1209,8407,"2026-08-18 17:12:08.077",true,"[]",0,3
1210,8148,"2026-08-18 17:12:08.077",true,"[]",0,3
1211,3999,"2026-08-18 17:12:08.077",true,"[]",0,3
1212,4066,"2026-08-18 17:12:08.077",true,"[]",0,3
1213,9693,"2026-08-18 17:12:08.077",true,"[""DANGEROUS_GOODS""]",20,3
1214,8703,"2026-08-18 17:12:08.077",true,"[]",0,3
1215,3494,"2026-08-18 17:12:08.077",true,"[]",0,3
1216,6410,"2026-08-18 17:12:08.077",false,"[""RESTRICTED_HS_CODE""]",30,3
1217,4470,"2026-08-18 17:12:08.077",true,"[]",0,3
1218,8857,"2026-08-18 17:12:08.077",true,"[]",0,3
1219,7219,"2026-08-18 17:12:08.077",true,"[]",0,3
1220,1802,"2026-08-18 17:12:08.077",true,"[]",0,3
1221,3410,"2026-08-18 17:12:08.077",true,"[""DANGEROUS_GOODS""]",20,3
1222,1650,"2026-08-18 17:12:08.077",true,"[]",0,3
1223,1755,"2026-08-18 17:12:08.077",true,"[]",0,3
1224,7369,"2026-08-18 17:12:08.077",true,"[]",0,3
1225,9535,"2026-08-18 17:12:08.077",true,"[]",0,3
1226,2262,"2026-08-18 17:12:08.077",true,"[]",0,3
1227,6831,"2026-08-18 17:12:08.077",true,"[""DANGEROUS_GOODS""]",20,3
1228,7100,"2026-08-18 17:12:08.077",true,"[]",0,3
1229,200,"2026-08-18 17:12:08.077",true,"[]",0,3
1230,1942,"2026-08-18 17:12:08.077",true,"[]",0,3
1231,156,"2026-08-18 17:12:08.077",true,"[]",0,3
1232,6649,"2026-08-18 17:12:08.077",true,"[]",0,3
1233,6972,"2026-08-18 17:12:08.077",true,"[]",0,3
1234,2865,"2026-08-18 17:12:08.077",true,"[]",0,3
1235,5539,"2026-08-18 17:12:08.077",true,"[]",0,3
1236,4273,"2026-08-18 17:12:08.077",true,"[]",0,3
1237,7997,"2026-08-18 17:12:08.077",false,"[""RESTRICTED_HS_CODE""]",30,3
1238,1090,"2026-08-18 17:12:08.077",true,"[]",0,3
1239,7860,"2026-08-18 17:12:08.077",true,"[]",0,3
1240,5562,"2026-08-18 17:12:08.077",true,"[]",0,3
1241,3495,"2026-08-18 17:12:08.077",true,"[]",0,3
1242,2752,"2026-08-18 17:12:08.077",false,"[""RESTRICTED_HS_CODE"",""DANGEROUS_GOODS""]",50,3
1243,5306,"2026-08-18 17:12:08.077",false,"[""RESTRICTED_HS_CODE""]",30,3
1244,7983,"2026-08-18 17:12:08.077",false,"[""RESTRICTED_HS_CODE""]",30,3
1245,6510,"2026-08-18 17:12:08.077",true,"[]",0,3
1246,3971,"2026-08-18 17:12:08.077",true,"[]",0,3
1247,2299,"2026-08-18 17:12:08.077",true,"[]",0,3
1248,6413,"2026-08-18 17:12:08.077",true,"[]",0,3
1249,5787,"2026-08-18 17:12:08.077",true,"[]",0,3
1250,1636,"2026-08-18 17:12:08.077",true,"[]",0,3
1251,9858,"2026-08-18 17:12:08.077",true,"[]",0,3
1252,9057,"2026-08-18 17:12:08.077",false,"[""RESTRICTED_HS_CODE""]",30,3
1253,3319,"2026-08-18 17:12:08.077",true,"[]",0,3
1254,475,"2026-08-18 17:12:08.077",true,"[]",0,3
1255,4290,"2026-08-18 17:12:08.077",true,"[]",0,3
1256,5310,"2026-08-18 17:12:08.077",true,"[]",0,3
1257,6031,"2026-08-18 17:12:08.077",false,"[""RESTRICTED_HS_CODE""]",30,3
1258,8168,"2026-08-18 17:12:08.077",true,"[]",0,3
1259,4021,"2026-08-18 17:12:08.077",true,"[]",0,3
1260,9991,"2026-08-18 17:12:08.077",true,"[]",0,3
1261,3034,"2026-08-18 17:12:08.077",true,"[]",0,3
1262,6602,"2026-08-18 17:12:08.077",true,"[]",0,3
1263,358,"2026-08-18 17:12:08.077",true,"[]",0,3
1264,2523,"2026-08-18 17:12:08.077",true,"[]",0,3
1265,5719,"2026-08-18 17:12:08.077",true,"[]",0,3
1266,5741,"2026-08-18 17:12:08.077",false,"[""RESTRICTED_HS_CODE"",""DANGEROUS_GOODS""]",50,3
1267,1891,"2026-08-18 17:12:08.077",true,"[]",0,3
1268,8614,"2026-08-18 17:12:08.077",true,"[]",0,3
1269,1195,"2026-08-18 17:12:08.077",true,"[]",0,3
1270,9646,"2026-08-18 17:12:08.077",true,"[]",0,3
1271,5723,"2026-08-18 17:12:08.077",true,"[]",0,3
1272,6163,"2026-08-18 17:12:08.077",false,"[""RESTRICTED_HS_CODE""]",30,3
1273,1975,"2026-08-18 17:12:08.077",true,"[]",0,3
1274,3596,"2026-08-18 17:12:08.077",true,"[]",0,3
1275,7549,"2026-08-18 17:12:08.077",true,"[""DANGEROUS_GOODS""]",20,3
1276,4130,"2026-08-18 17:12:08.077",true,"[]",0,3
1277,7566,"2026-08-18 17:12:08.077",true,"[]",0,3
1278,1080,"2026-08-18 17:12:08.077",true,"[]",0,3
1279,6353,"2026-08-18 17:12:08.077",true,"[]",0,3
1280,4812,"2026-08-18 17:12:08.077",true,"[]",0,3
1281,4689,"2026-08-18 17:12:08.077",false,"[""RESTRICTED_HS_CODE""]",30,3
1282,4254,"2026-08-18 17:12:08.077",true,"[]",0,3
1283,502,"2026-08-18 17:12:08.077",true,"[]",0,3
1284,2243,"2026-08-18 17:12:08.077",true,"[]",0,3
1285,9624,"2026-08-18 17:12:08.077",true,"[]",0,3
1286,765,"2026-08-18 17:12:08.077",true,"[]",0,3
1287,2102,"2026-08-18 17:12:08.077",true,"[""DANGEROUS_GOODS""]",20,3
1288,9378,"2026-08-18 17:12:08.077",true,"[""DANGEROUS_GOODS""]",20,3
1289,4986,"2026-08-18 17:12:08.077",true,"[]",0,3
1290,1751,"2026-08-18 17:12:08.077",true,"[]",0,3
1291,9428,"2026-08-18 17:12:08.077",true,"[""DANGEROUS_GOODS""]",20,3
1292,6647,"2026-08-18 17:12:08.077",true,"[]",0,3
1293,4183,"2026-08-18 17:12:08.077",true,"[""DANGEROUS_GOODS""]",20,3
1294,5179,"2026-08-18 17:12:08.077",false,"[""RESTRICTED_HS_CODE""]",30,3
1295,6233,"2026-08-18 17:12:08.077",true,"[]",0,3
1296,7010,"2026-08-18 17:12:08.077",true,"[]",0,3
1297,4013,"2026-08-18 17:12:08.077",true,"[]",0,3
1298,1808,"2026-08-18 17:12:08.077",false,"[""RESTRICTED_HS_CODE""]",30,3
1299,9436,"2026-08-18 17:12:08.077",true,"[]",0,3
1300,2802,"2026-08-18 17:12:08.077",true,"[]",0,3
1301,89,"2026-08-18 17:12:08.077",true,"[]",0,3
1302,6601,"2026-08-18 17:12:08.077",true,"[]",0,3
1303,699,"2026-08-18 17:12:08.077",true,"[]",0,3
1304,9814,"2026-08-18 17:12:08.077",true,"[]",0,3
1305,342,"2026-08-18 17:12:08.077",true,"[]",0,3
1306,6907,"2026-08-18 17:12:08.077",true,"[]",0,3
1307,1910,"2026-08-18 17:12:08.077",true,"[]",0,3
1308,1055,"2026-08-18 17:12:08.077",true,"[]",0,3
1309,1189,"2026-08-18 17:12:08.077",false,"[""RESTRICTED_HS_CODE""]",30,3
1310,8927,"2026-08-18 17:12:08.077",true,"[]",0,3
1311,8778,"2026-08-18 17:12:08.077",true,"[]",0,3
1800,4568,"2026-08-18 17:12:08.077",true,"[]",0,3
1801,7729,"2026-08-18 17:12:08.077",false,"[""RESTRICTED_HS_CODE""]",30,3
1802,6999,"2026-08-18 17:12:08.077",true,"[]",0,3
1803,3447,"2026-08-18 17:12:08.077",true,"[]",0,3
1804,6621,"2026-08-18 17:12:08.077",true,"[]",0,3
1805,3599,"2026-08-18 17:12:08.077",true,"[]",0,3
1806,635,"2026-08-18 17:12:08.077",true,"[]",0,3
1807,926,"2026-08-18 17:12:08.077",true,"[]",0,3
1808,9817,"2026-08-18 17:12:08.077",true,"[]",0,3
1809,7036,"2026-08-18 17:12:08.077",true,"[]",0,3
1810,4275,"2026-08-18 17:12:08.077",true,"[]",0,3
1811,2294,"2026-08-18 17:12:08.077",true,"[]",0,3
1812,3354,"2026-08-18 17:12:08.077",true,"[]",0,3
1813,4241,"2026-08-18 17:12:08.077",true,"[]",0,3
1814,3206,"2026-08-18 17:12:08.077",false,"[""RESTRICTED_HS_CODE""]",30,3
1815,8372,"2026-08-18 17:12:08.077",true,"[]",0,3
1816,7415,"2026-08-18 17:12:08.077",true,"[]",0,3
1817,9024,"2026-08-18 17:12:08.077",true,"[]",0,3
1818,6936,"2026-08-18 17:12:08.077",true,"[""DANGEROUS_GOODS""]",20,3
1819,1296,"2026-08-18 17:12:08.077",false,"[""RESTRICTED_HS_CODE""]",30,3
1820,2786,"2026-08-18 17:12:08.077",true,"[]",0,3
1821,1483,"2026-08-18 17:12:08.077",true,"[]",0,3
1822,7027,"2026-08-18 17:12:08.077",true,"[]",0,3
1823,5356,"2026-08-18 17:12:08.077",true,"[]",0,3
1824,3757,"2026-08-18 17:12:08.077",true,"[]",0,3
1825,5046,"2026-08-18 17:12:08.077",true,"[]",0,3
1826,5545,"2026-08-18 17:12:08.077",true,"[]",0,3
1827,2746,"2026-08-18 17:12:08.077",false,"[""RESTRICTED_HS_CODE""]",30,3
1828,3142,"2026-08-18 17:12:08.077",true,"[]",0,3
1829,4489,"2026-08-18 17:12:08.077",true,"[]",0,3
1830,61,"2026-08-18 17:12:08.077",false,"[""RESTRICTED_HS_CODE""]",30,3
1831,6422,"2026-08-18 17:12:08.077",true,"[]",0,3
1832,8658,"2026-08-18 17:12:08.077",false,"[""RESTRICTED_HS_CODE""]",30,3
1833,7283,"2026-08-18 17:12:08.077",false,"[""RESTRICTED_HS_CODE""]",30,3
1834,5315,"2026-08-18 17:12:08.077",true,"[]",0,3
1835,4426,"2026-08-18 17:12:08.077",false,"[""RESTRICTED_HS_CODE""]",30,3
1836,4948,"2026-08-18 17:12:08.077",true,"[]",0,3
1837,41,"2026-08-18 17:12:08.077",false,"[""RESTRICTED_HS_CODE""]",30,3
1838,139,"2026-08-18 17:12:08.077",true,"[]",0,3
1839,7755,"2026-08-18 17:12:08.077",true,"[]",0,3
1840,804,"2026-08-18 17:12:08.077",true,"[]",0,3
1841,2315,"2026-08-18 17:12:08.077",true,"[]",0,3
1842,6587,"2026-08-18 17:12:08.077",true,"[]",0,3
1843,4022,"2026-08-18 17:12:08.077",true,"[]",0,3
1844,9281,"2026-08-18 17:12:08.077",true,"[]",0,3
1845,6292,"2026-08-18 17:12:08.077",true,"[]",0,3
1846,993,"2026-08-18 17:12:08.077",true,"[]",0,3
1847,8325,"2026-08-18 17:12:08.077",true,"[]",0,3
1848,9575,"2026-08-18 17:12:08.077",true,"[]",0,3
1849,8645,"2026-08-18 17:12:08.077",true,"[]",0,3
1850,7399,"2026-08-18 17:12:08.077",true,"[]",0,3
1851,2827,"2026-08-18 17:12:08.077",true,"[]",0,3
1852,4648,"2026-08-18 17:12:08.077",false,"[""RESTRICTED_HS_CODE""]",30,3
1853,5947,"2026-08-18 17:12:08.077",true,"[]",0,3
1854,7946,"2026-08-18 17:12:08.077",true,"[]",0,3
1855,7521,"2026-08-18 17:12:08.077",true,"[]",0,3
1856,2027,"2026-08-18 17:12:08.077",true,"[]",0,3
1857,2740,"2026-08-18 17:12:08.077",true,"[]",0,3
1858,2655,"2026-08-18 17:12:08.077",true,"[]",0,3
1859,225,"2026-08-18 17:12:08.077",false,"[""RESTRICTED_HS_CODE""]",30,3
1860,7017,"2026-08-18 17:12:08.077",false,"[""RESTRICTED_HS_CODE""]",30,3
1861,7341,"2026-08-18 17:12:08.077",true,"[""DANGEROUS_GOODS""]",20,3
1862,2383,"2026-08-18 17:12:08.077",true,"[]",0,3
1863,3010,"2026-08-18 17:12:08.077",true,"[]",0,3
1864,7109,"2026-08-18 17:12:08.077",true,"[]",0,3
1865,2345,"2026-08-18 17:12:08.077",true,"[]",0,3
1866,2936,"2026-08-18 17:12:08.077",false,"[""RESTRICTED_HS_CODE""]",30,3
1867,306,"2026-08-18 17:12:08.077",true,"[]",0,3
1868,3469,"2026-08-18 17:12:08.077",true,"[]",0,3
1869,8483,"2026-08-18 17:12:08.077",true,"[]",0,3
1870,9898,"2026-08-18 17:12:08.077",true,"[]",0,3
1871,4440,"2026-08-18 17:12:08.077",true,"[]",0,3
1872,1588,"2026-08-18 17:12:08.077",false,"[""RESTRICTED_HS_CODE""]",30,3
1873,6994,"2026-08-18 17:12:08.077",false,"[""RESTRICTED_HS_CODE""]",30,3
1874,4208,"2026-08-18 17:12:08.077",true,"[]",0,3
1875,9025,"2026-08-18 17:12:08.077",true,"[]",0,3
1876,3975,"2026-08-18 17:12:08.077",true,"[]",0,3
1877,4296,"2026-08-18 17:12:08.077",true,"[]",0,3
1878,8997,"2026-08-18 17:12:08.077",true,"[]",0,3
1879,4041,"2026-08-18 17:12:08.077",false,"[""RESTRICTED_HS_CODE"",""DANGEROUS_GOODS""]",50,3
1880,6374,"2026-08-18 17:12:08.077",true,"[]",0,3
1881,8513,"2026-08-18 17:12:08.077",true,"[]",0,3
1882,3907,"2026-08-18 17:12:08.077",true,"[]",0,3
1883,6910,"2026-08-18 17:12:08.077",true,"[]",0,3
1884,6842,"2026-08-18 17:12:08.077",false,"[""RESTRICTED_HS_CODE""]",30,3
1885,2561,"2026-08-18 17:12:08.077",true,"[""DANGEROUS_GOODS""]",20,3
1886,6487,"2026-08-18 17:12:08.077",true,"[]",0,3
1887,7011,"2026-08-18 17:12:08.077",true,"[]",0,3
1888,9914,"2026-08-18 17:12:08.077",true,"[]",0,3
1889,2512,"2026-08-18 17:12:08.077",true,"[]",0,3
1890,8515,"2026-08-18 17:12:08.077",true,"[""DANGEROUS_GOODS""]",20,3
1891,6151,"2026-08-18 17:12:08.077",true,"[]",0,3
1892,4355,"2026-08-18 17:12:08.077",true,"[]",0,3
1893,165,"2026-08-18 17:12:08.077",true,"[]",0,3
1894,463,"2026-08-18 17:12:08.077",true,"[]",0,3
1895,2870,"2026-08-18 17:12:08.077",true,"[""DANGEROUS_GOODS""]",20,3
1896,4479,"2026-08-18 17:12:08.077",true,"[]",0,3
1897,1805,"2026-08-18 17:12:08.077",true,"[]",0,3
1898,7257,"2026-08-18 17:12:08.077",true,"[]",0,3
1899,1466,"2026-08-18 17:12:08.077",true,"[]",0,3
1900,7453,"2026-08-18 17:12:08.077",true,"[]",0,3
1901,272,"2026-08-18 17:12:08.077",true,"[]",0,3
1902,8925,"2026-08-18 17:12:08.077",false,"[""RESTRICTED_HS_CODE""]",30,3
1903,8433,"2026-08-18 17:12:08.077",true,"[]",0,3
1904,7709,"2026-08-18 17:12:08.077",false,"[""RESTRICTED_HS_CODE""]",30,3
1905,855,"2026-08-18 17:12:08.077",false,"[""RESTRICTED_HS_CODE""]",30,3
1906,7057,"2026-08-18 17:12:08.077",false,"[""RESTRICTED_HS_CODE""]",30,3
1907,35,"2026-08-18 17:12:08.077",true,"[]",0,3
1908,8902,"2026-08-18 17:12:08.077",true,"[]",0,3
1909,3915,"2026-08-18 17:12:08.077",true,"[]",0,3
1910,9144,"2026-08-18 17:12:08.077",true,"[]",0,3
1911,9215,"2026-08-18 17:12:08.077",false,"[""RESTRICTED_HS_CODE""]",30,3
1912,5937,"2026-08-18 17:12:08.077",true,"[]",0,3
1913,5781,"2026-08-18 17:12:08.077",true,"[]",0,3
1914,8420,"2026-08-18 17:12:08.077",true,"[]",0,3
1915,4188,"2026-08-18 17:12:08.077",true,"[]",0,3
1916,6470,"2026-08-18 17:12:08.077",true,"[]",0,3
1917,5249,"2026-08-18 17:12:08.077",true,"[]",0,3
1918,5648,"2026-08-18 17:12:08.077",true,"[]",0,3
1919,5921,"2026-08-18 17:12:08.077",true,"[]",0,3
1920,782,"2026-08-18 17:12:08.077",true,"[]",0,3
1921,6261,"2026-08-18 17:12:08.077",true,"[]",0,3
1922,2839,"2026-08-18 17:12:08.077",true,"[]",0,3
1923,3912,"2026-08-18 17:12:08.077",true,"[]",0,3
1924,8078,"2026-08-18 17:12:08.077",true,"[]",0,3
1925,6678,"2026-08-18 17:12:08.077",true,"[]",0,3
1926,7107,"2026-08-18 17:12:08.077",true,"[]",0,3
1927,8343,"2026-08-18 17:12:08.077",true,"[]",0,3
1928,5560,"2026-08-18 17:12:08.077",true,"[]",0,3
1929,4201,"2026-08-18 17:12:08.077",false,"[""RESTRICTED_HS_CODE""]",30,3
1930,7734,"2026-08-18 17:12:08.077",true,"[]",0,3
1931,3193,"2026-08-18 17:12:08.077",false,"[""RESTRICTED_HS_CODE""]",30,3
1932,5262,"2026-08-18 17:12:08.077",true,"[]",0,3
1933,5892,"2026-08-18 17:12:08.077",true,"[]",0,3
1934,662,"2026-08-18 17:12:08.077",true,"[]",0,3
1935,2998,"2026-08-18 17:12:08.077",true,"[]",0,3
1936,2505,"2026-08-18 17:12:08.077",true,"[]",0,3
1937,2848,"2026-08-18 17:12:08.077",true,"[]",0,3
1938,9907,"2026-08-18 17:12:08.077",true,"[]",0,3
1939,3073,"2026-08-18 17:12:08.077",true,"[""DANGEROUS_GOODS""]",20,3
1940,6486,"2026-08-18 17:12:08.077",false,"[""RESTRICTED_HS_CODE"",""DANGEROUS_GOODS""]",50,3
1941,2465,"2026-08-18 17:12:08.077",true,"[]",0,3
1942,2987,"2026-08-18 17:12:08.077",true,"[]",0,3
1943,7839,"2026-08-18 17:12:08.077",true,"[]",0,3
1944,4218,"2026-08-18 17:12:08.077",true,"[""DANGEROUS_GOODS""]",20,3
1945,6064,"2026-08-18 17:12:08.077",true,"[]",0,3
1946,3580,"2026-08-18 17:12:08.077",true,"[]",0,3
1947,7818,"2026-08-18 17:12:08.077",true,"[]",0,3
1948,340,"2026-08-18 17:12:08.077",true,"[]",0,3
1949,4200,"2026-08-18 17:12:08.077",true,"[]",0,3
1950,745,"2026-08-18 17:12:08.077",true,"[]",0,3
1951,2923,"2026-08-18 17:12:08.077",true,"[]",0,3
1952,8042,"2026-08-18 17:12:08.077",true,"[]",0,3
1953,9908,"2026-08-18 17:12:08.077",true,"[]",0,3
1954,9574,"2026-08-18 17:12:08.077",true,"[]",0,3
1955,5738,"2026-08-18 17:12:08.077",true,"[]",0,3
1956,2685,"2026-08-18 17:12:08.077",false,"[""RESTRICTED_HS_CODE""]",30,3
1957,3878,"2026-08-18 17:12:08.077",false,"[""RESTRICTED_HS_CODE""]",30,3
1958,3672,"2026-08-18 17:12:08.077",true,"[]",0,3
1959,4234,"2026-08-18 17:12:08.077",true,"[]",0,3
1960,4923,"2026-08-18 17:12:08.077",true,"[]",0,3
1961,995,"2026-08-18 17:12:08.077",true,"[]",0,3
1962,1524,"2026-08-18 17:12:08.077",true,"[]",0,3
1963,8291,"2026-08-18 17:12:08.077",true,"[]",0,3
1964,7650,"2026-08-18 17:12:08.077",true,"[]",0,3
1965,1649,"2026-08-18 17:12:08.077",true,"[]",0,3
1966,4333,"2026-08-18 17:12:08.077",true,"[]",0,3
1967,4088,"2026-08-18 17:12:08.077",true,"[]",0,3
1968,4657,"2026-08-18 17:12:08.077",true,"[]",0,3
1969,9279,"2026-08-18 17:12:08.077",true,"[]",0,3
1970,6305,"2026-08-18 17:12:08.077",true,"[]",0,3
1971,8086,"2026-08-18 17:12:08.077",true,"[]",0,3
1972,1231,"2026-08-18 17:12:08.077",true,"[]",0,3
1973,8457,"2026-08-18 17:12:08.077",true,"[]",0,3
1974,5951,"2026-08-18 17:12:08.077",false,"[""RESTRICTED_HS_CODE""]",30,3
1975,312,"2026-08-18 17:12:08.077",false,"[""RESTRICTED_HS_CODE""]",30,3
1976,2624,"2026-08-18 17:12:08.077",true,"[""DANGEROUS_GOODS""]",20,3
1977,2890,"2026-08-18 17:12:08.077",true,"[]",0,3
1978,2688,"2026-08-18 17:12:08.077",true,"[]",0,3
1979,2822,"2026-08-18 17:12:08.077",true,"[]",0,3
1980,3682,"2026-08-18 17:12:08.077",true,"[]",0,3
1981,2897,"2026-08-18 17:12:08.077",true,"[]",0,3
1982,5605,"2026-08-18 17:12:08.077",true,"[""DANGEROUS_GOODS""]",20,3
1983,2073,"2026-08-18 17:12:08.077",true,"[]",0,3
1984,6102,"2026-08-18 17:12:08.077",true,"[]",0,3
1985,8871,"2026-08-18 17:12:08.077",true,"[]",0,3
1986,38,"2026-08-18 17:12:08.077",true,"[""DANGEROUS_GOODS""]",20,3
1987,6922,"2026-08-18 17:12:08.077",true,"[]",0,3
1988,934,"2026-08-18 17:12:08.077",true,"[]",0,3
1989,1790,"2026-08-18 17:12:08.077",true,"[]",0,3
1990,2223,"2026-08-18 17:12:08.077",true,"[]",0,3
1991,723,"2026-08-18 17:12:08.077",true,"[]",0,3
1992,2853,"2026-08-18 17:12:08.077",true,"[]",0,3
1993,464,"2026-08-18 17:12:08.077",true,"[]",0,3
1994,3372,"2026-08-18 17:12:08.077",false,"[""RESTRICTED_HS_CODE""]",30,3
1995,7193,"2026-08-18 17:12:08.077",true,"[]",0,3
1996,394,"2026-08-18 17:12:08.077",true,"[]",0,3
1997,6607,"2026-08-18 17:12:08.077",true,"[]",0,3
1998,6361,"2026-08-18 17:12:08.077",true,"[]",0,3
1999,773,"2026-08-18 17:12:08.077",true,"[]",0,3
2000,9371,"2026-08-18 17:12:08.077",true,"[]",0,3
2001,5837,"2026-08-18 17:12:08.077",true,"[]",0,3
2002,2378,"2026-08-18 17:12:08.077",true,"[]",0,3
2003,6840,"2026-08-18 17:12:08.077",true,"[]",0,3
2004,817,"2026-08-18 17:12:08.077",true,"[]",0,3
2005,1682,"2026-08-18 17:12:08.077",true,"[]",0,3
2006,8409,"2026-08-18 17:12:08.077",true,"[]",0,3
2007,1795,"2026-08-18 17:12:08.077",true,"[]",0,3
2008,4414,"2026-08-18 17:12:08.077",true,"[]",0,3
2009,1554,"2026-08-18 17:12:08.077",true,"[]",0,3
2010,3397,"2026-08-18 17:12:08.077",true,"[]",0,3
2011,667,"2026-08-18 17:12:08.077",true,"[]",0,3
2012,3482,"2026-08-18 17:12:08.077",true,"[]",0,3
2013,9433,"2026-08-18 17:12:08.077",true,"[]",0,3
2014,2358,"2026-08-18 17:12:08.077",true,"[]",0,3
2015,1867,"2026-08-18 17:12:08.077",false,"[""RESTRICTED_HS_CODE""]",30,3
2016,6377,"2026-08-18 17:12:08.077",false,"[""RESTRICTED_HS_CODE""]",30,3
2017,5734,"2026-08-18 17:12:08.077",true,"[]",0,3
2018,5816,"2026-08-18 17:12:08.077",true,"[""DANGEROUS_GOODS""]",20,3
2019,6393,"2026-08-18 17:12:08.077",false,"[""RESTRICTED_HS_CODE""]",30,3
2020,6271,"2026-08-18 17:12:08.077",true,"[]",0,3
2021,5447,"2026-08-18 17:12:08.077",true,"[]",0,3
2022,6287,"2026-08-18 17:12:08.077",true,"[]",0,3
2023,6803,"2026-08-18 17:12:08.077",false,"[""RESTRICTED_HS_CODE""]",30,3
2024,8859,"2026-08-18 17:12:08.077",false,"[""RESTRICTED_HS_CODE"",""DANGEROUS_GOODS""]",50,3
2025,6504,"2026-08-18 17:12:08.077",true,"[]",0,3
2026,3661,"2026-08-18 17:12:08.077",false,"[""RESTRICTED_HS_CODE""]",30,3
2027,5067,"2026-08-18 17:12:08.077",true,"[]",0,3
2028,1217,"2026-08-18 17:12:08.077",true,"[]",0,3
2029,6033,"2026-08-18 17:12:08.077",true,"[]",0,3
2030,4012,"2026-08-18 17:12:08.077",false,"[""RESTRICTED_HS_CODE""]",30,3
2031,9482,"2026-08-18 17:12:08.077",true,"[]",0,3
2032,2025,"2026-08-18 17:12:08.077",true,"[]",0,3
2033,8021,"2026-08-18 17:12:08.077",true,"[]",0,3
2034,3752,"2026-08-18 17:12:08.077",true,"[]",0,3
2035,1348,"2026-08-18 17:12:08.077",true,"[]",0,3
2036,5902,"2026-08-18 17:12:08.077",true,"[]",0,3
2037,8053,"2026-08-18 17:12:08.077",true,"[]",0,3
2038,9357,"2026-08-18 17:12:08.077",true,"[]",0,3
2039,5474,"2026-08-18 17:12:08.077",true,"[]",0,3
2040,1225,"2026-08-18 17:12:08.077",true,"[]",0,3
2041,6283,"2026-08-18 17:12:08.077",true,"[]",0,3
2042,3796,"2026-08-18 17:12:08.077",true,"[]",0,3
2043,5967,"2026-08-18 17:12:08.077",true,"[]",0,3
2044,5139,"2026-08-18 17:12:08.077",true,"[]",0,3
2045,6825,"2026-08-18 17:12:08.077",false,"[""RESTRICTED_HS_CODE""]",30,3
2046,2696,"2026-08-18 17:12:08.077",true,"[]",0,3
2047,7149,"2026-08-18 17:12:08.077",true,"[]",0,3
2048,694,"2026-08-18 17:12:08.077",true,"[]",0,3
2049,1427,"2026-08-18 17:12:08.077",true,"[]",0,3
2050,8186,"2026-08-18 17:12:08.077",true,"[]",0,3
2051,5122,"2026-08-18 17:12:08.077",true,"[]",0,3
2052,6211,"2026-08-18 17:12:08.077",true,"[]",0,3
2053,7980,"2026-08-18 17:12:08.077",true,"[]",0,3
2054,1175,"2026-08-18 17:12:08.077",true,"[]",0,3
2055,5793,"2026-08-18 17:12:08.077",true,"[]",0,3
2056,2288,"2026-08-18 17:12:08.077",true,"[""DANGEROUS_GOODS""]",20,3
2057,4464,"2026-08-18 17:12:08.077",true,"[]",0,3
2058,9642,"2026-08-18 17:12:08.077",false,"[""RESTRICTED_HS_CODE""]",30,3
2059,3519,"2026-08-18 17:12:08.077",true,"[]",0,3
2060,3384,"2026-08-18 17:12:08.077",false,"[""RESTRICTED_HS_CODE""]",30,3
2061,3635,"2026-08-18 17:12:08.077",false,"[""RESTRICTED_HS_CODE""]",30,3
2062,4640,"2026-08-18 17:12:08.077",true,"[]",0,3
2063,3679,"2026-08-18 17:12:08.077",false,"[""RESTRICTED_HS_CODE""]",30,3
2064,8402,"2026-08-18 17:12:08.077",false,"[""RESTRICTED_HS_CODE""]",30,3
2065,1180,"2026-08-18 17:12:08.077",true,"[]",0,3
2066,5366,"2026-08-18 17:12:08.077",true,"[]",0,3
2067,6727,"2026-08-18 17:12:08.077",false,"[""RESTRICTED_HS_CODE""]",30,3
2068,6149,"2026-08-18 17:12:08.077",true,"[""DANGEROUS_GOODS""]",20,3
2069,2690,"2026-08-18 17:12:08.077",true,"[]",0,3
2070,1749,"2026-08-18 17:12:08.077",true,"[]",0,3
2071,9125,"2026-08-18 17:12:08.077",true,"[]",0,3
2072,3465,"2026-08-18 17:12:08.077",true,"[]",0,3
2073,3525,"2026-08-18 17:12:08.077",true,"[]",0,3
2074,4719,"2026-08-18 17:12:08.077",true,"[]",0,3
2075,5573,"2026-08-18 17:12:08.077",true,"[]",0,3
2076,331,"2026-08-18 17:12:08.077",true,"[]",0,3
2077,4133,"2026-08-18 17:12:08.077",true,"[]",0,3
2078,7811,"2026-08-18 17:12:08.077",false,"[""RESTRICTED_HS_CODE""]",30,3
2079,8398,"2026-08-18 17:12:08.077",true,"[]",0,3
2080,2414,"2026-08-18 17:12:08.077",true,"[]",0,3
2081,3003,"2026-08-18 17:12:08.077",true,"[]",0,3
2082,7512,"2026-08-18 17:12:08.077",true,"[]",0,3
2083,8867,"2026-08-18 17:12:08.077",true,"[]",0,3
2084,1537,"2026-08-18 17:12:08.077",true,"[]",0,3
2085,2914,"2026-08-18 17:12:08.077",true,"[""DANGEROUS_GOODS""]",20,3
2086,4221,"2026-08-18 17:12:08.077",true,"[]",0,3
2087,8973,"2026-08-18 17:12:08.077",true,"[]",0,3
2088,2359,"2026-08-18 17:12:08.077",true,"[]",0,3
2089,4777,"2026-08-18 17:12:08.077",false,"[""RESTRICTED_HS_CODE""]",30,3
2090,2583,"2026-08-18 17:12:08.077",true,"[]",0,3
2091,9565,"2026-08-18 17:12:08.077",false,"[""RESTRICTED_HS_CODE""]",30,3
2092,9515,"2026-08-18 17:12:08.077",true,"[]",0,3
2093,271,"2026-08-18 17:12:08.077",true,"[]",0,3
2094,8716,"2026-08-18 17:12:08.077",true,"[]",0,3
2095,3364,"2026-08-18 17:12:08.077",true,"[]",0,3
2096,3647,"2026-08-18 17:12:08.077",true,"[]",0,3
2097,9529,"2026-08-18 17:12:08.077",true,"[]",0,3
2098,8094,"2026-08-18 17:12:08.077",true,"[]",0,3
2099,8922,"2026-08-18 17:12:08.077",true,"[]",0,3
2100,510,"2026-08-18 17:12:08.077",true,"[]",0,3
2101,8386,"2026-08-18 17:12:08.077",true,"[]",0,3
2102,1491,"2026-08-18 17:12:08.077",true,"[]",0,3
2103,2039,"2026-08-18 17:12:08.077",true,"[]",0,3
2104,3844,"2026-08-18 17:12:08.077",false,"[""RESTRICTED_HS_CODE""]",30,3
2105,4773,"2026-08-18 17:12:08.077",false,"[""RESTRICTED_HS_CODE""]",30,3
2106,1918,"2026-08-18 17:12:08.077",false,"[""RESTRICTED_HS_CODE""]",30,3
2107,3885,"2026-08-18 17:12:08.077",true,"[]",0,3
2108,9773,"2026-08-18 17:12:08.077",true,"[]",0,3
2109,1549,"2026-08-18 17:12:08.077",true,"[]",0,3
2110,603,"2026-08-18 17:12:08.077",true,"[]",0,3
2111,8793,"2026-08-18 17:12:08.077",true,"[]",0,3
2112,9782,"2026-08-18 17:12:08.077",true,"[]",0,3
2113,3586,"2026-08-18 17:12:08.077",true,"[]",0,3
2114,9879,"2026-08-18 17:12:08.077",false,"[""RESTRICTED_HS_CODE"",""DANGEROUS_GOODS""]",50,3
2115,5537,"2026-08-18 17:12:08.077",false,"[""RESTRICTED_HS_CODE""]",30,3
2116,1789,"2026-08-18 17:12:08.077",false,"[""RESTRICTED_HS_CODE""]",30,3
2117,5762,"2026-08-18 17:12:08.077",true,"[]",0,3
2118,4992,"2026-08-18 17:12:08.077",true,"[]",0,3
2119,302,"2026-08-18 17:12:08.077",true,"[]",0,3
2120,5178,"2026-08-18 17:12:08.077",true,"[]",0,3
2121,3800,"2026-08-18 17:12:08.077",true,"[]",0,3
2122,2600,"2026-08-18 17:12:08.077",true,"[]",0,3
2123,3232,"2026-08-18 17:12:08.077",false,"[""RESTRICTED_HS_CODE""]",30,3
2124,1694,"2026-08-18 17:12:08.077",true,"[]",0,3
2125,1748,"2026-08-18 17:12:08.077",false,"[""RESTRICTED_HS_CODE""]",30,3
2126,5685,"2026-08-18 17:12:08.077",true,"[]",0,3
2127,9823,"2026-08-18 17:12:08.077",true,"[]",0,3
2128,3538,"2026-08-18 17:12:08.077",true,"[]",0,3
2129,2677,"2026-08-18 17:12:08.077",true,"[]",0,3
2130,8136,"2026-08-18 17:12:08.077",false,"[""RESTRICTED_HS_CODE""]",30,3
2131,132,"2026-08-18 17:12:08.077",true,"[]",0,3
2132,8585,"2026-08-18 17:12:08.077",true,"[]",0,3
2133,4862,"2026-08-18 17:12:08.077",true,"[]",0,3
2134,2676,"2026-08-18 17:12:08.077",true,"[]",0,3
2135,5748,"2026-08-18 17:12:08.077",true,"[]",0,3
2136,7618,"2026-08-18 17:12:08.077",true,"[]",0,3
2137,6586,"2026-08-18 17:12:08.077",true,"[]",0,3
2138,2978,"2026-08-18 17:12:08.077",true,"[]",0,3
2139,8375,"2026-08-18 17:12:08.077",true,"[]",0,3
2140,6365,"2026-08-18 17:12:08.077",false,"[""RESTRICTED_HS_CODE""]",30,3
2141,2728,"2026-08-18 17:12:08.077",true,"[]",0,3
2142,6454,"2026-08-18 17:12:08.077",true,"[]",0,3
2143,3390,"2026-08-18 17:12:08.077",true,"[]",0,3
2144,3960,"2026-08-18 17:12:08.077",true,"[]",0,3
2145,4562,"2026-08-18 17:12:08.077",true,"[]",0,3
2146,124,"2026-08-18 17:12:08.077",true,"[]",0,3
2147,4424,"2026-08-18 17:12:08.077",true,"[]",0,3
2148,6608,"2026-08-18 17:12:08.077",true,"[]",0,3
2149,1318,"2026-08-18 17:12:08.077",true,"[]",0,3
2150,3973,"2026-08-18 17:12:08.077",true,"[]",0,3
2151,1809,"2026-08-18 17:12:08.077",true,"[]",0,3
2152,2840,"2026-08-18 17:12:08.077",true,"[]",0,3
2153,2846,"2026-08-18 17:12:08.077",true,"[]",0,3
2154,3608,"2026-08-18 17:12:08.077",true,"[]",0,3
2155,1917,"2026-08-18 17:12:08.077",true,"[]",0,3
2156,8910,"2026-08-18 17:12:08.077",true,"[]",0,3
2157,5596,"2026-08-18 17:12:08.077",false,"[""RESTRICTED_HS_CODE""]",30,3
2158,6884,"2026-08-18 17:12:08.077",true,"[]",0,3
2159,5206,"2026-08-18 17:12:08.077",false,"[""RESTRICTED_HS_CODE""]",30,3
2160,5241,"2026-08-18 17:12:08.077",true,"[]",0,3
2161,431,"2026-08-18 17:12:08.077",true,"[]",0,3
2162,1330,"2026-08-18 17:12:08.077",true,"[]",0,3
2163,3066,"2026-08-18 17:12:08.077",true,"[]",0,3
2164,9265,"2026-08-18 17:12:08.077",true,"[]",0,3
2165,5893,"2026-08-18 17:12:08.077",true,"[]",0,3
2166,2906,"2026-08-18 17:12:08.077",false,"[""RESTRICTED_HS_CODE""]",30,3
2167,5021,"2026-08-18 17:12:08.077",true,"[]",0,3
2168,6995,"2026-08-18 17:12:08.077",true,"[]",0,3
2169,5490,"2026-08-18 17:12:08.077",true,"[]",0,3
2170,7367,"2026-08-18 17:12:08.077",true,"[]",0,3
2171,9178,"2026-08-18 17:12:08.077",true,"[]",0,3
2172,7858,"2026-08-18 17:12:08.077",true,"[]",0,3
2173,3723,"2026-08-18 17:12:08.077",true,"[]",0,3
2174,2324,"2026-08-18 17:12:08.077",true,"[]",0,3
2175,6861,"2026-08-18 17:12:08.077",true,"[]",0,3
2176,6366,"2026-08-18 17:12:08.077",true,"[]",0,3
2177,6006,"2026-08-18 17:12:08.077",true,"[]",0,3
2178,696,"2026-08-18 17:12:08.077",true,"[]",0,3
2179,7439,"2026-08-18 17:12:08.077",true,"[]",0,3
2180,6660,"2026-08-18 17:12:08.077",true,"[""DANGEROUS_GOODS""]",20,3
2181,2921,"2026-08-18 17:12:08.077",true,"[]",0,3
2182,4503,"2026-08-18 17:12:08.077",true,"[]",0,3
2183,8578,"2026-08-18 17:12:08.077",true,"[]",0,3
2184,5213,"2026-08-18 17:12:08.077",true,"[]",0,3
2185,3955,"2026-08-18 17:12:08.077",true,"[]",0,3
2186,4406,"2026-08-18 17:12:08.077",true,"[]",0,3
2187,4845,"2026-08-18 17:12:08.077",false,"[""RESTRICTED_HS_CODE""]",30,3
2188,7384,"2026-08-18 17:12:08.077",true,"[]",0,3
2189,5807,"2026-08-18 17:12:08.077",false,"[""RESTRICTED_HS_CODE""]",30,3
2190,1573,"2026-08-18 17:12:08.077",false,"[""RESTRICTED_HS_CODE""]",30,3
2191,3650,"2026-08-18 17:12:08.077",true,"[]",0,3
2192,5975,"2026-08-18 17:12:08.077",true,"[]",0,3
2193,8956,"2026-08-18 17:12:08.077",true,"[]",0,3
2194,7034,"2026-08-18 17:12:08.077",true,"[]",0,3
2195,2353,"2026-08-18 17:12:08.077",true,"[""DANGEROUS_GOODS""]",20,3
2196,9839,"2026-08-18 17:12:08.077",true,"[]",0,3
2197,6875,"2026-08-18 17:12:08.077",true,"[]",0,3
2198,5498,"2026-08-18 17:12:08.077",true,"[]",0,3
2199,1738,"2026-08-18 17:12:08.077",false,"[""RESTRICTED_HS_CODE""]",30,3
2200,9491,"2026-08-18 17:12:08.077",true,"[]",0,3
2201,2183,"2026-08-18 17:12:08.077",true,"[]",0,3
2202,185,"2026-08-18 17:12:08.077",true,"[]",0,3
2203,8476,"2026-08-18 17:12:08.077",true,"[]",0,3
2204,2423,"2026-08-18 17:12:08.077",true,"[]",0,3
2205,5558,"2026-08-18 17:12:08.077",true,"[]",0,3
2206,2651,"2026-08-18 17:12:08.077",true,"[]",0,3
2207,599,"2026-08-18 17:12:08.077",true,"[]",0,3
2208,8825,"2026-08-18 17:12:08.077",true,"[]",0,3
2209,409,"2026-08-18 17:12:08.077",true,"[]",0,3
2210,447,"2026-08-18 17:12:08.077",true,"[]",0,3
2211,2594,"2026-08-18 17:12:08.077",false,"[""RESTRICTED_HS_CODE""]",30,3
2212,5769,"2026-08-18 17:12:08.077",true,"[]",0,3
2213,8163,"2026-08-18 17:12:08.077",true,"[]",0,3
2214,4880,"2026-08-18 17:12:08.077",true,"[]",0,3
2215,4272,"2026-08-18 17:12:08.077",true,"[]",0,3
2216,950,"2026-08-18 17:12:08.077",false,"[""RESTRICTED_HS_CODE""]",30,3
2217,138,"2026-08-18 17:12:08.077",true,"[]",0,3
2218,5544,"2026-08-18 17:12:08.077",true,"[]",0,3
2219,5279,"2026-08-18 17:12:08.077",true,"[]",0,3
2220,4137,"2026-08-18 17:12:08.077",true,"[]",0,3
2221,4876,"2026-08-18 17:12:08.077",true,"[]",0,3
2222,3107,"2026-08-18 17:12:08.077",true,"[]",0,3
2223,6020,"2026-08-18 17:12:08.077",true,"[]",0,3
2224,1435,"2026-08-18 17:12:08.077",true,"[]",0,3
2225,9510,"2026-08-18 17:12:08.077",true,"[]",0,3
2226,9344,"2026-08-18 17:12:08.077",true,"[]",0,3
2227,8564,"2026-08-18 17:12:08.077",false,"[""RESTRICTED_HS_CODE""]",30,3
2228,4936,"2026-08-18 17:12:08.077",true,"[]",0,3
2229,5038,"2026-08-18 17:12:08.077",true,"[]",0,3
2230,9323,"2026-08-18 17:12:08.077",true,"[]",0,3
2231,7810,"2026-08-18 17:12:08.077",true,"[""DANGEROUS_GOODS""]",20,3
2232,4467,"2026-08-18 17:12:08.077",true,"[]",0,3
2233,6177,"2026-08-18 17:12:08.077",true,"[]",0,3
2234,3227,"2026-08-18 17:12:08.077",true,"[]",0,3
2235,2002,"2026-08-18 17:12:08.077",true,"[]",0,3
2236,5348,"2026-08-18 17:12:08.077",true,"[]",0,3
2237,3352,"2026-08-18 17:12:08.077",false,"[""RESTRICTED_HS_CODE""]",30,3
2238,2568,"2026-08-18 17:12:08.077",true,"[]",0,3
2239,5627,"2026-08-18 17:12:08.077",true,"[]",0,3
2240,3393,"2026-08-18 17:12:08.077",false,"[""RESTRICTED_HS_CODE""]",30,3
2241,8391,"2026-08-18 17:12:08.077",true,"[]",0,3
2242,5938,"2026-08-18 17:12:08.077",true,"[]",0,3
2243,5579,"2026-08-18 17:12:08.077",false,"[""RESTRICTED_HS_CODE""]",30,3
2244,5133,"2026-08-18 17:12:08.077",true,"[]",0,3
2245,197,"2026-08-18 17:12:08.077",false,"[""RESTRICTED_HS_CODE""]",30,3
2246,2674,"2026-08-18 17:12:08.077",true,"[]",0,3
2247,2734,"2026-08-18 17:12:08.077",false,"[""RESTRICTED_HS_CODE""]",30,3
2248,7970,"2026-08-18 17:12:08.077",true,"[]",0,3
2249,3504,"2026-08-18 17:12:08.077",false,"[""RESTRICTED_HS_CODE""]",30,3
2250,6816,"2026-08-18 17:12:08.077",true,"[]",0,3
2251,5272,"2026-08-18 17:12:08.077",true,"[]",0,3
2252,361,"2026-08-18 17:12:08.077",true,"[]",0,3
2253,5443,"2026-08-18 17:12:08.077",true,"[]",0,3
2254,7105,"2026-08-18 17:12:08.077",true,"[]",0,3
2255,2971,"2026-08-18 17:12:08.077",true,"[]",0,3
2256,7580,"2026-08-18 17:12:08.077",true,"[]",0,3
2257,6873,"2026-08-18 17:12:08.077",true,"[""DANGEROUS_GOODS""]",20,3
2258,6527,"2026-08-18 17:12:08.077",true,"[]",0,3
2259,7288,"2026-08-18 17:12:08.077",false,"[""RESTRICTED_HS_CODE""]",30,3
2260,7971,"2026-08-18 17:12:08.077",false,"[""RESTRICTED_HS_CODE""]",30,3
2261,7242,"2026-08-18 17:12:08.077",false,"[""RESTRICTED_HS_CODE""]",30,3
2262,678,"2026-08-18 17:12:08.077",true,"[]",0,3
2263,8551,"2026-08-18 17:12:08.077",true,"[]",0,3
2264,673,"2026-08-18 17:12:08.077",true,"[]",0,3
2265,597,"2026-08-18 17:12:08.077",true,"[]",0,3
2266,1941,"2026-08-18 17:12:08.077",true,"[]",0,3
2267,3041,"2026-08-18 17:12:08.077",true,"[]",0,3
2268,3826,"2026-08-18 17:12:08.077",false,"[""RESTRICTED_HS_CODE""]",30,3
2269,14,"2026-08-18 17:12:08.077",true,"[]",0,3
2270,9041,"2026-08-18 17:12:08.077",true,"[]",0,3
2271,3705,"2026-08-18 17:12:08.077",false,"[""RESTRICTED_HS_CODE""]",30,3
2272,9145,"2026-08-18 17:12:08.077",true,"[]",0,3
2273,813,"2026-08-18 17:12:08.077",true,"[]",0,3
2274,2406,"2026-08-18 17:12:08.077",true,"[""DANGEROUS_GOODS""]",20,3
2275,1646,"2026-08-18 17:12:08.077",true,"[]",0,3
2276,2042,"2026-08-18 17:12:08.077",true,"[]",0,3
2277,1029,"2026-08-18 17:12:08.077",true,"[]",0,3
2278,8245,"2026-08-18 17:12:08.077",true,"[]",0,3
2279,5584,"2026-08-18 17:12:08.077",true,"[]",0,3
2280,7947,"2026-08-18 17:12:08.077",true,"[]",0,3
2281,6373,"2026-08-18 17:12:08.077",true,"[]",0,3
2282,3764,"2026-08-18 17:12:08.077",true,"[]",0,3
2283,574,"2026-08-18 17:12:08.077",false,"[""RESTRICTED_HS_CODE""]",30,3
2284,1393,"2026-08-18 17:12:08.077",true,"[]",0,3
2285,7062,"2026-08-18 17:12:08.077",false,"[""RESTRICTED_HS_CODE""]",30,3
2286,8962,"2026-08-18 17:12:08.077",true,"[]",0,3
2287,3451,"2026-08-18 17:12:08.077",false,"[""RESTRICTED_HS_CODE""]",30,3
2288,567,"2026-08-18 17:12:08.077",true,"[""DANGEROUS_GOODS""]",20,3
2289,5102,"2026-08-18 17:12:08.077",false,"[""RESTRICTED_HS_CODE""]",30,3
2290,467,"2026-08-18 17:12:08.077",true,"[]",0,3
2291,2146,"2026-08-18 17:12:08.077",true,"[]",0,3
2292,6950,"2026-08-18 17:12:08.077",true,"[]",0,3
2293,4728,"2026-08-18 17:12:08.077",true,"[]",0,3
2294,4952,"2026-08-18 17:12:08.077",true,"[""DANGEROUS_GOODS""]",20,3
2295,3039,"2026-08-18 17:12:08.077",true,"[]",0,3
2296,8254,"2026-08-18 17:12:08.077",true,"[]",0,3
2297,9683,"2026-08-18 17:12:08.077",true,"[]",0,3
2298,7250,"2026-08-18 17:12:08.077",true,"[]",0,3
2299,8397,"2026-08-18 17:12:08.077",true,"[]",0,3
2300,3996,"2026-08-18 17:12:08.077",true,"[]",0,3
2301,2454,"2026-08-18 17:12:08.077",true,"[""DANGEROUS_GOODS""]",20,3
2302,7515,"2026-08-18 17:12:08.077",true,"[]",0,3
2303,2892,"2026-08-18 17:12:08.077",true,"[]",0,3
2304,3634,"2026-08-18 17:12:08.077",true,"[]",0,3
2305,1814,"2026-08-18 17:12:08.077",true,"[]",0,3
2306,6010,"2026-08-18 17:12:08.077",true,"[]",0,3
2307,1794,"2026-08-18 17:12:08.077",true,"[]",0,3
2308,6210,"2026-08-18 17:12:08.077",true,"[]",0,3
2309,2642,"2026-08-18 17:12:08.077",false,"[""RESTRICTED_HS_CODE""]",30,3
2310,9147,"2026-08-18 17:12:08.077",true,"[]",0,3
2311,6672,"2026-08-18 17:12:08.077",true,"[]",0,3
2312,6848,"2026-08-18 17:12:08.077",true,"[]",0,3
2313,4490,"2026-08-18 17:12:08.077",true,"[]",0,3
2314,7967,"2026-08-18 17:12:08.077",true,"[]",0,3
2315,792,"2026-08-18 17:12:08.077",true,"[]",0,3
2316,8290,"2026-08-18 17:12:08.077",true,"[]",0,3
2317,1654,"2026-08-18 17:12:08.077",true,"[]",0,3
2318,9166,"2026-08-18 17:12:08.077",true,"[]",0,3
2319,6955,"2026-08-18 17:12:08.077",true,"[]",0,3
2320,3675,"2026-08-18 17:12:08.077",true,"[]",0,3
2321,239,"2026-08-18 17:12:08.077",true,"[]",0,3
2322,3721,"2026-08-18 17:12:08.077",true,"[]",0,3
2323,8354,"2026-08-18 17:12:08.077",true,"[]",0,3
2324,4533,"2026-08-18 17:12:08.077",true,"[]",0,3
2325,844,"2026-08-18 17:12:08.077",true,"[]",0,3
2326,8395,"2026-08-18 17:12:08.077",true,"[]",0,3
2327,7338,"2026-08-18 17:12:08.077",true,"[]",0,3
2328,4875,"2026-08-18 17:12:08.077",false,"[""RESTRICTED_HS_CODE""]",30,3
2329,2590,"2026-08-18 17:12:08.077",true,"[]",0,3
2330,9470,"2026-08-18 17:12:08.077",true,"[]",0,3
2331,7609,"2026-08-18 17:12:08.077",true,"[]",0,3
2332,1437,"2026-08-18 17:12:08.077",true,"[]",0,3
2333,287,"2026-08-18 17:12:08.077",true,"[]",0,3
2334,6545,"2026-08-18 17:12:08.077",false,"[""RESTRICTED_HS_CODE""]",30,3
2335,5331,"2026-08-18 17:12:08.077",true,"[]",0,3
2336,6616,"2026-08-18 17:12:08.077",true,"[]",0,3
2337,5419,"2026-08-18 17:12:08.077",false,"[""RESTRICTED_HS_CODE""]",30,3
2338,4331,"2026-08-18 17:12:08.077",true,"[]",0,3
2339,5907,"2026-08-18 17:12:08.077",true,"[]",0,3
2340,2878,"2026-08-18 17:12:08.077",true,"[]",0,3
2341,7019,"2026-08-18 17:12:08.077",true,"[]",0,3
2342,7568,"2026-08-18 17:12:08.077",true,"[]",0,3
2343,7089,"2026-08-18 17:12:08.077",false,"[""RESTRICTED_HS_CODE""]",30,3
2344,2046,"2026-08-18 17:12:08.077",true,"[]",0,3
2345,1743,"2026-08-18 17:12:08.077",false,"[""RESTRICTED_HS_CODE""]",30,3
2346,6214,"2026-08-18 17:12:08.077",true,"[]",0,3
2347,4157,"2026-08-18 17:12:08.077",true,"[]",0,3
2348,247,"2026-08-18 17:12:08.077",true,"[]",0,3
2349,404,"2026-08-18 17:12:08.077",false,"[""RESTRICTED_HS_CODE""]",30,3
2350,5710,"2026-08-18 17:12:08.077",true,"[]",0,3
2351,2264,"2026-08-18 17:12:08.077",true,"[]",0,3
2352,6516,"2026-08-18 17:12:08.077",false,"[""RESTRICTED_HS_CODE""]",30,3
2353,8368,"2026-08-18 17:12:08.077",true,"[]",0,3
2354,3238,"2026-08-18 17:12:08.077",true,"[]",0,3
2355,2549,"2026-08-18 17:12:08.077",true,"[]",0,3
2356,9427,"2026-08-18 17:12:08.077",true,"[]",0,3
2357,5481,"2026-08-18 17:12:08.077",true,"[]",0,3
2358,4931,"2026-08-18 17:12:08.077",true,"[]",0,3
2359,8516,"2026-08-18 17:12:08.077",true,"[]",0,3
2360,7012,"2026-08-18 17:12:08.077",true,"[]",0,3
2361,2756,"2026-08-18 17:12:08.077",false,"[""RESTRICTED_HS_CODE""]",30,3
2362,4002,"2026-08-18 17:12:08.077",true,"[]",0,3
2363,4960,"2026-08-18 17:12:08.077",true,"[]",0,3
2364,1100,"2026-08-18 17:12:08.077",false,"[""RESTRICTED_HS_CODE""]",30,3
2365,7355,"2026-08-18 17:12:08.077",true,"[]",0,3
2366,5360,"2026-08-18 17:12:08.077",true,"[""DANGEROUS_GOODS""]",20,3
2367,1993,"2026-08-18 17:12:08.077",true,"[]",0,3
2368,3781,"2026-08-18 17:12:08.077",false,"[""RESTRICTED_HS_CODE""]",30,3
2369,324,"2026-08-18 17:12:08.077",true,"[]",0,3
2370,8710,"2026-08-18 17:12:08.077",true,"[]",0,3
2371,237,"2026-08-18 17:12:08.077",true,"[]",0,3
2372,9268,"2026-08-18 17:12:08.077",true,"[]",0,3
2373,2564,"2026-08-18 17:12:08.077",true,"[]",0,3
2374,739,"2026-08-18 17:12:08.077",true,"[""DANGEROUS_GOODS""]",20,3
2375,8227,"2026-08-18 17:12:08.077",false,"[""RESTRICTED_HS_CODE""]",30,3
2376,1454,"2026-08-18 17:12:08.077",true,"[]",0,3
2377,4109,"2026-08-18 17:12:08.077",true,"[]",0,3
2378,6246,"2026-08-18 17:12:08.077",false,"[""RESTRICTED_HS_CODE""]",30,3
2379,4126,"2026-08-18 17:12:08.077",true,"[]",0,3
2380,9781,"2026-08-18 17:12:08.077",true,"[]",0,3
2381,8088,"2026-08-18 17:12:08.077",true,"[]",0,3
2382,7687,"2026-08-18 17:12:08.077",true,"[]",0,3
2383,7092,"2026-08-18 17:12:08.077",true,"[]",0,3
2384,8901,"2026-08-18 17:12:08.077",false,"[""RESTRICTED_HS_CODE""]",30,3
2385,2052,"2026-08-18 17:12:08.077",true,"[]",0,3
2386,5875,"2026-08-18 17:12:08.077",false,"[""RESTRICTED_HS_CODE""]",30,3
2387,1894,"2026-08-18 17:12:08.077",true,"[]",0,3
2388,6498,"2026-08-18 17:12:08.077",true,"[]",0,3
2389,3863,"2026-08-18 17:12:08.077",false,"[""RESTRICTED_HS_CODE""]",30,3
2390,9793,"2026-08-18 17:12:08.077",true,"[]",0,3
2391,4870,"2026-08-18 17:12:08.077",false,"[""RESTRICTED_HS_CODE""]",30,3
2392,7505,"2026-08-18 17:12:08.077",true,"[]",0,3
2393,316,"2026-08-18 17:12:08.077",true,"[]",0,3
2394,3195,"2026-08-18 17:12:08.077",true,"[]",0,3
2395,4422,"2026-08-18 17:12:08.077",true,"[]",0,3
2396,2150,"2026-08-18 17:12:08.077",true,"[]",0,3
2397,8272,"2026-08-18 17:12:08.077",true,"[]",0,3
2398,5830,"2026-08-18 17:12:08.077",true,"[]",0,3
2399,5524,"2026-08-18 17:12:08.077",true,"[]",0,3
2400,8045,"2026-08-18 17:12:08.077",false,"[""RESTRICTED_HS_CODE""]",30,3
2401,416,"2026-08-18 17:12:08.077",true,"[]",0,3
2402,2296,"2026-08-18 17:12:08.077",true,"[]",0,3
2403,4708,"2026-08-18 17:12:08.077",true,"[]",0,3
2404,7752,"2026-08-18 17:12:08.077",true,"[]",0,3
2405,7820,"2026-08-18 17:12:08.077",true,"[]",0,3
2406,4255,"2026-08-18 17:12:08.077",false,"[""RESTRICTED_HS_CODE""]",30,3
2407,5190,"2026-08-18 17:12:08.077",false,"[""RESTRICTED_HS_CODE""]",30,3
2408,3964,"2026-08-18 17:12:08.077",false,"[""RESTRICTED_HS_CODE""]",30,3
2409,4874,"2026-08-18 17:12:08.077",true,"[]",0,3
2410,5546,"2026-08-18 17:12:08.077",true,"[]",0,3
2411,2316,"2026-08-18 17:12:08.077",false,"[""RESTRICTED_HS_CODE"",""DANGEROUS_GOODS""]",50,3
2412,3047,"2026-08-18 17:12:08.077",true,"[]",0,3
2413,2843,"2026-08-18 17:12:08.077",true,"[]",0,3
2414,6095,"2026-08-18 17:12:08.077",false,"[""RESTRICTED_HS_CODE""]",30,3
2415,7451,"2026-08-18 17:12:08.077",true,"[]",0,3
2416,3472,"2026-08-18 17:12:08.077",true,"[]",0,3
2417,6865,"2026-08-18 17:12:08.077",true,"[]",0,3
2418,2377,"2026-08-18 17:12:08.077",true,"[]",0,3
2419,6762,"2026-08-18 17:12:08.077",false,"[""RESTRICTED_HS_CODE""]",30,3
2420,4391,"2026-08-18 17:12:08.077",true,"[]",0,3
2421,1969,"2026-08-18 17:12:08.077",true,"[]",0,3
2422,4058,"2026-08-18 17:12:08.077",true,"[]",0,3
2423,1280,"2026-08-18 17:12:08.077",true,"[]",0,3
2424,5729,"2026-08-18 17:12:08.077",true,"[]",0,3
2425,1350,"2026-08-18 17:12:08.077",true,"[]",0,3
2426,2484,"2026-08-18 17:12:08.077",true,"[]",0,3
2427,636,"2026-08-18 17:12:08.077",true,"[]",0,3
2428,5131,"2026-08-18 17:12:08.077",true,"[]",0,3
2429,7611,"2026-08-18 17:12:08.077",true,"[]",0,3
2430,109,"2026-08-18 17:12:08.077",true,"[]",0,3
2431,674,"2026-08-18 17:12:08.077",true,"[]",0,3
2432,2487,"2026-08-18 17:12:08.077",true,"[]",0,3
2433,9352,"2026-08-18 17:12:08.077",true,"[]",0,3
2434,6206,"2026-08-18 17:12:08.077",true,"[]",0,3
2435,9350,"2026-08-18 17:12:08.077",true,"[]",0,3
2436,3970,"2026-08-18 17:12:08.077",true,"[]",0,3
2437,6966,"2026-08-18 17:12:08.077",false,"[""RESTRICTED_HS_CODE""]",30,3
2438,5831,"2026-08-18 17:12:08.077",true,"[]",0,3
2439,1399,"2026-08-18 17:12:08.077",true,"[]",0,3
2440,8900,"2026-08-18 17:12:08.077",true,"[]",0,3
2441,2430,"2026-08-18 17:12:08.077",true,"[]",0,3
2442,9775,"2026-08-18 17:12:08.077",true,"[]",0,3
2443,3382,"2026-08-18 17:12:08.077",true,"[]",0,3
2444,9475,"2026-08-18 17:12:08.077",true,"[]",0,3
2445,5495,"2026-08-18 17:12:08.077",true,"[]",0,3
2446,9438,"2026-08-18 17:12:08.077",true,"[""DANGEROUS_GOODS""]",20,3
2447,1943,"2026-08-18 17:12:08.077",true,"[]",0,3
2448,9968,"2026-08-18 17:12:08.077",true,"[]",0,3
2449,4736,"2026-08-18 17:12:08.077",false,"[""RESTRICTED_HS_CODE""]",30,3
2450,6231,"2026-08-18 17:12:08.077",true,"[]",0,3
2451,691,"2026-08-18 17:12:08.077",true,"[]",0,3
2452,141,"2026-08-18 17:12:08.077",true,"[]",0,3
2453,5587,"2026-08-18 17:12:08.077",true,"[]",0,3
2454,1384,"2026-08-18 17:12:08.077",true,"[]",0,3
2455,2265,"2026-08-18 17:12:08.077",true,"[]",0,3
2456,7593,"2026-08-18 17:12:08.077",true,"[]",0,3
2457,1387,"2026-08-18 17:12:08.077",true,"[]",0,3
2458,7845,"2026-08-18 17:12:08.077",true,"[]",0,3
2459,2946,"2026-08-18 17:12:08.077",true,"[]",0,3
2460,8877,"2026-08-18 17:12:08.077",true,"[]",0,3
2461,2942,"2026-08-18 17:12:08.077",false,"[""RESTRICTED_HS_CODE""]",30,3
2462,8893,"2026-08-18 17:12:08.077",true,"[]",0,3
2463,8237,"2026-08-18 17:12:08.077",true,"[""DANGEROUS_GOODS""]",20,3
2464,3237,"2026-08-18 17:12:08.077",true,"[]",0,3
2465,7208,"2026-08-18 17:12:08.077",true,"[]",0,3
2466,5327,"2026-08-18 17:12:08.077",true,"[]",0,3
2467,9609,"2026-08-18 17:12:08.077",true,"[]",0,3
2468,8443,"2026-08-18 17:12:08.077",true,"[]",0,3
2469,3220,"2026-08-18 17:12:08.077",false,"[""RESTRICTED_HS_CODE""]",30,3
2470,3775,"2026-08-18 17:12:08.077",true,"[]",0,3
2471,9440,"2026-08-18 17:12:08.077",true,"[]",0,3
2472,6722,"2026-08-18 17:12:08.077",true,"[]",0,3
2473,5679,"2026-08-18 17:12:08.077",true,"[]",0,3
2474,7476,"2026-08-18 17:12:08.077",true,"[]",0,3
2475,5950,"2026-08-18 17:12:08.077",true,"[]",0,3
2476,6591,"2026-08-18 17:12:08.077",true,"[]",0,3
2477,5518,"2026-08-18 17:12:08.077",true,"[]",0,3
2478,1648,"2026-08-18 17:12:08.077",false,"[""RESTRICTED_HS_CODE""]",30,3
2479,1127,"2026-08-18 17:12:08.077",true,"[]",0,3
2480,5675,"2026-08-18 17:12:08.077",true,"[]",0,3
2481,9630,"2026-08-18 17:12:08.077",true,"[]",0,3
2482,2382,"2026-08-18 17:12:08.077",true,"[]",0,3
2483,2874,"2026-08-18 17:12:08.077",true,"[]",0,3
2484,4754,"2026-08-18 17:12:08.077",true,"[]",0,3
2485,3815,"2026-08-18 17:12:08.077",false,"[""RESTRICTED_HS_CODE""]",30,3
2486,4147,"2026-08-18 17:12:08.077",false,"[""RESTRICTED_HS_CODE""]",30,3
2487,9413,"2026-08-18 17:12:08.077",true,"[]",0,3
2488,4074,"2026-08-18 17:12:08.077",true,"[]",0,3
2489,3986,"2026-08-18 17:12:08.077",true,"[]",0,3
2490,3182,"2026-08-18 17:12:08.077",true,"[]",0,3
2491,1347,"2026-08-18 17:12:08.077",true,"[]",0,3
2492,4444,"2026-08-18 17:12:08.077",true,"[]",0,3
2493,6405,"2026-08-18 17:12:08.077",true,"[]",0,3
2494,4357,"2026-08-18 17:12:08.077",false,"[""RESTRICTED_HS_CODE""]",30,3
2495,4753,"2026-08-18 17:12:08.077",true,"[]",0,3
2496,8794,"2026-08-18 17:12:08.077",false,"[""RESTRICTED_HS_CODE""]",30,3
2497,5590,"2026-08-18 17:12:08.077",true,"[]",0,3
2498,7880,"2026-08-18 17:12:08.077",true,"[]",0,3
2499,7952,"2026-08-18 17:12:08.077",true,"[]",0,3
2500,912,"2026-08-18 17:12:08.077",true,"[]",0,3
2501,1118,"2026-08-18 17:12:08.077",true,"[""DANGEROUS_GOODS""]",20,3
2502,3116,"2026-08-18 17:12:08.077",true,"[]",0,3
2503,6380,"2026-08-18 17:12:08.077",true,"[]",0,3
2504,940,"2026-08-18 17:12:08.077",true,"[]",0,3
2505,3768,"2026-08-18 17:12:08.077",true,"[]",0,3
2506,4679,"2026-08-18 17:12:08.077",false,"[""RESTRICTED_HS_CODE""]",30,3
2507,9824,"2026-08-18 17:12:08.077",true,"[]",0,3
2508,9124,"2026-08-18 17:12:08.077",true,"[]",0,3
2509,2540,"2026-08-18 17:12:08.077",true,"[]",0,3
2510,7419,"2026-08-18 17:12:08.077",true,"[]",0,3
2511,3600,"2026-08-18 17:12:08.077",false,"[""RESTRICTED_HS_CODE""]",30,3
2512,120,"2026-08-18 17:12:08.077",true,"[]",0,3
2513,8017,"2026-08-18 17:12:08.077",true,"[]",0,3
2514,553,"2026-08-18 17:12:08.077",false,"[""RESTRICTED_HS_CODE""]",30,3
2515,2348,"2026-08-18 17:12:08.077",true,"[]",0,3
2516,7907,"2026-08-18 17:12:08.077",true,"[]",0,3
2517,5463,"2026-08-18 17:12:08.077",true,"[]",0,3
2518,5019,"2026-08-18 17:12:08.077",true,"[]",0,3
2519,5766,"2026-08-18 17:12:08.077",true,"[]",0,3
2520,7494,"2026-08-18 17:12:08.077",true,"[]",0,3
2521,4575,"2026-08-18 17:12:08.077",true,"[]",0,3
2522,8506,"2026-08-18 17:12:08.077",true,"[""DANGEROUS_GOODS""]",20,3
2523,5014,"2026-08-18 17:12:08.077",true,"[]",0,3
2524,7813,"2026-08-18 17:12:08.077",true,"[]",0,3
2525,3008,"2026-08-18 17:12:08.077",true,"[]",0,3
2526,9651,"2026-08-18 17:12:08.077",true,"[]",0,3
2527,9347,"2026-08-18 17:12:08.077",true,"[]",0,3
2528,2895,"2026-08-18 17:12:08.077",true,"[]",0,3
2529,9229,"2026-08-18 17:12:08.077",false,"[""RESTRICTED_HS_CODE""]",30,3
2530,6250,"2026-08-18 17:12:08.077",false,"[""RESTRICTED_HS_CODE""]",30,3
2531,2960,"2026-08-18 17:12:08.077",true,"[]",0,3
2532,6882,"2026-08-18 17:12:08.077",false,"[""RESTRICTED_HS_CODE""]",30,3
2533,1972,"2026-08-18 17:12:08.077",false,"[""RESTRICTED_HS_CODE""]",30,3
2534,1064,"2026-08-18 17:12:08.077",true,"[]",0,3
2535,3994,"2026-08-18 17:12:08.077",true,"[]",0,3
2536,8573,"2026-08-18 17:12:08.077",true,"[]",0,3
2537,6666,"2026-08-18 17:12:08.077",true,"[]",0,3
2538,8212,"2026-08-18 17:12:08.077",true,"[]",0,3
2539,3825,"2026-08-18 17:12:08.077",true,"[""DANGEROUS_GOODS""]",20,3
2540,6626,"2026-08-18 17:12:08.077",true,"[]",0,3
2541,6321,"2026-08-18 17:12:08.077",true,"[]",0,3
2542,8222,"2026-08-18 17:12:08.077",true,"[]",0,3
2543,3950,"2026-08-18 17:12:08.077",true,"[]",0,3
2544,8277,"2026-08-18 17:12:08.077",true,"[]",0,3
2545,5517,"2026-08-18 17:12:08.077",true,"[]",0,3
2546,1762,"2026-08-18 17:12:08.077",true,"[]",0,3
2547,5037,"2026-08-18 17:12:08.077",true,"[]",0,3
2548,8143,"2026-08-18 17:12:08.077",true,"[]",0,3
2549,1123,"2026-08-18 17:12:08.077",false,"[""RESTRICTED_HS_CODE""]",30,3
2550,8532,"2026-08-18 17:12:08.077",true,"[""DANGEROUS_GOODS""]",20,3
2551,6175,"2026-08-18 17:12:08.077",true,"[]",0,3
2552,999,"2026-08-18 17:12:08.077",true,"[]",0,3
2553,9310,"2026-08-18 17:12:08.077",true,"[]",0,3
2554,4206,"2026-08-18 17:12:08.077",true,"[]",0,3
2555,153,"2026-08-18 17:12:08.077",true,"[]",0,3
2556,8247,"2026-08-18 17:12:08.077",false,"[""RESTRICTED_HS_CODE""]",30,3
2557,3214,"2026-08-18 17:12:08.077",false,"[""RESTRICTED_HS_CODE""]",30,3
2558,2480,"2026-08-18 17:12:08.077",true,"[]",0,3
2559,4672,"2026-08-18 17:12:08.077",true,"[]",0,3
2560,3653,"2026-08-18 17:12:08.077",true,"[]",0,3
2561,3892,"2026-08-18 17:12:08.077",true,"[]",0,3
2562,9149,"2026-08-18 17:12:08.077",true,"[]",0,3
2563,3396,"2026-08-18 17:12:08.077",false,"[""RESTRICTED_HS_CODE""]",30,3
2564,6795,"2026-08-18 17:12:08.077",false,"[""RESTRICTED_HS_CODE""]",30,3
2565,7286,"2026-08-18 17:12:08.077",true,"[]",0,3
2566,1681,"2026-08-18 17:12:08.077",false,"[""RESTRICTED_HS_CODE""]",30,3
2567,6466,"2026-08-18 17:12:08.077",true,"[]",0,3
2568,1418,"2026-08-18 17:12:08.077",true,"[]",0,3
2569,4360,"2026-08-18 17:12:08.077",true,"[]",0,3
2570,3507,"2026-08-18 17:12:08.077",true,"[]",0,3
2571,1108,"2026-08-18 17:12:08.077",true,"[""DANGEROUS_GOODS""]",20,3
2572,7137,"2026-08-18 17:12:08.077",true,"[]",0,3
2573,7888,"2026-08-18 17:12:08.077",true,"[]",0,3
2574,8843,"2026-08-18 17:12:08.077",true,"[]",0,3
2575,8341,"2026-08-18 17:12:08.077",true,"[]",0,3
2576,6166,"2026-08-18 17:12:08.077",true,"[]",0,3
2577,9055,"2026-08-18 17:12:08.077",true,"[]",0,3
2578,9228,"2026-08-18 17:12:08.077",true,"[]",0,3
2579,4835,"2026-08-18 17:12:08.077",true,"[]",0,3
2580,210,"2026-08-18 17:12:08.077",true,"[]",0,3
2581,8591,"2026-08-18 17:12:08.077",true,"[]",0,3
2582,9859,"2026-08-18 17:12:08.077",true,"[]",0,3
2583,2783,"2026-08-18 17:12:08.077",true,"[]",0,3
2584,5632,"2026-08-18 17:12:08.077",true,"[]",0,3
2585,5223,"2026-08-18 17:12:08.077",true,"[]",0,3
2586,704,"2026-08-18 17:12:08.077",true,"[]",0,3
2587,4771,"2026-08-18 17:12:08.077",true,"[]",0,3
2588,9548,"2026-08-18 17:12:08.077",true,"[]",0,3
2589,5621,"2026-08-18 17:12:08.077",true,"[]",0,3
2590,7703,"2026-08-18 17:12:08.077",true,"[]",0,3
2591,4403,"2026-08-18 17:12:08.077",true,"[]",0,3
2592,1674,"2026-08-18 17:12:08.077",true,"[]",0,3
2593,2332,"2026-08-18 17:12:08.077",true,"[]",0,3
2594,4914,"2026-08-18 17:12:08.077",true,"[]",0,3
2595,8806,"2026-08-18 17:12:08.077",true,"[]",0,3
2596,4087,"2026-08-18 17:12:08.077",true,"[]",0,3
2597,8805,"2026-08-18 17:12:08.077",true,"[""DANGEROUS_GOODS""]",20,3
2598,5446,"2026-08-18 17:12:08.077",true,"[]",0,3
2599,619,"2026-08-18 17:12:08.077",true,"[]",0,3
2600,2328,"2026-08-18 17:12:08.077",true,"[]",0,3
2601,1415,"2026-08-18 17:12:08.077",true,"[]",0,3
2602,9255,"2026-08-18 17:12:08.077",true,"[]",0,3
2603,2213,"2026-08-18 17:12:08.077",true,"[]",0,3
2604,2952,"2026-08-18 17:12:08.077",true,"[]",0,3
2605,1770,"2026-08-18 17:12:08.077",false,"[""RESTRICTED_HS_CODE""]",30,3
2606,7192,"2026-08-18 17:12:08.077",true,"[]",0,3
2607,791,"2026-08-18 17:12:08.077",true,"[]",0,3
2608,5603,"2026-08-18 17:12:08.077",true,"[]",0,3
2609,7493,"2026-08-18 17:12:08.077",true,"[]",0,3
2610,6099,"2026-08-18 17:12:08.077",true,"[""DANGEROUS_GOODS""]",20,3
2611,5332,"2026-08-18 17:12:08.077",true,"[]",0,3
2612,7228,"2026-08-18 17:12:08.077",true,"[]",0,3
2613,5456,"2026-08-18 17:12:08.077",true,"[]",0,3
2614,471,"2026-08-18 17:12:08.077",true,"[]",0,3
2615,1511,"2026-08-18 17:12:08.077",true,"[]",0,3
2616,6812,"2026-08-18 17:12:08.077",true,"[]",0,3
2617,1224,"2026-08-18 17:12:08.077",true,"[]",0,3
2618,7748,"2026-08-18 17:12:08.077",true,"[]",0,3
2619,7634,"2026-08-18 17:12:08.077",true,"[]",0,3
2620,1698,"2026-08-18 17:12:08.077",true,"[]",0,3
2621,2322,"2026-08-18 17:12:08.077",true,"[]",0,3
2622,6403,"2026-08-18 17:12:08.077",true,"[]",0,3
2623,5382,"2026-08-18 17:12:08.077",true,"[]",0,3
2624,5724,"2026-08-18 17:12:08.077",true,"[]",0,3
2625,4309,"2026-08-18 17:12:08.077",true,"[]",0,3
2626,4941,"2026-08-18 17:12:08.077",false,"[""RESTRICTED_HS_CODE""]",30,3
2627,4703,"2026-08-18 17:12:08.077",true,"[]",0,3
2628,1267,"2026-08-18 17:12:08.077",true,"[""DANGEROUS_GOODS""]",20,3
2629,2139,"2026-08-18 17:12:08.077",true,"[]",0,3
2630,8761,"2026-08-18 17:12:08.077",true,"[""DANGEROUS_GOODS""]",20,3
2631,2088,"2026-08-18 17:12:08.077",true,"[]",0,3
2632,3161,"2026-08-18 17:12:08.077",true,"[]",0,3
2633,2169,"2026-08-18 17:12:08.077",true,"[""DANGEROUS_GOODS""]",20,3
2634,8022,"2026-08-18 17:12:08.077",true,"[]",0,3
2635,6439,"2026-08-18 17:12:08.077",true,"[]",0,3
2636,2573,"2026-08-18 17:12:08.077",true,"[]",0,3
2637,7641,"2026-08-18 17:12:08.077",true,"[]",0,3
2638,1364,"2026-08-18 17:12:08.077",true,"[]",0,3
2639,7905,"2026-08-18 17:12:08.077",true,"[]",0,3
2640,3677,"2026-08-18 17:12:08.077",false,"[""RESTRICTED_HS_CODE""]",30,3
2641,1520,"2026-08-18 17:12:08.077",true,"[]",0,3
2642,5186,"2026-08-18 17:12:08.077",true,"[]",0,3
2643,8728,"2026-08-18 17:12:08.077",true,"[]",0,3
2644,4735,"2026-08-18 17:12:08.077",true,"[]",0,3
2645,6965,"2026-08-18 17:12:08.077",true,"[]",0,3
2646,5183,"2026-08-18 17:12:08.077",false,"[""RESTRICTED_HS_CODE""]",30,3
2647,2930,"2026-08-18 17:12:08.077",true,"[]",0,3
2648,7146,"2026-08-18 17:12:08.077",false,"[""RESTRICTED_HS_CODE""]",30,3
2649,7144,"2026-08-18 17:12:08.077",true,"[""DANGEROUS_GOODS""]",20,3
2650,5440,"2026-08-18 17:12:08.077",false,"[""RESTRICTED_HS_CODE"",""DANGEROUS_GOODS""]",50,3
2651,5230,"2026-08-18 17:12:08.077",true,"[]",0,3
2652,397,"2026-08-18 17:12:08.077",true,"[]",0,3
2653,9933,"2026-08-18 17:12:08.077",true,"[]",0,3
2654,3481,"2026-08-18 17:12:08.077",true,"[]",0,3
2655,987,"2026-08-18 17:12:08.077",true,"[]",0,3
2656,5217,"2026-08-18 17:12:08.077",true,"[]",0,3
2657,5104,"2026-08-18 17:12:08.077",true,"[]",0,3
2658,2458,"2026-08-18 17:12:08.077",true,"[]",0,3
2659,3630,"2026-08-18 17:12:08.077",true,"[]",0,3
2660,6644,"2026-08-18 17:12:08.077",true,"[]",0,3
2661,6453,"2026-08-18 17:12:08.077",true,"[]",0,3
2662,6707,"2026-08-18 17:12:08.077",true,"[]",0,3
2663,3144,"2026-08-18 17:12:08.077",true,"[]",0,3
2664,2832,"2026-08-18 17:12:08.077",true,"[]",0,3
2665,8779,"2026-08-18 17:12:08.077",true,"[]",0,3
2666,1683,"2026-08-18 17:12:08.077",false,"[""RESTRICTED_HS_CODE""]",30,3
2667,7503,"2026-08-18 17:12:08.077",true,"[]",0,3
2668,6518,"2026-08-18 17:12:08.077",true,"[]",0,3
2669,6776,"2026-08-18 17:12:08.077",true,"[]",0,3
2670,1283,"2026-08-18 17:12:08.077",true,"[]",0,3
2671,7551,"2026-08-18 17:12:08.077",false,"[""RESTRICTED_HS_CODE""]",30,3
2672,7919,"2026-08-18 17:12:08.077",true,"[]",0,3
2673,7546,"2026-08-18 17:12:08.077",true,"[]",0,3
2674,6276,"2026-08-18 17:12:08.077",true,"[]",0,3
2675,2428,"2026-08-18 17:12:08.077",true,"[]",0,3
2676,6285,"2026-08-18 17:12:08.077",true,"[]",0,3
2677,4729,"2026-08-18 17:12:08.077",true,"[]",0,3
2678,3606,"2026-08-18 17:12:08.077",true,"[]",0,3
2679,2915,"2026-08-18 17:12:08.077",true,"[""DANGEROUS_GOODS""]",20,3
2680,7522,"2026-08-18 17:12:08.077",true,"[]",0,3
2681,7713,"2026-08-18 17:12:08.077",true,"[]",0,3
2682,2276,"2026-08-18 17:12:08.077",false,"[""RESTRICTED_HS_CODE""]",30,3
2683,1774,"2026-08-18 17:12:08.077",true,"[]",0,3
2684,7569,"2026-08-18 17:12:08.077",true,"[]",0,3
2685,8455,"2026-08-18 17:12:08.077",true,"[]",0,3
2686,7251,"2026-08-18 17:12:08.077",true,"[]",0,3
2687,7539,"2026-08-18 17:12:08.077",true,"[]",0,3
2688,2893,"2026-08-18 17:12:08.077",true,"[]",0,3
2689,2544,"2026-08-18 17:12:08.077",true,"[]",0,3
2690,530,"2026-08-18 17:12:08.077",true,"[]",0,3
2691,9287,"2026-08-18 17:12:08.077",true,"[]",0,3
2692,4713,"2026-08-18 17:12:08.077",true,"[]",0,3
2693,6476,"2026-08-18 17:12:08.077",true,"[]",0,3
2694,7716,"2026-08-18 17:12:08.077",true,"[]",0,3
2695,4078,"2026-08-18 17:12:08.077",true,"[]",0,3
2696,1462,"2026-08-18 17:12:08.077",true,"[]",0,3
2697,2282,"2026-08-18 17:12:08.077",true,"[]",0,3
2698,3922,"2026-08-18 17:12:08.077",true,"[]",0,3
2699,7410,"2026-08-18 17:12:08.077",true,"[]",0,3
2700,9585,"2026-08-18 17:12:08.077",true,"[]",0,3
2701,7449,"2026-08-18 17:12:08.077",true,"[]",0,3
2702,868,"2026-08-18 17:12:08.077",true,"[""DANGEROUS_GOODS""]",20,3
2703,7128,"2026-08-18 17:12:08.077",true,"[]",0,3
2704,7938,"2026-08-18 17:12:08.077",true,"[]",0,3
2705,1058,"2026-08-18 17:12:08.077",true,"[]",0,3
2706,9940,"2026-08-18 17:12:08.077",false,"[""RESTRICTED_HS_CODE""]",30,3
2707,9455,"2026-08-18 17:12:08.077",false,"[""RESTRICTED_HS_CODE""]",30,3
2708,8721,"2026-08-18 17:12:08.077",true,"[]",0,3
2709,5899,"2026-08-18 17:12:08.077",false,"[""RESTRICTED_HS_CODE""]",30,3
2710,8572,"2026-08-18 17:12:08.077",true,"[]",0,3
2711,7178,"2026-08-18 17:12:08.077",false,"[""RESTRICTED_HS_CODE"",""DANGEROUS_GOODS""]",50,3
2712,1194,"2026-08-18 17:12:08.077",true,"[]",0,3
2713,5302,"2026-08-18 17:12:08.077",false,"[""RESTRICTED_HS_CODE""]",30,3
2714,7407,"2026-08-18 17:12:08.077",true,"[]",0,3
2715,9244,"2026-08-18 17:12:08.077",true,"[]",0,3
2716,3774,"2026-08-18 17:12:08.077",true,"[]",0,3
2717,670,"2026-08-18 17:12:08.077",false,"[""RESTRICTED_HS_CODE""]",30,3
2718,6242,"2026-08-18 17:12:08.077",false,"[""RESTRICTED_HS_CODE""]",30,3
2719,5580,"2026-08-18 17:12:08.077",true,"[]",0,3
2720,9423,"2026-08-18 17:12:08.077",true,"[]",0,3
2721,5896,"2026-08-18 17:12:08.077",true,"[]",0,3
2722,4394,"2026-08-18 17:12:08.077",true,"[]",0,3
2723,8326,"2026-08-18 17:12:08.077",true,"[]",0,3
2724,3765,"2026-08-18 17:12:08.077",true,"[]",0,3
2725,466,"2026-08-18 17:12:08.077",true,"[]",0,3
2726,3872,"2026-08-18 17:12:08.077",false,"[""RESTRICTED_HS_CODE""]",30,3
2727,446,"2026-08-18 17:12:08.077",false,"[""RESTRICTED_HS_CODE""]",30,3
2728,1840,"2026-08-18 17:12:08.077",true,"[]",0,3
2729,1820,"2026-08-18 17:12:08.077",true,"[]",0,3
2730,476,"2026-08-18 17:12:08.077",true,"[]",0,3
2731,2582,"2026-08-18 17:12:08.077",true,"[]",0,3
2732,5991,"2026-08-18 17:12:08.077",true,"[]",0,3
2733,6201,"2026-08-18 17:12:08.077",false,"[""RESTRICTED_HS_CODE""]",30,3
2734,2548,"2026-08-18 17:12:08.077",true,"[]",0,3
2735,1366,"2026-08-18 17:12:08.077",true,"[]",0,3
2736,3012,"2026-08-18 17:12:08.077",true,"[]",0,3
2737,2761,"2026-08-18 17:12:08.077",true,"[]",0,3
2738,2771,"2026-08-18 17:12:08.077",true,"[]",0,3
2739,9650,"2026-08-18 17:12:08.077",true,"[]",0,3
2740,7620,"2026-08-18 17:12:08.077",true,"[]",0,3
2741,9047,"2026-08-18 17:12:08.077",true,"[]",0,3
2742,4145,"2026-08-18 17:12:08.077",true,"[""DANGEROUS_GOODS""]",20,3
2743,5712,"2026-08-18 17:12:08.077",true,"[]",0,3
2744,6930,"2026-08-18 17:12:08.077",false,"[""RESTRICTED_HS_CODE""]",30,3
2745,1831,"2026-08-18 17:12:08.077",true,"[]",0,3
2746,7876,"2026-08-18 17:12:08.077",false,"[""RESTRICTED_HS_CODE""]",30,3
2747,5578,"2026-08-18 17:12:08.077",true,"[]",0,3
2748,6284,"2026-08-18 17:12:08.077",true,"[]",0,3
2749,437,"2026-08-18 17:12:08.077",true,"[]",0,3
2750,6312,"2026-08-18 17:12:08.077",true,"[]",0,3
2751,1039,"2026-08-18 17:12:08.077",true,"[]",0,3
2752,6230,"2026-08-18 17:12:08.077",true,"[]",0,3
2753,4906,"2026-08-18 17:12:08.077",false,"[""RESTRICTED_HS_CODE""]",30,3
2754,277,"2026-08-18 17:12:08.077",true,"[]",0,3
2755,924,"2026-08-18 17:12:08.077",true,"[]",0,3
2756,9635,"2026-08-18 17:12:08.077",true,"[]",0,3
2757,3834,"2026-08-18 17:12:08.077",true,"[]",0,3
2758,3837,"2026-08-18 17:12:08.077",true,"[]",0,3
2759,9148,"2026-08-18 17:12:08.077",true,"[]",0,3
2760,9716,"2026-08-18 17:12:08.077",true,"[]",0,3
2761,7541,"2026-08-18 17:12:08.077",true,"[]",0,3
2762,5177,"2026-08-18 17:12:08.077",false,"[""RESTRICTED_HS_CODE"",""DANGEROUS_GOODS""]",50,3
2763,7510,"2026-08-18 17:12:08.077",true,"[]",0,3
2764,2791,"2026-08-18 17:12:08.077",false,"[""RESTRICTED_HS_CODE""]",30,3
2765,2419,"2026-08-18 17:12:08.077",false,"[""RESTRICTED_HS_CODE""]",30,3
2766,8678,"2026-08-18 17:12:08.077",true,"[]",0,3
2767,3667,"2026-08-18 17:12:08.077",true,"[]",0,3
2768,6202,"2026-08-18 17:12:08.077",true,"[]",0,3
2769,8870,"2026-08-18 17:12:08.077",true,"[]",0,3
2770,6887,"2026-08-18 17:12:08.077",true,"[]",0,3
2771,5566,"2026-08-18 17:12:08.077",true,"[""DANGEROUS_GOODS""]",20,3
2772,3210,"2026-08-18 17:12:08.077",false,"[""RESTRICTED_HS_CODE""]",30,3
2773,8663,"2026-08-18 17:12:08.077",false,"[""RESTRICTED_HS_CODE""]",30,3
2774,557,"2026-08-18 17:12:08.077",true,"[]",0,3
2775,1551,"2026-08-18 17:12:08.077",true,"[]",0,3
2776,4604,"2026-08-18 17:12:08.077",true,"[]",0,3
2777,6324,"2026-08-18 17:12:08.077",true,"[]",0,3
2778,5866,"2026-08-18 17:12:08.077",false,"[""RESTRICTED_HS_CODE""]",30,3
2779,918,"2026-08-18 17:12:08.077",true,"[]",0,3
2780,4762,"2026-08-18 17:12:08.077",true,"[]",0,3
2781,7435,"2026-08-18 17:12:08.077",true,"[]",0,3
2782,68,"2026-08-18 17:12:08.077",true,"[]",0,3
2783,8724,"2026-08-18 17:12:08.077",true,"[]",0,3
2784,8546,"2026-08-18 17:12:08.077",true,"[]",0,3
2785,6110,"2026-08-18 17:12:08.077",false,"[""RESTRICTED_HS_CODE""]",30,3
2786,2817,"2026-08-18 17:12:08.077",true,"[]",0,3
2787,4067,"2026-08-18 17:12:08.077",false,"[""RESTRICTED_HS_CODE""]",30,3
2788,7649,"2026-08-18 17:12:08.077",true,"[]",0,3
2789,7433,"2026-08-18 17:12:08.077",true,"[]",0,3
2790,1239,"2026-08-18 17:12:08.077",false,"[""RESTRICTED_HS_CODE""]",30,3
2791,4233,"2026-08-18 17:12:08.077",true,"[""DANGEROUS_GOODS""]",20,3
2792,7563,"2026-08-18 17:12:08.077",true,"[]",0,3
2793,6435,"2026-08-18 17:12:08.077",true,"[]",0,3
2794,9290,"2026-08-18 17:12:08.077",true,"[]",0,3
2795,2355,"2026-08-18 17:12:08.077",true,"[]",0,3
2796,9358,"2026-08-18 17:12:08.077",true,"[]",0,3
2797,174,"2026-08-18 17:12:08.077",true,"[]",0,3
2798,7663,"2026-08-18 17:12:08.077",false,"[""RESTRICTED_HS_CODE""]",30,3
2799,8932,"2026-08-18 17:12:08.077",false,"[""RESTRICTED_HS_CODE""]",30,3
2800,8783,"2026-08-18 17:12:08.077",true,"[]",0,3
2801,7066,"2026-08-18 17:12:08.077",true,"[]",0,3
2802,1596,"2026-08-18 17:12:08.077",true,"[]",0,3
2803,1752,"2026-08-18 17:12:08.077",true,"[]",0,3
2804,1479,"2026-08-18 17:12:08.077",true,"[]",0,3
2805,9502,"2026-08-18 17:12:08.077",false,"[""RESTRICTED_HS_CODE""]",30,3
2806,1353,"2026-08-18 17:12:08.077",true,"[]",0,3
2807,9541,"2026-08-18 17:12:08.077",true,"[]",0,3
2808,5567,"2026-08-18 17:12:08.077",false,"[""RESTRICTED_HS_CODE""]",30,3
2809,630,"2026-08-18 17:12:08.077",true,"[]",0,3
2810,8474,"2026-08-18 17:12:08.077",true,"[]",0,3
2811,2659,"2026-08-18 17:12:08.077",true,"[]",0,3
2812,1452,"2026-08-18 17:12:08.077",true,"[]",0,3
2813,8502,"2026-08-18 17:12:08.077",false,"[""RESTRICTED_HS_CODE""]",30,3
2814,3019,"2026-08-18 17:12:08.077",true,"[]",0,3
2815,3234,"2026-08-18 17:12:08.077",true,"[]",0,3
2816,4990,"2026-08-18 17:12:08.077",true,"[]",0,3
2817,8196,"2026-08-18 17:12:08.077",true,"[]",0,3
2818,6148,"2026-08-18 17:12:08.077",true,"[]",0,3
2819,9187,"2026-08-18 17:12:08.077",true,"[]",0,3
2820,688,"2026-08-18 17:12:08.077",true,"[""DANGEROUS_GOODS""]",20,3
2821,9546,"2026-08-18 17:12:08.077",true,"[]",0,3
2822,661,"2026-08-18 17:12:08.077",true,"[]",0,3
2823,9060,"2026-08-18 17:12:08.077",true,"[]",0,3
2824,8318,"2026-08-18 17:12:08.077",false,"[""RESTRICTED_HS_CODE""]",30,3
2825,2209,"2026-08-18 17:12:08.077",true,"[]",0,3
2826,1019,"2026-08-18 17:12:08.077",true,"[]",0,3
2827,6619,"2026-08-18 17:12:08.077",true,"[]",0,3
2828,2374,"2026-08-18 17:12:08.077",true,"[]",0,3
2829,8039,"2026-08-18 17:12:08.077",true,"[]",0,3
2830,6389,"2026-08-18 17:12:08.077",true,"[""DANGEROUS_GOODS""]",20,3
2831,6753,"2026-08-18 17:12:08.077",true,"[]",0,3
2832,5103,"2026-08-18 17:12:08.077",true,"[]",0,3
2833,7548,"2026-08-18 17:12:08.077",false,"[""RESTRICTED_HS_CODE""]",30,3
2834,8800,"2026-08-18 17:12:08.077",true,"[]",0,3
2835,1875,"2026-08-18 17:12:08.077",true,"[]",0,3
2836,25,"2026-08-18 17:12:08.077",true,"[]",0,3
2837,4671,"2026-08-18 17:12:08.077",true,"[]",0,3
2838,9787,"2026-08-18 17:12:08.077",true,"[]",0,3
2839,3839,"2026-08-18 17:12:08.077",false,"[""RESTRICTED_HS_CODE"",""DANGEROUS_GOODS""]",50,3
2840,9327,"2026-08-18 17:12:08.077",true,"[]",0,3
2841,2273,"2026-08-18 17:12:08.077",true,"[]",0,3
2842,3695,"2026-08-18 17:12:08.077",true,"[]",0,3
2843,9728,"2026-08-18 17:12:08.077",true,"[]",0,3
2844,1293,"2026-08-18 17:12:08.077",true,"[]",0,3
2845,2240,"2026-08-18 17:12:08.077",true,"[]",0,3
2846,4675,"2026-08-18 17:12:08.077",false,"[""RESTRICTED_HS_CODE""]",30,3
2847,6937,"2026-08-18 17:12:08.077",true,"[]",0,3
2848,9517,"2026-08-18 17:12:08.077",true,"[]",0,3
2849,3788,"2026-08-18 17:12:08.077",true,"[]",0,3
2850,6280,"2026-08-18 17:12:08.077",false,"[""RESTRICTED_HS_CODE""]",30,3
2851,2431,"2026-08-18 17:12:08.077",true,"[]",0,3
2852,2251,"2026-08-18 17:12:08.077",true,"[]",0,3
2853,5053,"2026-08-18 17:12:08.077",true,"[]",0,3
2854,5682,"2026-08-18 17:12:08.077",true,"[]",0,3
2855,2020,"2026-08-18 17:12:08.077",true,"[]",0,3
2856,5864,"2026-08-18 17:12:08.077",true,"[]",0,3
2857,4230,"2026-08-18 17:12:08.077",true,"[]",0,3
2858,5191,"2026-08-18 17:12:08.077",true,"[]",0,3
2859,2989,"2026-08-18 17:12:08.077",true,"[]",0,3
2860,2558,"2026-08-18 17:12:08.077",true,"[]",0,3
2861,4560,"2026-08-18 17:12:08.077",true,"[]",0,3
2862,3906,"2026-08-18 17:12:08.077",true,"[]",0,3
2863,9796,"2026-08-18 17:12:08.077",true,"[]",0,3
2864,7667,"2026-08-18 17:12:08.077",true,"[]",0,3
2865,7986,"2026-08-18 17:12:08.077",true,"[]",0,3
2866,4371,"2026-08-18 17:12:08.077",true,"[]",0,3
2867,2076,"2026-08-18 17:12:08.077",true,"[]",0,3
2868,8310,"2026-08-18 17:12:08.077",false,"[""RESTRICTED_HS_CODE""]",30,3
2869,7099,"2026-08-18 17:12:08.077",true,"[]",0,3
2870,4532,"2026-08-18 17:12:08.077",true,"[]",0,3
2871,5759,"2026-08-18 17:12:08.077",true,"[]",0,3
2872,7173,"2026-08-18 17:12:08.077",true,"[]",0,3
2873,8214,"2026-08-18 17:12:08.077",true,"[]",0,3
2874,7717,"2026-08-18 17:12:08.077",true,"[]",0,3
2875,4502,"2026-08-18 17:12:08.077",false,"[""RESTRICTED_HS_CODE""]",30,3
2876,1397,"2026-08-18 17:12:08.077",true,"[]",0,3
2877,6070,"2026-08-18 17:12:08.077",true,"[]",0,3
2878,1510,"2026-08-18 17:12:08.077",true,"[]",0,3
2879,788,"2026-08-18 17:12:08.077",true,"[]",0,3
2880,819,"2026-08-18 17:12:08.077",false,"[""RESTRICTED_HS_CODE""]",30,3
2881,9786,"2026-08-18 17:12:08.077",true,"[]",0,3
2882,1402,"2026-08-18 17:12:08.077",true,"[]",0,3
2883,1351,"2026-08-18 17:12:08.077",true,"[]",0,3
2884,8059,"2026-08-18 17:12:08.077",true,"[]",0,3
2885,1308,"2026-08-18 17:12:08.077",true,"[]",0,3
2886,9189,"2026-08-18 17:12:08.077",true,"[]",0,3
2887,7891,"2026-08-18 17:12:08.077",false,"[""RESTRICTED_HS_CODE""]",30,3
2888,4337,"2026-08-18 17:12:08.077",true,"[]",0,3
2889,738,"2026-08-18 17:12:08.077",true,"[]",0,3
2890,2663,"2026-08-18 17:12:08.077",false,"[""RESTRICTED_HS_CODE""]",30,3
2891,6437,"2026-08-18 17:12:08.077",true,"[]",0,3
2892,1819,"2026-08-18 17:12:08.077",true,"[]",0,3
2893,7135,"2026-08-18 17:12:08.077",false,"[""RESTRICTED_HS_CODE""]",30,3
2894,3187,"2026-08-18 17:12:08.077",false,"[""RESTRICTED_HS_CODE""]",30,3
2895,6042,"2026-08-18 17:12:08.077",false,"[""RESTRICTED_HS_CODE""]",30,3
2896,5035,"2026-08-18 17:12:08.077",true,"[]",0,3
2897,8076,"2026-08-18 17:12:08.077",true,"[]",0,3
2898,4737,"2026-08-18 17:12:08.077",true,"[]",0,3
2899,1914,"2026-08-18 17:12:08.077",true,"[]",0,3
2900,9576,"2026-08-18 17:12:08.077",false,"[""RESTRICTED_HS_CODE""]",30,3
2901,47,"2026-08-18 17:12:08.077",true,"[]",0,3
2902,2974,"2026-08-18 17:12:08.077",true,"[""DANGEROUS_GOODS""]",20,3
2903,1720,"2026-08-18 17:12:08.077",false,"[""RESTRICTED_HS_CODE""]",30,3
2904,4134,"2026-08-18 17:12:08.077",true,"[]",0,3
2905,6347,"2026-08-18 17:12:08.077",true,"[]",0,3
2906,4005,"2026-08-18 17:12:08.077",true,"[]",0,3
2907,3383,"2026-08-18 17:12:08.077",true,"[]",0,3
2908,5998,"2026-08-18 17:12:08.077",true,"[]",0,3
2909,2912,"2026-08-18 17:12:08.077",true,"[]",0,3
2910,3933,"2026-08-18 17:12:08.077",true,"[]",0,3
2911,2340,"2026-08-18 17:12:08.077",true,"[]",0,3
2912,6215,"2026-08-18 17:12:08.077",false,"[""RESTRICTED_HS_CODE""]",30,3
2913,840,"2026-08-18 17:12:08.077",true,"[]",0,3
2914,8853,"2026-08-18 17:12:08.077",true,"[]",0,3
2915,1092,"2026-08-18 17:12:08.077",true,"[]",0,3
2916,9868,"2026-08-18 17:12:08.077",true,"[]",0,3
2917,4609,"2026-08-18 17:12:08.077",true,"[]",0,3
2918,2778,"2026-08-18 17:12:08.077",true,"[]",0,3
2919,735,"2026-08-18 17:12:08.077",true,"[]",0,3
2920,6702,"2026-08-18 17:12:08.077",false,"[""RESTRICTED_HS_CODE""]",30,3
2921,1051,"2026-08-18 17:12:08.077",false,"[""RESTRICTED_HS_CODE""]",30,3
2922,1445,"2026-08-18 17:12:08.077",false,"[""RESTRICTED_HS_CODE""]",30,3
2923,6383,"2026-08-18 17:12:08.077",true,"[]",0,3
2924,2016,"2026-08-18 17:12:08.077",true,"[""DANGEROUS_GOODS""]",20,3
2925,5148,"2026-08-18 17:12:08.077",true,"[]",0,3
2926,136,"2026-08-18 17:12:08.077",true,"[]",0,3
2927,7927,"2026-08-18 17:12:08.077",false,"[""RESTRICTED_HS_CODE""]",30,3
2928,4327,"2026-08-18 17:12:08.077",false,"[""RESTRICTED_HS_CODE""]",30,3
2929,6985,"2026-08-18 17:12:08.077",false,"[""RESTRICTED_HS_CODE""]",30,3
2930,7837,"2026-08-18 17:12:08.077",true,"[]",0,3
2931,1472,"2026-08-18 17:12:08.077",true,"[]",0,3
2932,203,"2026-08-18 17:12:08.077",false,"[""RESTRICTED_HS_CODE""]",30,3
2933,2068,"2026-08-18 17:12:08.077",true,"[]",0,3
2934,1721,"2026-08-18 17:12:08.077",true,"[]",0,3
2935,1398,"2026-08-18 17:12:08.077",true,"[]",0,3
2936,150,"2026-08-18 17:12:08.077",true,"[]",0,3
2937,2954,"2026-08-18 17:12:08.077",true,"[]",0,3
2938,3681,"2026-08-18 17:12:08.077",true,"[]",0,3
2939,1736,"2026-08-18 17:12:08.077",true,"[]",0,3
2940,7801,"2026-08-18 17:12:08.077",true,"[]",0,3
2941,8813,"2026-08-18 17:12:08.077",true,"[]",0,3
2942,9434,"2026-08-18 17:12:08.077",true,"[]",0,3
2943,4168,"2026-08-18 17:12:08.077",false,"[""RESTRICTED_HS_CODE""]",30,3
2944,4225,"2026-08-18 17:12:08.077",true,"[]",0,3
2945,5063,"2026-08-18 17:12:08.077",true,"[]",0,3
2946,3442,"2026-08-18 17:12:08.077",true,"[]",0,3
2947,6835,"2026-08-18 17:12:08.077",true,"[]",0,3
2948,304,"2026-08-18 17:12:08.077",true,"[]",0,3
2949,5664,"2026-08-18 17:12:08.077",true,"[]",0,3
2950,897,"2026-08-18 17:12:08.077",true,"[]",0,3
2951,7067,"2026-08-18 17:12:08.077",true,"[]",0,3
2952,8069,"2026-08-18 17:12:08.077",true,"[]",0,3
2953,4295,"2026-08-18 17:12:08.077",true,"[]",0,3
2954,9398,"2026-08-18 17:12:08.077",true,"[]",0,3
2955,3749,"2026-08-18 17:12:08.077",true,"[]",0,3
2956,4220,"2026-08-18 17:12:08.077",true,"[]",0,3
2957,3318,"2026-08-18 17:12:08.077",true,"[]",0,3
2958,2671,"2026-08-18 17:12:08.077",true,"[]",0,3
2959,3459,"2026-08-18 17:12:08.077",true,"[]",0,3
2960,8620,"2026-08-18 17:12:08.077",true,"[]",0,3
2961,2165,"2026-08-18 17:12:08.077",false,"[""RESTRICTED_HS_CODE"",""DANGEROUS_GOODS""]",50,3
2962,4285,"2026-08-18 17:12:08.077",true,"[]",0,3
2963,1451,"2026-08-18 17:12:08.077",true,"[""DANGEROUS_GOODS""]",20,3
2964,4438,"2026-08-18 17:12:08.077",true,"[]",0,3
2965,4779,"2026-08-18 17:12:08.077",true,"[]",0,3
2966,9328,"2026-08-18 17:12:08.077",false,"[""RESTRICTED_HS_CODE""]",30,3
2967,4829,"2026-08-18 17:12:08.077",true,"[]",0,3
2968,412,"2026-08-18 17:12:08.077",true,"[]",0,3
2969,5361,"2026-08-18 17:12:08.077",true,"[]",0,3
2970,4661,"2026-08-18 17:12:08.077",true,"[]",0,3
2971,5113,"2026-08-18 17:12:08.077",true,"[]",0,3
2972,9431,"2026-08-18 17:12:08.077",true,"[]",0,3
2973,3150,"2026-08-18 17:12:08.077",true,"[]",0,3
2974,6845,"2026-08-18 17:12:08.077",true,"[]",0,3
2975,1085,"2026-08-18 17:12:08.077",true,"[]",0,3
2976,2937,"2026-08-18 17:12:08.077",true,"[]",0,3
2977,8071,"2026-08-18 17:12:08.077",true,"[]",0,3
2978,2285,"2026-08-18 17:12:08.077",true,"[]",0,3
2979,6620,"2026-08-18 17:12:08.077",true,"[]",0,3
2980,3347,"2026-08-18 17:12:08.077",true,"[]",0,3
2981,2601,"2026-08-18 17:12:08.077",true,"[]",0,3
2982,9581,"2026-08-18 17:12:08.077",true,"[]",0,3
2983,5642,"2026-08-18 17:12:08.077",true,"[]",0,3
2984,2274,"2026-08-18 17:12:08.077",true,"[]",0,3
2985,1521,"2026-08-18 17:12:08.077",false,"[""RESTRICTED_HS_CODE""]",30,3
2986,7163,"2026-08-18 17:12:08.077",true,"[]",0,3
2987,5180,"2026-08-18 17:12:08.077",true,"[]",0,3
2988,1361,"2026-08-18 17:12:08.077",true,"[]",0,3
2989,1490,"2026-08-18 17:12:08.077",true,"[]",0,3
2990,6756,"2026-08-18 17:12:08.077",false,"[""RESTRICTED_HS_CODE""]",30,3
2991,3521,"2026-08-18 17:12:08.077",true,"[]",0,3
2992,4727,"2026-08-18 17:12:08.077",true,"[]",0,3
2993,3841,"2026-08-18 17:12:08.077",true,"[]",0,3
2994,994,"2026-08-18 17:12:08.077",true,"[]",0,3
2995,6328,"2026-08-18 17:12:08.077",true,"[]",0,3
2996,3208,"2026-08-18 17:12:08.077",true,"[]",0,3
2997,7299,"2026-08-18 17:12:08.077",true,"[]",0,3
2998,7645,"2026-08-18 17:12:08.077",true,"[]",0,3
2999,4801,"2026-08-18 17:12:08.077",true,"[]",0,3
3000,9982,"2026-08-18 17:12:08.077",true,"[]",0,3
3001,559,"2026-08-18 17:12:08.077",true,"[]",0,3
3002,1026,"2026-08-18 17:12:08.077",true,"[]",0,3
3003,7443,"2026-08-18 17:12:08.077",false,"[""RESTRICTED_HS_CODE""]",30,3
3004,1298,"2026-08-18 17:12:08.077",true,"[]",0,3
3005,4484,"2026-08-18 17:12:08.077",true,"[]",0,3
3006,3762,"2026-08-18 17:12:08.077",true,"[]",0,3
3007,1167,"2026-08-18 17:12:08.077",true,"[]",0,3
3008,803,"2026-08-18 17:12:08.077",true,"[]",0,3
3009,9981,"2026-08-18 17:12:08.077",true,"[]",0,3
3010,1673,"2026-08-18 17:12:08.077",true,"[]",0,3
3011,8850,"2026-08-18 17:12:08.077",true,"[]",0,3
3012,8790,"2026-08-18 17:12:08.077",true,"[]",0,3
3013,916,"2026-08-18 17:12:08.077",true,"[]",0,3
3014,378,"2026-08-18 17:12:08.077",true,"[]",0,3
3015,8528,"2026-08-18 17:12:08.077",true,"[]",0,3
3016,1670,"2026-08-18 17:12:08.077",true,"[]",0,3
3017,7396,"2026-08-18 17:12:08.077",false,"[""RESTRICTED_HS_CODE""]",30,3
3018,1590,"2026-08-18 17:12:08.077",false,"[""RESTRICTED_HS_CODE""]",30,3
3019,3331,"2026-08-18 17:12:08.077",true,"[]",0,3
3020,2598,"2026-08-18 17:12:08.077",true,"[]",0,3
3021,2898,"2026-08-18 17:12:08.077",true,"[]",0,3
3022,686,"2026-08-18 17:12:08.077",true,"[]",0,3
3023,5647,"2026-08-18 17:12:08.077",false,"[""RESTRICTED_HS_CODE""]",30,3
3024,8771,"2026-08-18 17:12:08.077",true,"[]",0,3
3025,4008,"2026-08-18 17:12:08.077",true,"[]",0,3
3026,4726,"2026-08-18 17:12:08.077",true,"[]",0,3
3027,1132,"2026-08-18 17:12:08.077",true,"[]",0,3
3028,2396,"2026-08-18 17:12:08.077",true,"[]",0,3
3029,3374,"2026-08-18 17:12:08.077",true,"[]",0,3
3030,3270,"2026-08-18 17:12:08.077",true,"[]",0,3
3031,6818,"2026-08-18 17:12:08.077",true,"[]",0,3
3032,9099,"2026-08-18 17:12:08.077",true,"[]",0,3
3033,4432,"2026-08-18 17:12:08.077",false,"[""RESTRICTED_HS_CODE""]",30,3
3034,9152,"2026-08-18 17:12:08.077",true,"[]",0,3
3035,3000,"2026-08-18 17:12:08.077",true,"[]",0,3
3036,5007,"2026-08-18 17:12:08.077",true,"[""DANGEROUS_GOODS""]",20,3
3037,5204,"2026-08-18 17:12:08.077",true,"[]",0,3
3038,3577,"2026-08-18 17:12:08.077",false,"[""RESTRICTED_HS_CODE""]",30,3
3039,4864,"2026-08-18 17:12:08.077",true,"[]",0,3
3040,8044,"2026-08-18 17:12:08.077",true,"[]",0,3
3041,8183,"2026-08-18 17:12:08.077",true,"[]",0,3
3042,6496,"2026-08-18 17:12:08.077",false,"[""RESTRICTED_HS_CODE""]",30,3
3043,5188,"2026-08-18 17:12:08.077",true,"[]",0,3
3044,9616,"2026-08-18 17:12:08.077",true,"[""DANGEROUS_GOODS""]",20,3
3045,9856,"2026-08-18 17:12:08.077",true,"[]",0,3
3046,7665,"2026-08-18 17:12:08.077",true,"[]",0,3
3047,4342,"2026-08-18 17:12:08.077",true,"[]",0,3
3048,73,"2026-08-18 17:12:08.077",false,"[""RESTRICTED_HS_CODE""]",30,3
3049,7579,"2026-08-18 17:12:08.077",true,"[]",0,3
3050,8142,"2026-08-18 17:12:08.077",true,"[]",0,3
3051,8114,"2026-08-18 17:12:08.077",true,"[]",0,3
3052,7953,"2026-08-18 17:12:08.077",true,"[]",0,3
3053,9812,"2026-08-18 17:12:08.077",true,"[]",0,3
3054,9745,"2026-08-18 17:12:08.077",true,"[]",0,3
3055,8601,"2026-08-18 17:12:08.077",true,"[]",0,3
3056,7428,"2026-08-18 17:12:08.077",true,"[]",0,3
3057,3578,"2026-08-18 17:12:08.077",true,"[]",0,3
3058,7662,"2026-08-18 17:12:08.077",true,"[]",0,3
3059,9925,"2026-08-18 17:12:08.077",true,"[]",0,3
3060,3199,"2026-08-18 17:12:08.077",true,"[]",0,3
3061,1469,"2026-08-18 17:12:08.077",true,"[]",0,3
3062,4175,"2026-08-18 17:12:08.077",true,"[]",0,3
3063,4970,"2026-08-18 17:12:08.077",true,"[]",0,3
3064,9173,"2026-08-18 17:12:08.077",true,"[""DANGEROUS_GOODS""]",20,3
3065,1561,"2026-08-18 17:12:08.077",false,"[""RESTRICTED_HS_CODE""]",30,3
3066,7309,"2026-08-18 17:12:08.077",true,"[]",0,3
3067,8938,"2026-08-18 17:12:08.077",false,"[""RESTRICTED_HS_CODE""]",30,3
3068,3853,"2026-08-18 17:12:08.077",true,"[]",0,3
3069,20,"2026-08-18 17:12:08.077",true,"[]",0,3
3070,3317,"2026-08-18 17:12:08.077",true,"[]",0,3
3071,8399,"2026-08-18 17:12:08.077",true,"[]",0,3
3072,175,"2026-08-18 17:12:08.077",true,"[]",0,3
3073,9528,"2026-08-18 17:12:08.077",true,"[]",0,3
3074,5810,"2026-08-18 17:12:08.077",true,"[]",0,3
3075,1983,"2026-08-18 17:12:08.077",true,"[]",0,3
3076,3852,"2026-08-18 17:12:08.077",true,"[]",0,3
3077,7590,"2026-08-18 17:12:08.077",true,"[]",0,3
3078,601,"2026-08-18 17:12:08.077",true,"[]",0,3
3079,8590,"2026-08-18 17:12:08.077",true,"[]",0,3
3080,4006,"2026-08-18 17:12:08.077",true,"[]",0,3
3081,5670,"2026-08-18 17:12:08.077",true,"[]",0,3
3082,2295,"2026-08-18 17:12:08.077",true,"[]",0,3
3083,8481,"2026-08-18 17:12:08.077",true,"[]",0,3
3084,1953,"2026-08-18 17:12:08.077",true,"[]",0,3
3085,9742,"2026-08-18 17:12:08.077",true,"[]",0,3
3086,5649,"2026-08-18 17:12:08.077",true,"[]",0,3
3087,9317,"2026-08-18 17:12:08.077",true,"[]",0,3
3088,9105,"2026-08-18 17:12:08.077",true,"[""DANGEROUS_GOODS""]",20,3
3089,9672,"2026-08-18 17:12:08.077",true,"[]",0,3
3090,323,"2026-08-18 17:12:08.077",true,"[]",0,3
3091,5847,"2026-08-18 17:12:08.077",true,"[]",0,3
3092,2258,"2026-08-18 17:12:08.077",true,"[]",0,3
3093,2993,"2026-08-18 17:12:08.077",true,"[]",0,3
3094,5814,"2026-08-18 17:12:08.077",true,"[]",0,3
3095,7862,"2026-08-18 17:12:08.077",true,"[]",0,3
3096,5240,"2026-08-18 17:12:08.077",true,"[]",0,3
3097,3179,"2026-08-18 17:12:08.077",true,"[]",0,3
3098,5824,"2026-08-18 17:12:08.077",true,"[""DANGEROUS_GOODS""]",20,3
3099,1371,"2026-08-18 17:12:08.077",true,"[]",0,3
3100,4269,"2026-08-18 17:12:08.077",true,"[]",0,3
3101,7185,"2026-08-18 17:12:08.077",true,"[]",0,3
3102,7205,"2026-08-18 17:12:08.077",true,"[]",0,3
3103,3914,"2026-08-18 17:12:08.077",true,"[]",0,3
3104,5196,"2026-08-18 17:12:08.077",true,"[]",0,3
3105,8960,"2026-08-18 17:12:08.077",true,"[]",0,3
3106,164,"2026-08-18 17:12:08.077",true,"[]",0,3
3107,6605,"2026-08-18 17:12:08.077",false,"[""RESTRICTED_HS_CODE""]",30,3
3108,7659,"2026-08-18 17:12:08.077",true,"[]",0,3
3109,7756,"2026-08-18 17:12:08.077",true,"[]",0,3
3110,1072,"2026-08-18 17:12:08.077",true,"[]",0,3
3111,7700,"2026-08-18 17:12:08.077",false,"[""RESTRICTED_HS_CODE"",""DANGEROUS_GOODS""]",50,3
3112,9078,"2026-08-18 17:12:08.077",true,"[]",0,3
3113,9490,"2026-08-18 17:12:08.077",true,"[]",0,3
3114,7627,"2026-08-18 17:12:08.077",false,"[""RESTRICTED_HS_CODE""]",30,3
3115,5923,"2026-08-18 17:12:08.077",true,"[]",0,3
3116,3081,"2026-08-18 17:12:08.077",true,"[]",0,3
3117,9924,"2026-08-18 17:12:08.077",true,"[]",0,3
3118,5798,"2026-08-18 17:12:08.077",true,"[]",0,3
3119,1726,"2026-08-18 17:12:08.077",true,"[]",0,3
3120,2578,"2026-08-18 17:12:08.077",true,"[]",0,3
3121,6610,"2026-08-18 17:12:08.077",true,"[]",0,3
3122,1284,"2026-08-18 17:12:08.077",true,"[]",0,3
3123,4140,"2026-08-18 17:12:08.077",true,"[]",0,3
3124,8284,"2026-08-18 17:12:08.077",true,"[]",0,3
3125,4428,"2026-08-18 17:12:08.077",true,"[]",0,3
3126,5884,"2026-08-18 17:12:08.077",true,"[]",0,3
3127,6028,"2026-08-18 17:12:08.077",true,"[]",0,3
3128,535,"2026-08-18 17:12:08.077",true,"[]",0,3
3129,4389,"2026-08-18 17:12:08.077",true,"[]",0,3
3130,2227,"2026-08-18 17:12:08.077",true,"[]",0,3
3131,605,"2026-08-18 17:12:08.077",true,"[]",0,3
3132,3125,"2026-08-18 17:12:08.077",true,"[]",0,3
3133,2078,"2026-08-18 17:12:08.077",false,"[""RESTRICTED_HS_CODE""]",30,3
3134,5585,"2026-08-18 17:12:08.077",true,"[]",0,3
3135,493,"2026-08-18 17:12:08.077",true,"[]",0,3
3136,5684,"2026-08-18 17:12:08.077",true,"[]",0,3
3137,218,"2026-08-18 17:12:08.077",true,"[]",0,3
3138,5549,"2026-08-18 17:12:08.077",true,"[]",0,3
3139,6525,"2026-08-18 17:12:08.077",true,"[]",0,3
3140,8014,"2026-08-18 17:12:08.077",true,"[]",0,3
3141,6385,"2026-08-18 17:12:08.077",true,"[]",0,3
3142,7780,"2026-08-18 17:12:08.077",false,"[""RESTRICTED_HS_CODE""]",30,3
3143,3710,"2026-08-18 17:12:08.077",false,"[""RESTRICTED_HS_CODE""]",30,3
3144,5293,"2026-08-18 17:12:08.077",true,"[]",0,3
3145,4476,"2026-08-18 17:12:08.077",true,"[]",0,3
3146,6565,"2026-08-18 17:12:08.077",true,"[]",0,3
3147,6508,"2026-08-18 17:12:08.077",true,"[]",0,3
3148,3503,"2026-08-18 17:12:08.077",true,"[]",0,3
3149,8811,"2026-08-18 17:12:08.077",true,"[]",0,3
3150,3816,"2026-08-18 17:12:08.077",false,"[""RESTRICTED_HS_CODE""]",30,3
3151,8550,"2026-08-18 17:12:08.077",true,"[]",0,3
3152,1098,"2026-08-18 17:12:08.077",true,"[]",0,3
3153,4616,"2026-08-18 17:12:08.077",true,"[]",0,3
3154,6156,"2026-08-18 17:12:08.077",true,"[]",0,3
3155,5676,"2026-08-18 17:12:08.077",false,"[""RESTRICTED_HS_CODE""]",30,3
3156,3095,"2026-08-18 17:12:08.077",true,"[]",0,3
3157,2562,"2026-08-18 17:12:08.077",true,"[]",0,3
3158,6524,"2026-08-18 17:12:08.077",true,"[""DANGEROUS_GOODS""]",20,3
3159,3701,"2026-08-18 17:12:08.077",true,"[]",0,3
3160,4833,"2026-08-18 17:12:08.077",true,"[]",0,3
3161,1302,"2026-08-18 17:12:08.077",true,"[]",0,3
3162,2270,"2026-08-18 17:12:08.077",false,"[""RESTRICTED_HS_CODE""]",30,3
3163,1517,"2026-08-18 17:12:08.077",true,"[]",0,3
3164,2711,"2026-08-18 17:12:08.077",true,"[]",0,3
3165,4642,"2026-08-18 17:12:08.077",true,"[]",0,3
3166,333,"2026-08-18 17:12:08.077",true,"[]",0,3
3167,7602,"2026-08-18 17:12:08.077",true,"[]",0,3
3168,4052,"2026-08-18 17:12:08.077",true,"[]",0,3
3169,4826,"2026-08-18 17:12:08.077",true,"[]",0,3
3170,3101,"2026-08-18 17:12:08.077",true,"[]",0,3
3171,2560,"2026-08-18 17:12:08.077",true,"[]",0,3
3172,2768,"2026-08-18 17:12:08.077",true,"[]",0,3
3173,1063,"2026-08-18 17:12:08.077",true,"[]",0,3
3174,5288,"2026-08-18 17:12:08.077",true,"[""DANGEROUS_GOODS""]",20,3
3175,2371,"2026-08-18 17:12:08.077",true,"[""DANGEROUS_GOODS""]",20,3
3176,979,"2026-08-18 17:12:08.077",true,"[]",0,3
3177,9652,"2026-08-18 17:12:08.077",true,"[]",0,3
3178,243,"2026-08-18 17:12:08.077",true,"[]",0,3
3179,5800,"2026-08-18 17:12:08.077",true,"[]",0,3
3180,8453,"2026-08-18 17:12:08.077",true,"[]",0,3
3181,6878,"2026-08-18 17:12:08.077",true,"[]",0,3
3182,9493,"2026-08-18 17:12:08.077",true,"[]",0,3
3183,3568,"2026-08-18 17:12:08.077",true,"[]",0,3
3184,6512,"2026-08-18 17:12:08.077",true,"[]",0,3
3185,9202,"2026-08-18 17:12:08.077",true,"[]",0,3
3186,2301,"2026-08-18 17:12:08.077",true,"[]",0,3
3187,8664,"2026-08-18 17:12:08.077",false,"[""RESTRICTED_HS_CODE""]",30,3
3188,9139,"2026-08-18 17:12:08.077",true,"[]",0,3
3189,1717,"2026-08-18 17:12:08.077",false,"[""RESTRICTED_HS_CODE""]",30,3
3190,157,"2026-08-18 17:12:08.077",true,"[]",0,3
3191,6092,"2026-08-18 17:12:08.077",true,"[]",0,3
3192,5451,"2026-08-18 17:12:08.077",true,"[]",0,3
3193,7043,"2026-08-18 17:12:08.077",true,"[]",0,3
3194,2194,"2026-08-18 17:12:08.077",true,"[]",0,3
3195,8123,"2026-08-18 17:12:08.077",true,"[]",0,3
3196,2500,"2026-08-18 17:12:08.077",true,"[]",0,3
3197,1295,"2026-08-18 17:12:08.077",false,"[""RESTRICTED_HS_CODE""]",30,3
3198,4359,"2026-08-18 17:12:08.077",true,"[]",0,3
3199,6497,"2026-08-18 17:12:08.077",true,"[]",0,3
3200,435,"2026-08-18 17:12:08.077",true,"[""DANGEROUS_GOODS""]",20,3
3201,8719,"2026-08-18 17:12:08.077",true,"[]",0,3
3202,7815,"2026-08-18 17:12:08.077",true,"[]",0,3
3203,1289,"2026-08-18 17:12:08.077",true,"[]",0,3
3204,3786,"2026-08-18 17:12:08.077",true,"[]",0,3
3205,5616,"2026-08-18 17:12:08.077",true,"[]",0,3
3206,8705,"2026-08-18 17:12:08.077",true,"[]",0,3
3207,6118,"2026-08-18 17:12:08.077",true,"[]",0,3
3208,2459,"2026-08-18 17:12:08.077",true,"[]",0,3
3209,3071,"2026-08-18 17:12:08.077",true,"[]",0,3
3210,4381,"2026-08-18 17:12:08.077",false,"[""RESTRICTED_HS_CODE""]",30,3
3211,4469,"2026-08-18 17:12:08.077",true,"[]",0,3
3212,6635,"2026-08-18 17:12:08.077",true,"[]",0,3
3213,8768,"2026-08-18 17:12:08.077",true,"[]",0,3
3214,2698,"2026-08-18 17:12:08.077",false,"[""RESTRICTED_HS_CODE""]",30,3
3215,9459,"2026-08-18 17:12:08.077",true,"[]",0,3
3216,9794,"2026-08-18 17:12:08.077",false,"[""RESTRICTED_HS_CODE""]",30,3
3217,3191,"2026-08-18 17:12:08.077",true,"[]",0,3
3218,3501,"2026-08-18 17:12:08.077",true,"[""DANGEROUS_GOODS""]",20,3
3219,3838,"2026-08-18 17:12:08.077",false,"[""RESTRICTED_HS_CODE""]",30,3
3220,204,"2026-08-18 17:12:08.077",true,"[]",0,3
3221,3887,"2026-08-18 17:12:08.077",true,"[]",0,3
3222,6841,"2026-08-18 17:12:08.077",true,"[]",0,3
3223,8205,"2026-08-18 17:12:08.077",false,"[""RESTRICTED_HS_CODE""]",30,3
3224,115,"2026-08-18 17:12:08.077",true,"[]",0,3
3225,1884,"2026-08-18 17:12:08.077",true,"[]",0,3
3226,6730,"2026-08-18 17:12:08.077",true,"[]",0,3
3227,9050,"2026-08-18 17:12:08.077",true,"[]",0,3
3228,4538,"2026-08-18 17:12:08.077",false,"[""RESTRICTED_HS_CODE""]",30,3
3229,9246,"2026-08-18 17:12:08.077",true,"[]",0,3
3230,5197,"2026-08-18 17:12:08.077",true,"[]",0,3
3231,1151,"2026-08-18 17:12:08.077",true,"[]",0,3
3232,717,"2026-08-18 17:12:08.077",false,"[""RESTRICTED_HS_CODE""]",30,3
3233,5370,"2026-08-18 17:12:08.077",true,"[]",0,3
3234,5239,"2026-08-18 17:12:08.077",true,"[""DANGEROUS_GOODS""]",20,3
3235,7437,"2026-08-18 17:12:08.077",true,"[]",0,3
3236,7076,"2026-08-18 17:12:08.077",true,"[]",0,3
3237,1032,"2026-08-18 17:12:08.077",true,"[]",0,3
3238,6908,"2026-08-18 17:12:08.077",true,"[]",0,3
3239,9222,"2026-08-18 17:12:08.077",false,"[""RESTRICTED_HS_CODE""]",30,3
3240,5532,"2026-08-18 17:12:08.077",true,"[]",0,3
3241,8861,"2026-08-18 17:12:08.077",true,"[]",0,3
3242,9547,"2026-08-18 17:12:08.077",false,"[""RESTRICTED_HS_CODE""]",30,3
3243,6074,"2026-08-18 17:12:08.077",true,"[""DANGEROUS_GOODS""]",20,3
3244,2731,"2026-08-18 17:12:08.077",true,"[]",0,3
3245,1525,"2026-08-18 17:12:08.077",true,"[]",0,3
3246,8414,"2026-08-18 17:12:08.077",true,"[]",0,3
3247,6895,"2026-08-18 17:12:08.077",true,"[]",0,3
3248,5982,"2026-08-18 17:12:08.077",true,"[]",0,3
3249,6019,"2026-08-18 17:12:08.077",false,"[""RESTRICTED_HS_CODE""]",30,3
3250,1099,"2026-08-18 17:12:08.077",true,"[]",0,3
3251,5445,"2026-08-18 17:12:08.077",true,"[]",0,3
3252,7499,"2026-08-18 17:12:08.077",true,"[]",0,3
3253,3582,"2026-08-18 17:12:08.077",true,"[]",0,3
3254,5834,"2026-08-18 17:12:08.077",true,"[]",0,3
3255,1271,"2026-08-18 17:12:08.077",true,"[]",0,3
3256,6839,"2026-08-18 17:12:08.077",true,"[]",0,3
3257,6746,"2026-08-18 17:12:08.077",true,"[]",0,3
3258,3948,"2026-08-18 17:12:08.077",false,"[""RESTRICTED_HS_CODE""]",30,3
3259,6416,"2026-08-18 17:12:08.077",true,"[]",0,3
3260,6079,"2026-08-18 17:12:08.077",true,"[]",0,3
3261,7327,"2026-08-18 17:12:08.077",true,"[""DANGEROUS_GOODS""]",20,3
3262,9647,"2026-08-18 17:12:08.077",false,"[""RESTRICTED_HS_CODE""]",30,3
3263,7954,"2026-08-18 17:12:08.077",true,"[]",0,3
3264,1394,"2026-08-18 17:12:08.077",true,"[]",0,3
3265,245,"2026-08-18 17:12:08.077",true,"[]",0,3
3266,1281,"2026-08-18 17:12:08.077",false,"[""RESTRICTED_HS_CODE""]",30,3
3267,7053,"2026-08-18 17:12:08.077",true,"[]",0,3
3268,8830,"2026-08-18 17:12:08.077",true,"[]",0,3
3269,1379,"2026-08-18 17:12:08.077",false,"[""RESTRICTED_HS_CODE""]",30,3
3270,5480,"2026-08-18 17:12:08.077",true,"[]",0,3
3271,1530,"2026-08-18 17:12:08.077",true,"[]",0,3
3272,3049,"2026-08-18 17:12:08.077",true,"[]",0,3
3273,6863,"2026-08-18 17:12:08.077",true,"[]",0,3
3274,9230,"2026-08-18 17:12:08.077",true,"[]",0,3
3275,1463,"2026-08-18 17:12:08.077",true,"[]",0,3
3276,7468,"2026-08-18 17:12:08.077",true,"[]",0,3
3277,5090,"2026-08-18 17:12:08.077",true,"[]",0,3
3278,753,"2026-08-18 17:12:08.077",false,"[""RESTRICTED_HS_CODE""]",30,3
3279,3089,"2026-08-18 17:12:08.077",true,"[]",0,3
3280,9070,"2026-08-18 17:12:08.077",true,"[]",0,3
3281,6117,"2026-08-18 17:12:08.077",true,"[]",0,3
3282,2592,"2026-08-18 17:12:08.077",true,"[]",0,3
3283,8570,"2026-08-18 17:12:08.077",false,"[""RESTRICTED_HS_CODE""]",30,3
3284,5533,"2026-08-18 17:12:08.077",true,"[]",0,3
3285,7458,"2026-08-18 17:12:08.077",true,"[]",0,3
3286,1612,"2026-08-18 17:12:08.077",false,"[""RESTRICTED_HS_CODE""]",30,3
3287,152,"2026-08-18 17:12:08.077",true,"[]",0,3
3288,40,"2026-08-18 17:12:08.077",true,"[]",0,3
3289,1212,"2026-08-18 17:12:08.077",true,"[]",0,3
3290,1294,"2026-08-18 17:12:08.077",true,"[]",0,3
3291,3025,"2026-08-18 17:12:08.077",true,"[]",0,3
3292,2031,"2026-08-18 17:12:08.077",false,"[""RESTRICTED_HS_CODE""]",30,3
3293,5066,"2026-08-18 17:12:08.077",true,"[]",0,3
3294,7601,"2026-08-18 17:12:08.077",true,"[]",0,3
3295,7693,"2026-08-18 17:12:08.077",false,"[""RESTRICTED_HS_CODE""]",30,3
3296,2318,"2026-08-18 17:12:08.077",false,"[""RESTRICTED_HS_CODE"",""DANGEROUS_GOODS""]",50,3
3297,7812,"2026-08-18 17:12:08.077",false,"[""RESTRICTED_HS_CODE""]",30,3
3298,27,"2026-08-18 17:12:08.077",true,"[]",0,3
3299,3877,"2026-08-18 17:12:08.077",true,"[]",0,3
3300,9831,"2026-08-18 17:12:08.077",true,"[]",0,3
3301,9235,"2026-08-18 17:12:08.077",false,"[""RESTRICTED_HS_CODE""]",30,3
3302,7064,"2026-08-18 17:12:08.077",true,"[]",0,3
3303,7977,"2026-08-18 17:12:08.077",true,"[]",0,3
3304,4237,"2026-08-18 17:12:08.077",true,"[]",0,3
3305,5282,"2026-08-18 17:12:08.077",true,"[""DANGEROUS_GOODS""]",20,3
3306,4623,"2026-08-18 17:12:08.077",true,"[]",0,3
3307,235,"2026-08-18 17:12:08.077",true,"[]",0,3
3308,9483,"2026-08-18 17:12:08.077",true,"[]",0,3
3309,1811,"2026-08-18 17:12:08.077",true,"[]",0,3
3310,1496,"2026-08-18 17:12:08.077",true,"[]",0,3
3311,4037,"2026-08-18 17:12:08.077",true,"[]",0,3
3312,5559,"2026-08-18 17:12:08.077",true,"[]",0,3
3313,2511,"2026-08-18 17:12:08.077",true,"[]",0,3
3314,4664,"2026-08-18 17:12:08.077",true,"[]",0,3
3315,5591,"2026-08-18 17:12:08.077",true,"[]",0,3
3316,2191,"2026-08-18 17:12:08.077",true,"[]",0,3
3317,1095,"2026-08-18 17:12:08.077",true,"[]",0,3
3318,586,"2026-08-18 17:12:08.077",true,"[]",0,3
3319,3890,"2026-08-18 17:12:08.077",true,"[]",0,3
3320,5436,"2026-08-18 17:12:08.077",true,"[]",0,3
3321,5159,"2026-08-18 17:12:08.077",true,"[]",0,3
3322,6533,"2026-08-18 17:12:08.077",true,"[]",0,3
3323,56,"2026-08-18 17:12:08.077",true,"[]",0,3
3324,6179,"2026-08-18 17:12:08.077",true,"[]",0,3
3325,9291,"2026-08-18 17:12:08.077",true,"[]",0,3
3326,5765,"2026-08-18 17:12:08.077",true,"[]",0,3
3327,3287,"2026-08-18 17:12:08.077",true,"[]",0,3
3328,5502,"2026-08-18 17:12:08.077",true,"[""DANGEROUS_GOODS""]",20,3
3329,4075,"2026-08-18 17:12:08.077",false,"[""RESTRICTED_HS_CODE""]",30,3
3330,1603,"2026-08-18 17:12:08.077",true,"[]",0,3
3331,6084,"2026-08-18 17:12:08.077",true,"[]",0,3
3332,7409,"2026-08-18 17:12:08.077",true,"[]",0,3
3333,7676,"2026-08-18 17:12:08.077",true,"[]",0,3
3334,6781,"2026-08-18 17:12:08.077",true,"[]",0,3
3335,9762,"2026-08-18 17:12:08.077",false,"[""RESTRICTED_HS_CODE""]",30,3
3336,2622,"2026-08-18 17:12:08.077",true,"[]",0,3
3337,500,"2026-08-18 17:12:08.077",true,"[]",0,3
3338,7220,"2026-08-18 17:12:08.077",false,"[""RESTRICTED_HS_CODE""]",30,3
3339,1457,"2026-08-18 17:12:08.077",false,"[""RESTRICTED_HS_CODE""]",30,3
3340,892,"2026-08-18 17:12:08.077",true,"[]",0,3
3341,3822,"2026-08-18 17:12:08.077",true,"[]",0,3
3342,2981,"2026-08-18 17:12:08.077",true,"[]",0,3
3343,4791,"2026-08-18 17:12:08.077",true,"[]",0,3
3344,1228,"2026-08-18 17:12:08.077",true,"[]",0,3
3345,2947,"2026-08-18 17:12:08.077",true,"[]",0,3
3346,3134,"2026-08-18 17:12:08.077",true,"[]",0,3
3347,9107,"2026-08-18 17:12:08.077",true,"[]",0,3
3348,8886,"2026-08-18 17:12:08.077",true,"[]",0,3
3349,4224,"2026-08-18 17:12:08.077",true,"[]",0,3
3350,5780,"2026-08-18 17:12:08.077",true,"[]",0,3
3351,6755,"2026-08-18 17:12:08.077",true,"[]",0,3
3352,7929,"2026-08-18 17:12:08.077",true,"[]",0,3
3353,652,"2026-08-18 17:12:08.077",true,"[]",0,3
3354,16,"2026-08-18 17:12:08.077",false,"[""RESTRICTED_HS_CODE""]",30,3
3355,4294,"2026-08-18 17:12:08.077",true,"[]",0,3
3356,494,"2026-08-18 17:12:08.077",false,"[""RESTRICTED_HS_CODE""]",30,3
3357,469,"2026-08-18 17:12:08.077",false,"[""RESTRICTED_HS_CODE""]",30,3
3358,5233,"2026-08-18 17:12:08.077",true,"[]",0,3
3359,9919,"2026-08-18 17:12:08.077",true,"[]",0,3
3360,7826,"2026-08-18 17:12:08.077",true,"[]",0,3
3361,1311,"2026-08-18 17:12:08.077",true,"[]",0,3
3362,9411,"2026-08-18 17:12:08.077",true,"[]",0,3
3363,8280,"2026-08-18 17:12:08.077",true,"[]",0,3
3364,4181,"2026-08-18 17:12:08.077",false,"[""RESTRICTED_HS_CODE""]",30,3
3365,2536,"2026-08-18 17:12:08.077",true,"[]",0,3
3366,436,"2026-08-18 17:12:08.077",true,"[]",0,3
3367,9869,"2026-08-18 17:12:08.077",true,"[]",0,3
3368,474,"2026-08-18 17:12:08.077",true,"[]",0,3
3369,3276,"2026-08-18 17:12:08.077",true,"[]",0,3
3370,8563,"2026-08-18 17:12:08.077",true,"[]",0,3
3371,2513,"2026-08-18 17:12:08.077",true,"[]",0,3
3372,5415,"2026-08-18 17:12:08.077",true,"[]",0,3
3373,702,"2026-08-18 17:12:08.077",true,"[]",0,3
3374,6477,"2026-08-18 17:12:08.077",true,"[]",0,3
3375,4849,"2026-08-18 17:12:08.077",true,"[]",0,3
3376,2793,"2026-08-18 17:12:08.077",true,"[]",0,3
3377,8615,"2026-08-18 17:12:08.077",false,"[""RESTRICTED_HS_CODE""]",30,3
3378,430,"2026-08-18 17:12:08.077",true,"[]",0,3
3379,8366,"2026-08-18 17:12:08.077",true,"[]",0,3
3380,5554,"2026-08-18 17:12:08.077",true,"[]",0,3
3381,6501,"2026-08-18 17:12:08.077",false,"[""RESTRICTED_HS_CODE""]",30,3
3382,1996,"2026-08-18 17:12:08.077",true,"[""DANGEROUS_GOODS""]",20,3
3383,4216,"2026-08-18 17:12:08.077",true,"[""DANGEROUS_GOODS""]",20,3
3384,4286,"2026-08-18 17:12:08.077",true,"[]",0,3
3385,9767,"2026-08-18 17:12:08.077",true,"[]",0,3
3386,4786,"2026-08-18 17:12:08.077",true,"[]",0,3
3387,6362,"2026-08-18 17:12:08.077",true,"[]",0,3
3388,5057,"2026-08-18 17:12:08.077",true,"[]",0,3
3389,4449,"2026-08-18 17:12:08.077",true,"[]",0,3
3390,6409,"2026-08-18 17:12:08.077",true,"[]",0,3
3391,8605,"2026-08-18 17:12:08.077",true,"[]",0,3
3392,7287,"2026-08-18 17:12:08.077",true,"[]",0,3
3393,5652,"2026-08-18 17:12:08.077",false,"[""RESTRICTED_HS_CODE""]",30,3
3394,3810,"2026-08-18 17:12:08.077",true,"[]",0,3
3395,313,"2026-08-18 17:12:08.077",true,"[]",0,3
3396,8475,"2026-08-18 17:12:08.077",false,"[""RESTRICTED_HS_CODE""]",30,3
3397,2944,"2026-08-18 17:12:08.077",true,"[]",0,3
3398,4969,"2026-08-18 17:12:08.077",false,"[""RESTRICTED_HS_CODE""]",30,3
3399,3641,"2026-08-18 17:12:08.077",true,"[]",0,3
3400,4199,"2026-08-18 17:12:08.077",true,"[]",0,3
3401,8875,"2026-08-18 17:12:08.077",true,"[]",0,3
3402,3526,"2026-08-18 17:12:08.077",true,"[]",0,3
3403,6030,"2026-08-18 17:12:08.077",true,"[]",0,3
3404,5900,"2026-08-18 17:12:08.077",true,"[]",0,3
3405,8344,"2026-08-18 17:12:08.077",true,"[]",0,3
3406,6443,"2026-08-18 17:12:08.077",true,"[]",0,3
3407,90,"2026-08-18 17:12:08.077",true,"[]",0,3
3408,4277,"2026-08-18 17:12:08.077",true,"[]",0,3
3409,6234,"2026-08-18 17:12:08.077",false,"[""RESTRICTED_HS_CODE"",""DANGEROUS_GOODS""]",50,3
3410,7337,"2026-08-18 17:12:08.077",true,"[]",0,3
3411,1900,"2026-08-18 17:12:08.077",true,"[]",0,3
3412,307,"2026-08-18 17:12:08.077",true,"[]",0,3
3413,6638,"2026-08-18 17:12:08.077",true,"[]",0,3
3414,971,"2026-08-18 17:12:08.077",true,"[]",0,3
3415,4686,"2026-08-18 17:12:08.077",true,"[]",0,3
3416,1381,"2026-08-18 17:12:08.077",true,"[]",0,3
3417,4693,"2026-08-18 17:12:08.077",true,"[]",0,3
3418,2477,"2026-08-18 17:12:08.077",true,"[""DANGEROUS_GOODS""]",20,3
3419,4910,"2026-08-18 17:12:08.077",true,"[]",0,3
3420,7501,"2026-08-18 17:12:08.077",true,"[]",0,3
3421,4634,"2026-08-18 17:12:08.077",true,"[]",0,3
3422,2744,"2026-08-18 17:12:08.077",true,"[]",0,3
3423,5926,"2026-08-18 17:12:08.077",true,"[]",0,3
3424,4793,"2026-08-18 17:12:08.077",false,"[""RESTRICTED_HS_CODE""]",30,3
3425,4348,"2026-08-18 17:12:08.077",true,"[]",0,3
3426,698,"2026-08-18 17:12:08.077",true,"[]",0,3
3427,6927,"2026-08-18 17:12:08.077",true,"[]",0,3
3428,7278,"2026-08-18 17:12:08.077",true,"[]",0,3
3429,465,"2026-08-18 17:12:08.077",true,"[]",0,3
3430,2085,"2026-08-18 17:12:08.077",true,"[]",0,3
3431,63,"2026-08-18 17:12:08.077",true,"[]",0,3
3432,4445,"2026-08-18 17:12:08.077",true,"[]",0,3
3433,4311,"2026-08-18 17:12:08.077",true,"[""DANGEROUS_GOODS""]",20,3
3434,9994,"2026-08-18 17:12:08.077",true,"[]",0,3
3435,9887,"2026-08-18 17:12:08.077",true,"[]",0,3
3436,5552,"2026-08-18 17:12:08.077",true,"[]",0,3
3437,7644,"2026-08-18 17:12:08.077",false,"[""RESTRICTED_HS_CODE""]",30,3
3438,6113,"2026-08-18 17:12:08.077",true,"[]",0,3
3439,3348,"2026-08-18 17:12:08.077",true,"[]",0,3
3440,6956,"2026-08-18 17:12:08.077",true,"[]",0,3
3441,4570,"2026-08-18 17:12:08.077",false,"[""RESTRICTED_HS_CODE""]",30,3
3442,8553,"2026-08-18 17:12:08.077",true,"[]",0,3
3443,5404,"2026-08-18 17:12:08.077",true,"[]",0,3
3444,9111,"2026-08-18 17:12:08.077",true,"[]",0,3
3445,9146,"2026-08-18 17:12:08.077",true,"[]",0,3
3446,542,"2026-08-18 17:12:08.077",true,"[]",0,3
3447,835,"2026-08-18 17:12:08.077",true,"[]",0,3
3448,9083,"2026-08-18 17:12:08.077",true,"[]",0,3
3449,4678,"2026-08-18 17:12:08.077",true,"[]",0,3
3450,5993,"2026-08-18 17:12:08.077",true,"[]",0,3
3451,9094,"2026-08-18 17:12:08.077",true,"[]",0,3
3452,760,"2026-08-18 17:12:08.077",true,"[]",0,3
3453,3589,"2026-08-18 17:12:08.077",true,"[]",0,3
3454,2991,"2026-08-18 17:12:08.077",true,"[]",0,3
3455,6186,"2026-08-18 17:12:08.077",true,"[]",0,3
3456,1288,"2026-08-18 17:12:08.077",true,"[]",0,3
3457,1497,"2026-08-18 17:12:08.077",true,"[]",0,3
3458,5212,"2026-08-18 17:12:08.077",true,"[]",0,3
3459,5508,"2026-08-18 17:12:08.077",true,"[]",0,3
3460,3338,"2026-08-18 17:12:08.077",true,"[]",0,3
3461,2666,"2026-08-18 17:12:08.077",true,"[]",0,3
3462,762,"2026-08-18 17:12:08.077",true,"[]",0,3
3463,1806,"2026-08-18 17:12:08.077",true,"[]",0,3
3464,8905,"2026-08-18 17:12:08.077",true,"[]",0,3
3465,9283,"2026-08-18 17:12:08.077",false,"[""RESTRICTED_HS_CODE"",""DANGEROUS_GOODS""]",50,3
3466,4844,"2026-08-18 17:12:08.077",true,"[]",0,3
3467,1572,"2026-08-18 17:12:08.077",true,"[]",0,3
3468,1861,"2026-08-18 17:12:08.077",true,"[]",0,3
3469,7478,"2026-08-18 17:12:08.077",true,"[]",0,3
3470,8626,"2026-08-18 17:12:08.077",true,"[]",0,3
3471,5354,"2026-08-18 17:12:08.077",true,"[]",0,3
3472,5983,"2026-08-18 17:12:08.077",true,"[]",0,3
3473,6929,"2026-08-18 17:12:08.077",true,"[]",0,3
3474,3218,"2026-08-18 17:12:08.077",true,"[]",0,3
3475,2192,"2026-08-18 17:12:08.077",true,"[]",0,3
3476,1337,"2026-08-18 17:12:08.077",true,"[]",0,3
3477,9273,"2026-08-18 17:12:08.077",true,"[]",0,3
3478,3789,"2026-08-18 17:12:08.077",true,"[]",0,3
3479,8981,"2026-08-18 17:12:08.077",true,"[]",0,3
3480,1433,"2026-08-18 17:12:08.077",true,"[]",0,3
3481,1892,"2026-08-18 17:12:08.077",false,"[""RESTRICTED_HS_CODE""]",30,3
3482,8294,"2026-08-18 17:12:08.077",true,"[]",0,3
3483,6787,"2026-08-18 17:12:08.077",true,"[]",0,3
3484,4792,"2026-08-18 17:12:08.077",true,"[]",0,3
3485,2596,"2026-08-18 17:12:08.077",true,"[]",0,3
3486,6547,"2026-08-18 17:12:08.077",true,"[]",0,3
3487,6192,"2026-08-18 17:12:08.077",true,"[]",0,3
3488,6323,"2026-08-18 17:12:08.077",false,"[""RESTRICTED_HS_CODE""]",30,3
3489,7571,"2026-08-18 17:12:08.077",true,"[]",0,3
3490,3274,"2026-08-18 17:12:08.077",true,"[]",0,3
3491,9629,"2026-08-18 17:12:08.077",true,"[]",0,3
3492,6743,"2026-08-18 17:12:08.077",true,"[]",0,3
3493,8649,"2026-08-18 17:12:08.077",true,"[]",0,3
3494,9087,"2026-08-18 17:12:08.077",true,"[]",0,3
3495,4692,"2026-08-18 17:12:08.077",true,"[]",0,3
3496,740,"2026-08-18 17:12:08.077",false,"[""RESTRICTED_HS_CODE""]",30,3
3497,6650,"2026-08-18 17:12:08.077",true,"[]",0,3
3498,8173,"2026-08-18 17:12:08.077",true,"[]",0,3
3499,1130,"2026-08-18 17:12:08.077",true,"[]",0,3
3500,6098,"2026-08-18 17:12:08.077",true,"[]",0,3
3501,6548,"2026-08-18 17:12:08.077",true,"[]",0,3
3502,6790,"2026-08-18 17:12:08.077",true,"[]",0,3
3503,6071,"2026-08-18 17:12:08.077",true,"[]",0,3
3504,4922,"2026-08-18 17:12:08.077",true,"[]",0,3
3505,6108,"2026-08-18 17:12:08.077",false,"[""RESTRICTED_HS_CODE""]",30,3
3506,8360,"2026-08-18 17:12:08.077",true,"[]",0,3
3507,4540,"2026-08-18 17:12:08.077",true,"[""DANGEROUS_GOODS""]",20,3
3508,5140,"2026-08-18 17:12:08.077",true,"[]",0,3
3509,2101,"2026-08-18 17:12:08.077",true,"[""DANGEROUS_GOODS""]",20,3
3510,8314,"2026-08-18 17:12:08.077",true,"[]",0,3
3511,1658,"2026-08-18 17:12:08.077",true,"[]",0,3
3512,7847,"2026-08-18 17:12:08.077",true,"[""DANGEROUS_GOODS""]",20,3
3513,2008,"2026-08-18 17:12:08.077",true,"[]",0,3
3514,3984,"2026-08-18 17:12:08.077",true,"[]",0,3
3515,8265,"2026-08-18 17:12:08.077",true,"[]",0,3
3516,2639,"2026-08-18 17:12:08.077",false,"[""RESTRICTED_HS_CODE""]",30,3
3517,8792,"2026-08-18 17:12:08.077",true,"[]",0,3
3518,5324,"2026-08-18 17:12:08.077",true,"[]",0,3
3519,560,"2026-08-18 17:12:08.077",true,"[]",0,3
3520,4582,"2026-08-18 17:12:08.077",true,"[]",0,3
3521,4506,"2026-08-18 17:12:08.077",false,"[""RESTRICTED_HS_CODE""]",30,3
3522,9920,"2026-08-18 17:12:08.077",false,"[""RESTRICTED_HS_CODE""]",30,3
3523,6448,"2026-08-18 17:12:08.077",true,"[]",0,3
3524,5662,"2026-08-18 17:12:08.077",true,"[]",0,3
3525,3342,"2026-08-18 17:12:08.077",true,"[]",0,3
3526,9957,"2026-08-18 17:12:08.077",true,"[]",0,3
3527,3584,"2026-08-18 17:12:08.077",false,"[""RESTRICTED_HS_CODE""]",30,3
3528,9937,"2026-08-18 17:12:08.077",true,"[]",0,3
3529,5398,"2026-08-18 17:12:08.077",true,"[]",0,3
3530,1579,"2026-08-18 17:12:08.077",true,"[]",0,3
3531,1816,"2026-08-18 17:12:08.077",true,"[]",0,3
3532,6291,"2026-08-18 17:12:08.077",false,"[""RESTRICTED_HS_CODE"",""DANGEROUS_GOODS""]",50,3
3533,6774,"2026-08-18 17:12:08.077",true,"[""DANGEROUS_GOODS""]",20,3
3534,3387,"2026-08-18 17:12:08.077",true,"[]",0,3
3535,646,"2026-08-18 17:12:08.077",true,"[]",0,3
3536,8297,"2026-08-18 17:12:08.077",true,"[]",0,3
3537,8648,"2026-08-18 17:12:08.077",true,"[]",0,3
3538,1022,"2026-08-18 17:12:08.077",false,"[""RESTRICTED_HS_CODE""]",30,3
3539,219,"2026-08-18 17:12:08.077",true,"[""DANGEROUS_GOODS""]",20,3
3540,8507,"2026-08-18 17:12:08.077",true,"[]",0,3
3541,6599,"2026-08-18 17:12:08.077",true,"[]",0,3
3542,9893,"2026-08-18 17:12:08.077",true,"[]",0,3
3543,7573,"2026-08-18 17:12:08.077",true,"[]",0,3
3544,5561,"2026-08-18 17:12:08.077",true,"[]",0,3
3545,5945,"2026-08-18 17:12:08.077",true,"[]",0,3
3546,7177,"2026-08-18 17:12:08.077",true,"[]",0,3
3547,7586,"2026-08-18 17:12:08.077",true,"[]",0,3
3548,3441,"2026-08-18 17:12:08.077",true,"[]",0,3
3549,1485,"2026-08-18 17:12:08.077",true,"[]",0,3
3550,7502,"2026-08-18 17:12:08.077",true,"[]",0,3
3551,1662,"2026-08-18 17:12:08.077",true,"[]",0,3
3552,8437,"2026-08-18 17:12:08.077",true,"[]",0,3
3553,8092,"2026-08-18 17:12:08.077",true,"[]",0,3
3554,5557,"2026-08-18 17:12:08.077",true,"[]",0,3
3555,1844,"2026-08-18 17:12:08.077",true,"[]",0,3
3556,3962,"2026-08-18 17:12:08.077",true,"[""DANGEROUS_GOODS""]",20,3
3557,7491,"2026-08-18 17:12:08.077",true,"[]",0,3
3558,362,"2026-08-18 17:12:08.077",true,"[]",0,3
3559,134,"2026-08-18 17:12:08.077",true,"[]",0,3
3560,879,"2026-08-18 17:12:08.077",false,"[""RESTRICTED_HS_CODE""]",30,3
3561,6332,"2026-08-18 17:12:08.077",true,"[]",0,3
3562,8984,"2026-08-18 17:12:08.077",true,"[]",0,3
3563,7424,"2026-08-18 17:12:08.077",true,"[]",0,3
3564,2401,"2026-08-18 17:12:08.077",false,"[""RESTRICTED_HS_CODE""]",30,3
3565,7461,"2026-08-18 17:12:08.077",true,"[]",0,3
3566,3979,"2026-08-18 17:12:08.077",true,"[]",0,3
3567,1316,"2026-08-18 17:12:08.077",true,"[]",0,3
3568,1102,"2026-08-18 17:12:08.077",false,"[""RESTRICTED_HS_CODE"",""DANGEROUS_GOODS""]",50,3
3569,6984,"2026-08-18 17:12:08.077",true,"[""DANGEROUS_GOODS""]",20,3
3570,8298,"2026-08-18 17:12:08.077",true,"[]",0,3
3571,935,"2026-08-18 17:12:08.077",true,"[]",0,3
3572,7151,"2026-08-18 17:12:08.077",true,"[]",0,3
3573,8519,"2026-08-18 17:12:08.077",true,"[""DANGEROUS_GOODS""]",20,3
3574,3290,"2026-08-18 17:12:08.077",true,"[]",0,3
3575,76,"2026-08-18 17:12:08.077",true,"[]",0,3
3576,8389,"2026-08-18 17:12:08.077",true,"[]",0,3
3577,6388,"2026-08-18 17:12:08.077",true,"[]",0,3
3578,1331,"2026-08-18 17:12:08.077",false,"[""RESTRICTED_HS_CODE""]",30,3
3579,3777,"2026-08-18 17:12:08.077",true,"[]",0,3
3580,5978,"2026-08-18 17:12:08.077",true,"[]",0,3
3581,6543,"2026-08-18 17:12:08.077",false,"[""RESTRICTED_HS_CODE""]",30,3
3582,598,"2026-08-18 17:12:08.077",true,"[]",0,3
3583,9420,"2026-08-18 17:12:08.077",true,"[]",0,3
3584,1800,"2026-08-18 17:12:08.077",true,"[]",0,3
3585,2602,"2026-08-18 17:12:08.077",true,"[]",0,3
3586,5577,"2026-08-18 17:12:08.077",true,"[]",0,3
3587,5367,"2026-08-18 17:12:08.077",true,"[]",0,3
3588,872,"2026-08-18 17:12:08.077",true,"[]",0,3
3589,7692,"2026-08-18 17:12:08.077",true,"[]",0,3
3590,3229,"2026-08-18 17:12:08.077",true,"[]",0,3
3591,4602,"2026-08-18 17:12:08.077",true,"[]",0,3
3592,3537,"2026-08-18 17:12:08.077",true,"[]",0,3
3593,8704,"2026-08-18 17:12:08.077",true,"[]",0,3
3594,1178,"2026-08-18 17:12:08.077",true,"[]",0,3
3595,2072,"2026-08-18 17:12:08.077",true,"[]",0,3
3596,3322,"2026-08-18 17:12:08.077",true,"[]",0,3
3597,4769,"2026-08-18 17:12:08.077",false,"[""RESTRICTED_HS_CODE""]",30,3
3598,9883,"2026-08-18 17:12:08.077",true,"[]",0,3
3599,3455,"2026-08-18 17:12:08.077",true,"[]",0,3
3600,4141,"2026-08-18 17:12:08.077",false,"[""RESTRICTED_HS_CODE""]",30,3
3601,5742,"2026-08-18 17:12:08.077",true,"[]",0,3
3602,8571,"2026-08-18 17:12:08.077",true,"[]",0,3
3603,7121,"2026-08-18 17:12:08.077",true,"[]",0,3
3604,8466,"2026-08-18 17:12:08.077",false,"[""RESTRICTED_HS_CODE""]",30,3
3605,6130,"2026-08-18 17:12:08.077",false,"[""RESTRICTED_HS_CODE"",""DANGEROUS_GOODS""]",50,3
3606,6039,"2026-08-18 17:12:08.077",true,"[""DANGEROUS_GOODS""]",20,3
3607,4418,"2026-08-18 17:12:08.077",true,"[]",0,3
3608,4787,"2026-08-18 17:12:08.077",true,"[]",0,3
3609,6178,"2026-08-18 17:12:08.077",true,"[]",0,3
3610,5861,"2026-08-18 17:12:08.077",true,"[]",0,3
3611,4481,"2026-08-18 17:12:08.077",true,"[]",0,3
3612,3103,"2026-08-18 17:12:08.077",true,"[]",0,3
3613,1329,"2026-08-18 17:12:08.077",true,"[]",0,3
3614,2126,"2026-08-18 17:12:08.077",true,"[]",0,3
3615,8689,"2026-08-18 17:12:08.077",true,"[]",0,3
3616,1314,"2026-08-18 17:12:08.077",true,"[]",0,3
3617,8834,"2026-08-18 17:12:08.077",true,"[]",0,3
3618,1534,"2026-08-18 17:12:08.077",true,"[]",0,3
3619,2613,"2026-08-18 17:12:08.077",true,"[]",0,3
3620,5056,"2026-08-18 17:12:08.077",true,"[]",0,3
3621,3164,"2026-08-18 17:12:08.077",false,"[""RESTRICTED_HS_CODE""]",30,3
3622,5870,"2026-08-18 17:12:08.077",true,"[]",0,3
3623,9162,"2026-08-18 17:12:08.077",true,"[]",0,3
3624,4563,"2026-08-18 17:12:08.077",true,"[]",0,3
3625,4846,"2026-08-18 17:12:08.077",false,"[""RESTRICTED_HS_CODE""]",30,3
3626,3855,"2026-08-18 17:12:08.077",true,"[]",0,3
3627,798,"2026-08-18 17:12:08.077",true,"[]",0,3
3628,3117,"2026-08-18 17:12:08.077",true,"[]",0,3
3629,9406,"2026-08-18 17:12:08.077",false,"[""RESTRICTED_HS_CODE""]",30,3
3630,6176,"2026-08-18 17:12:08.077",true,"[]",0,3
3631,4429,"2026-08-18 17:12:08.077",true,"[""DANGEROUS_GOODS""]",20,3
3632,1067,"2026-08-18 17:12:08.077",true,"[]",0,3
3633,4652,"2026-08-18 17:12:08.077",false,"[""RESTRICTED_HS_CODE""]",30,3
3634,5874,"2026-08-18 17:12:08.077",true,"[]",0,3
3635,3259,"2026-08-18 17:12:08.077",true,"[]",0,3
3636,3617,"2026-08-18 17:12:08.077",true,"[]",0,3
3637,1601,"2026-08-18 17:12:08.077",true,"[]",0,3
3638,5444,"2026-08-18 17:12:08.077",true,"[]",0,3
3639,8040,"2026-08-18 17:12:08.077",true,"[]",0,3
3640,4507,"2026-08-18 17:12:08.077",false,"[""RESTRICTED_HS_CODE""]",30,3
3641,8894,"2026-08-18 17:12:08.077",true,"[]",0,3
3642,8169,"2026-08-18 17:12:08.077",false,"[""RESTRICTED_HS_CODE""]",30,3
3643,9128,"2026-08-18 17:12:08.077",true,"[]",0,3
3644,1436,"2026-08-18 17:12:08.077",true,"[]",0,3
3645,1193,"2026-08-18 17:12:08.077",true,"[]",0,3
3646,3146,"2026-08-18 17:12:08.077",false,"[""RESTRICTED_HS_CODE""]",30,3
3647,6088,"2026-08-18 17:12:08.077",true,"[]",0,3
3648,4335,"2026-08-18 17:12:08.077",true,"[]",0,3
3649,1304,"2026-08-18 17:12:08.077",true,"[]",0,3
3650,7951,"2026-08-18 17:12:08.077",true,"[]",0,3
3651,4919,"2026-08-18 17:12:08.077",true,"[]",0,3
3652,6735,"2026-08-18 17:12:08.077",true,"[]",0,3
3653,6766,"2026-08-18 17:12:08.077",true,"[]",0,3
3654,4191,"2026-08-18 17:12:08.077",true,"[]",0,3
3655,2127,"2026-08-18 17:12:08.077",true,"[]",0,3
3656,4316,"2026-08-18 17:12:08.077",true,"[]",0,3
3657,7679,"2026-08-18 17:12:08.077",true,"[]",0,3
3658,9952,"2026-08-18 17:12:08.077",true,"[]",0,3
3659,2337,"2026-08-18 17:12:08.077",false,"[""RESTRICTED_HS_CODE""]",30,3
3660,3820,"2026-08-18 17:12:08.077",false,"[""RESTRICTED_HS_CODE""]",30,3
3661,9756,"2026-08-18 17:12:08.077",true,"[]",0,3
3662,8694,"2026-08-18 17:12:08.077",true,"[]",0,3
3663,8140,"2026-08-18 17:12:08.077",true,"[]",0,3
3664,8630,"2026-08-18 17:12:08.077",true,"[]",0,3
3665,9687,"2026-08-18 17:12:08.077",true,"[]",0,3
3666,4583,"2026-08-18 17:12:08.077",true,"[]",0,3
3667,746,"2026-08-18 17:12:08.077",true,"[]",0,3
3668,9205,"2026-08-18 17:12:08.077",true,"[]",0,3
3669,2767,"2026-08-18 17:12:08.077",true,"[]",0,3
3670,5412,"2026-08-18 17:12:08.077",true,"[]",0,3
3671,8989,"2026-08-18 17:12:08.077",false,"[""RESTRICTED_HS_CODE""]",30,3
3672,6826,"2026-08-18 17:12:08.077",true,"[]",0,3
3673,9213,"2026-08-18 17:12:08.077",true,"[]",0,3
3674,1164,"2026-08-18 17:12:08.077",true,"[]",0,3
3675,8692,"2026-08-18 17:12:08.077",false,"[""RESTRICTED_HS_CODE""]",30,3
3676,4783,"2026-08-18 17:12:08.077",true,"[]",0,3
3677,1240,"2026-08-18 17:12:08.077",true,"[]",0,3
3678,1843,"2026-08-18 17:12:08.077",true,"[]",0,3
3679,8821,"2026-08-18 17:12:08.077",false,"[""RESTRICTED_HS_CODE""]",30,3
3680,6645,"2026-08-18 17:12:08.077",false,"[""RESTRICTED_HS_CODE""]",30,3
3681,8653,"2026-08-18 17:12:08.077",true,"[]",0,3
3682,9603,"2026-08-18 17:12:08.077",true,"[]",0,3
3683,8492,"2026-08-18 17:12:08.077",false,"[""RESTRICTED_HS_CODE""]",30,3
3684,8283,"2026-08-18 17:12:08.077",true,"[]",0,3
3685,126,"2026-08-18 17:12:08.077",true,"[]",0,3
3686,4268,"2026-08-18 17:12:08.077",true,"[""DANGEROUS_GOODS""]",20,3
3687,4115,"2026-08-18 17:12:08.077",true,"[]",0,3
3688,3896,"2026-08-18 17:12:08.077",false,"[""RESTRICTED_HS_CODE""]",30,3
3689,6158,"2026-08-18 17:12:08.077",true,"[]",0,3
3690,7695,"2026-08-18 17:12:08.077",true,"[]",0,3
3691,7545,"2026-08-18 17:12:08.077",true,"[]",0,3
3692,1315,"2026-08-18 17:12:08.077",true,"[]",0,3
3693,4663,"2026-08-18 17:12:08.077",true,"[]",0,3
3694,9037,"2026-08-18 17:12:08.077",true,"[]",0,3
3695,3523,"2026-08-18 17:12:08.077",true,"[]",0,3
3696,8383,"2026-08-18 17:12:08.077",false,"[""RESTRICTED_HS_CODE""]",30,3
3697,4515,"2026-08-18 17:12:08.077",true,"[]",0,3
3698,8002,"2026-08-18 17:12:08.077",true,"[]",0,3
3699,3200,"2026-08-18 17:12:08.077",true,"[]",0,3
3700,4000,"2026-08-18 17:12:08.077",true,"[]",0,3
3701,2501,"2026-08-18 17:12:08.077",false,"[""RESTRICTED_HS_CODE""]",30,3
3702,8916,"2026-08-18 17:12:08.077",true,"[]",0,3
3703,6817,"2026-08-18 17:12:08.077",true,"[]",0,3
3704,7766,"2026-08-18 17:12:08.077",true,"[]",0,3
3705,6062,"2026-08-18 17:12:08.077",true,"[]",0,3
3706,1266,"2026-08-18 17:12:08.077",true,"[]",0,3
3707,1292,"2026-08-18 17:12:08.077",true,"[]",0,3
3708,5659,"2026-08-18 17:12:08.077",true,"[]",0,3
3709,5873,"2026-08-18 17:12:08.077",true,"[]",0,3
3710,434,"2026-08-18 17:12:08.077",false,"[""RESTRICTED_HS_CODE"",""DANGEROUS_GOODS""]",50,3
3711,1070,"2026-08-18 17:12:08.077",true,"[]",0,3
3712,3264,"2026-08-18 17:12:08.077",true,"[]",0,3
3713,8287,"2026-08-18 17:12:08.077",true,"[]",0,3
3714,8763,"2026-08-18 17:12:08.077",true,"[]",0,3
3715,577,"2026-08-18 17:12:08.077",true,"[]",0,3
3716,5112,"2026-08-18 17:12:08.077",false,"[""RESTRICTED_HS_CODE""]",30,3
3717,1477,"2026-08-18 17:12:08.077",true,"[]",0,3
3718,5911,"2026-08-18 17:12:08.077",true,"[]",0,3
3719,4319,"2026-08-18 17:12:08.077",true,"[]",0,3
3720,1703,"2026-08-18 17:12:08.077",true,"[]",0,3
3721,5797,"2026-08-18 17:12:08.077",true,"[]",0,3
3722,9085,"2026-08-18 17:12:08.077",true,"[]",0,3
3723,9216,"2026-08-18 17:12:08.077",true,"[]",0,3
3724,7115,"2026-08-18 17:12:08.077",true,"[]",0,3
3725,8311,"2026-08-18 17:12:08.077",true,"[]",0,3
3726,411,"2026-08-18 17:12:08.077",true,"[]",0,3
3727,2053,"2026-08-18 17:12:08.077",true,"[]",0,3
3728,6434,"2026-08-18 17:12:08.077",true,"[]",0,3
3729,62,"2026-08-18 17:12:08.077",true,"[]",0,3
3730,1144,"2026-08-18 17:12:08.077",true,"[]",0,3
3731,4049,"2026-08-18 17:12:08.077",true,"[]",0,3
3732,379,"2026-08-18 17:12:08.077",true,"[]",0,3
3733,3298,"2026-08-18 17:12:08.077",true,"[]",0,3
3734,8876,"2026-08-18 17:12:08.077",false,"[""RESTRICTED_HS_CODE""]",30,3
3735,7599,"2026-08-18 17:12:08.077",true,"[]",0,3
3736,4591,"2026-08-18 17:12:08.077",true,"[]",0,3
3737,8839,"2026-08-18 17:12:08.077",true,"[]",0,3
3738,693,"2026-08-18 17:12:08.077",true,"[]",0,3
3739,5243,"2026-08-18 17:12:08.077",true,"[]",0,3
3740,7916,"2026-08-18 17:12:08.077",true,"[]",0,3
3741,1037,"2026-08-18 17:12:08.077",true,"[]",0,3
3742,3015,"2026-08-18 17:12:08.077",true,"[]",0,3
3743,215,"2026-08-18 17:12:08.077",true,"[]",0,3
3744,202,"2026-08-18 17:12:08.077",true,"[]",0,3
3745,5461,"2026-08-18 17:12:08.077",true,"[]",0,3
3746,6904,"2026-08-18 17:12:08.077",false,"[""RESTRICTED_HS_CODE""]",30,3
3747,4758,"2026-08-18 17:12:08.077",true,"[]",0,3
3748,5750,"2026-08-18 17:12:08.077",true,"[]",0,3
3749,4840,"2026-08-18 17:12:08.077",true,"[]",0,3
3750,8879,"2026-08-18 17:12:08.077",false,"[""RESTRICTED_HS_CODE""]",30,3
3751,1830,"2026-08-18 17:12:08.077",true,"[]",0,3
3752,9685,"2026-08-18 17:12:08.077",true,"[]",0,3
3753,5828,"2026-08-18 17:12:08.077",false,"[""RESTRICTED_HS_CODE""]",30,3
3754,3595,"2026-08-18 17:12:08.077",true,"[]",0,3
3755,4352,"2026-08-18 17:12:08.077",true,"[]",0,3
3756,2331,"2026-08-18 17:12:08.077",true,"[]",0,3
3757,616,"2026-08-18 17:12:08.077",true,"[]",0,3
3758,3700,"2026-08-18 17:12:08.077",true,"[]",0,3
3759,3811,"2026-08-18 17:12:08.077",true,"[]",0,3
3760,3570,"2026-08-18 17:12:08.077",true,"[]",0,3
3761,9086,"2026-08-18 17:12:08.077",true,"[]",0,3
3762,2657,"2026-08-18 17:12:08.077",true,"[]",0,3
3763,4270,"2026-08-18 17:12:08.077",true,"[""DANGEROUS_GOODS""]",20,3
3764,9343,"2026-08-18 17:12:08.077",true,"[]",0,3
3765,8442,"2026-08-18 17:12:08.077",true,"[]",0,3
3766,9306,"2026-08-18 17:12:08.077",true,"[]",0,3
3767,8675,"2026-08-18 17:12:08.077",true,"[]",0,3
3768,5125,"2026-08-18 17:12:08.077",true,"[]",0,3
3769,5040,"2026-08-18 17:12:08.077",true,"[]",0,3
3770,3381,"2026-08-18 17:12:08.077",true,"[]",0,3
3771,6091,"2026-08-18 17:12:08.077",false,"[""RESTRICTED_HS_CODE""]",30,3
3772,5855,"2026-08-18 17:12:08.077",false,"[""RESTRICTED_HS_CODE""]",30,3
3773,9242,"2026-08-18 17:12:08.077",true,"[]",0,3
3774,1791,"2026-08-18 17:12:08.077",true,"[]",0,3
3775,1502,"2026-08-18 17:12:08.077",false,"[""RESTRICTED_HS_CODE""]",30,3
3776,4940,"2026-08-18 17:12:08.077",true,"[]",0,3
3777,9673,"2026-08-18 17:12:08.077",true,"[]",0,3
3778,8569,"2026-08-18 17:12:08.077",true,"[]",0,3
3779,496,"2026-08-18 17:12:08.077",true,"[]",0,3
3780,9779,"2026-08-18 17:12:08.077",true,"[]",0,3
3781,7704,"2026-08-18 17:12:08.077",false,"[""RESTRICTED_HS_CODE""]",30,3
3782,2427,"2026-08-18 17:12:08.077",true,"[]",0,3
3783,7051,"2026-08-18 17:12:08.077",true,"[]",0,3
3784,6736,"2026-08-18 17:12:08.077",true,"[]",0,3
3785,4775,"2026-08-18 17:12:08.077",true,"[]",0,3
3786,1712,"2026-08-18 17:12:08.077",true,"[]",0,3
3787,5639,"2026-08-18 17:12:08.077",true,"[]",0,3
3788,1714,"2026-08-18 17:12:08.077",true,"[]",0,3
3789,5155,"2026-08-18 17:12:08.077",true,"[]",0,3
3790,6760,"2026-08-18 17:12:08.077",false,"[""RESTRICTED_HS_CODE""]",30,3
3791,8178,"2026-08-18 17:12:08.077",false,"[""RESTRICTED_HS_CODE""]",30,3
3792,2508,"2026-08-18 17:12:08.077",false,"[""RESTRICTED_HS_CODE""]",30,3
3793,1569,"2026-08-18 17:12:08.077",true,"[]",0,3
3794,8177,"2026-08-18 17:12:08.077",true,"[]",0,3
3795,4764,"2026-08-18 17:12:08.077",true,"[]",0,3
3796,1487,"2026-08-18 17:12:08.077",true,"[]",0,3
3797,1532,"2026-08-18 17:12:08.077",true,"[]",0,3
3798,915,"2026-08-18 17:12:08.077",true,"[]",0,3
3799,1839,"2026-08-18 17:12:08.077",true,"[]",0,3
3800,6567,"2026-08-18 17:12:08.077",true,"[]",0,3
3801,3623,"2026-08-18 17:12:08.077",true,"[]",0,3
3802,6677,"2026-08-18 17:12:08.077",true,"[]",0,3
3803,3140,"2026-08-18 17:12:08.077",true,"[]",0,3
3804,1555,"2026-08-18 17:12:08.077",true,"[]",0,3
3805,6909,"2026-08-18 17:12:08.077",true,"[]",0,3
3806,9778,"2026-08-18 17:12:08.077",true,"[]",0,3
3807,1378,"2026-08-18 17:12:08.077",true,"[]",0,3
3808,5922,"2026-08-18 17:12:08.077",true,"[]",0,3
3809,6368,"2026-08-18 17:12:08.077",false,"[""RESTRICTED_HS_CODE""]",30,3
3810,7721,"2026-08-18 17:12:08.077",false,"[""RESTRICTED_HS_CODE"",""DANGEROUS_GOODS""]",50,3
3811,5333,"2026-08-18 17:12:08.077",false,"[""RESTRICTED_HS_CODE""]",30,3
3812,275,"2026-08-18 17:12:08.077",true,"[""DANGEROUS_GOODS""]",20,3
3813,2766,"2026-08-18 17:12:08.077",true,"[]",0,3
3814,1627,"2026-08-18 17:12:08.077",true,"[]",0,3
3815,2617,"2026-08-18 17:12:08.077",true,"[]",0,3
3816,2420,"2026-08-18 17:12:08.077",true,"[]",0,3
3817,5346,"2026-08-18 17:12:08.077",true,"[]",0,3
3818,7112,"2026-08-18 17:12:08.077",true,"[]",0,3
3819,3530,"2026-08-18 17:12:08.077",true,"[]",0,3
3820,1855,"2026-08-18 17:12:08.077",false,"[""RESTRICTED_HS_CODE""]",30,3
3821,7349,"2026-08-18 17:12:08.077",true,"[]",0,3
3822,1849,"2026-08-18 17:12:08.077",true,"[]",0,3
3823,6754,"2026-08-18 17:12:08.077",true,"[]",0,3
3824,7651,"2026-08-18 17:12:08.077",true,"[]",0,3
3825,4500,"2026-08-18 17:12:08.077",true,"[]",0,3
3826,2368,"2026-08-18 17:12:08.077",false,"[""RESTRICTED_HS_CODE""]",30,3
3827,2647,"2026-08-18 17:12:08.077",true,"[]",0,3
3828,2471,"2026-08-18 17:12:08.077",true,"[]",0,3
3829,3185,"2026-08-18 17:12:08.077",true,"[]",0,3
3830,5145,"2026-08-18 17:12:08.077",true,"[]",0,3
3831,1157,"2026-08-18 17:12:08.077",true,"[]",0,3
3832,5732,"2026-08-18 17:12:08.077",true,"[]",0,3
3833,6226,"2026-08-18 17:12:08.077",true,"[]",0,3
3834,2226,"2026-08-18 17:12:08.077",true,"[]",0,3
3835,5891,"2026-08-18 17:12:08.077",true,"[""DANGEROUS_GOODS""]",20,3
3836,9016,"2026-08-18 17:12:08.077",false,"[""RESTRICTED_HS_CODE""]",30,3
3837,7147,"2026-08-18 17:12:08.077",true,"[]",0,3
3838,5829,"2026-08-18 17:12:08.077",true,"[]",0,3
3839,2482,"2026-08-18 17:12:08.077",true,"[]",0,3
3840,9822,"2026-08-18 17:12:08.077",true,"[]",0,3
3841,4817,"2026-08-18 17:12:08.077",false,"[""RESTRICTED_HS_CODE""]",30,3
3842,8103,"2026-08-18 17:12:08.077",true,"[]",0,3
3843,8489,"2026-08-18 17:12:08.077",true,"[]",0,3
3844,6137,"2026-08-18 17:12:08.077",true,"[]",0,3
3845,2488,"2026-08-18 17:12:08.077",true,"[""DANGEROUS_GOODS""]",20,3
3846,2672,"2026-08-18 17:12:08.077",true,"[]",0,3
3847,2533,"2026-08-18 17:12:08.077",true,"[]",0,3
3848,7058,"2026-08-18 17:12:08.077",true,"[]",0,3
3849,1807,"2026-08-18 17:12:08.077",true,"[""DANGEROUS_GOODS""]",20,3
3850,4913,"2026-08-18 17:12:08.077",true,"[]",0,3
3851,4160,"2026-08-18 17:12:08.077",true,"[]",0,3
3852,6360,"2026-08-18 17:12:08.077",true,"[]",0,3
3853,1565,"2026-08-18 17:12:08.077",true,"[]",0,3
3854,7094,"2026-08-18 17:12:08.077",true,"[]",0,3
3855,9373,"2026-08-18 17:12:08.077",true,"[]",0,3
3856,4123,"2026-08-18 17:12:08.077",true,"[]",0,3
3857,7741,"2026-08-18 17:12:08.077",true,"[]",0,3
3858,9579,"2026-08-18 17:12:08.077",false,"[""RESTRICTED_HS_CODE""]",30,3
3859,3631,"2026-08-18 17:12:08.077",true,"[]",0,3
3860,5078,"2026-08-18 17:12:08.077",true,"[]",0,3
3861,7085,"2026-08-18 17:12:08.077",true,"[]",0,3
3862,3048,"2026-08-18 17:12:08.077",true,"[]",0,3
3863,8878,"2026-08-18 17:12:08.077",true,"[]",0,3
3864,8568,"2026-08-18 17:12:08.077",true,"[]",0,3
3865,2922,"2026-08-18 17:12:08.077",true,"[]",0,3
3866,3301,"2026-08-18 17:12:08.077",true,"[]",0,3
3867,6424,"2026-08-18 17:12:08.077",true,"[]",0,3
3868,6445,"2026-08-18 17:12:08.077",true,"[]",0,3
3869,9797,"2026-08-18 17:12:08.077",true,"[]",0,3
3870,1229,"2026-08-18 17:12:08.077",true,"[]",0,3
3871,8667,"2026-08-18 17:12:08.077",true,"[]",0,3
3872,6101,"2026-08-18 17:12:08.077",true,"[]",0,3
3873,2003,"2026-08-18 17:12:08.077",true,"[]",0,3
3874,5778,"2026-08-18 17:12:08.077",true,"[]",0,3
3875,8745,"2026-08-18 17:12:08.077",true,"[]",0,3
3876,2321,"2026-08-18 17:12:08.077",true,"[]",0,3
3877,6726,"2026-08-18 17:12:08.077",true,"[]",0,3
3878,6847,"2026-08-18 17:12:08.077",true,"[]",0,3
3879,7145,"2026-08-18 17:12:08.077",false,"[""RESTRICTED_HS_CODE""]",30,3
3880,5189,"2026-08-18 17:12:08.077",true,"[]",0,3
3881,9400,"2026-08-18 17:12:08.077",true,"[]",0,3
3882,2175,"2026-08-18 17:12:08.077",true,"[]",0,3
3883,19,"2026-08-18 17:12:08.077",true,"[]",0,3
3884,121,"2026-08-18 17:12:08.077",true,"[]",0,3
3885,592,"2026-08-18 17:12:08.077",true,"[]",0,3
3886,6144,"2026-08-18 17:12:08.077",true,"[]",0,3
3887,6290,"2026-08-18 17:12:08.077",true,"[]",0,3
3888,4702,"2026-08-18 17:12:08.077",true,"[]",0,3
3889,489,"2026-08-18 17:12:08.077",true,"[]",0,3
3890,9706,"2026-08-18 17:12:08.077",true,"[]",0,3
3891,9132,"2026-08-18 17:12:08.077",true,"[]",0,3
3892,5930,"2026-08-18 17:12:08.077",true,"[]",0,3
3893,7643,"2026-08-18 17:12:08.077",true,"[]",0,3
3894,2587,"2026-08-18 17:12:08.077",true,"[]",0,3
3895,3759,"2026-08-18 17:12:08.077",true,"[]",0,3
3896,4118,"2026-08-18 17:12:08.077",true,"[]",0,3
3897,1908,"2026-08-18 17:12:08.077",false,"[""RESTRICTED_HS_CODE""]",30,3
3898,4108,"2026-08-18 17:12:08.077",true,"[]",0,3
3899,4641,"2026-08-18 17:12:08.077",true,"[]",0,3
3900,7925,"2026-08-18 17:12:08.077",true,"[]",0,3
3901,602,"2026-08-18 17:12:08.077",false,"[""RESTRICTED_HS_CODE""]",30,3
3902,7416,"2026-08-18 17:12:08.077",false,"[""RESTRICTED_HS_CODE""]",30,3
3903,7304,"2026-08-18 17:12:08.077",true,"[]",0,3
3904,2238,"2026-08-18 17:12:08.077",true,"[]",0,3
3905,4535,"2026-08-18 17:12:08.077",true,"[]",0,3
3906,7103,"2026-08-18 17:12:08.077",true,"[]",0,3
3907,4365,"2026-08-18 17:12:08.077",true,"[]",0,3
3908,8220,"2026-08-18 17:12:08.077",true,"[]",0,3
3909,2502,"2026-08-18 17:12:08.077",true,"[]",0,3
3910,1050,"2026-08-18 17:12:08.077",true,"[]",0,3
3911,9704,"2026-08-18 17:12:08.077",false,"[""RESTRICTED_HS_CODE""]",30,3
3912,1480,"2026-08-18 17:12:08.077",true,"[]",0,3
3913,9677,"2026-08-18 17:12:08.077",true,"[]",0,3
3914,3305,"2026-08-18 17:12:08.077",true,"[]",0,3
3915,373,"2026-08-18 17:12:08.077",true,"[]",0,3
3916,4143,"2026-08-18 17:12:08.077",true,"[]",0,3
3917,531,"2026-08-18 17:12:08.077",true,"[""DANGEROUS_GOODS""]",20,3
3918,1355,"2026-08-18 17:12:08.077",true,"[]",0,3
3919,3959,"2026-08-18 17:12:08.077",false,"[""RESTRICTED_HS_CODE""]",30,3
3920,9878,"2026-08-18 17:12:08.077",true,"[]",0,3
3921,1728,"2026-08-18 17:12:08.077",false,"[""RESTRICTED_HS_CODE""]",30,3
3922,8711,"2026-08-18 17:12:08.077",true,"[]",0,3
3923,6087,"2026-08-18 17:12:08.077",false,"[""RESTRICTED_HS_CODE""]",30,3
3924,3132,"2026-08-18 17:12:08.077",true,"[]",0,3
3925,5677,"2026-08-18 17:12:08.077",false,"[""RESTRICTED_HS_CODE""]",30,3
3926,2643,"2026-08-18 17:12:08.077",true,"[]",0,3
3927,4607,"2026-08-18 17:12:08.077",true,"[]",0,3
3928,4622,"2026-08-18 17:12:08.077",true,"[]",0,3
3929,1767,"2026-08-18 17:12:08.077",false,"[""RESTRICTED_HS_CODE""]",30,3
3930,3247,"2026-08-18 17:12:08.077",true,"[]",0,3
3931,336,"2026-08-18 17:12:08.077",true,"[]",0,3
3932,8851,"2026-08-18 17:12:08.077",false,"[""RESTRICTED_HS_CODE""]",30,3
3933,8993,"2026-08-18 17:12:08.077",true,"[]",0,3
3934,17,"2026-08-18 17:12:08.077",true,"[]",0,3
3935,3889,"2026-08-18 17:12:08.077",true,"[]",0,3
3936,5756,"2026-08-18 17:12:08.077",true,"[]",0,3
3937,187,"2026-08-18 17:12:08.077",false,"[""RESTRICTED_HS_CODE""]",30,3
3938,3921,"2026-08-18 17:12:08.077",true,"[]",0,3
3939,7434,"2026-08-18 17:12:08.077",true,"[]",0,3
3940,1234,"2026-08-18 17:12:08.077",true,"[]",0,3
3941,6219,"2026-08-18 17:12:08.077",true,"[]",0,3
3942,6820,"2026-08-18 17:12:08.077",true,"[]",0,3
3943,8321,"2026-08-18 17:12:08.077",true,"[]",0,3
3944,4638,"2026-08-18 17:12:08.077",false,"[""RESTRICTED_HS_CODE""]",30,3
3945,5992,"2026-08-18 17:12:08.077",true,"[""DANGEROUS_GOODS""]",20,3
3946,1421,"2026-08-18 17:12:08.077",true,"[]",0,3
3947,6195,"2026-08-18 17:12:08.077",true,"[]",0,3
3948,748,"2026-08-18 17:12:08.077",true,"[]",0,3
3949,5478,"2026-08-18 17:12:08.077",true,"[]",0,3
3950,2935,"2026-08-18 17:12:08.077",true,"[]",0,3
3951,8838,"2026-08-18 17:12:08.077",true,"[]",0,3
3952,2683,"2026-08-18 17:12:08.077",true,"[]",0,3
3953,7555,"2026-08-18 17:12:08.077",true,"[]",0,3
3954,3904,"2026-08-18 17:12:08.077",true,"[]",0,3
3955,6769,"2026-08-18 17:12:08.077",false,"[""RESTRICTED_HS_CODE""]",30,3
3956,814,"2026-08-18 17:12:08.077",false,"[""RESTRICTED_HS_CODE""]",30,3
3957,201,"2026-08-18 17:12:08.077",false,"[""RESTRICTED_HS_CODE""]",30,3
3958,8907,"2026-08-18 17:12:08.077",true,"[]",0,3
3959,5422,"2026-08-18 17:12:08.077",true,"[]",0,3
3960,1909,"2026-08-18 17:12:08.077",true,"[]",0,3
3961,9006,"2026-08-18 17:12:08.077",true,"[]",0,3
3962,1345,"2026-08-18 17:12:08.077",false,"[""RESTRICTED_HS_CODE""]",30,3
3963,6537,"2026-08-18 17:12:08.077",true,"[]",0,3
3964,3508,"2026-08-18 17:12:08.077",true,"[]",0,3
3965,5242,"2026-08-18 17:12:08.077",true,"[]",0,3
3966,6703,"2026-08-18 17:12:08.077",false,"[""RESTRICTED_HS_CODE""]",30,3
3967,7056,"2026-08-18 17:12:08.077",true,"[]",0,3
3968,5123,"2026-08-18 17:12:08.077",false,"[""RESTRICTED_HS_CODE""]",30,3
3969,5600,"2026-08-18 17:12:08.077",true,"[]",0,3
3970,1010,"2026-08-18 17:12:08.077",true,"[]",0,3
3971,3725,"2026-08-18 17:12:08.077",true,"[]",0,3
3972,8373,"2026-08-18 17:12:08.077",false,"[""RESTRICTED_HS_CODE""]",30,3
3973,2961,"2026-08-18 17:12:08.077",true,"[]",0,3
3974,7552,"2026-08-18 17:12:08.077",true,"[]",0,3
3975,6700,"2026-08-18 17:12:08.077",true,"[]",0,3
3976,6935,"2026-08-18 17:12:08.077",true,"[]",0,3
3977,5285,"2026-08-18 17:12:08.077",false,"[""RESTRICTED_HS_CODE""]",30,3
3978,1617,"2026-08-18 17:12:08.077",true,"[]",0,3
3979,8660,"2026-08-18 17:12:08.077",false,"[""RESTRICTED_HS_CODE""]",30,3
3980,7343,"2026-08-18 17:12:08.077",true,"[]",0,3
3981,1492,"2026-08-18 17:12:08.077",false,"[""RESTRICTED_HS_CODE""]",30,3
3982,7873,"2026-08-18 17:12:08.077",true,"[]",0,3
3983,2269,"2026-08-18 17:12:08.077",true,"[]",0,3
3984,7941,"2026-08-18 17:12:08.077",true,"[]",0,3
3985,5350,"2026-08-18 17:12:08.077",true,"[]",0,3
3986,2736,"2026-08-18 17:12:08.077",true,"[]",0,3
3987,1799,"2026-08-18 17:12:08.077",false,"[""RESTRICTED_HS_CODE""]",30,3
3988,8251,"2026-08-18 17:12:08.077",true,"[]",0,3
3989,6933,"2026-08-18 17:12:08.077",true,"[""DANGEROUS_GOODS""]",20,3
3990,5529,"2026-08-18 17:12:08.077",true,"[]",0,3
3991,116,"2026-08-18 17:12:08.077",true,"[]",0,3
3992,8384,"2026-08-18 17:12:08.077",true,"[]",0,3
3993,3640,"2026-08-18 17:12:08.077",true,"[]",0,3
3994,8933,"2026-08-18 17:12:08.077",true,"[]",0,3
3995,2092,"2026-08-18 17:12:08.077",true,"[]",0,3
3996,9208,"2026-08-18 17:12:08.077",true,"[]",0,3
3997,7795,"2026-08-18 17:12:08.077",true,"[]",0,3
3998,8735,"2026-08-18 17:12:08.077",true,"[]",0,3
3999,7189,"2026-08-18 17:12:08.077",true,"[]",0,3
4000,2350,"2026-08-18 17:12:08.077",true,"[]",0,3
4001,9633,"2026-08-18 17:12:08.077",false,"[""RESTRICTED_HS_CODE""]",30,3
4002,8747,"2026-08-18 17:12:08.077",true,"[]",0,3
4003,299,"2026-08-18 17:12:08.077",true,"[]",0,3
4004,8888,"2026-08-18 17:12:08.077",true,"[]",0,3
4005,2293,"2026-08-18 17:12:08.077",false,"[""RESTRICTED_HS_CODE""]",30,3
4006,5687,"2026-08-18 17:12:08.077",true,"[]",0,3
4007,4530,"2026-08-18 17:12:08.077",true,"[]",0,3
4008,8521,"2026-08-18 17:12:08.077",true,"[]",0,3
4009,3804,"2026-08-18 17:12:08.077",true,"[]",0,3
4010,6668,"2026-08-18 17:12:08.077",true,"[]",0,3
4011,8473,"2026-08-18 17:12:08.077",true,"[]",0,3
4012,9560,"2026-08-18 17:12:08.077",false,"[""RESTRICTED_HS_CODE""]",30,3
4013,5181,"2026-08-18 17:12:08.077",true,"[]",0,3
4014,8100,"2026-08-18 17:12:08.077",true,"[]",0,3
4015,7032,"2026-08-18 17:12:08.077",true,"[]",0,3
4016,6593,"2026-08-18 17:12:08.077",true,"[]",0,3
4017,4086,"2026-08-18 17:12:08.077",true,"[]",0,3
4018,8912,"2026-08-18 17:12:08.077",true,"[]",0,3
4019,1715,"2026-08-18 17:12:08.077",true,"[]",0,3
4020,8052,"2026-08-18 17:12:08.077",true,"[]",0,3
4021,4173,"2026-08-18 17:12:08.077",true,"[]",0,3
4022,7868,"2026-08-18 17:12:08.077",true,"[]",0,3
4023,886,"2026-08-18 17:12:08.077",true,"[]",0,3
4024,2176,"2026-08-18 17:12:08.077",true,"[]",0,3
4025,2198,"2026-08-18 17:12:08.077",true,"[]",0,3
4026,8107,"2026-08-18 17:12:08.077",true,"[]",0,3
4027,8132,"2026-08-18 17:12:08.077",true,"[]",0,3
4028,867,"2026-08-18 17:12:08.077",true,"[]",0,3
4029,1529,"2026-08-18 17:12:08.077",true,"[]",0,3
4030,3534,"2026-08-18 17:12:08.077",true,"[]",0,3
4031,9615,"2026-08-18 17:12:08.077",true,"[]",0,3
4032,1691,"2026-08-18 17:12:08.077",true,"[]",0,3
4033,9689,"2026-08-18 17:12:08.077",true,"[]",0,3
4034,3728,"2026-08-18 17:12:08.077",true,"[]",0,3
4035,276,"2026-08-18 17:12:08.077",true,"[]",0,3
4036,2157,"2026-08-18 17:12:08.077",false,"[""RESTRICTED_HS_CODE""]",30,3
4037,6737,"2026-08-18 17:12:08.077",true,"[""DANGEROUS_GOODS""]",20,3
4038,706,"2026-08-18 17:12:08.077",true,"[]",0,3
4039,576,"2026-08-18 17:12:08.077",true,"[]",0,3
4040,4455,"2026-08-18 17:12:08.077",true,"[]",0,3
4041,2104,"2026-08-18 17:12:08.077",true,"[]",0,3
4042,405,"2026-08-18 17:12:08.077",true,"[]",0,3
4043,2309,"2026-08-18 17:12:08.077",true,"[]",0,3
4044,4711,"2026-08-18 17:12:08.077",true,"[]",0,3
4045,4688,"2026-08-18 17:12:08.077",true,"[]",0,3
4046,7268,"2026-08-18 17:12:08.077",true,"[""DANGEROUS_GOODS""]",20,3
4047,1838,"2026-08-18 17:12:08.077",true,"[]",0,3
4048,6128,"2026-08-18 17:12:08.077",true,"[]",0,3
4049,6827,"2026-08-18 17:12:08.077",false,"[""RESTRICTED_HS_CODE""]",30,3
4050,9451,"2026-08-18 17:12:08.077",true,"[]",0,3
4051,1461,"2026-08-18 17:12:08.077",true,"[]",0,3
4052,1425,"2026-08-18 17:12:08.077",true,"[]",0,3
4053,6119,"2026-08-18 17:12:08.077",true,"[]",0,3
4054,4053,"2026-08-18 17:12:08.077",true,"[]",0,3
4055,8322,"2026-08-18 17:12:08.077",true,"[]",0,3
4056,5006,"2026-08-18 17:12:08.077",true,"[]",0,3
4057,7547,"2026-08-18 17:12:08.077",true,"[]",0,3
4058,1543,"2026-08-18 17:12:08.077",true,"[]",0,3
4059,9798,"2026-08-18 17:12:08.077",true,"[]",0,3
4060,8808,"2026-08-18 17:12:08.077",false,"[""RESTRICTED_HS_CODE""]",30,3
4061,1104,"2026-08-18 17:12:08.077",true,"[]",0,3
4062,308,"2026-08-18 17:12:08.077",true,"[]",0,3
4063,8789,"2026-08-18 17:12:08.077",true,"[]",0,3
4064,9513,"2026-08-18 17:12:08.077",true,"[]",0,3
4065,6441,"2026-08-18 17:12:08.077",true,"[]",0,3
4066,3850,"2026-08-18 17:12:08.077",true,"[]",0,3
4067,1659,"2026-08-18 17:12:08.077",false,"[""RESTRICTED_HS_CODE""]",30,3
4068,1301,"2026-08-18 17:12:08.077",true,"[]",0,3
4069,4383,"2026-08-18 17:12:08.077",true,"[]",0,3
4070,9972,"2026-08-18 17:12:08.077",true,"[]",0,3
4071,6473,"2026-08-18 17:12:08.077",true,"[]",0,3
4072,7543,"2026-08-18 17:12:08.077",true,"[]",0,3
4073,4043,"2026-08-18 17:12:08.077",true,"[]",0,3
4074,2155,"2026-08-18 17:12:08.077",true,"[]",0,3
4075,2199,"2026-08-18 17:12:08.077",false,"[""RESTRICTED_HS_CODE""]",30,3
4076,9696,"2026-08-18 17:12:08.077",true,"[]",0,3
4077,6934,"2026-08-18 17:12:08.077",true,"[]",0,3
4078,6905,"2026-08-18 17:12:08.077",true,"[]",0,3
4079,8289,"2026-08-18 17:12:08.077",false,"[""RESTRICTED_HS_CODE""]",30,3
4080,6014,"2026-08-18 17:12:08.077",false,"[""RESTRICTED_HS_CODE""]",30,3
4081,1145,"2026-08-18 17:12:08.077",true,"[]",0,3
4082,5629,"2026-08-18 17:12:08.077",true,"[]",0,3
4083,9456,"2026-08-18 17:12:08.077",true,"[]",0,3
4084,4417,"2026-08-18 17:12:08.077",true,"[]",0,3
4085,317,"2026-08-18 17:12:08.077",true,"[]",0,3
4086,2286,"2026-08-18 17:12:08.077",true,"[]",0,3
4087,3415,"2026-08-18 17:12:08.077",true,"[""DANGEROUS_GOODS""]",20,3
4088,6913,"2026-08-18 17:12:08.077",true,"[]",0,3
4089,6341,"2026-08-18 17:12:08.077",true,"[]",0,3
4090,1083,"2026-08-18 17:12:08.077",true,"[]",0,3
4091,2099,"2026-08-18 17:12:08.077",true,"[]",0,3
4092,6262,"2026-08-18 17:12:08.077",true,"[]",0,3
4093,4807,"2026-08-18 17:12:08.077",true,"[]",0,3
4094,925,"2026-08-18 17:12:08.077",true,"[]",0,3
4095,8640,"2026-08-18 17:12:08.077",true,"[]",0,3
4096,3978,"2026-08-18 17:12:08.077",true,"[]",0,3
4097,9161,"2026-08-18 17:12:08.077",false,"[""RESTRICTED_HS_CODE""]",30,3
4098,4955,"2026-08-18 17:12:08.077",true,"[]",0,3
4099,9122,"2026-08-18 17:12:08.077",true,"[]",0,3
4100,3356,"2026-08-18 17:12:08.077",true,"[]",0,3
4101,6023,"2026-08-18 17:12:08.077",false,"[""RESTRICTED_HS_CODE""]",30,3
4102,1967,"2026-08-18 17:12:08.077",true,"[]",0,3
4103,4036,"2026-08-18 17:12:08.077",true,"[]",0,3
4104,8449,"2026-08-18 17:12:08.077",true,"[]",0,3
4105,2684,"2026-08-18 17:12:08.077",true,"[]",0,3
4106,5411,"2026-08-18 17:12:08.077",true,"[]",0,3
4107,8873,"2026-08-18 17:12:08.077",true,"[]",0,3
4108,2668,"2026-08-18 17:12:08.077",false,"[""RESTRICTED_HS_CODE""]",30,3
4109,4384,"2026-08-18 17:12:08.077",true,"[]",0,3
4110,8928,"2026-08-18 17:12:08.077",true,"[]",0,3
4111,8831,"2026-08-18 17:12:08.077",true,"[]",0,3
4112,3174,"2026-08-18 17:12:08.077",true,"[]",0,3
4113,2591,"2026-08-18 17:12:08.077",true,"[]",0,3
4114,6920,"2026-08-18 17:12:08.077",true,"[]",0,3
4115,6556,"2026-08-18 17:12:08.077",true,"[]",0,3
4116,9527,"2026-08-18 17:12:08.077",true,"[]",0,3
4117,3013,"2026-08-18 17:12:08.077",true,"[]",0,3
4118,1407,"2026-08-18 17:12:08.077",true,"[]",0,3
4119,1324,"2026-08-18 17:12:08.077",true,"[]",0,3
4120,593,"2026-08-18 17:12:08.077",false,"[""RESTRICTED_HS_CODE""]",30,3
4121,7157,"2026-08-18 17:12:08.077",true,"[]",0,3
4122,93,"2026-08-18 17:12:08.077",true,"[]",0,3
4123,3145,"2026-08-18 17:12:08.077",true,"[]",0,3
4124,2975,"2026-08-18 17:12:08.077",true,"[""DANGEROUS_GOODS""]",20,3
4125,1776,"2026-08-18 17:12:08.077",true,"[]",0,3
4126,2060,"2026-08-18 17:12:08.077",true,"[]",0,3
4127,6815,"2026-08-18 17:12:08.077",false,"[""RESTRICTED_HS_CODE""]",30,3
4128,4998,"2026-08-18 17:12:08.077",true,"[]",0,3
4129,1307,"2026-08-18 17:12:08.077",true,"[]",0,3
4130,2234,"2026-08-18 17:12:08.077",false,"[""RESTRICTED_HS_CODE""]",30,3
4131,3876,"2026-08-18 17:12:08.077",true,"[]",0,3
4132,2532,"2026-08-18 17:12:08.077",true,"[]",0,3
4133,1339,"2026-08-18 17:12:08.077",true,"[]",0,3
4134,8479,"2026-08-18 17:12:08.077",true,"[]",0,3
4135,3453,"2026-08-18 17:12:08.077",true,"[]",0,3
4136,9725,"2026-08-18 17:12:08.077",false,"[""RESTRICTED_HS_CODE"",""DANGEROUS_GOODS""]",50,3
4137,2782,"2026-08-18 17:12:08.077",true,"[]",0,3
4138,1508,"2026-08-18 17:12:08.077",true,"[]",0,3
4139,5598,"2026-08-18 17:12:08.077",false,"[""RESTRICTED_HS_CODE""]",30,3
4140,2375,"2026-08-18 17:12:08.077",true,"[]",0,3
4141,1546,"2026-08-18 17:12:08.077",true,"[]",0,3
4142,6663,"2026-08-18 17:12:08.077",true,"[]",0,3
4143,8799,"2026-08-18 17:12:08.077",true,"[""DANGEROUS_GOODS""]",20,3
4144,4239,"2026-08-18 17:12:08.077",true,"[]",0,3
4145,5388,"2026-08-18 17:12:08.077",false,"[""RESTRICTED_HS_CODE""]",30,3
4146,5256,"2026-08-18 17:12:08.077",true,"[]",0,3
4147,6868,"2026-08-18 17:12:08.077",true,"[]",0,3
4148,9740,"2026-08-18 17:12:08.077",true,"[]",0,3
4149,1518,"2026-08-18 17:12:08.077",true,"[]",0,3
4150,8868,"2026-08-18 17:12:08.077",true,"[]",0,3
4151,2945,"2026-08-18 17:12:08.077",true,"[]",0,3
4152,5609,"2026-08-18 17:12:08.077",true,"[]",0,3
4153,3241,"2026-08-18 17:12:08.077",true,"[]",0,3
4154,7562,"2026-08-18 17:12:08.077",true,"[]",0,3
4155,2888,"2026-08-18 17:12:08.077",true,"[]",0,3
4156,5116,"2026-08-18 17:12:08.077",true,"[]",0,3
4157,3272,"2026-08-18 17:12:08.077",true,"[]",0,3
4158,1724,"2026-08-18 17:12:08.077",true,"[""DANGEROUS_GOODS""]",20,3
4159,8815,"2026-08-18 17:12:08.077",true,"[]",0,3
4160,3436,"2026-08-18 17:12:08.077",false,"[""RESTRICTED_HS_CODE""]",30,3
4161,4189,"2026-08-18 17:12:08.077",true,"[]",0,3
4162,4871,"2026-08-18 17:12:08.077",true,"[]",0,3
4163,2365,"2026-08-18 17:12:08.077",true,"[]",0,3
4164,9639,"2026-08-18 17:12:08.077",true,"[""DANGEROUS_GOODS""]",20,3
4165,8438,"2026-08-18 17:12:08.077",true,"[]",0,3
4166,9204,"2026-08-18 17:12:08.077",true,"[]",0,3
4167,8892,"2026-08-18 17:12:08.077",true,"[]",0,3
4168,2425,"2026-08-18 17:12:08.077",false,"[""RESTRICTED_HS_CODE""]",30,3
4169,6674,"2026-08-18 17:12:08.077",true,"[]",0,3
4170,964,"2026-08-18 17:12:08.077",true,"[]",0,3
4171,6213,"2026-08-18 17:12:08.077",true,"[""DANGEROUS_GOODS""]",20,3
4172,3670,"2026-08-18 17:12:08.077",true,"[]",0,3
4173,151,"2026-08-18 17:12:08.077",true,"[""DANGEROUS_GOODS""]",20,3
4174,7317,"2026-08-18 17:12:08.077",true,"[]",0,3
4175,6456,"2026-08-18 17:12:08.077",true,"[]",0,3
4176,7270,"2026-08-18 17:12:08.077",true,"[""DANGEROUS_GOODS""]",20,3
4177,6890,"2026-08-18 17:12:08.077",true,"[]",0,3
4178,4392,"2026-08-18 17:12:08.077",true,"[]",0,3
4179,3336,"2026-08-18 17:12:08.077",true,"[]",0,3
4180,7363,"2026-08-18 17:12:08.077",true,"[]",0,3
4181,8562,"2026-08-18 17:12:08.077",true,"[]",0,3
4182,8154,"2026-08-18 17:12:08.077",true,"[]",0,3
4183,2022,"2026-08-18 17:12:08.077",false,"[""RESTRICTED_HS_CODE""]",30,3
4184,5488,"2026-08-18 17:12:08.077",true,"[]",0,3
4185,8683,"2026-08-18 17:12:08.077",false,"[""RESTRICTED_HS_CODE""]",30,3
4186,2649,"2026-08-18 17:12:08.077",false,"[""RESTRICTED_HS_CODE""]",30,3
4187,7316,"2026-08-18 17:12:08.077",true,"[]",0,3
4188,5128,"2026-08-18 17:12:08.077",true,"[]",0,3
4189,8666,"2026-08-18 17:12:08.077",true,"[]",0,3
4190,4768,"2026-08-18 17:12:08.077",true,"[]",0,3
4191,4599,"2026-08-18 17:12:08.077",true,"[]",0,3
4192,3406,"2026-08-18 17:12:08.077",true,"[]",0,3
4193,4534,"2026-08-18 17:12:08.077",false,"[""RESTRICTED_HS_CODE""]",30,3
4194,516,"2026-08-18 17:12:08.077",true,"[]",0,3
4195,346,"2026-08-18 17:12:08.077",true,"[]",0,3
4196,6712,"2026-08-18 17:12:08.077",true,"[]",0,3
4197,968,"2026-08-18 17:12:08.077",true,"[]",0,3
4198,5910,"2026-08-18 17:12:08.077",true,"[]",0,3
4199,4299,"2026-08-18 17:12:08.077",true,"[]",0,3
4200,6430,"2026-08-18 17:12:08.077",true,"[]",0,3
4201,7606,"2026-08-18 17:12:08.077",true,"[]",0,3
4202,79,"2026-08-18 17:12:08.077",false,"[""RESTRICTED_HS_CODE""]",30,3
4203,910,"2026-08-18 17:12:08.077",false,"[""RESTRICTED_HS_CODE""]",30,3
4204,3518,"2026-08-18 17:12:08.077",true,"[]",0,3
4205,5020,"2026-08-18 17:12:08.077",true,"[""DANGEROUS_GOODS""]",20,3
4206,2687,"2026-08-18 17:12:08.077",true,"[]",0,3
4207,5141,"2026-08-18 17:12:08.077",true,"[]",0,3
4208,2156,"2026-08-18 17:12:08.077",true,"[]",0,3
4209,6075,"2026-08-18 17:12:08.077",true,"[]",0,3
4210,3099,"2026-08-18 17:12:08.077",true,"[""DANGEROUS_GOODS""]",20,3
4211,1758,"2026-08-18 17:12:08.077",true,"[]",0,3
4212,5143,"2026-08-18 17:12:08.077",true,"[]",0,3
4213,549,"2026-08-18 17:12:08.077",false,"[""RESTRICTED_HS_CODE""]",30,3
4214,6027,"2026-08-18 17:12:08.077",true,"[]",0,3
4215,9212,"2026-08-18 17:12:08.077",true,"[]",0,3
4216,355,"2026-08-18 17:12:08.077",true,"[]",0,3
4217,8137,"2026-08-18 17:12:08.077",false,"[""RESTRICTED_HS_CODE""]",30,3
4218,4643,"2026-08-18 17:12:08.077",true,"[]",0,3
4219,6135,"2026-08-18 17:12:08.077",true,"[]",0,3
4220,8115,"2026-08-18 17:12:08.077",true,"[]",0,3
4221,457,"2026-08-18 17:12:08.077",false,"[""RESTRICTED_HS_CODE""]",30,3
4222,4388,"2026-08-18 17:12:08.077",true,"[]",0,3
4223,8548,"2026-08-18 17:12:08.077",true,"[]",0,3
4224,246,"2026-08-18 17:12:08.077",true,"[]",0,3
4225,1512,"2026-08-18 17:12:08.077",true,"[]",0,3
4226,5671,"2026-08-18 17:12:08.077",true,"[]",0,3
4227,7870,"2026-08-18 17:12:08.077",true,"[]",0,3
4228,2304,"2026-08-18 17:12:08.077",true,"[]",0,3
4229,4215,"2026-08-18 17:12:08.077",false,"[""RESTRICTED_HS_CODE""]",30,3
4230,7176,"2026-08-18 17:12:08.077",true,"[]",0,3
4231,2387,"2026-08-18 17:12:08.077",true,"[]",0,3
4232,5620,"2026-08-18 17:12:08.077",true,"[]",0,3
4233,7303,"2026-08-18 17:12:08.077",true,"[]",0,3
4234,8459,"2026-08-18 17:12:08.077",true,"[]",0,3
4235,9611,"2026-08-18 17:12:08.077",true,"[]",0,3
4236,9386,"2026-08-18 17:12:08.077",true,"[]",0,3
4237,4094,"2026-08-18 17:12:08.077",true,"[]",0,3
4238,315,"2026-08-18 17:12:08.077",true,"[]",0,3
4239,8919,"2026-08-18 17:12:08.077",true,"[]",0,3
4240,9214,"2026-08-18 17:12:08.077",true,"[]",0,3
4241,639,"2026-08-18 17:12:08.077",true,"[]",0,3
4242,8046,"2026-08-18 17:12:08.077",true,"[]",0,3
4243,5906,"2026-08-18 17:12:08.077",false,"[""RESTRICTED_HS_CODE""]",30,3
4244,3043,"2026-08-18 17:12:08.077",true,"[]",0,3
4245,1853,"2026-08-18 17:12:08.077",true,"[]",0,3
4246,5963,"2026-08-18 17:12:08.077",true,"[]",0,3
4247,4478,"2026-08-18 17:12:08.077",true,"[]",0,3
4248,3565,"2026-08-18 17:12:08.077",true,"[]",0,3
4249,7532,"2026-08-18 17:12:08.077",true,"[]",0,3
4250,4007,"2026-08-18 17:12:08.077",true,"[]",0,3
4251,3636,"2026-08-18 17:12:08.077",true,"[""DANGEROUS_GOODS""]",20,3
4252,625,"2026-08-18 17:12:08.077",true,"[]",0,3
4253,4341,"2026-08-18 17:12:08.077",false,"[""RESTRICTED_HS_CODE"",""DANGEROUS_GOODS""]",50,3
4254,7761,"2026-08-18 17:12:08.077",false,"[""RESTRICTED_HS_CODE""]",30,3
4255,6159,"2026-08-18 17:12:08.077",true,"[]",0,3
4256,2837,"2026-08-18 17:12:08.077",true,"[]",0,3
4257,8999,"2026-08-18 17:12:08.077",true,"[]",0,3
4258,1719,"2026-08-18 17:12:08.077",false,"[""RESTRICTED_HS_CODE""]",30,3
4259,2864,"2026-08-18 17:12:08.077",true,"[]",0,3
4260,8848,"2026-08-18 17:12:08.077",true,"[]",0,3
4261,2941,"2026-08-18 17:12:08.077",true,"[]",0,3
4262,6830,"2026-08-18 17:12:08.077",true,"[""DANGEROUS_GOODS""]",20,3
4263,8122,"2026-08-18 17:12:08.077",false,"[""RESTRICTED_HS_CODE""]",30,3
4264,1464,"2026-08-18 17:12:08.077",true,"[]",0,3
4265,8485,"2026-08-18 17:12:08.077",true,"[]",0,3
4266,3516,"2026-08-18 17:12:08.077",true,"[]",0,3
4267,9838,"2026-08-18 17:12:08.077",true,"[]",0,3
4268,8757,"2026-08-18 17:12:08.077",true,"[]",0,3
4269,5744,"2026-08-18 17:12:08.077",true,"[]",0,3
4270,1574,"2026-08-18 17:12:08.077",true,"[]",0,3
4271,5536,"2026-08-18 17:12:08.077",false,"[""RESTRICTED_HS_CODE""]",30,3
4272,9196,"2026-08-18 17:12:08.077",false,"[""RESTRICTED_HS_CODE""]",30,3
4273,1832,"2026-08-18 17:12:08.077",true,"[]",0,3
4274,6745,"2026-08-18 17:12:08.077",false,"[""RESTRICTED_HS_CODE""]",30,3
4275,9239,"2026-08-18 17:12:08.077",true,"[]",0,3
4276,7455,"2026-08-18 17:12:08.077",true,"[]",0,3
4277,7836,"2026-08-18 17:12:08.077",true,"[]",0,3
4278,5994,"2026-08-18 17:12:08.077",true,"[]",0,3
4279,1889,"2026-08-18 17:12:08.077",true,"[]",0,3
4280,1475,"2026-08-18 17:12:08.077",true,"[]",0,3
4281,6969,"2026-08-18 17:12:08.077",true,"[]",0,3
4282,5588,"2026-08-18 17:12:08.077",true,"[]",0,3
4283,5011,"2026-08-18 17:12:08.077",true,"[]",0,3
4284,7142,"2026-08-18 17:12:08.077",true,"[]",0,3
4285,6024,"2026-08-18 17:12:08.077",true,"[]",0,3
4286,2986,"2026-08-18 17:12:08.077",true,"[]",0,3
4287,1089,"2026-08-18 17:12:08.077",true,"[]",0,3
4288,7632,"2026-08-18 17:12:08.077",true,"[]",0,3
4289,2159,"2026-08-18 17:12:08.077",true,"[]",0,3
4290,278,"2026-08-18 17:12:08.077",true,"[]",0,3
4291,8370,"2026-08-18 17:12:08.077",true,"[]",0,3
4292,720,"2026-08-18 17:12:08.077",true,"[]",0,3
4293,7615,"2026-08-18 17:12:08.077",true,"[]",0,3
4294,504,"2026-08-18 17:12:08.077",true,"[]",0,3
4295,6924,"2026-08-18 17:12:08.077",true,"[]",0,3
4296,2013,"2026-08-18 17:12:08.077",true,"[]",0,3
4297,7063,"2026-08-18 17:12:08.077",true,"[]",0,3
4298,7207,"2026-08-18 17:12:08.077",true,"[]",0,3
4299,233,"2026-08-18 17:12:08.077",true,"[]",0,3
4300,2758,"2026-08-18 17:12:08.077",true,"[]",0,3
4301,9803,"2026-08-18 17:12:08.077",true,"[]",0,3
4302,9474,"2026-08-18 17:12:08.077",true,"[""DANGEROUS_GOODS""]",20,3
4303,8112,"2026-08-18 17:12:08.077",true,"[]",0,3
4304,6187,"2026-08-18 17:12:08.077",true,"[]",0,3
4305,320,"2026-08-18 17:12:08.077",true,"[]",0,3
4306,1028,"2026-08-18 17:12:08.077",false,"[""RESTRICTED_HS_CODE""]",30,3
4307,8032,"2026-08-18 17:12:08.077",true,"[]",0,3
4308,7310,"2026-08-18 17:12:08.077",true,"[]",0,3
4309,6254,"2026-08-18 17:12:08.077",true,"[]",0,3
4310,659,"2026-08-18 17:12:08.077",true,"[]",0,3
4311,4304,"2026-08-18 17:12:08.077",true,"[]",0,3
4312,920,"2026-08-18 17:12:08.077",true,"[]",0,3
4313,1692,"2026-08-18 17:12:08.077",true,"[]",0,3
4314,8192,"2026-08-18 17:12:08.077",false,"[""RESTRICTED_HS_CODE""]",30,3
4315,4105,"2026-08-18 17:12:08.077",true,"[]",0,3
4316,415,"2026-08-18 17:12:08.077",true,"[]",0,3
4317,1653,"2026-08-18 17:12:08.077",true,"[]",0,3
4318,6406,"2026-08-18 17:12:08.077",true,"[]",0,3
4319,7456,"2026-08-18 17:12:08.077",true,"[]",0,3
4320,4425,"2026-08-18 17:12:08.077",true,"[]",0,3
4321,2862,"2026-08-18 17:12:08.077",true,"[]",0,3
4322,1053,"2026-08-18 17:12:08.077",true,"[]",0,3
4323,822,"2026-08-18 17:12:08.077",false,"[""RESTRICTED_HS_CODE""]",30,3
4324,7371,"2026-08-18 17:12:08.077",false,"[""RESTRICTED_HS_CODE""]",30,3
4325,823,"2026-08-18 17:12:08.077",true,"[]",0,3
4326,9830,"2026-08-18 17:12:08.077",true,"[]",0,3
4327,3060,"2026-08-18 17:12:08.077",true,"[]",0,3
4328,2110,"2026-08-18 17:12:08.077",false,"[""RESTRICTED_HS_CODE""]",30,3
4329,1171,"2026-08-18 17:12:08.077",true,"[]",0,3
4330,7893,"2026-08-18 17:12:08.077",true,"[]",0,3
4331,1434,"2026-08-18 17:12:08.077",true,"[]",0,3
4332,2093,"2026-08-18 17:12:08.077",true,"[]",0,3
4333,4877,"2026-08-18 17:12:08.077",true,"[]",0,3
4334,8242,"2026-08-18 17:12:08.077",true,"[]",0,3
4335,7525,"2026-08-18 17:12:08.077",true,"[]",0,3
4336,8713,"2026-08-18 17:12:08.077",true,"[]",0,3
4337,949,"2026-08-18 17:12:08.077",true,"[]",0,3
4338,8282,"2026-08-18 17:12:08.077",false,"[""RESTRICTED_HS_CODE""]",30,3
4339,131,"2026-08-18 17:12:08.077",true,"[]",0,3
4340,9314,"2026-08-18 17:12:08.077",true,"[]",0,3
4341,3321,"2026-08-18 17:12:08.077",true,"[]",0,3
4342,5375,"2026-08-18 17:12:08.077",true,"[]",0,3
4343,2907,"2026-08-18 17:12:08.077",true,"[]",0,3
4344,8555,"2026-08-18 17:12:08.077",true,"[]",0,3
4345,7124,"2026-08-18 17:12:08.077",false,"[""RESTRICTED_HS_CODE""]",30,3
4346,460,"2026-08-18 17:12:08.077",true,"[]",0,3
4347,3886,"2026-08-18 17:12:08.077",true,"[]",0,3
4348,908,"2026-08-18 17:12:08.077",false,"[""RESTRICTED_HS_CODE""]",30,3
4349,3306,"2026-08-18 17:12:08.077",true,"[]",0,3
4350,8756,"2026-08-18 17:12:08.077",true,"[]",0,3
4351,450,"2026-08-18 17:12:08.077",true,"[]",0,3
4352,1275,"2026-08-18 17:12:08.077",true,"[]",0,3
4353,4656,"2026-08-18 17:12:08.077",true,"[]",0,3
4354,7934,"2026-08-18 17:12:08.077",true,"[]",0,3
4355,6282,"2026-08-18 17:12:08.077",true,"[]",0,3
4356,407,"2026-08-18 17:12:08.077",true,"[]",0,3
4357,5071,"2026-08-18 17:12:08.077",true,"[]",0,3
4358,5849,"2026-08-18 17:12:08.077",true,"[]",0,3
4359,9554,"2026-08-18 17:12:08.077",true,"[]",0,3
4360,6125,"2026-08-18 17:12:08.077",true,"[]",0,3
4361,2879,"2026-08-18 17:12:08.077",true,"[]",0,3
4362,8647,"2026-08-18 17:12:08.077",true,"[]",0,3
4363,9052,"2026-08-18 17:12:08.077",true,"[]",0,3
4364,8253,"2026-08-18 17:12:08.077",true,"[]",0,3
4365,9538,"2026-08-18 17:12:08.077",true,"[]",0,3
4366,2537,"2026-08-18 17:12:08.077",true,"[]",0,3
4367,5813,"2026-08-18 17:12:08.077",false,"[""RESTRICTED_HS_CODE""]",30,3
4368,4890,"2026-08-18 17:12:08.077",false,"[""RESTRICTED_HS_CODE""]",30,3
4369,5862,"2026-08-18 17:12:08.077",true,"[]",0,3
4370,584,"2026-08-18 17:12:08.077",true,"[]",0,3
4371,1685,"2026-08-18 17:12:08.077",true,"[]",0,3
4372,9008,"2026-08-18 17:12:08.077",true,"[]",0,3
4373,8194,"2026-08-18 17:12:08.077",true,"[]",0,3
4374,2202,"2026-08-18 17:12:08.077",true,"[]",0,3
4375,2808,"2026-08-18 17:12:08.077",true,"[]",0,3
4376,6658,"2026-08-18 17:12:08.077",true,"[]",0,3
4377,3283,"2026-08-18 17:12:08.077",true,"[]",0,3
4378,6165,"2026-08-18 17:12:08.077",true,"[]",0,3
4379,858,"2026-08-18 17:12:08.077",true,"[]",0,3
4380,3929,"2026-08-18 17:12:08.077",true,"[]",0,3
4381,1955,"2026-08-18 17:12:08.077",true,"[]",0,3
4382,337,"2026-08-18 17:12:08.077",true,"[]",0,3
4383,2455,"2026-08-18 17:12:08.077",true,"[]",0,3
4384,480,"2026-08-18 17:12:08.077",false,"[""RESTRICTED_HS_CODE""]",30,3
4385,7054,"2026-08-18 17:12:08.077",true,"[]",0,3
4386,6877,"2026-08-18 17:12:08.077",true,"[]",0,3
4387,9106,"2026-08-18 17:12:08.077",false,"[""RESTRICTED_HS_CODE""]",30,3
4388,166,"2026-08-18 17:12:08.077",true,"[]",0,3
4389,7750,"2026-08-18 17:12:08.077",true,"[]",0,3
4390,9889,"2026-08-18 17:12:08.077",true,"[]",0,3
4391,6058,"2026-08-18 17:12:08.077",true,"[]",0,3
4392,7324,"2026-08-18 17:12:08.077",true,"[]",0,3
4393,216,"2026-08-18 17:12:08.077",true,"[]",0,3
4394,303,"2026-08-18 17:12:08.077",true,"[]",0,3
4395,5467,"2026-08-18 17:12:08.077",true,"[]",0,3
4396,9761,"2026-08-18 17:12:08.077",true,"[]",0,3
4397,2140,"2026-08-18 17:12:08.077",false,"[""RESTRICTED_HS_CODE""]",30,3
4398,9557,"2026-08-18 17:12:08.077",true,"[]",0,3
4399,5359,"2026-08-18 17:12:08.077",true,"[]",0,3
4400,4997,"2026-08-18 17:12:08.077",true,"[]",0,3
4401,8530,"2026-08-18 17:12:08.077",true,"[]",0,3
4402,171,"2026-08-18 17:12:08.077",true,"[]",0,3
4403,6302,"2026-08-18 17:12:08.077",true,"[]",0,3
4404,4004,"2026-08-18 17:12:08.077",false,"[""RESTRICTED_HS_CODE""]",30,3
4405,5740,"2026-08-18 17:12:08.077",true,"[]",0,3
4406,3296,"2026-08-18 17:12:08.077",true,"[]",0,3
4407,6221,"2026-08-18 17:12:08.077",true,"[]",0,3
4408,5048,"2026-08-18 17:12:08.077",true,"[]",0,3
4409,6523,"2026-08-18 17:12:08.077",false,"[""RESTRICTED_HS_CODE""]",30,3
4410,1449,"2026-08-18 17:12:08.077",true,"[]",0,3
4411,3471,"2026-08-18 17:12:08.077",true,"[]",0,3
4412,6529,"2026-08-18 17:12:08.077",false,"[""RESTRICTED_HS_CODE""]",30,3
4413,9843,"2026-08-18 17:12:08.077",true,"[""DANGEROUS_GOODS""]",20,3
4414,5173,"2026-08-18 17:12:08.077",true,"[]",0,3
4415,6462,"2026-08-18 17:12:08.077",true,"[]",0,3
4416,8109,"2026-08-18 17:12:08.077",true,"[]",0,3
4417,9257,"2026-08-18 17:12:08.077",true,"[]",0,3
4418,8190,"2026-08-18 17:12:08.077",true,"[]",0,3
4419,5273,"2026-08-18 17:12:08.077",false,"[""RESTRICTED_HS_CODE""]",30,3
4420,2366,"2026-08-18 17:12:08.077",true,"[]",0,3
4421,2036,"2026-08-18 17:12:08.077",true,"[]",0,3
4422,5393,"2026-08-18 17:12:08.077",true,"[]",0,3
4423,581,"2026-08-18 17:12:08.077",true,"[]",0,3
4424,105,"2026-08-18 17:12:08.077",true,"[]",0,3
4425,9516,"2026-08-18 17:12:08.077",true,"[]",0,3
4426,1695,"2026-08-18 17:12:08.077",true,"[]",0,3
4427,877,"2026-08-18 17:12:08.077",true,"[]",0,3
4428,5378,"2026-08-18 17:12:08.077",true,"[]",0,3
4429,7479,"2026-08-18 17:12:08.077",true,"[]",0,3
4430,1616,"2026-08-18 17:12:08.077",true,"[]",0,3
4431,8842,"2026-08-18 17:12:08.077",true,"[]",0,3
4432,2237,"2026-08-18 17:12:08.077",true,"[]",0,3
4433,4966,"2026-08-18 17:12:08.077",true,"[]",0,3
4434,5645,"2026-08-18 17:12:08.077",true,"[]",0,3
4435,7944,"2026-08-18 17:12:08.077",false,"[""RESTRICTED_HS_CODE""]",30,3
4436,5013,"2026-08-18 17:12:08.077",false,"[""RESTRICTED_HS_CODE""]",30,3
4437,4288,"2026-08-18 17:12:08.077",false,"[""RESTRICTED_HS_CODE""]",30,3
4438,566,"2026-08-18 17:12:08.077",true,"[]",0,3
4439,7279,"2026-08-18 17:12:08.077",true,"[]",0,3
4440,7867,"2026-08-18 17:12:08.077",false,"[""RESTRICTED_HS_CODE""]",30,3
4441,2741,"2026-08-18 17:12:08.077",true,"[]",0,3
4442,8428,"2026-08-18 17:12:08.077",true,"[]",0,3
4443,643,"2026-08-18 17:12:08.077",true,"[]",0,3
4444,7111,"2026-08-18 17:12:08.077",true,"[]",0,3
4445,1094,"2026-08-18 17:12:08.077",true,"[]",0,3
4446,5622,"2026-08-18 17:12:08.077",true,"[]",0,3
4447,6701,"2026-08-18 17:12:08.077",true,"[]",0,3
4448,7625,"2026-08-18 17:12:08.077",true,"[""DANGEROUS_GOODS""]",20,3
4449,1578,"2026-08-18 17:12:08.077",true,"[]",0,3
4450,4717,"2026-08-18 17:12:08.077",true,"[]",0,3
4451,341,"2026-08-18 17:12:08.077",true,"[]",0,3
4452,5604,"2026-08-18 17:12:08.077",true,"[]",0,3
4453,4511,"2026-08-18 17:12:08.077",true,"[]",0,3
4454,8252,"2026-08-18 17:12:08.077",true,"[]",0,3
4455,6796,"2026-08-18 17:12:08.077",true,"[]",0,3
4456,3254,"2026-08-18 17:12:08.077",true,"[]",0,3
4457,2644,"2026-08-18 17:12:08.077",true,"[]",0,3
4458,3389,"2026-08-18 17:12:08.077",true,"[]",0,3
4459,4142,"2026-08-18 17:12:08.077",true,"[]",0,3
4460,7943,"2026-08-18 17:12:08.077",true,"[]",0,3
4461,9416,"2026-08-18 17:12:08.077",true,"[""DANGEROUS_GOODS""]",20,3
4462,2483,"2026-08-18 17:12:08.077",true,"[]",0,3
4463,2584,"2026-08-18 17:12:08.077",true,"[]",0,3
4464,8295,"2026-08-18 17:12:08.077",true,"[]",0,3
4465,8579,"2026-08-18 17:12:08.077",true,"[]",0,3
4466,8362,"2026-08-18 17:12:08.077",true,"[]",0,3
4467,4536,"2026-08-18 17:12:08.077",true,"[]",0,3
4468,9444,"2026-08-18 17:12:08.077",true,"[]",0,3
4469,9110,"2026-08-18 17:12:08.077",true,"[]",0,3
4470,9896,"2026-08-18 17:12:08.077",true,"[]",0,3
4471,5317,"2026-08-18 17:12:08.077",true,"[]",0,3
4472,5187,"2026-08-18 17:12:08.077",true,"[]",0,3
4473,3085,"2026-08-18 17:12:08.077",true,"[""DANGEROUS_GOODS""]",20,3
4474,2608,"2026-08-18 17:12:08.077",true,"[]",0,3
4475,305,"2026-08-18 17:12:08.077",false,"[""RESTRICTED_HS_CODE""]",30,3
4476,3744,"2026-08-18 17:12:08.077",false,"[""RESTRICTED_HS_CODE""]",30,3
4477,9969,"2026-08-18 17:12:08.077",true,"[]",0,3
4478,2281,"2026-08-18 17:12:08.077",true,"[]",0,3
4479,6342,"2026-08-18 17:12:08.077",true,"[]",0,3
4480,9561,"2026-08-18 17:12:08.077",true,"[]",0,3
4481,4982,"2026-08-18 17:12:08.077",true,"[]",0,3
4482,8435,"2026-08-18 17:12:08.077",true,"[]",0,3
4483,5854,"2026-08-18 17:12:08.077",true,"[]",0,3
4484,5516,"2026-08-18 17:12:08.077",false,"[""RESTRICTED_HS_CODE""]",30,3
4485,6759,"2026-08-18 17:12:08.077",true,"[]",0,3
4486,5737,"2026-08-18 17:12:08.077",true,"[]",0,3
4487,9449,"2026-08-18 17:12:08.077",true,"[]",0,3
4488,7912,"2026-08-18 17:12:08.077",true,"[]",0,3
4489,8158,"2026-08-18 17:12:08.077",true,"[]",0,3
4490,1426,"2026-08-18 17:12:08.077",true,"[]",0,3
4491,7258,"2026-08-18 17:12:08.077",true,"[]",0,3
4492,2064,"2026-08-18 17:12:08.077",true,"[]",0,3
4493,1250,"2026-08-18 17:12:08.077",true,"[]",0,3
4494,1607,"2026-08-18 17:12:08.077",true,"[]",0,3
4495,8651,"2026-08-18 17:12:08.077",true,"[]",0,3
4496,5100,"2026-08-18 17:12:08.077",true,"[]",0,3
4497,4581,"2026-08-18 17:12:08.077",true,"[]",0,3
4498,1416,"2026-08-18 17:12:08.077",false,"[""RESTRICTED_HS_CODE""]",30,3
4499,7683,"2026-08-18 17:12:08.077",true,"[]",0,3
4500,34,"2026-08-18 17:12:08.077",true,"[]",0,3
4501,1453,"2026-08-18 17:12:08.077",true,"[]",0,3
4502,5757,"2026-08-18 17:12:08.077",true,"[]",0,3
4503,8603,"2026-08-18 17:12:08.077",true,"[]",0,3
4504,2534,"2026-08-18 17:12:08.077",true,"[]",0,3
4505,2056,"2026-08-18 17:12:08.077",true,"[]",0,3
4506,4782,"2026-08-18 17:12:08.077",true,"[]",0,3
4507,6479,"2026-08-18 17:12:08.077",true,"[]",0,3
4508,6436,"2026-08-18 17:12:08.077",true,"[]",0,3
4509,608,"2026-08-18 17:12:08.077",true,"[]",0,3
4510,4395,"2026-08-18 17:12:08.077",true,"[]",0,3
4511,2125,"2026-08-18 17:12:08.077",true,"[]",0,3
4512,9512,"2026-08-18 17:12:08.077",true,"[]",0,3
4513,7041,"2026-08-18 17:12:08.077",true,"[]",0,3
4514,3165,"2026-08-18 17:12:08.077",true,"[]",0,3
4515,4556,"2026-08-18 17:12:08.077",true,"[]",0,3
4516,1696,"2026-08-18 17:12:08.077",true,"[]",0,3
4517,8567,"2026-08-18 17:12:08.077",true,"[]",0,3
4518,1400,"2026-08-18 17:12:08.077",true,"[]",0,3
4519,6161,"2026-08-18 17:12:08.077",false,"[""RESTRICTED_HS_CODE""]",30,3
4520,5457,"2026-08-18 17:12:08.077",true,"[]",0,3
4521,7564,"2026-08-18 17:12:08.077",true,"[]",0,3
4522,9990,"2026-08-18 17:12:08.077",true,"[""DANGEROUS_GOODS""]",20,3
4523,8819,"2026-08-18 17:12:08.077",true,"[]",0,3
4524,9141,"2026-08-18 17:12:08.077",true,"[""DANGEROUS_GOODS""]",20,3
4525,3785,"2026-08-18 17:12:08.077",true,"[]",0,3
4526,909,"2026-08-18 17:12:08.077",true,"[]",0,3
4527,2407,"2026-08-18 17:12:08.077",true,"[]",0,3
4528,6931,"2026-08-18 17:12:08.077",true,"[]",0,3
4529,4949,"2026-08-18 17:12:08.077",true,"[]",0,3
4530,9334,"2026-08-18 17:12:08.077",true,"[]",0,3
4531,3284,"2026-08-18 17:12:08.077",true,"[]",0,3
4532,9419,"2026-08-18 17:12:08.077",true,"[]",0,3
4533,2689,"2026-08-18 17:12:08.077",true,"[]",0,3
4534,6171,"2026-08-18 17:12:08.077",true,"[]",0,3
4535,7985,"2026-08-18 17:12:08.077",true,"[]",0,3
4536,4743,"2026-08-18 17:12:08.077",true,"[]",0,3
4537,7894,"2026-08-18 17:12:08.077",true,"[]",0,3
4538,2411,"2026-08-18 17:12:08.077",true,"[]",0,3
4539,4377,"2026-08-18 17:12:08.077",false,"[""RESTRICTED_HS_CODE""]",30,3
4540,195,"2026-08-18 17:12:08.077",true,"[]",0,3
4541,4926,"2026-08-18 17:12:08.077",true,"[]",0,3
4542,8119,"2026-08-18 17:12:08.077",true,"[]",0,3
4543,3609,"2026-08-18 17:12:08.077",true,"[]",0,3
4544,731,"2026-08-18 17:12:08.077",true,"[""DANGEROUS_GOODS""]",20,3
4545,9956,"2026-08-18 17:12:08.077",true,"[]",0,3
4546,3888,"2026-08-18 17:12:08.077",true,"[]",0,3
4547,9955,"2026-08-18 17:12:08.077",true,"[]",0,3
4548,5008,"2026-08-18 17:12:08.077",true,"[]",0,3
4549,5330,"2026-08-18 17:12:08.077",true,"[]",0,3
4550,2065,"2026-08-18 17:12:08.077",true,"[]",0,3
4551,9142,"2026-08-18 17:12:08.077",true,"[]",0,3
4552,4748,"2026-08-18 17:12:08.077",true,"[]",0,3
4553,7035,"2026-08-18 17:12:08.077",true,"[]",0,3
4554,3748,"2026-08-18 17:12:08.077",true,"[]",0,3
4555,2510,"2026-08-18 17:12:08.077",true,"[]",0,3
4556,6807,"2026-08-18 17:12:08.077",true,"[]",0,3
4557,347,"2026-08-18 17:12:08.077",true,"[]",0,3
4558,3990,"2026-08-18 17:12:08.077",true,"[]",0,3
4559,3486,"2026-08-18 17:12:08.077",true,"[]",0,3
4560,2541,"2026-08-18 17:12:08.077",true,"[]",0,3
4561,8316,"2026-08-18 17:12:08.077",true,"[]",0,3
4562,2985,"2026-08-18 17:12:08.077",true,"[]",0,3
4563,4363,"2026-08-18 17:12:08.077",false,"[""RESTRICTED_HS_CODE""]",30,3
4564,5821,"2026-08-18 17:12:08.077",false,"[""RESTRICTED_HS_CODE""]",30,3
4565,2569,"2026-08-18 17:12:08.077",true,"[]",0,3
4566,5763,"2026-08-18 17:12:08.077",true,"[]",0,3
4567,1211,"2026-08-18 17:12:08.077",true,"[]",0,3
4568,9048,"2026-08-18 17:12:08.077",true,"[]",0,3
4569,4968,"2026-08-18 17:12:08.077",true,"[]",0,3
4570,283,"2026-08-18 17:12:08.077",true,"[]",0,3
4571,6339,"2026-08-18 17:12:08.077",true,"[]",0,3
4572,158,"2026-08-18 17:12:08.077",true,"[]",0,3
4573,1580,"2026-08-18 17:12:08.077",true,"[]",0,3
4574,7804,"2026-08-18 17:12:08.077",false,"[""RESTRICTED_HS_CODE""]",30,3
4575,4529,"2026-08-18 17:12:08.077",false,"[""RESTRICTED_HS_CODE""]",30,3
4576,7648,"2026-08-18 17:12:08.077",false,"[""RESTRICTED_HS_CODE""]",30,3
4577,6975,"2026-08-18 17:12:08.077",true,"[]",0,3
4578,9938,"2026-08-18 17:12:08.077",true,"[]",0,3
4579,9023,"2026-08-18 17:12:08.077",true,"[]",0,3
4580,3152,"2026-08-18 17:12:08.077",false,"[""RESTRICTED_HS_CODE""]",30,3
4581,7175,"2026-08-18 17:12:08.077",true,"[]",0,3
4582,9539,"2026-08-18 17:12:08.077",true,"[]",0,3
4583,8260,"2026-08-18 17:12:08.077",true,"[]",0,3
4584,913,"2026-08-18 17:12:08.077",true,"[]",0,3
4585,4249,"2026-08-18 17:12:08.077",true,"[]",0,3
4586,4600,"2026-08-18 17:12:08.077",true,"[]",0,3
4587,1756,"2026-08-18 17:12:08.077",false,"[""RESTRICTED_HS_CODE""]",30,3
4588,5051,"2026-08-18 17:12:08.077",true,"[]",0,3
4589,5878,"2026-08-18 17:12:08.077",true,"[]",0,3
4590,248,"2026-08-18 17:12:08.077",false,"[""RESTRICTED_HS_CODE""]",30,3
4591,1478,"2026-08-18 17:12:08.077",true,"[]",0,3
4592,9668,"2026-08-18 17:12:08.077",true,"[]",0,3
4593,6127,"2026-08-18 17:12:08.077",true,"[]",0,3
4594,8006,"2026-08-18 17:12:08.077",true,"[]",0,3
4595,2446,"2026-08-18 17:12:08.077",true,"[]",0,3
4596,4539,"2026-08-18 17:12:08.077",true,"[]",0,3
4597,606,"2026-08-18 17:12:08.077",true,"[]",0,3
4598,856,"2026-08-18 17:12:08.077",true,"[]",0,3
4599,834,"2026-08-18 17:12:08.077",true,"[]",0,3
4600,6675,"2026-08-18 17:12:08.077",true,"[]",0,3
4601,3246,"2026-08-18 17:12:08.077",true,"[]",0,3
4602,9077,"2026-08-18 17:12:08.077",true,"[]",0,3
4603,1313,"2026-08-18 17:12:08.077",true,"[]",0,3
4604,517,"2026-08-18 17:12:08.077",true,"[]",0,3
4605,353,"2026-08-18 17:12:08.077",true,"[]",0,3
4606,54,"2026-08-18 17:12:08.077",true,"[]",0,3
4607,2638,"2026-08-18 17:12:08.077",true,"[]",0,3
4608,2172,"2026-08-18 17:12:08.077",true,"[]",0,3
4609,2123,"2026-08-18 17:12:08.077",true,"[]",0,3
4610,9134,"2026-08-18 17:12:08.077",true,"[]",0,3
4611,2402,"2026-08-18 17:12:08.077",true,"[]",0,3
4612,5074,"2026-08-18 17:12:08.077",true,"[]",0,3
4613,30,"2026-08-18 17:12:08.077",true,"[]",0,3
4614,5031,"2026-08-18 17:12:08.077",true,"[]",0,3
4615,9698,"2026-08-18 17:12:08.077",true,"[]",0,3
4616,2323,"2026-08-18 17:12:08.077",false,"[""RESTRICTED_HS_CODE""]",30,3
4617,4809,"2026-08-18 17:12:08.077",false,"[""RESTRICTED_HS_CODE""]",30,3
4618,9791,"2026-08-18 17:12:08.077",true,"[]",0,3
4619,5222,"2026-08-18 17:12:08.077",true,"[]",0,3
4620,1626,"2026-08-18 17:12:08.077",true,"[]",0,3
4621,3307,"2026-08-18 17:12:08.077",true,"[]",0,3
4622,7072,"2026-08-18 17:12:08.077",true,"[]",0,3
4623,4745,"2026-08-18 17:12:08.077",true,"[]",0,3
4624,5658,"2026-08-18 17:12:08.077",true,"[]",0,3
4625,711,"2026-08-18 17:12:08.077",true,"[]",0,3
4626,6579,"2026-08-18 17:12:08.077",true,"[]",0,3
4627,6866,"2026-08-18 17:12:08.077",true,"[]",0,3
4628,9263,"2026-08-18 17:12:08.077",false,"[""RESTRICTED_HS_CODE""]",30,3
4629,2745,"2026-08-18 17:12:08.077",true,"[]",0,3
4630,2664,"2026-08-18 17:12:08.077",true,"[]",0,3
4631,1236,"2026-08-18 17:12:08.077",true,"[]",0,3
4632,9009,"2026-08-18 17:12:08.077",true,"[]",0,3
4633,8860,"2026-08-18 17:12:08.077",true,"[]",0,3
4634,6183,"2026-08-18 17:12:08.077",true,"[]",0,3
4635,1623,"2026-08-18 17:12:08.077",true,"[]",0,3
4636,1148,"2026-08-18 17:12:08.077",false,"[""RESTRICTED_HS_CODE""]",30,3
4637,1501,"2026-08-18 17:12:08.077",true,"[]",0,3
4638,6720,"2026-08-18 17:12:08.077",true,"[]",0,3
4639,6082,"2026-08-18 17:12:08.077",true,"[]",0,3
4640,624,"2026-08-18 17:12:08.077",true,"[]",0,3
4641,1866,"2026-08-18 17:12:08.077",false,"[""RESTRICTED_HS_CODE""]",30,3
4642,7120,"2026-08-18 17:12:08.077",false,"[""RESTRICTED_HS_CODE""]",30,3
4643,6096,"2026-08-18 17:12:08.077",true,"[]",0,3
4644,6224,"2026-08-18 17:12:08.077",true,"[]",0,3
4645,1987,"2026-08-18 17:12:08.077",true,"[]",0,3
4646,4810,"2026-08-18 17:12:08.077",true,"[]",0,3
4647,774,"2026-08-18 17:12:08.077",true,"[""DANGEROUS_GOODS""]",20,3
4648,8348,"2026-08-18 17:12:08.077",true,"[]",0,3
4649,6180,"2026-08-18 17:12:08.077",false,"[""RESTRICTED_HS_CODE""]",30,3
4650,4526,"2026-08-18 17:12:08.077",true,"[]",0,3
4651,295,"2026-08-18 17:12:08.077",true,"[]",0,3
4652,6757,"2026-08-18 17:12:08.077",true,"[]",0,3
4653,3830,"2026-08-18 17:12:08.077",true,"[]",0,3
4654,1438,"2026-08-18 17:12:08.077",true,"[]",0,3
4655,4704,"2026-08-18 17:12:08.077",true,"[]",0,3
4656,5697,"2026-08-18 17:12:08.077",true,"[]",0,3
4657,3490,"2026-08-18 17:12:08.077",false,"[""RESTRICTED_HS_CODE""]",30,3
4658,5192,"2026-08-18 17:12:08.077",true,"[]",0,3
4659,9401,"2026-08-18 17:12:08.077",true,"[]",0,3
4660,4912,"2026-08-18 17:12:08.077",true,"[]",0,3
4661,4723,"2026-08-18 17:12:08.077",true,"[]",0,3
4662,3059,"2026-08-18 17:12:08.077",false,"[""RESTRICTED_HS_CODE""]",30,3
4663,9478,"2026-08-18 17:12:08.077",true,"[]",0,3
4664,9942,"2026-08-18 17:12:08.077",true,"[]",0,3
4665,7344,"2026-08-18 17:12:08.077",true,"[]",0,3
4666,262,"2026-08-18 17:12:08.077",true,"[]",0,3
4667,8731,"2026-08-18 17:12:08.077",true,"[]",0,3
4668,3148,"2026-08-18 17:12:08.077",true,"[]",0,3
4669,1190,"2026-08-18 17:12:08.077",true,"[]",0,3
4670,7978,"2026-08-18 17:12:08.077",true,"[]",0,3
4671,2242,"2026-08-18 17:12:08.077",true,"[]",0,3
4672,2854,"2026-08-18 17:12:08.077",true,"[]",0,3
4673,836,"2026-08-18 17:12:08.077",true,"[]",0,3
4674,7039,"2026-08-18 17:12:08.077",true,"[]",0,3
4675,3172,"2026-08-18 17:12:08.077",false,"[""RESTRICTED_HS_CODE""]",30,3
4676,2929,"2026-08-18 17:12:08.077",true,"[]",0,3
4677,1033,"2026-08-18 17:12:08.077",true,"[]",0,3
4678,2235,"2026-08-18 17:12:08.077",false,"[""RESTRICTED_HS_CODE""]",30,3
4679,6958,"2026-08-18 17:12:08.077",true,"[]",0,3
4680,4668,"2026-08-18 17:12:08.077",false,"[""RESTRICTED_HS_CODE""]",30,3
4681,2376,"2026-08-18 17:12:08.077",true,"[]",0,3
4682,410,"2026-08-18 17:12:08.077",false,"[""RESTRICTED_HS_CODE""]",30,3
4683,1735,"2026-08-18 17:12:08.077",true,"[]",0,3
4684,6060,"2026-08-18 17:12:08.077",true,"[]",0,3
4685,2049,"2026-08-18 17:12:08.077",true,"[]",0,3
4686,9226,"2026-08-18 17:12:08.077",true,"[]",0,3
4687,7031,"2026-08-18 17:12:08.077",true,"[]",0,3
4688,4751,"2026-08-18 17:12:08.077",true,"[]",0,3
4689,3528,"2026-08-18 17:12:08.077",true,"[]",0,3
4690,7585,"2026-08-18 17:12:08.077",true,"[]",0,3
4691,5277,"2026-08-18 17:12:08.077",true,"[]",0,3
4692,7052,"2026-08-18 17:12:08.077",true,"[]",0,3
4693,3803,"2026-08-18 17:12:08.077",false,"[""RESTRICTED_HS_CODE""]",30,3
4694,9126,"2026-08-18 17:12:08.077",true,"[]",0,3
4695,9505,"2026-08-18 17:12:08.077",true,"[]",0,3
4696,7262,"2026-08-18 17:12:08.077",true,"[]",0,3
4697,449,"2026-08-18 17:12:08.077",true,"[]",0,3
4698,6555,"2026-08-18 17:12:08.077",true,"[]",0,3
4699,4608,"2026-08-18 17:12:08.077",true,"[]",0,3
4700,2142,"2026-08-18 17:12:08.077",true,"[]",0,3
4701,2303,"2026-08-18 17:12:08.077",true,"[]",0,3
4702,2017,"2026-08-18 17:12:08.077",true,"[]",0,3
4703,4070,"2026-08-18 17:12:08.077",true,"[]",0,3
4704,4942,"2026-08-18 17:12:08.077",true,"[]",0,3
4705,634,"2026-08-18 17:12:08.077",true,"[]",0,3
4706,7418,"2026-08-18 17:12:08.077",true,"[]",0,3
4707,9700,"2026-08-18 17:12:08.077",true,"[]",0,3
4708,6054,"2026-08-18 17:12:08.077",true,"[]",0,3
4709,7370,"2026-08-18 17:12:08.077",true,"[]",0,3
4710,5418,"2026-08-18 17:12:08.077",false,"[""RESTRICTED_HS_CODE""]",30,3
4711,5655,"2026-08-18 17:12:08.077",true,"[]",0,3
4712,5061,"2026-08-18 17:12:08.077",true,"[]",0,3
4713,8323,"2026-08-18 17:12:08.077",true,"[]",0,3
4714,2715,"2026-08-18 17:12:08.077",true,"[]",0,3
4715,9964,"2026-08-18 17:12:08.077",true,"[]",0,3
4716,5841,"2026-08-18 17:12:08.077",true,"[]",0,3
4717,7816,"2026-08-18 17:12:08.077",true,"[]",0,3
4718,4825,"2026-08-18 17:12:08.077",true,"[]",0,3
4719,5144,"2026-08-18 17:12:08.077",true,"[]",0,3
4720,8636,"2026-08-18 17:12:08.077",true,"[]",0,3
4721,2903,"2026-08-18 17:12:08.077",false,"[""RESTRICTED_HS_CODE""]",30,3
4722,3233,"2026-08-18 17:12:08.077",true,"[]",0,3
4723,4082,"2026-08-18 17:12:08.077",true,"[]",0,3
4724,8958,"2026-08-18 17:12:08.077",true,"[]",0,3
4725,2177,"2026-08-18 17:12:08.077",true,"[]",0,3
4726,9138,"2026-08-18 17:12:08.077",true,"[]",0,3
4727,2154,"2026-08-18 17:12:08.077",true,"[]",0,3
4728,5865,"2026-08-18 17:12:08.077",true,"[]",0,3
4729,6697,"2026-08-18 17:12:08.077",true,"[]",0,3
4730,4035,"2026-08-18 17:12:08.077",true,"[]",0,3
4731,3260,"2026-08-18 17:12:08.077",true,"[]",0,3
4732,3460,"2026-08-18 17:12:08.077",true,"[]",0,3
4733,9183,"2026-08-18 17:12:08.077",true,"[]",0,3
4734,529,"2026-08-18 17:12:08.077",true,"[]",0,3
4735,558,"2026-08-18 17:12:08.077",true,"[]",0,3
4736,3974,"2026-08-18 17:12:08.077",true,"[""DANGEROUS_GOODS""]",20,3
4737,3312,"2026-08-18 17:12:08.077",true,"[]",0,3
4738,7994,"2026-08-18 17:12:08.077",true,"[]",0,3
4739,5227,"2026-08-18 17:12:08.077",true,"[]",0,3
4740,8150,"2026-08-18 17:12:08.077",true,"[]",0,3
4741,5795,"2026-08-18 17:12:08.077",true,"[]",0,3
4742,3325,"2026-08-18 17:12:08.077",true,"[]",0,3
4743,3987,"2026-08-18 17:12:08.077",true,"[]",0,3
4744,5725,"2026-08-18 17:12:08.077",true,"[]",0,3
4745,4038,"2026-08-18 17:12:08.077",true,"[]",0,3
4746,13,"2026-08-18 17:12:08.077",true,"[]",0,3
4747,1162,"2026-08-18 17:12:08.077",true,"[]",0,3
4748,4860,"2026-08-18 17:12:08.077",true,"[]",0,3
4749,4020,"2026-08-18 17:12:08.077",true,"[]",0,3
4750,1112,"2026-08-18 17:12:08.077",true,"[""DANGEROUS_GOODS""]",20,3
4751,4519,"2026-08-18 17:12:08.077",true,"[]",0,3
4752,7785,"2026-08-18 17:12:08.077",true,"[]",0,3
4753,8611,"2026-08-18 17:12:08.077",true,"[]",0,3
4754,7923,"2026-08-18 17:12:08.077",true,"[]",0,3
4755,4398,"2026-08-18 17:12:08.077",true,"[]",0,3
4756,8837,"2026-08-18 17:12:08.077",true,"[]",0,3
4757,9362,"2026-08-18 17:12:08.077",true,"[]",0,3
4758,1272,"2026-08-18 17:12:08.077",true,"[]",0,3
4759,1594,"2026-08-18 17:12:08.077",true,"[]",0,3
4760,7999,"2026-08-18 17:12:08.077",true,"[]",0,3
4761,1707,"2026-08-18 17:12:08.077",true,"[]",0,3
4762,7797,"2026-08-18 17:12:08.077",true,"[]",0,3
4763,2361,"2026-08-18 17:12:08.077",false,"[""RESTRICTED_HS_CODE""]",30,3
4764,1835,"2026-08-18 17:12:08.077",true,"[]",0,3
4765,7152,"2026-08-18 17:12:08.077",true,"[]",0,3
4766,3861,"2026-08-18 17:12:08.077",false,"[""RESTRICTED_HS_CODE""]",30,3
4767,142,"2026-08-18 17:12:08.077",true,"[]",0,3
4768,3361,"2026-08-18 17:12:08.077",true,"[]",0,3
4769,3391,"2026-08-18 17:12:08.077",true,"[]",0,3
4770,1615,"2026-08-18 17:12:08.077",true,"[]",0,3
4771,101,"2026-08-18 17:12:08.077",true,"[]",0,3
4772,2499,"2026-08-18 17:12:08.077",true,"[]",0,3
4773,9847,"2026-08-18 17:12:08.077",false,"[""RESTRICTED_HS_CODE""]",30,3
4774,4901,"2026-08-18 17:12:08.077",true,"[]",0,3
4775,3547,"2026-08-18 17:12:08.077",true,"[]",0,3
4776,811,"2026-08-18 17:12:08.077",true,"[]",0,3
4777,6190,"2026-08-18 17:12:08.077",true,"[]",0,3
4778,7055,"2026-08-18 17:12:08.077",false,"[""RESTRICTED_HS_CODE""]",30,3
4779,6306,"2026-08-18 17:12:08.077",true,"[]",0,3
4780,852,"2026-08-18 17:12:08.077",true,"[]",0,3
4781,5515,"2026-08-18 17:12:08.077",true,"[]",0,3
4782,9918,"2026-08-18 17:12:08.077",true,"[]",0,3
4783,8118,"2026-08-18 17:12:08.077",true,"[]",0,3
4784,2081,"2026-08-18 17:12:08.077",true,"[]",0,3
4785,6801,"2026-08-18 17:12:08.077",true,"[]",0,3
4786,1181,"2026-08-18 17:12:08.077",true,"[]",0,3
4787,5107,"2026-08-18 17:12:08.077",false,"[""RESTRICTED_HS_CODE""]",30,3
4788,7022,"2026-08-18 17:12:08.077",true,"[]",0,3
4789,1382,"2026-08-18 17:12:08.077",true,"[]",0,3
4790,282,"2026-08-18 17:12:08.077",true,"[]",0,3
4791,9032,"2026-08-18 17:12:08.077",true,"[]",0,3
4792,406,"2026-08-18 17:12:08.077",true,"[]",0,3
4793,3402,"2026-08-18 17:12:08.077",true,"[]",0,3
4794,1895,"2026-08-18 17:12:08.077",true,"[]",0,3
4795,5966,"2026-08-18 17:12:08.077",false,"[""RESTRICTED_HS_CODE""]",30,3
4796,169,"2026-08-18 17:12:08.077",true,"[]",0,3
4797,3659,"2026-08-18 17:12:08.077",false,"[""RESTRICTED_HS_CODE""]",30,3
4798,7688,"2026-08-18 17:12:08.077",true,"[]",0,3
4799,1045,"2026-08-18 17:12:08.077",true,"[]",0,3
4800,100,"2026-08-18 17:12:08.077",true,"[]",0,3
4801,2774,"2026-08-18 17:12:08.077",false,"[""RESTRICTED_HS_CODE""]",30,3
4802,5142,"2026-08-18 17:12:08.077",true,"[]",0,3
4803,4408,"2026-08-18 17:12:08.077",true,"[]",0,3
4804,6408,"2026-08-18 17:12:08.077",true,"[]",0,3
4805,8762,"2026-08-18 17:12:08.077",true,"[]",0,3
4806,9852,"2026-08-18 17:12:08.077",true,"[]",0,3
4807,5201,"2026-08-18 17:12:08.077",true,"[]",0,3
4808,1592,"2026-08-18 17:12:08.077",true,"[]",0,3
4809,4271,"2026-08-18 17:12:08.077",true,"[]",0,3
4810,4318,"2026-08-18 17:12:08.077",false,"[""RESTRICTED_HS_CODE"",""DANGEROUS_GOODS""]",50,3
4811,7774,"2026-08-18 17:12:08.077",true,"[]",0,3
4812,970,"2026-08-18 17:12:08.077",true,"[]",0,3
4813,7739,"2026-08-18 17:12:08.077",false,"[""RESTRICTED_HS_CODE""]",30,3
4814,428,"2026-08-18 17:12:08.077",true,"[]",0,3
4815,9241,"2026-08-18 17:12:08.077",true,"[]",0,3
4816,3113,"2026-08-18 17:12:08.077",true,"[]",0,3
4817,6783,"2026-08-18 17:12:08.077",true,"[]",0,3
4818,4374,"2026-08-18 17:12:08.077",false,"[""RESTRICTED_HS_CODE""]",30,3
4819,9499,"2026-08-18 17:12:08.077",true,"[]",0,3
4820,8408,"2026-08-18 17:12:08.077",true,"[]",0,3
4821,1951,"2026-08-18 17:12:08.077",true,"[]",0,3
4822,8471,"2026-08-18 17:12:08.077",true,"[]",0,3
4823,5980,"2026-08-18 17:12:08.077",true,"[]",0,3
4824,7261,"2026-08-18 17:12:08.077",false,"[""RESTRICTED_HS_CODE""]",30,3
4825,9399,"2026-08-18 17:12:08.077",true,"[]",0,3
4826,3829,"2026-08-18 17:12:08.077",false,"[""RESTRICTED_HS_CODE""]",30,3
4827,6560,"2026-08-18 17:12:08.077",true,"[]",0,3
4828,8296,"2026-08-18 17:12:08.077",true,"[""DANGEROUS_GOODS""]",20,3
4829,8908,"2026-08-18 17:12:08.077",true,"[]",0,3
4830,2336,"2026-08-18 17:12:08.077",true,"[]",0,3
4831,3535,"2026-08-18 17:12:08.077",true,"[]",0,3
4832,9573,"2026-08-18 17:12:08.077",true,"[]",0,3
4833,6704,"2026-08-18 17:12:08.077",false,"[""RESTRICTED_HS_CODE""]",30,3
4834,4615,"2026-08-18 17:12:08.077",true,"[]",0,3
4835,8200,"2026-08-18 17:12:08.077",true,"[]",0,3
4836,6906,"2026-08-18 17:12:08.077",true,"[]",0,3
4837,2816,"2026-08-18 17:12:08.077",false,"[""RESTRICTED_HS_CODE""]",30,3
4838,4514,"2026-08-18 17:12:08.077",true,"[""DANGEROUS_GOODS""]",20,3
4839,2307,"2026-08-18 17:12:08.077",true,"[]",0,3
4840,1760,"2026-08-18 17:12:08.077",true,"[]",0,3
4841,2838,"2026-08-18 17:12:08.077",true,"[]",0,3
4842,8235,"2026-08-18 17:12:08.077",true,"[]",0,3
4843,6155,"2026-08-18 17:12:08.077",true,"[]",0,3
4844,5801,"2026-08-18 17:12:08.077",true,"[]",0,3
4845,440,"2026-08-18 17:12:08.077",true,"[]",0,3
4846,9004,"2026-08-18 17:12:08.077",true,"[]",0,3
4847,709,"2026-08-18 17:12:08.077",true,"[]",0,3
4848,2905,"2026-08-18 17:12:08.077",true,"[]",0,3
4849,9377,"2026-08-18 17:12:08.077",true,"[]",0,3
4850,3363,"2026-08-18 17:12:08.077",true,"[]",0,3
4851,3385,"2026-08-18 17:12:08.077",true,"[]",0,3
4852,8671,"2026-08-18 17:12:08.077",true,"[]",0,3
4853,8718,"2026-08-18 17:12:08.077",true,"[]",0,3
4854,734,"2026-08-18 17:12:08.077",false,"[""RESTRICTED_HS_CODE""]",30,3
4855,9277,"2026-08-18 17:12:08.077",true,"[]",0,3
4856,1710,"2026-08-18 17:12:08.077",true,"[]",0,3
4857,3291,"2026-08-18 17:12:08.077",true,"[]",0,3
4858,9443,"2026-08-18 17:12:08.077",true,"[]",0,3
4859,5394,"2026-08-18 17:12:08.077",true,"[]",0,3
4860,1563,"2026-08-18 17:12:08.077",true,"[]",0,3
4861,1081,"2026-08-18 17:12:08.077",true,"[]",0,3
4862,1787,"2026-08-18 17:12:08.077",true,"[]",0,3
4863,4322,"2026-08-18 17:12:08.077",false,"[""RESTRICTED_HS_CODE"",""DANGEROUS_GOODS""]",50,3
4864,7246,"2026-08-18 17:12:08.077",true,"[]",0,3
4865,9743,"2026-08-18 17:12:08.077",true,"[]",0,3
4866,4896,"2026-08-18 17:12:08.077",true,"[]",0,3
4867,7885,"2026-08-18 17:12:08.077",true,"[]",0,3
4868,2597,"2026-08-18 17:12:08.077",true,"[""DANGEROUS_GOODS""]",20,3
4869,7680,"2026-08-18 17:12:08.077",true,"[]",0,3
4870,3783,"2026-08-18 17:12:08.077",false,"[""RESTRICTED_HS_CODE""]",30,3
4871,794,"2026-08-18 17:12:08.077",true,"[""DANGEROUS_GOODS""]",20,3
4872,5843,"2026-08-18 17:12:08.077",true,"[]",0,3
4873,5405,"2026-08-18 17:12:08.077",true,"[""DANGEROUS_GOODS""]",20,3
4874,2876,"2026-08-18 17:12:08.077",true,"[""DANGEROUS_GOODS""]",20,3
4875,375,"2026-08-18 17:12:08.077",true,"[]",0,3
4876,1309,"2026-08-18 17:12:08.077",true,"[]",0,3
4877,279,"2026-08-18 17:12:08.077",true,"[""DANGEROUS_GOODS""]",20,3
4878,1016,"2026-08-18 17:12:08.077",true,"[]",0,3
4879,6444,"2026-08-18 17:12:08.077",true,"[]",0,3
4880,95,"2026-08-18 17:12:08.077",true,"[]",0,3
4881,2384,"2026-08-18 17:12:08.077",true,"[]",0,3
4882,6896,"2026-08-18 17:12:08.077",false,"[""RESTRICTED_HS_CODE""]",30,3
4883,607,"2026-08-18 17:12:08.077",true,"[]",0,3
4884,2983,"2026-08-18 17:12:08.077",true,"[]",0,3
4885,4062,"2026-08-18 17:12:08.077",true,"[]",0,3
4886,3802,"2026-08-18 17:12:08.077",true,"[]",0,3
4887,7660,"2026-08-18 17:12:08.077",true,"[]",0,3
4888,4450,"2026-08-18 17:12:08.077",true,"[]",0,3
4889,6528,"2026-08-18 17:12:08.077",true,"[]",0,3
4890,2338,"2026-08-18 17:12:08.077",true,"[]",0,3
4891,148,"2026-08-18 17:12:08.077",true,"[]",0,3
4892,7421,"2026-08-18 17:12:08.077",false,"[""RESTRICTED_HS_CODE""]",30,3
4893,8891,"2026-08-18 17:12:08.077",true,"[]",0,3
4894,2667,"2026-08-18 17:12:08.077",true,"[]",0,3
4895,4412,"2026-08-18 17:12:08.077",true,"[]",0,3
4896,4320,"2026-08-18 17:12:08.077",true,"[]",0,3
4897,9102,"2026-08-18 17:12:08.077",false,"[""RESTRICTED_HS_CODE""]",30,3
4898,5311,"2026-08-18 17:12:08.077",true,"[]",0,3
4899,1114,"2026-08-18 17:12:08.077",true,"[]",0,3
4900,5379,"2026-08-18 17:12:08.077",true,"[]",0,3
4901,4847,"2026-08-18 17:12:08.077",true,"[]",0,3
4902,9374,"2026-08-18 17:12:08.077",false,"[""RESTRICTED_HS_CODE""]",30,3
4903,5717,"2026-08-18 17:12:08.077",true,"[]",0,3
4904,7793,"2026-08-18 17:12:08.077",false,"[""RESTRICTED_HS_CODE""]",30,3
4905,8179,"2026-08-18 17:12:08.077",false,"[""RESTRICTED_HS_CODE""]",30,3
4906,8261,"2026-08-18 17:12:08.077",true,"[]",0,3
4907,7874,"2026-08-18 17:12:08.077",true,"[]",0,3
4908,4975,"2026-08-18 17:12:08.077",true,"[]",0,3
4909,6503,"2026-08-18 17:12:08.077",true,"[]",0,3
4910,7960,"2026-08-18 17:12:08.077",true,"[]",0,3
4911,2908,"2026-08-18 17:12:08.077",true,"[]",0,3
4912,3160,"2026-08-18 17:12:08.077",true,"[]",0,3
4913,3687,"2026-08-18 17:12:08.077",true,"[]",0,3
4914,7335,"2026-08-18 17:12:08.077",true,"[]",0,3
4915,2434,"2026-08-18 17:12:08.077",true,"[]",0,3
4916,4144,"2026-08-18 17:12:08.077",true,"[]",0,3
4917,3809,"2026-08-18 17:12:08.077",true,"[]",0,3
4918,2360,"2026-08-18 17:12:08.077",true,"[]",0,3
4919,3189,"2026-08-18 17:12:08.077",true,"[]",0,3
4920,1174,"2026-08-18 17:12:08.077",true,"[]",0,3
4921,4243,"2026-08-18 17:12:08.077",true,"[]",0,3
4922,9899,"2026-08-18 17:12:08.077",true,"[]",0,3
4923,7979,"2026-08-18 17:12:08.077",true,"[]",0,3
4924,4848,"2026-08-18 17:12:08.077",true,"[]",0,3
4925,2661,"2026-08-18 17:12:08.077",true,"[]",0,3
4926,3129,"2026-08-18 17:12:08.077",false,"[""RESTRICTED_HS_CODE""]",30,3
4927,883,"2026-08-18 17:12:08.077",true,"[]",0,3
4928,7442,"2026-08-18 17:12:08.077",true,"[""DANGEROUS_GOODS""]",20,3
4929,4965,"2026-08-18 17:12:08.077",true,"[]",0,3
4930,8061,"2026-08-18 17:12:08.077",true,"[]",0,3
4931,9665,"2026-08-18 17:12:08.077",true,"[]",0,3
4932,9702,"2026-08-18 17:12:08.077",true,"[]",0,3
4933,3188,"2026-08-18 17:12:08.077",true,"[]",0,3
4934,119,"2026-08-18 17:12:08.077",true,"[]",0,3
4935,4939,"2026-08-18 17:12:08.077",true,"[""DANGEROUS_GOODS""]",20,3
4936,9841,"2026-08-18 17:12:08.077",true,"[]",0,3
4937,8642,"2026-08-18 17:12:08.077",true,"[]",0,3
4938,6400,"2026-08-18 17:12:08.077",true,"[""DANGEROUS_GOODS""]",20,3
4939,6870,"2026-08-18 17:12:08.077",true,"[]",0,3
4940,7237,"2026-08-18 17:12:08.077",true,"[]",0,3
4941,8497,"2026-08-18 17:12:08.077",true,"[]",0,3
4942,6011,"2026-08-18 17:12:08.077",true,"[]",0,3
4943,6782,"2026-08-18 17:12:08.077",true,"[]",0,3
4944,5672,"2026-08-18 17:12:08.077",true,"[]",0,3
4945,9061,"2026-08-18 17:12:08.077",true,"[""DANGEROUS_GOODS""]",20,3
4946,3968,"2026-08-18 17:12:08.077",true,"[""DANGEROUS_GOODS""]",20,3
4947,1197,"2026-08-18 17:12:08.077",true,"[]",0,3
4948,8662,"2026-08-18 17:12:08.077",true,"[]",0,3
4949,3474,"2026-08-18 17:12:08.077",true,"[]",0,3
4950,3660,"2026-08-18 17:12:08.077",true,"[]",0,3
4951,3001,"2026-08-18 17:12:08.077",true,"[]",0,3
4952,3627,"2026-08-18 17:12:08.077",false,"[""RESTRICTED_HS_CODE""]",30,3
4953,2138,"2026-08-18 17:12:08.077",true,"[]",0,3
4954,9002,"2026-08-18 17:12:08.077",true,"[]",0,3
4955,8170,"2026-08-18 17:12:08.077",true,"[]",0,3
4956,9549,"2026-08-18 17:12:08.077",true,"[]",0,3
4957,4366,"2026-08-18 17:12:08.077",true,"[]",0,3
4958,6944,"2026-08-18 17:12:08.077",true,"[]",0,3
4959,7172,"2026-08-18 17:12:08.077",false,"[""RESTRICTED_HS_CODE"",""DANGEROUS_GOODS""]",50,3
4960,9590,"2026-08-18 17:12:08.077",true,"[]",0,3
4961,9744,"2026-08-18 17:12:08.077",true,"[]",0,3
4962,4927,"2026-08-18 17:12:08.077",true,"[]",0,3
4963,5618,"2026-08-18 17:12:08.077",true,"[""DANGEROUS_GOODS""]",20,3
4964,5574,"2026-08-18 17:12:08.077",true,"[]",0,3
4965,7281,"2026-08-18 17:12:08.077",true,"[]",0,3
4966,60,"2026-08-18 17:12:08.077",false,"[""RESTRICTED_HS_CODE""]",30,3
4967,1754,"2026-08-18 17:12:08.077",true,"[""DANGEROUS_GOODS""]",20,3
4968,3548,"2026-08-18 17:12:08.077",true,"[]",0,3
4969,2849,"2026-08-18 17:12:08.077",true,"[]",0,3
4970,1237,"2026-08-18 17:12:08.077",true,"[]",0,3
4971,4152,"2026-08-18 17:12:08.077",true,"[]",0,3
4972,6401,"2026-08-18 17:12:08.077",true,"[]",0,3
4973,9710,"2026-08-18 17:12:08.077",false,"[""RESTRICTED_HS_CODE""]",30,3
4974,4351,"2026-08-18 17:12:08.077",true,"[]",0,3
4975,1261,"2026-08-18 17:12:08.077",true,"[]",0,3
4976,7974,"2026-08-18 17:12:08.077",true,"[]",0,3
4977,6568,"2026-08-18 17:12:08.077",true,"[]",0,3
4978,1107,"2026-08-18 17:12:08.077",true,"[]",0,3
4979,6838,"2026-08-18 17:12:08.077",true,"[]",0,3
4980,1222,"2026-08-18 17:12:08.077",true,"[""DANGEROUS_GOODS""]",20,3
4981,682,"2026-08-18 17:12:08.077",true,"[]",0,3
4982,1621,"2026-08-18 17:12:08.077",false,"[""RESTRICTED_HS_CODE""]",30,3
4983,2010,"2026-08-18 17:12:08.077",false,"[""RESTRICTED_HS_CODE""]",30,3
4984,9678,"2026-08-18 17:12:08.077",false,"[""RESTRICTED_HS_CODE""]",30,3
4985,663,"2026-08-18 17:12:08.077",true,"[]",0,3
4986,357,"2026-08-18 17:12:08.077",true,"[]",0,3
4987,2735,"2026-08-18 17:12:08.077",true,"[]",0,3
4988,3498,"2026-08-18 17:12:08.077",true,"[]",0,3
4989,128,"2026-08-18 17:12:08.077",true,"[]",0,3
4990,2633,"2026-08-18 17:12:08.077",true,"[]",0,3
4991,882,"2026-08-18 17:12:08.077",true,"[]",0,3
4992,8969,"2026-08-18 17:12:08.077",true,"[]",0,3
4993,8264,"2026-08-18 17:12:08.077",true,"[]",0,3
4994,13206,"2026-08-18 17:12:08.077",false,"[""RESTRICTED_HS_CODE""]",30,3
4995,7992,"2026-08-18 17:12:08.077",true,"[]",0,3
4996,4854,"2026-08-18 17:12:08.077",true,"[]",0,3
4997,826,"2026-08-18 17:12:08.077",false,"[""RESTRICTED_HS_CODE""]",30,3
4998,2727,"2026-08-18 17:12:08.077",true,"[]",0,3
4999,7587,"2026-08-18 17:12:08.077",true,"[]",0,3
5000,9294,"2026-08-18 17:12:08.077",true,"[""DANGEROUS_GOODS""]",20,3
5001,5514,"2026-08-18 17:12:08.077",true,"[]",0,3
5002,9121,"2026-08-18 17:12:08.077",true,"[]",0,3
5003,5689,"2026-08-18 17:12:08.077",false,"[""RESTRICTED_HS_CODE""]",30,3
5004,3062,"2026-08-18 17:12:08.077",true,"[]",0,3
5005,4461,"2026-08-18 17:12:08.077",true,"[]",0,3
5006,9396,"2026-08-18 17:12:08.077",true,"[]",0,3
5007,5413,"2026-08-18 17:12:08.077",true,"[]",0,3
5008,3767,"2026-08-18 17:12:08.077",true,"[]",0,3
5009,6957,"2026-08-18 17:12:08.077",true,"[]",0,3
5010,9432,"2026-08-18 17:12:08.077",true,"[]",0,3
5011,2239,"2026-08-18 17:12:08.077",true,"[]",0,3
5012,4498,"2026-08-18 17:12:08.077",true,"[]",0,3
5013,3995,"2026-08-18 17:12:08.077",true,"[]",0,3
5014,9258,"2026-08-18 17:12:08.077",true,"[]",0,3
5015,4459,"2026-08-18 17:12:08.077",true,"[]",0,3
5016,7082,"2026-08-18 17:12:08.077",false,"[""RESTRICTED_HS_CODE""]",30,3
5017,8980,"2026-08-18 17:12:08.077",true,"[]",0,3
5018,5669,"2026-08-18 17:12:08.077",true,"[]",0,3
5019,772,"2026-08-18 17:12:08.077",true,"[]",0,3
5020,6953,"2026-08-18 17:12:08.077",true,"[]",0,3
5021,565,"2026-08-18 17:12:08.077",true,"[]",0,3
5022,349,"2026-08-18 17:12:08.077",true,"[]",0,3
5023,6008,"2026-08-18 17:12:08.077",true,"[]",0,3
5024,9143,"2026-08-18 17:12:08.077",true,"[]",0,3
5025,5721,"2026-08-18 17:12:08.077",true,"[]",0,3
5026,5971,"2026-08-18 17:12:08.077",true,"[]",0,3
5027,1327,"2026-08-18 17:12:08.077",true,"[]",0,3
5028,5425,"2026-08-18 17:12:08.077",true,"[]",0,3
5029,992,"2026-08-18 17:12:08.077",true,"[]",0,3
5030,3769,"2026-08-18 17:12:08.077",false,"[""RESTRICTED_HS_CODE""]",30,3
5031,9082,"2026-08-18 17:12:08.077",true,"[]",0,3
5032,3118,"2026-08-18 17:12:08.077",true,"[]",0,3
5033,4085,"2026-08-18 17:12:08.077",false,"[""RESTRICTED_HS_CODE""]",30,3
5034,4232,"2026-08-18 17:12:08.077",true,"[]",0,3
5035,8503,"2026-08-18 17:12:08.077",true,"[]",0,3
5036,2868,"2026-08-18 17:12:08.077",true,"[]",0,3
5037,4983,"2026-08-18 17:12:08.077",true,"[]",0,3
5038,1075,"2026-08-18 17:12:08.077",true,"[]",0,3
5039,2103,"2026-08-18 17:12:08.077",true,"[]",0,3
5040,1620,"2026-08-18 17:12:08.077",true,"[]",0,3
5041,1406,"2026-08-18 17:12:08.077",true,"[]",0,3
5042,9623,"2026-08-18 17:12:08.077",true,"[]",0,3
5043,6303,"2026-08-18 17:12:08.077",true,"[]",0,3
5044,5543,"2026-08-18 17:12:08.077",true,"[]",0,3
5045,5973,"2026-08-18 17:12:08.077",true,"[]",0,3
5046,6609,"2026-08-18 17:12:08.077",true,"[]",0,3
5047,4545,"2026-08-18 17:12:08.077",true,"[]",0,3
5048,5575,"2026-08-18 17:12:08.077",false,"[""RESTRICTED_HS_CODE""]",30,3
5049,8942,"2026-08-18 17:12:08.077",true,"[]",0,3
5050,9464,"2026-08-18 17:12:08.077",true,"[]",0,3
5051,2079,"2026-08-18 17:12:08.077",true,"[]",0,3
5052,2565,"2026-08-18 17:12:08.077",false,"[""RESTRICTED_HS_CODE""]",30,3
5053,1142,"2026-08-18 17:12:08.077",true,"[""DANGEROUS_GOODS""]",20,3
5054,2863,"2026-08-18 17:12:08.077",true,"[]",0,3
5055,2751,"2026-08-18 17:12:08.077",true,"[]",0,3
5056,2852,"2026-08-18 17:12:08.077",true,"[]",0,3
5057,3367,"2026-08-18 17:12:08.077",true,"[]",0,3
5058,4324,"2026-08-18 17:12:08.077",true,"[]",0,3
5059,7174,"2026-08-18 17:12:08.077",true,"[]",0,3
5060,5097,"2026-08-18 17:12:08.077",true,"[]",0,3
5061,5362,"2026-08-18 17:12:08.077",true,"[]",0,3
5062,5318,"2026-08-18 17:12:08.077",true,"[]",0,3
5063,3407,"2026-08-18 17:12:08.077",false,"[""RESTRICTED_HS_CODE""]",30,3
5064,9408,"2026-08-18 17:12:08.077",true,"[]",0,3
5065,2233,"2026-08-18 17:12:08.077",true,"[]",0,3
5066,6025,"2026-08-18 17:12:08.077",true,"[]",0,3
5067,1859,"2026-08-18 17:12:08.077",true,"[]",0,3
5068,4482,"2026-08-18 17:12:08.077",true,"[]",0,3
5069,1995,"2026-08-18 17:12:08.077",true,"[""DANGEROUS_GOODS""]",20,3
5070,1276,"2026-08-18 17:12:08.077",true,"[]",0,3
5071,578,"2026-08-18 17:12:08.077",true,"[]",0,3
5072,9137,"2026-08-18 17:12:08.077",true,"[]",0,3
5073,206,"2026-08-18 17:12:08.077",true,"[]",0,3
5074,1946,"2026-08-18 17:12:08.077",true,"[]",0,3
5075,7784,"2026-08-18 17:12:08.077",true,"[]",0,3
5076,777,"2026-08-18 17:12:08.077",true,"[]",0,3
5077,5208,"2026-08-18 17:12:08.077",true,"[]",0,3
5078,2279,"2026-08-18 17:12:08.077",true,"[""DANGEROUS_GOODS""]",20,3
5079,5271,"2026-08-18 17:12:08.077",true,"[]",0,3
5080,9062,"2026-08-18 17:12:08.077",true,"[]",0,3
5081,5402,"2026-08-18 17:12:08.077",true,"[]",0,3
5082,6354,"2026-08-18 17:12:08.077",false,"[""RESTRICTED_HS_CODE"",""DANGEROUS_GOODS""]",50,3
5083,8974,"2026-08-18 17:12:08.077",true,"[]",0,3
5084,8292,"2026-08-18 17:12:08.077",true,"[]",0,3
5085,615,"2026-08-18 17:12:08.077",true,"[]",0,3
5086,5280,"2026-08-18 17:12:08.077",true,"[]",0,3
5087,4029,"2026-08-18 17:12:08.077",true,"[]",0,3
5088,8864,"2026-08-18 17:12:08.077",true,"[]",0,3
5089,3386,"2026-08-18 17:12:08.077",true,"[""DANGEROUS_GOODS""]",20,3
5090,5303,"2026-08-18 17:12:08.077",true,"[]",0,3
5091,2933,"2026-08-18 17:12:08.077",true,"[]",0,3
5092,8419,"2026-08-18 17:12:08.077",false,"[""RESTRICTED_HS_CODE""]",30,3
5093,9737,"2026-08-18 17:12:08.077",true,"[]",0,3
5094,3831,"2026-08-18 17:12:08.077",false,"[""RESTRICTED_HS_CODE""]",30,3
5095,5728,"2026-08-18 17:12:08.077",false,"[""RESTRICTED_HS_CODE""]",30,3
5096,1595,"2026-08-18 17:12:08.077",true,"[]",0,3
5097,5611,"2026-08-18 17:12:08.077",false,"[""RESTRICTED_HS_CODE""]",30,3
5098,770,"2026-08-18 17:12:08.077",true,"[]",0,3
5099,26,"2026-08-18 17:12:08.077",true,"[]",0,3
5100,5298,"2026-08-18 17:12:08.077",true,"[]",0,3
5101,2032,"2026-08-18 17:12:08.077",true,"[]",0,3
5102,6471,"2026-08-18 17:12:08.077",true,"[]",0,3
5103,3559,"2026-08-18 17:12:08.077",true,"[]",0,3
5104,831,"2026-08-18 17:12:08.077",true,"[]",0,3
5105,4178,"2026-08-18 17:12:08.077",true,"[]",0,3
5106,1139,"2026-08-18 17:12:08.077",true,"[]",0,3
5107,6239,"2026-08-18 17:12:08.077",true,"[]",0,3
5108,5885,"2026-08-18 17:12:08.077",true,"[]",0,3
5109,9167,"2026-08-18 17:12:08.077",true,"[]",0,3
5110,8628,"2026-08-18 17:12:08.077",true,"[]",0,3
5111,8161,"2026-08-18 17:12:08.077",true,"[]",0,3
5112,7215,"2026-08-18 17:12:08.077",true,"[""DANGEROUS_GOODS""]",20,3
5113,8589,"2026-08-18 17:12:08.077",true,"[]",0,3
5114,523,"2026-08-18 17:12:08.077",true,"[]",0,3
5115,4170,"2026-08-18 17:12:08.077",true,"[]",0,3
5116,1705,"2026-08-18 17:12:08.077",true,"[""DANGEROUS_GOODS""]",20,3
5117,4878,"2026-08-18 17:12:08.077",true,"[]",0,3
5118,540,"2026-08-18 17:12:08.077",true,"[]",0,3
5119,6196,"2026-08-18 17:12:08.077",true,"[]",0,3
5120,8818,"2026-08-18 17:12:08.077",true,"[]",0,3
5121,5997,"2026-08-18 17:12:08.077",true,"[]",0,3
5122,1916,"2026-08-18 17:12:08.077",true,"[]",0,3
5123,2739,"2026-08-18 17:12:08.077",true,"[]",0,3
5124,7081,"2026-08-18 17:12:08.077",true,"[]",0,3
5125,741,"2026-08-18 17:12:08.077",true,"[]",0,3
5126,7068,"2026-08-18 17:12:08.077",true,"[]",0,3
5127,9461,"2026-08-18 17:12:08.077",true,"[]",0,3
5128,5601,"2026-08-18 17:12:08.077",true,"[]",0,3
5129,7749,"2026-08-18 17:12:08.077",true,"[]",0,3
5130,398,"2026-08-18 17:12:08.077",true,"[]",0,3
5131,2143,"2026-08-18 17:12:08.077",true,"[]",0,3
5132,6625,"2026-08-18 17:12:08.077",true,"[]",0,3
5133,393,"2026-08-18 17:12:08.077",true,"[]",0,3
5134,3398,"2026-08-18 17:12:08.077",true,"[]",0,3
5135,922,"2026-08-18 17:12:08.077",true,"[]",0,3
5136,7226,"2026-08-18 17:12:08.077",true,"[]",0,3
5137,1994,"2026-08-18 17:12:08.077",true,"[]",0,3
5138,6659,"2026-08-18 17:12:08.077",true,"[]",0,3
5139,6710,"2026-08-18 17:12:08.077",true,"[]",0,3
5140,2389,"2026-08-18 17:12:08.077",true,"[]",0,3
5141,2124,"2026-08-18 17:12:08.077",false,"[""RESTRICTED_HS_CODE""]",30,3
5142,6941,"2026-08-18 17:12:08.077",false,"[""RESTRICTED_HS_CODE""]",30,3
5143,8207,"2026-08-18 17:12:08.077",true,"[]",0,3
5144,7738,"2026-08-18 17:12:08.077",true,"[]",0,3
5145,2208,"2026-08-18 17:12:08.077",true,"[]",0,3
5146,1333,"2026-08-18 17:12:08.077",true,"[]",0,3
5147,8673,"2026-08-18 17:12:08.077",false,"[""RESTRICTED_HS_CODE""]",30,3
5148,4994,"2026-08-18 17:12:08.077",true,"[]",0,3
5149,526,"2026-08-18 17:12:08.077",true,"[]",0,3
5150,3902,"2026-08-18 17:12:08.077",true,"[]",0,3
5151,8416,"2026-08-18 17:12:08.077",true,"[]",0,3
5152,1040,"2026-08-18 17:12:08.077",true,"[]",0,3
5153,1334,"2026-08-18 17:12:08.077",true,"[]",0,3
5154,9525,"2026-08-18 17:12:08.077",true,"[]",0,3
5155,7825,"2026-08-18 17:12:08.077",true,"[]",0,3
5156,6419,"2026-08-18 17:12:08.077",true,"[]",0,3
5157,907,"2026-08-18 17:12:08.077",false,"[""RESTRICTED_HS_CODE""]",30,3
5158,543,"2026-08-18 17:12:08.077",true,"[]",0,3
5159,9733,"2026-08-18 17:12:08.077",true,"[]",0,3
5160,7803,"2026-08-18 17:12:08.077",true,"[]",0,3
5161,1201,"2026-08-18 17:12:08.077",false,"[""RESTRICTED_HS_CODE""]",30,3
5162,9804,"2026-08-18 17:12:08.077",true,"[]",0,3
5163,955,"2026-08-18 17:12:08.077",true,"[]",0,3
5164,8176,"2026-08-18 17:12:08.077",true,"[]",0,3
5165,9596,"2026-08-18 17:12:08.077",true,"[]",0,3
5166,8334,"2026-08-18 17:12:08.077",true,"[]",0,3
5167,2535,"2026-08-18 17:12:08.077",true,"[]",0,3
5168,2693,"2026-08-18 17:12:08.077",true,"[]",0,3
5169,7447,"2026-08-18 17:12:08.077",true,"[]",0,3
5170,7840,"2026-08-18 17:12:08.077",true,"[]",0,3
5171,7195,"2026-08-18 17:12:08.077",true,"[]",0,3
5172,8533,"2026-08-18 17:12:08.077",true,"[]",0,3
5173,1486,"2026-08-18 17:12:08.077",true,"[]",0,3
5174,780,"2026-08-18 17:12:08.077",true,"[]",0,3
5175,4321,"2026-08-18 17:12:08.077",true,"[]",0,3
5176,618,"2026-08-18 17:12:08.077",true,"[]",0,3
5177,713,"2026-08-18 17:12:08.077",true,"[]",0,3
5178,8339,"2026-08-18 17:12:08.077",true,"[]",0,3
5179,6423,"2026-08-18 17:12:08.077",true,"[]",0,3
5180,6667,"2026-08-18 17:12:08.077",true,"[]",0,3
5181,1568,"2026-08-18 17:12:08.077",false,"[""RESTRICTED_HS_CODE""]",30,3
5182,8744,"2026-08-18 17:12:08.077",true,"[]",0,3
5183,1548,"2026-08-18 17:12:08.077",true,"[]",0,3
5184,5592,"2026-08-18 17:12:08.077",false,"[""RESTRICTED_HS_CODE""]",30,3
5185,5316,"2026-08-18 17:12:08.077",true,"[]",0,3
5186,1798,"2026-08-18 17:12:08.077",true,"[]",0,3
5187,1965,"2026-08-18 17:12:08.077",true,"[]",0,3
5188,2178,"2026-08-18 17:12:08.077",true,"[""DANGEROUS_GOODS""]",20,3
5189,7422,"2026-08-18 17:12:08.077",true,"[]",0,3
5190,7202,"2026-08-18 17:12:08.077",true,"[]",0,3
5191,8827,"2026-08-18 17:12:08.077",true,"[]",0,3
5192,8975,"2026-08-18 17:12:08.077",true,"[]",0,3
5193,3456,"2026-08-18 17:12:08.077",true,"[]",0,3
5194,2330,"2026-08-18 17:12:08.077",true,"[]",0,3
5195,7906,"2026-08-18 17:12:08.077",true,"[]",0,3
5196,8985,"2026-08-18 17:12:08.077",true,"[]",0,3
5197,5635,"2026-08-18 17:12:08.077",true,"[]",0,3
5198,7198,"2026-08-18 17:12:08.077",true,"[]",0,3
5199,6862,"2026-08-18 17:12:08.077",true,"[]",0,3
5200,7132,"2026-08-18 17:12:08.077",true,"[]",0,3
5201,146,"2026-08-18 17:12:08.077",true,"[]",0,3
5202,8714,"2026-08-18 17:12:08.077",true,"[]",0,3
5203,162,"2026-08-18 17:12:08.077",true,"[]",0,3
5204,6919,"2026-08-18 17:12:08.077",true,"[]",0,3
5205,8201,"2026-08-18 17:12:08.077",false,"[""RESTRICTED_HS_CODE""]",30,3
5206,5313,"2026-08-18 17:12:08.077",true,"[]",0,3
5207,3621,"2026-08-18 17:12:08.077",true,"[]",0,3
5208,9027,"2026-08-18 17:12:08.077",true,"[]",0,3
5209,9130,"2026-08-18 17:12:08.077",true,"[]",0,3
5210,4121,"2026-08-18 17:12:08.077",true,"[]",0,3
5211,6029,"2026-08-18 17:12:08.077",true,"[]",0,3
5212,4698,"2026-08-18 17:12:08.077",true,"[]",0,3
5213,1192,"2026-08-18 17:12:08.077",true,"[]",0,3
5214,4477,"2026-08-18 17:12:08.077",true,"[]",0,3
5215,5211,"2026-08-18 17:12:08.077",true,"[]",0,3
5216,4714,"2026-08-18 17:12:08.077",false,"[""RESTRICTED_HS_CODE""]",30,3
5217,5389,"2026-08-18 17:12:08.077",true,"[""DANGEROUS_GOODS""]",20,3
5218,2496,"2026-08-18 17:12:08.077",true,"[]",0,3
5219,9734,"2026-08-18 17:12:08.077",true,"[]",0,3
5220,555,"2026-08-18 17:12:08.077",false,"[""RESTRICTED_HS_CODE""]",30,3
5221,9003,"2026-08-18 17:12:08.077",true,"[]",0,3
5222,479,"2026-08-18 17:12:08.077",true,"[]",0,3
5223,6552,"2026-08-18 17:12:08.077",false,"[""RESTRICTED_HS_CODE""]",30,3
5224,6034,"2026-08-18 17:12:08.077",true,"[""DANGEROUS_GOODS""]",20,3
5225,6153,"2026-08-18 17:12:08.077",true,"[]",0,3
5226,9816,"2026-08-18 17:12:08.077",false,"[""RESTRICTED_HS_CODE""]",30,3
5227,2059,"2026-08-18 17:12:08.077",true,"[]",0,3
5228,5727,"2026-08-18 17:12:08.077",true,"[]",0,3
5229,2867,"2026-08-18 17:12:08.077",false,"[""RESTRICTED_HS_CODE""]",30,3
5230,9555,"2026-08-18 17:12:08.077",true,"[]",0,3
5231,5595,"2026-08-18 17:12:08.077",true,"[]",0,3
5232,6967,"2026-08-18 17:12:08.077",true,"[]",0,3
5233,2220,"2026-08-18 17:12:08.077",true,"[]",0,3
5234,8765,"2026-08-18 17:12:08.077",true,"[]",0,3
5235,7993,"2026-08-18 17:12:08.077",false,"[""RESTRICTED_HS_CODE""]",30,3
5236,2694,"2026-08-18 17:12:08.077",true,"[]",0,3
5237,7374,"2026-08-18 17:12:08.077",true,"[]",0,3
5238,6522,"2026-08-18 17:12:08.077",true,"[]",0,3
5239,403,"2026-08-18 17:12:08.077",true,"[]",0,3
5240,2990,"2026-08-18 17:12:08.077",true,"[]",0,3
5241,9200,"2026-08-18 17:12:08.077",false,"[""RESTRICTED_HS_CODE""]",30,3
5242,2364,"2026-08-18 17:12:08.077",true,"[]",0,3
5243,8884,"2026-08-18 17:12:08.077",true,"[]",0,3
5244,3716,"2026-08-18 17:12:08.077",true,"[]",0,3
5245,103,"2026-08-18 17:12:08.077",true,"[]",0,3
5246,9943,"2026-08-18 17:12:08.077",true,"[]",0,3
5247,2574,"2026-08-18 17:12:08.077",true,"[]",0,3
5248,4222,"2026-08-18 17:12:08.077",true,"[]",0,3
5249,4525,"2026-08-18 17:12:08.077",true,"[]",0,3
5250,9192,"2026-08-18 17:12:08.077",true,"[]",0,3
5251,547,"2026-08-18 17:12:08.077",true,"[]",0,3
5252,1077,"2026-08-18 17:12:08.077",true,"[]",0,3
5253,3257,"2026-08-18 17:12:08.077",true,"[]",0,3
5254,5688,"2026-08-18 17:12:08.077",true,"[]",0,3
5255,9075,"2026-08-18 17:12:08.077",true,"[]",0,3
5256,2545,"2026-08-18 17:12:08.077",true,"[]",0,3
5257,2964,"2026-08-18 17:12:08.077",true,"[]",0,3
5258,9168,"2026-08-18 17:12:08.077",true,"[]",0,3
5259,3614,"2026-08-18 17:12:08.077",true,"[]",0,3
5260,757,"2026-08-18 17:12:08.077",true,"[]",0,3
5261,3412,"2026-08-18 17:12:08.077",true,"[]",0,3
5262,7073,"2026-08-18 17:12:08.077",true,"[""DANGEROUS_GOODS""]",20,3
5263,2062,"2026-08-18 17:12:08.077",true,"[]",0,3
5264,143,"2026-08-18 17:12:08.077",true,"[""DANGEROUS_GOODS""]",20,3
5265,9426,"2026-08-18 17:12:08.077",true,"[]",0,3
5266,1446,"2026-08-18 17:12:08.077",true,"[]",0,3
5267,1934,"2026-08-18 17:12:08.077",true,"[]",0,3
5268,4132,"2026-08-18 17:12:08.077",true,"[]",0,3
5269,2346,"2026-08-18 17:12:08.077",true,"[]",0,3
5270,9959,"2026-08-18 17:12:08.077",true,"[]",0,3
5271,7639,"2026-08-18 17:12:08.077",true,"[]",0,3
5272,5964,"2026-08-18 17:12:08.077",true,"[""DANGEROUS_GOODS""]",20,3
5273,7540,"2026-08-18 17:12:08.077",true,"[]",0,3
5274,5339,"2026-08-18 17:12:08.077",true,"[]",0,3
5275,4071,"2026-08-18 17:12:08.077",true,"[]",0,3
5276,4261,"2026-08-18 17:12:08.077",true,"[]",0,3
5277,6653,"2026-08-18 17:12:08.077",true,"[]",0,3
5278,8255,"2026-08-18 17:12:08.077",true,"[]",0,3
5279,293,"2026-08-18 17:12:08.077",true,"[]",0,3
5280,4106,"2026-08-18 17:12:08.077",true,"[""DANGEROUS_GOODS""]",20,3
5281,7887,"2026-08-18 17:12:08.077",true,"[]",0,3
5282,1450,"2026-08-18 17:12:08.077",true,"[]",0,3
5283,4027,"2026-08-18 17:12:08.077",true,"[]",0,3
5284,5485,"2026-08-18 17:12:08.077",false,"[""RESTRICTED_HS_CODE""]",30,3
5285,1344,"2026-08-18 17:12:08.077",true,"[]",0,3
5286,8522,"2026-08-18 17:12:08.077",true,"[]",0,3
5287,2886,"2026-08-18 17:12:08.077",true,"[]",0,3
5288,4267,"2026-08-18 17:12:08.077",true,"[""DANGEROUS_GOODS""]",20,3
5289,6685,"2026-08-18 17:12:08.077",false,"[""RESTRICTED_HS_CODE""]",30,3
5290,2306,"2026-08-18 17:12:08.077",false,"[""RESTRICTED_HS_CODE""]",30,3
5291,3067,"2026-08-18 17:12:08.077",true,"[]",0,3
5292,8534,"2026-08-18 17:12:08.077",true,"[]",0,3
5293,2932,"2026-08-18 17:12:08.077",true,"[]",0,3
5294,4462,"2026-08-18 17:12:08.077",true,"[]",0,3
5295,251,"2026-08-18 17:12:08.077",true,"[]",0,3
5296,9288,"2026-08-18 17:12:08.077",true,"[]",0,3
5297,824,"2026-08-18 17:12:08.077",true,"[]",0,3
5298,3345,"2026-08-18 17:12:08.077",true,"[]",0,3
5299,9945,"2026-08-18 17:12:08.077",true,"[]",0,3
5300,8897,"2026-08-18 17:12:08.077",true,"[]",0,3
5301,9158,"2026-08-18 17:12:08.077",false,"[""RESTRICTED_HS_CODE""]",30,3
5302,2038,"2026-08-18 17:12:08.077",false,"[""RESTRICTED_HS_CODE""]",30,3
5303,77,"2026-08-18 17:12:08.077",true,"[]",0,3
5304,3493,"2026-08-18 17:12:08.077",true,"[]",0,3
5305,8987,"2026-08-18 17:12:08.077",true,"[]",0,3
5306,1056,"2026-08-18 17:12:08.077",true,"[]",0,3
5307,7724,"2026-08-18 17:12:08.077",true,"[]",0,3
5308,9393,"2026-08-18 17:12:08.077",true,"[""DANGEROUS_GOODS""]",20,3
5309,5619,"2026-08-18 17:12:08.077",true,"[]",0,3
5310,7722,"2026-08-18 17:12:08.077",true,"[]",0,3
5311,8776,"2026-08-18 17:12:08.077",false,"[""RESTRICTED_HS_CODE""]",30,3
5312,2503,"2026-08-18 17:12:08.077",true,"[]",0,3
5313,4596,"2026-08-18 17:12:08.077",true,"[]",0,3
5314,4457,"2026-08-18 17:12:08.077",true,"[]",0,3
5315,4197,"2026-08-18 17:12:08.077",false,"[""RESTRICTED_HS_CODE""]",30,3
5316,3734,"2026-08-18 17:12:08.077",true,"[]",0,3
5317,5157,"2026-08-18 17:12:08.077",true,"[]",0,3
5318,2899,"2026-08-18 17:12:08.077",true,"[]",0,3
5319,8198,"2026-08-18 17:12:08.077",true,"[]",0,3
5320,9250,"2026-08-18 17:12:08.077",true,"[]",0,3
5321,816,"2026-08-18 17:12:08.077",true,"[]",0,3
5322,3942,"2026-08-18 17:12:08.077",true,"[]",0,3
5323,2473,"2026-08-18 17:12:08.077",true,"[]",0,3
5324,4895,"2026-08-18 17:12:08.077",true,"[]",0,3
5325,7346,"2026-08-18 17:12:08.077",true,"[]",0,3
5326,7441,"2026-08-18 17:12:08.077",true,"[]",0,3
5327,8238,"2026-08-18 17:12:08.077",true,"[]",0,3
5328,8866,"2026-08-18 17:12:08.077",true,"[]",0,3
5329,5268,"2026-08-18 17:12:08.077",false,"[""RESTRICTED_HS_CODE""]",30,3
5330,335,"2026-08-18 17:12:08.077",true,"[]",0,3
5331,6758,"2026-08-18 17:12:08.077",true,"[]",0,3
5332,7972,"2026-08-18 17:12:08.077",true,"[]",0,3
5333,3026,"2026-08-18 17:12:08.077",true,"[]",0,3
5334,37,"2026-08-18 17:12:08.077",true,"[]",0,3
5335,8188,"2026-08-18 17:12:08.077",true,"[]",0,3
5336,6170,"2026-08-18 17:12:08.077",false,"[""RESTRICTED_HS_CODE""]",30,3
5337,9010,"2026-08-18 17:12:08.077",true,"[]",0,3
5338,1208,"2026-08-18 17:12:08.077",true,"[]",0,3
5339,5182,"2026-08-18 17:12:08.077",true,"[]",0,3
5340,3360,"2026-08-18 17:12:08.077",false,"[""RESTRICTED_HS_CODE""]",30,3
5341,8028,"2026-08-18 17:12:08.077",true,"[]",0,3
5342,3252,"2026-08-18 17:12:08.077",true,"[]",0,3
5343,4077,"2026-08-18 17:12:08.077",true,"[]",0,3
5344,9912,"2026-08-18 17:12:08.077",true,"[]",0,3
5345,5172,"2026-08-18 17:12:08.077",false,"[""RESTRICTED_HS_CODE""]",30,3
5346,6009,"2026-08-18 17:12:08.077",true,"[]",0,3
5347,4818,"2026-08-18 17:12:08.077",true,"[]",0,3
5348,4416,"2026-08-18 17:12:08.077",true,"[]",0,3
5349,8602,"2026-08-18 17:12:08.077",true,"[]",0,3
5350,4827,"2026-08-18 17:12:08.077",true,"[]",0,3
5351,6885,"2026-08-18 17:12:08.077",true,"[]",0,3
5352,6640,"2026-08-18 17:12:08.077",true,"[]",0,3
5353,4158,"2026-08-18 17:12:08.077",true,"[]",0,3
5354,5108,"2026-08-18 17:12:08.077",true,"[]",0,3
5355,3143,"2026-08-18 17:12:08.077",true,"[]",0,3
5356,4618,"2026-08-18 17:12:08.077",true,"[]",0,3
5357,2982,"2026-08-18 17:12:08.077",true,"[]",0,3
5358,4585,"2026-08-18 17:12:08.077",true,"[]",0,3
5359,9079,"2026-08-18 17:12:08.077",true,"[]",0,3
5360,8539,"2026-08-18 17:12:08.077",true,"[]",0,3
5361,996,"2026-08-18 17:12:08.077",true,"[]",0,3
5362,929,"2026-08-18 17:12:08.077",true,"[]",0,3
5363,6375,"2026-08-18 17:12:08.077",true,"[]",0,3
5364,6544,"2026-08-18 17:12:08.077",true,"[]",0,3
5365,5918,"2026-08-18 17:12:08.077",true,"[]",0,3
5366,7260,"2026-08-18 17:12:08.077",true,"[]",0,3
5367,3936,"2026-08-18 17:12:08.077",true,"[]",0,3
5368,1644,"2026-08-18 17:12:08.077",false,"[""RESTRICTED_HS_CODE""]",30,3
5369,5015,"2026-08-18 17:12:08.077",true,"[]",0,3
5370,8582,"2026-08-18 17:12:08.077",true,"[]",0,3
5371,4594,"2026-08-18 17:12:08.077",true,"[]",0,3
5372,5307,"2026-08-18 17:12:08.077",true,"[]",0,3
5373,1481,"2026-08-18 17:12:08.077",true,"[]",0,3
5374,289,"2026-08-18 17:12:08.077",true,"[]",0,3
5375,6843,"2026-08-18 17:12:08.077",false,"[""RESTRICTED_HS_CODE""]",30,3
5376,6260,"2026-08-18 17:12:08.077",true,"[]",0,3
5377,3941,"2026-08-18 17:12:08.077",true,"[]",0,3
5378,5510,"2026-08-18 17:12:08.077",true,"[]",0,3
5379,7902,"2026-08-18 17:12:08.077",true,"[]",0,3
5380,4252,"2026-08-18 17:12:08.077",true,"[]",0,3
5381,6804,"2026-08-18 17:12:08.077",true,"[]",0,3
5382,8637,"2026-08-18 17:12:08.077",true,"[]",0,3
5383,4569,"2026-08-18 17:12:08.077",false,"[""RESTRICTED_HS_CODE""]",30,3
5384,1771,"2026-08-18 17:12:08.077",true,"[]",0,3
5385,5325,"2026-08-18 17:12:08.077",true,"[]",0,3
5386,4566,"2026-08-18 17:12:08.077",true,"[]",0,3
5387,5808,"2026-08-18 17:12:08.077",false,"[""RESTRICTED_HS_CODE""]",30,3
5388,48,"2026-08-18 17:12:08.077",true,"[]",0,3
5389,1013,"2026-08-18 17:12:08.077",false,"[""RESTRICTED_HS_CODE""]",30,3
5390,7354,"2026-08-18 17:12:08.077",true,"[]",0,3
5391,3014,"2026-08-18 17:12:08.077",true,"[]",0,3
5392,8020,"2026-08-18 17:12:08.077",true,"[]",0,3
5393,13204,"2026-08-18 17:12:08.077",true,"[]",0,3
5394,1977,"2026-08-18 17:12:08.077",true,"[]",0,3
5395,8561,"2026-08-18 17:12:08.077",false,"[""RESTRICTED_HS_CODE"",""DANGEROUS_GOODS""]",50,3
5396,6688,"2026-08-18 17:12:08.077",true,"[]",0,3
5397,7292,"2026-08-18 17:12:08.077",true,"[]",0,3
5398,9051,"2026-08-18 17:12:08.077",true,"[]",0,3
5399,556,"2026-08-18 17:12:08.077",false,"[""RESTRICTED_HS_CODE""]",30,3
5400,8441,"2026-08-18 17:12:08.077",true,"[]",0,3
5401,5163,"2026-08-18 17:12:08.077",true,"[]",0,3
5402,32,"2026-08-18 17:12:08.077",true,"[]",0,3
5403,6631,"2026-08-18 17:12:08.077",true,"[]",0,3
5404,6639,"2026-08-18 17:12:08.077",true,"[]",0,3
5405,7710,"2026-08-18 17:12:08.077",true,"[]",0,3
5406,4496,"2026-08-18 17:12:08.077",true,"[]",0,3
5407,2654,"2026-08-18 17:12:08.077",true,"[]",0,3
5408,8500,"2026-08-18 17:12:08.077",true,"[]",0,3
5409,511,"2026-08-18 17:12:08.077",true,"[]",0,3
5410,5026,"2026-08-18 17:12:08.077",true,"[""DANGEROUS_GOODS""]",20,3
5411,3840,"2026-08-18 17:12:08.077",true,"[]",0,3
5412,7909,"2026-08-18 17:12:08.077",true,"[]",0,3
5413,3869,"2026-08-18 17:12:08.077",true,"[]",0,3
5414,9108,"2026-08-18 17:12:08.077",true,"[]",0,3
5415,8162,"2026-08-18 17:12:08.077",true,"[]",0,3
5416,2417,"2026-08-18 17:12:08.077",true,"[]",0,3
5417,5789,"2026-08-18 17:12:08.077",true,"[]",0,3
5418,4350,"2026-08-18 17:12:08.077",true,"[]",0,3
5419,3265,"2026-08-18 17:12:08.077",true,"[]",0,3
5420,2812,"2026-08-18 17:12:08.077",true,"[]",0,3
5421,1962,"2026-08-18 17:12:08.077",false,"[""RESTRICTED_HS_CODE""]",30,3
5422,106,"2026-08-18 17:12:08.077",false,"[""RESTRICTED_HS_CODE""]",30,3
5423,7239,"2026-08-18 17:12:08.077",true,"[]",0,3
5424,4756,"2026-08-18 17:12:08.077",true,"[]",0,3
5425,3879,"2026-08-18 17:12:08.077",true,"[]",0,3
5426,3280,"2026-08-18 17:12:08.077",true,"[]",0,3
5427,2623,"2026-08-18 17:12:08.077",true,"[]",0,3
5428,3267,"2026-08-18 17:12:08.077",true,"[]",0,3
5429,6833,"2026-08-18 17:12:08.077",true,"[]",0,3
5430,9586,"2026-08-18 17:12:08.077",true,"[]",0,3
5431,5296,"2026-08-18 17:12:08.077",true,"[]",0,3
5432,5984,"2026-08-18 17:12:08.077",true,"[]",0,3
5433,2904,"2026-08-18 17:12:08.077",false,"[""RESTRICTED_HS_CODE""]",30,3
5434,7245,"2026-08-18 17:12:08.077",true,"[]",0,3
5435,6997,"2026-08-18 17:12:08.077",true,"[]",0,3
5436,7619,"2026-08-18 17:12:08.077",true,"[]",0,3
5437,4487,"2026-08-18 17:12:08.077",true,"[]",0,3
5438,5482,"2026-08-18 17:12:08.077",true,"[]",0,3
5439,9326,"2026-08-18 17:12:08.077",true,"[]",0,3
5440,5806,"2026-08-18 17:12:08.077",true,"[]",0,3
5441,6145,"2026-08-18 17:12:08.077",true,"[]",0,3
5442,2710,"2026-08-18 17:12:08.077",true,"[]",0,3
5443,1138,"2026-08-18 17:12:08.077",true,"[]",0,3
5444,5154,"2026-08-18 17:12:08.077",true,"[]",0,3
5445,4565,"2026-08-18 17:12:08.077",true,"[]",0,3
5446,5594,"2026-08-18 17:12:08.077",true,"[]",0,3
5447,3564,"2026-08-18 17:12:08.077",true,"[]",0,3
5448,1948,"2026-08-18 17:12:08.077",true,"[]",0,3
5449,8697,"2026-08-18 17:12:08.077",true,"[]",0,3
5450,6821,"2026-08-18 17:12:08.077",true,"[]",0,3
5451,1964,"2026-08-18 17:12:08.077",true,"[]",0,3
5452,7572,"2026-08-18 17:12:08.077",true,"[]",0,3
5453,1340,"2026-08-18 17:12:08.077",true,"[]",0,3
5454,8584,"2026-08-18 17:12:08.077",true,"[]",0,3
5455,4857,"2026-08-18 17:12:08.077",true,"[]",0,3
5456,4977,"2026-08-18 17:12:08.077",true,"[]",0,3
5457,8558,"2026-08-18 17:12:08.077",true,"[]",0,3
5458,1210,"2026-08-18 17:12:08.077",true,"[]",0,3
5459,352,"2026-08-18 17:12:08.077",false,"[""RESTRICTED_HS_CODE""]",30,3
5460,4947,"2026-08-18 17:12:08.077",true,"[]",0,3
5461,6945,"2026-08-18 17:12:08.077",true,"[]",0,3
5462,2388,"2026-08-18 17:12:08.077",true,"[]",0,3
5463,6844,"2026-08-18 17:12:08.077",false,"[""RESTRICTED_HS_CODE""]",30,3
5464,9766,"2026-08-18 17:12:08.077",true,"[]",0,3
5465,751,"2026-08-18 17:12:08.077",true,"[]",0,3
5466,9007,"2026-08-18 17:12:08.077",true,"[]",0,3
5467,2261,"2026-08-18 17:12:08.077",true,"[""DANGEROUS_GOODS""]",20,3
5468,561,"2026-08-18 17:12:08.077",true,"[]",0,3
5469,6871,"2026-08-18 17:12:08.077",true,"[]",0,3
5470,5166,"2026-08-18 17:12:08.077",true,"[]",0,3
5471,3572,"2026-08-18 17:12:08.077",true,"[]",0,3
5472,6799,"2026-08-18 17:12:08.077",true,"[]",0,3
5473,8733,"2026-08-18 17:12:08.077",true,"[]",0,3
5474,805,"2026-08-18 17:12:08.077",true,"[]",0,3
5475,4757,"2026-08-18 17:12:08.077",false,"[""RESTRICTED_HS_CODE""]",30,3
5476,9297,"2026-08-18 17:12:08.077",true,"[]",0,3
5477,1317,"2026-08-18 17:12:08.077",true,"[]",0,3
5478,4393,"2026-08-18 17:12:08.077",false,"[""RESTRICTED_HS_CODE""]",30,3
5479,3557,"2026-08-18 17:12:08.077",true,"[]",0,3
5480,1813,"2026-08-18 17:12:08.077",true,"[]",0,3
5481,4040,"2026-08-18 17:12:08.077",true,"[]",0,3
5482,7776,"2026-08-18 17:12:08.077",false,"[""RESTRICTED_HS_CODE"",""DANGEROUS_GOODS""]",50,3
5483,3349,"2026-08-18 17:12:08.077",true,"[]",0,3
5484,3828,"2026-08-18 17:12:08.077",true,"[]",0,3
5485,703,"2026-08-18 17:12:08.077",true,"[]",0,3
5486,2132,"2026-08-18 17:12:08.077",true,"[]",0,3
5487,8518,"2026-08-18 17:12:08.077",false,"[""RESTRICTED_HS_CODE""]",30,3
5488,2352,"2026-08-18 17:12:08.077",true,"[]",0,3
5489,7423,"2026-08-18 17:12:08.077",false,"[""RESTRICTED_HS_CODE""]",30,3
5490,6223,"2026-08-18 17:12:08.077",true,"[]",0,3
5491,8401,"2026-08-18 17:12:08.077",true,"[]",0,3
5492,2490,"2026-08-18 17:12:08.077",true,"[]",0,3
5493,7950,"2026-08-18 17:12:08.077",true,"[]",0,3
5494,9636,"2026-08-18 17:12:08.077",true,"[]",0,3
5495,5607,"2026-08-18 17:12:08.077",true,"[]",0,3
5496,8081,"2026-08-18 17:12:08.077",true,"[]",0,3
5497,6337,"2026-08-18 17:12:08.077",false,"[""RESTRICTED_HS_CODE""]",30,3
5498,8193,"2026-08-18 17:12:08.077",true,"[]",0,3
5499,487,"2026-08-18 17:12:08.077",true,"[]",0,3
5500,184,"2026-08-18 17:12:08.077",true,"[]",0,3
5501,5292,"2026-08-18 17:12:08.077",true,"[]",0,3
5502,6304,"2026-08-18 17:12:08.077",true,"[]",0,3
5503,7544,"2026-08-18 17:12:08.077",true,"[]",0,3
5504,5882,"2026-08-18 17:12:08.077",true,"[]",0,3
5505,5526,"2026-08-18 17:12:08.077",true,"[]",0,3
5506,3084,"2026-08-18 17:12:08.077",true,"[""DANGEROUS_GOODS""]",20,3
5507,9551,"2026-08-18 17:12:08.077",true,"[]",0,3
5508,6802,"2026-08-18 17:12:08.077",true,"[]",0,3
5509,3947,"2026-08-18 17:12:08.077",true,"[]",0,3
5510,1177,"2026-08-18 17:12:08.077",true,"[""DANGEROUS_GOODS""]",20,3
5511,3862,"2026-08-18 17:12:08.077",true,"[]",0,3
5512,9318,"2026-08-18 17:12:08.077",true,"[]",0,3
5513,3688,"2026-08-18 17:12:08.077",true,"[]",0,3
5514,7694,"2026-08-18 17:12:08.077",true,"[]",0,3
5515,1852,"2026-08-18 17:12:08.077",true,"[]",0,3
5516,9873,"2026-08-18 17:12:08.077",true,"[]",0,3
5517,2283,"2026-08-18 17:12:08.077",true,"[]",0,3
5518,6478,"2026-08-18 17:12:08.077",true,"[]",0,3
5519,4838,"2026-08-18 17:12:08.077",true,"[]",0,3
5520,369,"2026-08-18 17:12:08.077",true,"[]",0,3
5521,3333,"2026-08-18 17:12:08.077",false,"[""RESTRICTED_HS_CODE""]",30,3
5522,3553,"2026-08-18 17:12:08.077",false,"[""RESTRICTED_HS_CODE""]",30,3
5523,4790,"2026-08-18 17:12:08.077",true,"[]",0,3
5524,5176,"2026-08-18 17:12:08.077",true,"[]",0,3
5525,71,"2026-08-18 17:12:08.077",true,"[]",0,3
5526,1300,"2026-08-18 17:12:08.077",true,"[]",0,3
5527,1903,"2026-08-18 17:12:08.077",true,"[]",0,3
5528,1979,"2026-08-18 17:12:08.077",true,"[]",0,3
5529,4451,"2026-08-18 17:12:08.077",false,"[""RESTRICTED_HS_CODE""]",30,3
5530,3865,"2026-08-18 17:12:08.077",true,"[]",0,3
5531,7527,"2026-08-18 17:12:08.077",true,"[]",0,3
5532,9848,"2026-08-18 17:12:08.077",true,"[]",0,3
5533,3607,"2026-08-18 17:12:08.077",true,"[]",0,3
5534,9865,"2026-08-18 17:12:08.077",true,"[]",0,3
5535,838,"2026-08-18 17:12:08.077",false,"[""RESTRICTED_HS_CODE""]",30,3
5536,887,"2026-08-18 17:12:08.077",false,"[""RESTRICTED_HS_CODE""]",30,3
5537,5507,"2026-08-18 17:12:08.077",true,"[]",0,3
5538,1391,"2026-08-18 17:12:08.077",true,"[]",0,3
5539,9881,"2026-08-18 17:12:08.077",true,"[]",0,3
5540,3731,"2026-08-18 17:12:08.077",true,"[]",0,3
5541,832,"2026-08-18 17:12:08.077",true,"[]",0,3
5542,3405,"2026-08-18 17:12:08.077",true,"[]",0,3
5543,8026,"2026-08-18 17:12:08.077",true,"[]",0,3
5544,3,"2026-08-18 17:12:08.077",true,"[]",0,3
5545,9469,"2026-08-18 17:12:08.077",true,"[]",0,3
5546,6719,"2026-08-18 17:12:08.077",true,"[]",0,3
5547,9435,"2026-08-18 17:12:08.077",true,"[]",0,3
5548,1244,"2026-08-18 17:12:08.077",true,"[]",0,3
5549,3554,"2026-08-18 17:12:08.077",true,"[]",0,3
5550,7814,"2026-08-18 17:12:08.077",true,"[]",0,3
5551,8950,"2026-08-18 17:12:08.077",false,"[""RESTRICTED_HS_CODE""]",30,3
5552,3763,"2026-08-18 17:12:08.077",true,"[]",0,3
5553,5028,"2026-08-18 17:12:08.077",true,"[]",0,3
5554,265,"2026-08-18 17:12:08.077",true,"[]",0,3
5555,3416,"2026-08-18 17:12:08.077",true,"[]",0,3
5556,1215,"2026-08-18 17:12:08.077",true,"[""DANGEROUS_GOODS""]",20,3
5557,2135,"2026-08-18 17:12:08.077",true,"[]",0,3
5558,7824,"2026-08-18 17:12:08.077",false,"[""RESTRICTED_HS_CODE""]",30,3
5559,649,"2026-08-18 17:12:08.077",true,"[]",0,3
5560,9295,"2026-08-18 17:12:08.077",true,"[]",0,3
5561,5593,"2026-08-18 17:12:08.077",true,"[]",0,3
5562,6272,"2026-08-18 17:12:08.077",true,"[]",0,3
5563,6026,"2026-08-18 17:12:08.077",true,"[]",0,3
5564,3147,"2026-08-18 17:12:08.077",false,"[""RESTRICTED_HS_CODE""]",30,3
5565,2106,"2026-08-18 17:12:08.077",true,"[]",0,3
5566,2089,"2026-08-18 17:12:08.077",true,"[]",0,3
5567,2182,"2026-08-18 17:12:08.077",false,"[""RESTRICTED_HS_CODE"",""DANGEROUS_GOODS""]",50,3
5568,2588,"2026-08-18 17:12:08.077",false,"[""RESTRICTED_HS_CODE""]",30,3
5569,1733,"2026-08-18 17:12:08.077",true,"[]",0,3
5570,7300,"2026-08-18 17:12:08.077",false,"[""RESTRICTED_HS_CODE""]",30,3
5571,7454,"2026-08-18 17:12:08.077",false,"[""RESTRICTED_HS_CODE""]",30,3
5572,6307,"2026-08-18 17:12:08.077",true,"[]",0,3
5573,5390,"2026-08-18 17:12:08.077",true,"[]",0,3
5574,9805,"2026-08-18 17:12:08.077",true,"[]",0,3
5575,228,"2026-08-18 17:12:08.077",true,"[""DANGEROUS_GOODS""]",20,3
5576,7915,"2026-08-18 17:12:08.077",true,"[]",0,3
5577,900,"2026-08-18 17:12:08.077",true,"[]",0,3
5578,6749,"2026-08-18 17:12:08.077",true,"[]",0,3
5579,5696,"2026-08-18 17:12:08.077",true,"[]",0,3
5580,2048,"2026-08-18 17:12:08.077",true,"[]",0,3
5581,1443,"2026-08-18 17:12:08.077",true,"[]",0,3
5582,6655,"2026-08-18 17:12:08.077",true,"[]",0,3
5583,9772,"2026-08-18 17:12:08.077",true,"[]",0,3
5584,8121,"2026-08-18 17:12:08.077",true,"[]",0,3
5585,7386,"2026-08-18 17:12:08.077",true,"[]",0,3
5586,5214,"2026-08-18 17:12:08.077",true,"[]",0,3
5587,6136,"2026-08-18 17:12:08.077",true,"[]",0,3
5588,9418,"2026-08-18 17:12:08.077",false,"[""RESTRICTED_HS_CODE""]",30,3
5589,6147,"2026-08-18 17:12:08.077",true,"[]",0,3
5590,6090,"2026-08-18 17:12:08.077",false,"[""RESTRICTED_HS_CODE""]",30,3
5591,2599,"2026-08-18 17:12:08.077",true,"[]",0,3
5592,2627,"2026-08-18 17:12:08.077",true,"[]",0,3
5593,2397,"2026-08-18 17:12:08.077",true,"[]",0,3
5594,1764,"2026-08-18 17:12:08.077",true,"[]",0,3
5595,3491,"2026-08-18 17:12:08.077",true,"[]",0,3
5596,1637,"2026-08-18 17:12:08.077",true,"[]",0,3
5597,1584,"2026-08-18 17:12:08.077",true,"[]",0,3
5598,6140,"2026-08-18 17:12:08.077",true,"[]",0,3
5599,2732,"2026-08-18 17:12:08.077",true,"[]",0,3
5600,2692,"2026-08-18 17:12:08.077",true,"[]",0,3
5601,1947,"2026-08-18 17:12:08.077",true,"[]",0,3
5602,5290,"2026-08-18 17:12:08.077",true,"[]",0,3
5603,7380,"2026-08-18 17:12:08.077",true,"[]",0,3
5604,1370,"2026-08-18 17:12:08.077",true,"[]",0,3
5605,4522,"2026-08-18 17:12:08.077",true,"[]",0,3
5606,9564,"2026-08-18 17:12:08.077",true,"[""DANGEROUS_GOODS""]",20,3
5607,3223,"2026-08-18 17:12:08.077",true,"[]",0,3
5608,4579,"2026-08-18 17:12:08.077",true,"[]",0,3
5609,8359,"2026-08-18 17:12:08.077",true,"[]",0,3
5610,1242,"2026-08-18 17:12:08.077",true,"[]",0,3
5611,4338,"2026-08-18 17:12:08.077",true,"[]",0,3
5612,8225,"2026-08-18 17:12:08.077",true,"[]",0,3
5613,4635,"2026-08-18 17:12:08.077",true,"[]",0,3
5614,8965,"2026-08-18 17:12:08.077",true,"[]",0,3
5615,6449,"2026-08-18 17:12:08.077",true,"[]",0,3
5616,1824,"2026-08-18 17:12:08.077",true,"[]",0,3
5617,9601,"2026-08-18 17:12:08.077",true,"[]",0,3
5618,4935,"2026-08-18 17:12:08.077",true,"[]",0,3
5619,1818,"2026-08-18 17:12:08.077",true,"[]",0,3
5620,3782,"2026-08-18 17:12:08.077",false,"[""RESTRICTED_HS_CODE""]",30,3
5621,7534,"2026-08-18 17:12:08.077",false,"[""RESTRICTED_HS_CODE""]",30,3
5622,5564,"2026-08-18 17:12:08.077",true,"[]",0,3
5623,1252,"2026-08-18 17:12:08.077",true,"[]",0,3
5624,4985,"2026-08-18 17:12:08.077",true,"[]",0,3
5625,8429,"2026-08-18 17:12:08.077",true,"[]",0,3
5626,9203,"2026-08-18 17:12:08.077",false,"[""RESTRICTED_HS_CODE""]",30,3
5627,3842,"2026-08-18 17:12:08.077",true,"[]",0,3
5628,5036,"2026-08-18 17:12:08.077",true,"[]",0,3
5629,127,"2026-08-18 17:12:08.077",true,"[]",0,3
5630,6018,"2026-08-18 17:12:08.077",true,"[]",0,3
5631,4537,"2026-08-18 17:12:08.077",true,"[]",0,3
5632,3934,"2026-08-18 17:12:08.077",true,"[]",0,3
5633,4984,"2026-08-18 17:12:08.077",true,"[]",0,3
5634,7655,"2026-08-18 17:12:08.077",true,"[]",0,3
5635,1583,"2026-08-18 17:12:08.077",true,"[]",0,3
5636,1781,"2026-08-18 17:12:08.077",true,"[]",0,3
5637,4605,"2026-08-18 17:12:08.077",true,"[]",0,3
5638,1845,"2026-08-18 17:12:08.077",true,"[""DANGEROUS_GOODS""]",20,3
5639,786,"2026-08-18 17:12:08.077",true,"[]",0,3
5640,5568,"2026-08-18 17:12:08.077",true,"[""DANGEROUS_GOODS""]",20,3
5641,1847,"2026-08-18 17:12:08.077",false,"[""RESTRICTED_HS_CODE""]",30,3
5642,8138,"2026-08-18 17:12:08.077",true,"[]",0,3
5643,5610,"2026-08-18 17:12:08.077",true,"[]",0,3
5644,5072,"2026-08-18 17:12:08.077",true,"[]",0,3
5645,392,"2026-08-18 17:12:08.077",false,"[""RESTRICTED_HS_CODE""]",30,3
5646,1360,"2026-08-18 17:12:08.077",true,"[]",0,3
5647,5289,"2026-08-18 17:12:08.077",true,"[]",0,3
5648,2859,"2026-08-18 17:12:08.077",true,"[]",0,3
5649,9910,"2026-08-18 17:12:08.077",true,"[]",0,3
5650,8852,"2026-08-18 17:12:08.077",true,"[]",0,3
5651,1115,"2026-08-18 17:12:08.077",true,"[]",0,3
5652,7235,"2026-08-18 17:12:08.077",true,"[]",0,3
5653,3192,"2026-08-18 17:12:08.077",true,"[]",0,3
5654,8129,"2026-08-18 17:12:08.077",true,"[]",0,3
5655,7412,"2026-08-18 17:12:08.077",false,"[""RESTRICTED_HS_CODE""]",30,3
5656,39,"2026-08-18 17:12:08.077",true,"[]",0,3
5657,7023,"2026-08-18 17:12:08.077",true,"[]",0,3
5658,9735,"2026-08-18 17:12:08.077",true,"[]",0,3
5659,8641,"2026-08-18 17:12:08.077",true,"[]",0,3
5660,8012,"2026-08-18 17:12:08.077",true,"[]",0,3
5661,6764,"2026-08-18 17:12:08.077",true,"[]",0,3
5662,2725,"2026-08-18 17:12:08.077",true,"[]",0,3
5663,7203,"2026-08-18 17:12:08.077",true,"[]",0,3
5664,5879,"2026-08-18 17:12:08.077",true,"[]",0,3
5665,3178,"2026-08-18 17:12:08.077",true,"[]",0,3
5666,4148,"2026-08-18 17:12:08.077",true,"[]",0,3
5667,719,"2026-08-18 17:12:08.077",true,"[]",0,3
5668,3561,"2026-08-18 17:12:08.077",false,"[""RESTRICTED_HS_CODE""]",30,3
5669,2835,"2026-08-18 17:12:08.077",false,"[""RESTRICTED_HS_CODE""]",30,3
5670,6562,"2026-08-18 17:12:08.077",true,"[]",0,3
5671,7169,"2026-08-18 17:12:08.077",true,"[]",0,3
5672,294,"2026-08-18 17:12:08.077",true,"[]",0,3
5673,7939,"2026-08-18 17:12:08.077",true,"[]",0,3
5674,3639,"2026-08-18 17:12:08.077",true,"[]",0,3
5675,3021,"2026-08-18 17:12:08.077",true,"[]",0,3
5676,9135,"2026-08-18 17:12:08.077",true,"[]",0,3
5677,6402,"2026-08-18 17:12:08.077",true,"[]",0,3
5678,117,"2026-08-18 17:12:08.077",true,"[]",0,3
5679,3083,"2026-08-18 17:12:08.077",true,"[]",0,3
5680,8393,"2026-08-18 17:12:08.077",true,"[]",0,3
5681,3916,"2026-08-18 17:12:08.077",true,"[]",0,3
5682,5065,"2026-08-18 17:12:08.077",false,"[""RESTRICTED_HS_CODE""]",30,3
5683,5952,"2026-08-18 17:12:08.077",true,"[]",0,3
5684,1259,"2026-08-18 17:12:08.077",true,"[]",0,3
5685,778,"2026-08-18 17:12:08.077",true,"[]",0,3
5686,620,"2026-08-18 17:12:08.077",false,"[""RESTRICTED_HS_CODE""]",30,3
5687,43,"2026-08-18 17:12:08.077",true,"[""DANGEROUS_GOODS""]",20,3
5688,6253,"2026-08-18 17:12:08.077",true,"[]",0,3
5689,1270,"2026-08-18 17:12:08.077",true,"[]",0,3
5690,1369,"2026-08-18 17:12:08.077",true,"[]",0,3
5691,7040,"2026-08-18 17:12:08.077",true,"[]",0,3
5692,9645,"2026-08-18 17:12:08.077",true,"[]",0,3
5693,7574,"2026-08-18 17:12:08.077",false,"[""RESTRICTED_HS_CODE""]",30,3
5694,1747,"2026-08-18 17:12:08.077",true,"[]",0,3
5695,8062,"2026-08-18 17:12:08.077",true,"[]",0,3
5696,8691,"2026-08-18 17:12:08.077",true,"[]",0,3
5697,9329,"2026-08-18 17:12:08.077",true,"[]",0,3
5698,1096,"2026-08-18 17:12:08.077",false,"[""RESTRICTED_HS_CODE"",""DANGEROUS_GOODS""]",50,3
5699,2943,"2026-08-18 17:12:08.077",true,"[]",0,3
5700,5811,"2026-08-18 17:12:08.077",true,"[]",0,3
5701,1533,"2026-08-18 17:12:08.077",true,"[]",0,3
5702,226,"2026-08-18 17:12:08.077",true,"[]",0,3
5703,6872,"2026-08-18 17:12:08.077",true,"[]",0,3
5704,2373,"2026-08-18 17:12:08.077",true,"[]",0,3
5705,2720,"2026-08-18 17:12:08.077",true,"[]",0,3
5706,8197,"2026-08-18 17:12:08.077",true,"[]",0,3
5707,5283,"2026-08-18 17:12:08.077",true,"[]",0,3
5708,3645,"2026-08-18 17:12:08.077",true,"[]",0,3
5709,9562,"2026-08-18 17:12:08.077",true,"[]",0,3
5710,7610,"2026-08-18 17:12:08.077",true,"[]",0,3
5711,1642,"2026-08-18 17:12:08.077",true,"[]",0,3
5712,8259,"2026-08-18 17:12:08.077",true,"[""DANGEROUS_GOODS""]",20,3
5713,6603,"2026-08-18 17:12:08.077",true,"[]",0,3
5714,6371,"2026-08-18 17:12:08.077",true,"[]",0,3
5715,3846,"2026-08-18 17:12:08.077",true,"[]",0,3
5716,2229,"2026-08-18 17:12:08.077",true,"[]",0,3
5717,9844,"2026-08-18 17:12:08.077",true,"[]",0,3
5718,1740,"2026-08-18 17:12:08.077",true,"[]",0,3
5719,4628,"2026-08-18 17:12:08.077",true,"[]",0,3
5720,318,"2026-08-18 17:12:08.077",true,"[""DANGEROUS_GOODS""]",20,3
5721,300,"2026-08-18 17:12:08.077",true,"[]",0,3
5722,7214,"2026-08-18 17:12:08.077",true,"[]",0,3
5723,2491,"2026-08-18 17:12:08.077",true,"[]",0,3
5724,4886,"2026-08-18 17:12:08.077",true,"[]",0,3
5725,4172,"2026-08-18 17:12:08.077",true,"[]",0,3
5726,488,"2026-08-18 17:12:08.077",true,"[]",0,3
5727,843,"2026-08-18 17:12:08.077",true,"[]",0,3
5728,9210,"2026-08-18 17:12:08.077",true,"[]",0,3
5729,5001,"2026-08-18 17:12:08.077",true,"[]",0,3
5730,5438,"2026-08-18 17:12:08.077",false,"[""RESTRICTED_HS_CODE""]",30,3
5731,6216,"2026-08-18 17:12:08.077",true,"[]",0,3
5732,9570,"2026-08-18 17:12:08.077",true,"[]",0,3
5733,9223,"2026-08-18 17:12:08.077",true,"[]",0,3
5734,5407,"2026-08-18 17:12:08.077",true,"[]",0,3
5735,9045,"2026-08-18 17:12:08.077",true,"[]",0,3
5736,2555,"2026-08-18 17:12:08.077",true,"[]",0,3
5737,9849,"2026-08-18 17:12:08.077",true,"[]",0,3
5738,6111,"2026-08-18 17:12:08.077",false,"[""RESTRICTED_HS_CODE""]",30,3
5739,7733,"2026-08-18 17:12:08.077",true,"[]",0,3
5740,8638,"2026-08-18 17:12:08.077",true,"[]",0,3
5741,7940,"2026-08-18 17:12:08.077",true,"[]",0,3
5742,988,"2026-08-18 17:12:08.077",true,"[]",0,3
5743,2184,"2026-08-18 17:12:08.077",true,"[]",0,3
5744,1396,"2026-08-18 17:12:08.077",true,"[]",0,3
5745,9184,"2026-08-18 17:12:08.077",true,"[]",0,3
5746,4493,"2026-08-18 17:12:08.077",true,"[]",0,3
5747,1184,"2026-08-18 17:12:08.077",true,"[]",0,3
5748,8223,"2026-08-18 17:12:08.077",true,"[]",0,3
5749,3632,"2026-08-18 17:12:08.077",true,"[]",0,3
5750,710,"2026-08-18 17:12:08.077",false,"[""RESTRICTED_HS_CODE""]",30,3
5751,1706,"2026-08-18 17:12:08.077",true,"[]",0,3
5752,8155,"2026-08-18 17:12:08.077",true,"[""DANGEROUS_GOODS""]",20,3
5753,241,"2026-08-18 17:12:08.077",true,"[]",0,3
5754,2069,"2026-08-18 17:12:08.077",true,"[]",0,3
5755,6511,"2026-08-18 17:12:08.077",false,"[""RESTRICTED_HS_CODE""]",30,3
5756,368,"2026-08-18 17:12:08.077",false,"[""RESTRICTED_HS_CODE""]",30,3
5757,88,"2026-08-18 17:12:08.077",true,"[""DANGEROUS_GOODS""]",20,3
5758,3368,"2026-08-18 17:12:08.077",true,"[]",0,3
5759,7807,"2026-08-18 17:12:08.077",true,"[]",0,3
5760,600,"2026-08-18 17:12:08.077",true,"[]",0,3
5761,5597,"2026-08-18 17:12:08.077",true,"[]",0,3
5762,5792,"2026-08-18 17:12:08.077",true,"[]",0,3
5763,4113,"2026-08-18 17:12:08.077",true,"[]",0,3
5764,7497,"2026-08-18 17:12:08.077",true,"[]",0,3
5765,7603,"2026-08-18 17:12:08.077",true,"[]",0,3
5766,5260,"2026-08-18 17:12:08.077",true,"[]",0,3
5767,7576,"2026-08-18 17:12:08.077",true,"[]",0,3
5768,2869,"2026-08-18 17:12:08.077",false,"[""RESTRICTED_HS_CODE""]",30,3
5769,7671,"2026-08-18 17:12:08.077",true,"[]",0,3
5770,3574,"2026-08-18 17:12:08.077",true,"[]",0,3
5771,6056,"2026-08-18 17:12:08.077",true,"[""DANGEROUS_GOODS""]",20,3
5772,2087,"2026-08-18 17:12:08.077",false,"[""RESTRICTED_HS_CODE""]",30,3
5773,6433,"2026-08-18 17:12:08.077",false,"[""RESTRICTED_HS_CODE""]",30,3
5774,8491,"2026-08-18 17:12:08.077",true,"[]",0,3
5775,5883,"2026-08-18 17:12:08.077",true,"[]",0,3
5776,3170,"2026-08-18 17:12:08.077",true,"[]",0,3
5777,2193,"2026-08-18 17:12:08.077",true,"[]",0,3
5778,5528,"2026-08-18 17:12:08.077",true,"[]",0,3
5779,3845,"2026-08-18 17:12:08.077",true,"[]",0,3
5780,222,"2026-08-18 17:12:08.077",true,"[]",0,3
5781,5846,"2026-08-18 17:12:08.077",true,"[]",0,3
5782,9691,"2026-08-18 17:12:08.077",true,"[]",0,3
5783,4850,"2026-08-18 17:12:08.077",false,"[""RESTRICTED_HS_CODE""]",30,3
5784,1591,"2026-08-18 17:12:08.077",true,"[]",0,3
5785,3213,"2026-08-18 17:12:08.077",true,"[]",0,3
5786,9954,"2026-08-18 17:12:08.077",true,"[]",0,3
5787,2637,"2026-08-18 17:12:08.077",true,"[]",0,3
5788,497,"2026-08-18 17:12:08.077",true,"[]",0,3
5789,537,"2026-08-18 17:12:08.077",true,"[""DANGEROUS_GOODS""]",20,3
5790,388,"2026-08-18 17:12:08.077",true,"[]",0,3
5791,1907,"2026-08-18 17:12:08.077",true,"[]",0,3
5792,9783,"2026-08-18 17:12:08.077",true,"[]",0,3
5793,3680,"2026-08-18 17:12:08.077",true,"[]",0,3
5794,1131,"2026-08-18 17:12:08.077",true,"[]",0,3
5795,8681,"2026-08-18 17:12:08.077",true,"[]",0,3
5796,319,"2026-08-18 17:12:08.077",true,"[]",0,3
5797,8748,"2026-08-18 17:12:08.077",true,"[]",0,3
5798,5391,"2026-08-18 17:12:08.077",true,"[]",0,3
5799,439,"2026-08-18 17:12:08.077",true,"[]",0,3
5800,6683,"2026-08-18 17:12:08.077",false,"[""RESTRICTED_HS_CODE""]",30,3
5801,4079,"2026-08-18 17:12:08.077",false,"[""RESTRICTED_HS_CODE""]",30,3
5802,6624,"2026-08-18 17:12:08.077",true,"[]",0,3
5803,92,"2026-08-18 17:12:08.077",true,"[]",0,3
5804,4315,"2026-08-18 17:12:08.077",true,"[]",0,3
5805,881,"2026-08-18 17:12:08.077",false,"[""RESTRICTED_HS_CODE""]",30,3
5806,224,"2026-08-18 17:12:08.077",true,"[]",0,3
5807,2789,"2026-08-18 17:12:08.077",true,"[]",0,3
5808,7097,"2026-08-18 17:12:08.077",true,"[]",0,3
5809,8431,"2026-08-18 17:12:08.077",true,"[]",0,3
5810,4979,"2026-08-18 17:12:08.077",true,"[]",0,3
5811,5385,"2026-08-18 17:12:08.077",true,"[]",0,3
5812,9001,"2026-08-18 17:12:08.077",false,"[""RESTRICTED_HS_CODE""]",30,3
5813,8726,"2026-08-18 17:12:08.077",false,"[""RESTRICTED_HS_CODE"",""DANGEROUS_GOODS""]",50,3
5814,1372,"2026-08-18 17:12:08.077",true,"[]",0,3
5815,173,"2026-08-18 17:12:08.077",true,"[]",0,3
5816,5886,"2026-08-18 17:12:08.077",true,"[]",0,3
5817,7264,"2026-08-18 17:12:08.077",true,"[]",0,3
5818,8095,"2026-08-18 17:12:08.077",true,"[]",0,3
5819,7861,"2026-08-18 17:12:08.077",true,"[]",0,3
5820,9820,"2026-08-18 17:12:08.077",false,"[""RESTRICTED_HS_CODE""]",30,3
5821,2061,"2026-08-18 17:12:08.077",true,"[]",0,3
5822,8772,"2026-08-18 17:12:08.077",true,"[]",0,3
5823,8016,"2026-08-18 17:12:08.077",true,"[]",0,3
5824,7931,"2026-08-18 17:12:08.077",false,"[""RESTRICTED_HS_CODE""]",30,3
5825,8597,"2026-08-18 17:12:08.077",true,"[]",0,3
5826,1430,"2026-08-18 17:12:08.077",true,"[]",0,3
5827,2070,"2026-08-18 17:12:08.077",true,"[]",0,3
5828,3184,"2026-08-18 17:12:08.077",true,"[]",0,3
5829,2794,"2026-08-18 17:12:08.077",true,"[]",0,3
5830,6399,"2026-08-18 17:12:08.077",true,"[]",0,3
5831,8797,"2026-08-18 17:12:08.077",true,"[]",0,3
5832,9345,"2026-08-18 17:12:08.077",true,"[]",0,3
5833,4805,"2026-08-18 17:12:08.077",true,"[]",0,3
5834,5944,"2026-08-18 17:12:08.077",true,"[]",0,3
5835,2224,"2026-08-18 17:12:08.077",true,"[]",0,3
5836,1788,"2026-08-18 17:12:08.077",false,"[""RESTRICTED_HS_CODE""]",30,3
5837,454,"2026-08-18 17:12:08.077",true,"[]",0,3
5838,5617,"2026-08-18 17:12:08.077",true,"[]",0,3
5839,9383,"2026-08-18 17:12:08.077",false,"[""RESTRICTED_HS_CODE""]",30,3
5840,3022,"2026-08-18 17:12:08.077",true,"[]",0,3
5841,285,"2026-08-18 17:12:08.077",true,"[]",0,3
5842,5421,"2026-08-18 17:12:08.077",true,"[""DANGEROUS_GOODS""]",20,3
5843,7995,"2026-08-18 17:12:08.077",true,"[]",0,3
5844,7187,"2026-08-18 17:12:08.077",true,"[]",0,3
5845,6982,"2026-08-18 17:12:08.077",true,"[]",0,3
5846,4646,"2026-08-18 17:12:08.077",true,"[]",0,3
5847,9871,"2026-08-18 17:12:08.077",false,"[""RESTRICTED_HS_CODE""]",30,3
5848,6047,"2026-08-18 17:12:08.077",true,"[]",0,3
5849,4256,"2026-08-18 17:12:08.077",true,"[]",0,3
5850,8013,"2026-08-18 17:12:08.077",true,"[]",0,3
5851,2432,"2026-08-18 17:12:08.077",true,"[]",0,3
5852,7686,"2026-08-18 17:12:08.077",true,"[]",0,3
5853,9826,"2026-08-18 17:12:08.077",true,"[]",0,3
5854,8387,"2026-08-18 17:12:08.077",true,"[""DANGEROUS_GOODS""]",20,3
5855,8412,"2026-08-18 17:12:08.077",true,"[]",0,3
5856,2095,"2026-08-18 17:12:08.077",true,"[]",0,3
5857,8010,"2026-08-18 17:12:08.077",true,"[]",0,3
5858,7360,"2026-08-18 17:12:08.077",true,"[]",0,3
5859,3124,"2026-08-18 17:12:08.077",false,"[""RESTRICTED_HS_CODE""]",30,3
5860,8189,"2026-08-18 17:12:08.077",true,"[]",0,3
5861,3448,"2026-08-18 17:12:08.077",true,"[]",0,3
5862,8306,"2026-08-18 17:12:08.077",true,"[]",0,3
5863,6566,"2026-08-18 17:12:08.077",true,"[]",0,3
5864,6752,"2026-08-18 17:12:08.077",true,"[]",0,3
5865,6572,"2026-08-18 17:12:08.077",true,"[]",0,3
5866,2481,"2026-08-18 17:12:08.077",true,"[]",0,3
5867,1958,"2026-08-18 17:12:08.077",false,"[""RESTRICTED_HS_CODE""]",30,3
5868,799,"2026-08-18 17:12:08.077",true,"[]",0,3
5869,2030,"2026-08-18 17:12:08.077",true,"[]",0,3
5870,7842,"2026-08-18 17:12:08.077",false,"[""RESTRICTED_HS_CODE""]",30,3
5871,2566,"2026-08-18 17:12:08.077",true,"[]",0,3
5872,2682,"2026-08-18 17:12:08.077",true,"[]",0,3
5873,1482,"2026-08-18 17:12:08.077",true,"[]",0,3
5874,2605,"2026-08-18 17:12:08.077",true,"[]",0,3
5875,546,"2026-08-18 17:12:08.077",true,"[]",0,3
5876,4774,"2026-08-18 17:12:08.077",true,"[]",0,3
5877,3754,"2026-08-18 17:12:08.077",false,"[""RESTRICTED_HS_CODE""]",30,3
5878,1985,"2026-08-18 17:12:08.077",true,"[]",0,3
5879,9331,"2026-08-18 17:12:08.077",true,"[]",0,3
5880,7210,"2026-08-18 17:12:08.077",false,"[""RESTRICTED_HS_CODE""]",30,3
5881,8889,"2026-08-18 17:12:08.077",true,"[]",0,3
5882,9012,"2026-08-18 17:12:08.077",true,"[""DANGEROUS_GOODS""]",20,3
5883,6203,"2026-08-18 17:12:08.077",true,"[]",0,3
5884,5852,"2026-08-18 17:12:08.077",true,"[]",0,3
5885,8434,"2026-08-18 17:12:08.077",true,"[]",0,3
5886,2144,"2026-08-18 17:12:08.077",true,"[]",0,3
5887,9690,"2026-08-18 17:12:08.077",true,"[]",0,3
5888,737,"2026-08-18 17:12:08.077",true,"[]",0,3
5889,2450,"2026-08-18 17:12:08.077",true,"[]",0,3
5890,2857,"2026-08-18 17:12:08.077",true,"[""DANGEROUS_GOODS""]",20,3
5891,960,"2026-08-18 17:12:08.077",true,"[""DANGEROUS_GOODS""]",20,3
5892,9946,"2026-08-18 17:12:08.077",true,"[]",0,3
5893,5373,"2026-08-18 17:12:08.077",true,"[]",0,3
5894,8494,"2026-08-18 17:12:08.077",true,"[]",0,3
5895,9237,"2026-08-18 17:12:08.077",true,"[]",0,3
5896,6914,"2026-08-18 17:12:08.077",true,"[]",0,3
5897,5158,"2026-08-18 17:12:08.077",true,"[]",0,3
5898,6414,"2026-08-18 17:12:08.077",true,"[]",0,3
5899,6122,"2026-08-18 17:12:08.077",false,"[""RESTRICTED_HS_CODE""]",30,3
5900,2934,"2026-08-18 17:12:08.077",true,"[]",0,3
5901,9425,"2026-08-18 17:12:08.077",true,"[]",0,3
5902,4799,"2026-08-18 17:12:08.077",true,"[]",0,3
5903,8734,"2026-08-18 17:12:08.077",true,"[]",0,3
5904,8560,"2026-08-18 17:12:08.077",true,"[]",0,3
5905,2680,"2026-08-18 17:12:08.077",true,"[]",0,3
5906,9072,"2026-08-18 17:12:08.077",true,"[]",0,3
5907,7444,"2026-08-18 17:12:08.077",false,"[""RESTRICTED_HS_CODE""]",30,3
5908,5109,"2026-08-18 17:12:08.077",false,"[""RESTRICTED_HS_CODE""]",30,3
5909,5606,"2026-08-18 17:12:08.077",true,"[]",0,3
5910,1500,"2026-08-18 17:12:08.077",true,"[]",0,3
5911,6493,"2026-08-18 17:12:08.077",true,"[]",0,3
5912,5194,"2026-08-18 17:12:08.077",false,"[""RESTRICTED_HS_CODE""]",30,3
5913,8430,"2026-08-18 17:12:08.077",true,"[]",0,3
5914,9750,"2026-08-18 17:12:08.077",false,"[""RESTRICTED_HS_CODE"",""DANGEROUS_GOODS""]",50,3
5915,3702,"2026-08-18 17:12:08.077",false,"[""RESTRICTED_HS_CODE""]",30,3
5916,1117,"2026-08-18 17:12:08.077",true,"[]",0,3
5917,6007,"2026-08-18 17:12:08.077",true,"[]",0,3
5918,5254,"2026-08-18 17:12:08.077",true,"[]",0,3
5919,5059,"2026-08-18 17:12:08.077",true,"[""DANGEROUS_GOODS""]",20,3
5920,211,"2026-08-18 17:12:08.077",true,"[]",0,3
5921,5294,"2026-08-18 17:12:08.077",true,"[]",0,3
5922,893,"2026-08-18 17:12:08.077",true,"[]",0,3
5923,8823,"2026-08-18 17:12:08.077",true,"[]",0,3
5924,7353,"2026-08-18 17:12:08.077",true,"[""DANGEROUS_GOODS""]",20,3
5925,3575,"2026-08-18 17:12:08.077",true,"[]",0,3
5926,7990,"2026-08-18 17:12:08.077",true,"[]",0,3
5927,5880,"2026-08-18 17:12:08.077",true,"[]",0,3
5928,8357,"2026-08-18 17:12:08.077",true,"[]",0,3
5929,6894,"2026-08-18 17:12:08.077",true,"[]",0,3
5930,9466,"2026-08-18 17:12:08.077",true,"[]",0,3
5931,4231,"2026-08-18 17:12:08.077",true,"[]",0,3
5932,6750,"2026-08-18 17:12:08.077",false,"[""RESTRICTED_HS_CODE""]",30,3
5933,2814,"2026-08-18 17:12:08.077",false,"[""RESTRICTED_HS_CODE""]",30,3
5934,1978,"2026-08-18 17:12:08.077",true,"[]",0,3
5935,1411,"2026-08-18 17:12:08.077",true,"[]",0,3
5936,3362,"2026-08-18 17:12:08.077",true,"[]",0,3
5937,7642,"2026-08-18 17:12:08.077",true,"[]",0,3
5938,6349,"2026-08-18 17:12:08.077",true,"[]",0,3
5939,2272,"2026-08-18 17:12:08.077",true,"[]",0,3
5940,3770,"2026-08-18 17:12:08.077",true,"[]",0,3
5941,6777,"2026-08-18 17:12:08.077",true,"[]",0,3
5942,5002,"2026-08-18 17:12:08.077",true,"[]",0,3
5943,9666,"2026-08-18 17:12:08.077",true,"[]",0,3
5944,6344,"2026-08-18 17:12:08.077",true,"[]",0,3
5945,2770,"2026-08-18 17:12:08.077",true,"[]",0,3
5946,3292,"2026-08-18 17:12:08.077",true,"[]",0,3
5947,9618,"2026-08-18 17:12:08.077",true,"[]",0,3
5948,2713,"2026-08-18 17:12:08.077",true,"[]",0,3
5949,3087,"2026-08-18 17:12:08.077",true,"[]",0,3
5950,5470,"2026-08-18 17:12:08.077",true,"[]",0,3
5951,8690,"2026-08-18 17:12:08.077",true,"[]",0,3
5952,587,"2026-08-18 17:12:08.077",true,"[]",0,3
5953,6061,"2026-08-18 17:12:08.077",true,"[]",0,3
5954,7670,"2026-08-18 17:12:08.077",true,"[]",0,3
5955,7948,"2026-08-18 17:12:08.077",true,"[]",0,3
5956,1599,"2026-08-18 17:12:08.077",true,"[]",0,3
5957,7397,"2026-08-18 17:12:08.077",true,"[]",0,3
5958,4547,"2026-08-18 17:12:08.077",true,"[]",0,3
5959,3226,"2026-08-18 17:12:08.077",true,"[]",0,3
5960,6013,"2026-08-18 17:12:08.077",true,"[]",0,3
5961,6682,"2026-08-18 17:12:08.077",true,"[""DANGEROUS_GOODS""]",20,3
5962,5452,"2026-08-18 17:12:08.077",true,"[]",0,3
5963,2362,"2026-08-18 17:12:08.077",true,"[]",0,3
5964,7233,"2026-08-18 17:12:08.077",true,"[]",0,3
5965,9686,"2026-08-18 17:12:08.077",true,"[]",0,3
5966,520,"2026-08-18 17:12:08.077",true,"[]",0,3
5967,7243,"2026-08-18 17:12:08.077",true,"[]",0,3
5968,2222,"2026-08-18 17:12:08.077",true,"[]",0,3
5969,6970,"2026-08-18 17:12:08.077",true,"[]",0,3
5970,8385,"2026-08-18 17:12:08.077",true,"[]",0,3
5971,2575,"2026-08-18 17:12:08.077",true,"[]",0,3
5972,9360,"2026-08-18 17:12:08.077",true,"[]",0,3
5973,1810,"2026-08-18 17:12:08.077",true,"[]",0,3
5974,4379,"2026-08-18 17:12:08.077",true,"[]",0,3
5975,6481,"2026-08-18 17:12:08.077",true,"[]",0,3
5976,1708,"2026-08-18 17:12:08.077",true,"[]",0,3
5977,5898,"2026-08-18 17:12:08.077",true,"[]",0,3
5978,5521,"2026-08-18 17:12:08.077",true,"[]",0,3
5979,4223,"2026-08-18 17:12:08.077",true,"[]",0,3
5980,6296,"2026-08-18 17:12:08.077",true,"[]",0,3
5981,7668,"2026-08-18 17:12:08.077",true,"[]",0,3
5982,5441,"2026-08-18 17:12:08.077",true,"[]",0,3
5983,3873,"2026-08-18 17:12:08.077",true,"[]",0,3
5984,3373,"2026-08-18 17:12:08.077",true,"[]",0,3
5985,5931,"2026-08-18 17:12:08.077",false,"[""RESTRICTED_HS_CODE""]",30,3
5986,9777,"2026-08-18 17:12:08.077",true,"[]",0,3
5987,7240,"2026-08-18 17:12:08.077",false,"[""RESTRICTED_HS_CODE""]",30,3
5988,5017,"2026-08-18 17:12:08.077",true,"[]",0,3
5989,332,"2026-08-18 17:12:08.077",true,"[]",0,3
5990,3168,"2026-08-18 17:12:08.077",true,"[]",0,3
5991,7033,"2026-08-18 17:12:08.077",true,"[]",0,3
5992,4353,"2026-08-18 17:12:08.077",true,"[]",0,3
5993,7351,"2026-08-18 17:12:08.077",true,"[]",0,3
5994,9120,"2026-08-18 17:12:08.077",true,"[]",0,3
5995,5602,"2026-08-18 17:12:08.077",true,"[]",0,3
5996,8545,"2026-08-18 17:12:08.077",true,"[]",0,3
5997,8278,"2026-08-18 17:12:08.077",true,"[]",0,3
5998,871,"2026-08-18 17:12:08.077",true,"[]",0,3
5999,1264,"2026-08-18 17:12:08.077",true,"[]",0,3
6000,4662,"2026-08-18 17:12:08.077",true,"[]",0,3
6001,7511,"2026-08-18 17:12:08.077",true,"[]",0,3
6002,5772,"2026-08-18 17:12:08.077",true,"[]",0,3
6003,5304,"2026-08-18 17:12:08.077",true,"[]",0,3
6004,3037,"2026-08-18 17:12:08.077",true,"[]",0,3
6005,5651,"2026-08-18 17:12:08.077",true,"[]",0,3
6006,2531,"2026-08-18 17:12:08.077",true,"[]",0,3
6007,9882,"2026-08-18 17:12:08.077",true,"[]",0,3
6008,6134,"2026-08-18 17:12:08.077",true,"[]",0,3
6009,284,"2026-08-18 17:12:08.077",true,"[]",0,3
6010,6143,"2026-08-18 17:12:08.077",false,"[""RESTRICTED_HS_CODE""]",30,3
6011,3202,"2026-08-18 17:12:08.077",false,"[""RESTRICTED_HS_CODE""]",30,3
6012,6314,"2026-08-18 17:12:08.077",true,"[]",0,3
6013,5465,"2026-08-18 17:12:08.077",true,"[]",0,3
6014,919,"2026-08-18 17:12:08.077",true,"[]",0,3
6015,6531,"2026-08-18 17:12:08.077",true,"[]",0,3
6016,338,"2026-08-18 17:12:08.077",true,"[]",0,3
6017,7669,"2026-08-18 17:12:08.077",true,"[]",0,3
6018,3209,"2026-08-18 17:12:08.077",true,"[]",0,3
6019,4822,"2026-08-18 17:12:08.077",true,"[]",0,3
6020,1414,"2026-08-18 17:12:08.077",true,"[]",0,3
6021,8947,"2026-08-18 17:12:08.077",false,"[""RESTRICTED_HS_CODE""]",30,3
6022,8508,"2026-08-18 17:12:08.077",true,"[]",0,3
6023,7771,"2026-08-18 17:12:08.077",true,"[]",0,3
6024,807,"2026-08-18 17:12:08.077",true,"[]",0,3
6025,4712,"2026-08-18 17:12:08.077",true,"[]",0,3
6026,3980,"2026-08-18 17:12:08.077",true,"[]",0,3
6027,9605,"2026-08-18 17:12:08.077",true,"[]",0,3
6028,6717,"2026-08-18 17:12:08.077",true,"[""DANGEROUS_GOODS""]",20,3
6029,3153,"2026-08-18 17:12:08.077",false,"[""RESTRICTED_HS_CODE""]",30,3
6030,3072,"2026-08-18 17:12:08.077",true,"[]",0,3
6031,9522,"2026-08-18 17:12:08.077",true,"[]",0,3
6032,5147,"2026-08-18 17:12:08.077",true,"[]",0,3
6033,6472,"2026-08-18 17:12:08.077",true,"[]",0,3
6034,1766,"2026-08-18 17:12:08.077",true,"[]",0,3
6035,4509,"2026-08-18 17:12:08.077",true,"[]",0,3
6036,2433,"2026-08-18 17:12:08.077",true,"[]",0,3
6037,9040,"2026-08-18 17:12:08.077",false,"[""RESTRICTED_HS_CODE"",""DANGEROUS_GOODS""]",50,3
6038,9339,"2026-08-18 17:12:08.077",true,"[]",0,3
6039,4291,"2026-08-18 17:12:08.077",true,"[]",0,3
6040,5476,"2026-08-18 17:12:08.077",true,"[]",0,3
6041,1610,"2026-08-18 17:12:08.077",true,"[]",0,3
6042,7673,"2026-08-18 17:12:08.077",true,"[]",0,3
6043,1693,"2026-08-18 17:12:08.077",false,"[""RESTRICTED_HS_CODE""]",30,3
6044,3080,"2026-08-18 17:12:08.077",true,"[]",0,3
6045,4918,"2026-08-18 17:12:08.077",true,"[]",0,3
6046,2844,"2026-08-18 17:12:08.077",true,"[]",0,3
6047,2913,"2026-08-18 17:12:08.077",true,"[]",0,3
6048,7661,"2026-08-18 17:12:08.077",true,"[]",0,3
6049,4447,"2026-08-18 17:12:08.077",true,"[]",0,3
6050,2018,"2026-08-18 17:12:08.077",true,"[]",0,3
6051,7472,"2026-08-18 17:12:08.077",true,"[]",0,3
6052,1041,"2026-08-18 17:12:08.077",true,"[]",0,3
6053,8332,"2026-08-18 17:12:08.077",true,"[]",0,3
6054,8676,"2026-08-18 17:12:08.077",true,"[]",0,3
6055,1021,"2026-08-18 17:12:08.077",true,"[]",0,3
6056,4247,"2026-08-18 17:12:08.077",true,"[]",0,3
6057,1857,"2026-08-18 17:12:08.077",true,"[]",0,3
6058,6836,"2026-08-18 17:12:08.077",true,"[]",0,3
6059,3935,"2026-08-18 17:12:08.077",false,"[""RESTRICTED_HS_CODE""]",30,3
6060,3920,"2026-08-18 17:12:08.077",true,"[""DANGEROUS_GOODS""]",20,3
6061,10,"2026-08-18 17:12:08.077",true,"[]",0,3
6062,9260,"2026-08-18 17:12:08.077",true,"[]",0,3
6063,6003,"2026-08-18 17:12:08.077",true,"[]",0,3
6064,2461,"2026-08-18 17:12:08.077",true,"[]",0,3
6065,7770,"2026-08-18 17:12:08.077",true,"[]",0,3
6066,2312,"2026-08-18 17:12:08.077",true,"[]",0,3
6067,3468,"2026-08-18 17:12:08.077",true,"[]",0,3
6068,8153,"2026-08-18 17:12:08.077",true,"[]",0,3
6069,7933,"2026-08-18 17:12:08.077",true,"[]",0,3
6070,3685,"2026-08-18 17:12:08.077",true,"[]",0,3
6071,8005,"2026-08-18 17:12:08.077",true,"[]",0,3
6072,4405,"2026-08-18 17:12:08.077",true,"[]",0,3
6073,5754,"2026-08-18 17:12:08.077",false,"[""RESTRICTED_HS_CODE"",""DANGEROUS_GOODS""]",50,3
6074,5959,"2026-08-18 17:12:08.077",true,"[]",0,3
6075,2109,"2026-08-18 17:12:08.077",true,"[]",0,3
6076,8104,"2026-08-18 17:12:08.077",true,"[]",0,3
6077,4453,"2026-08-18 17:12:08.077",true,"[]",0,3
6078,9922,"2026-08-18 17:12:08.077",true,"[]",0,3
6079,5274,"2026-08-18 17:12:08.077",true,"[]",0,3
6080,8256,"2026-08-18 17:12:08.077",true,"[]",0,3
6081,7823,"2026-08-18 17:12:08.077",true,"[]",0,3
6082,8460,"2026-08-18 17:12:08.077",true,"[]",0,3
6083,7737,"2026-08-18 17:12:08.077",true,"[]",0,3
6084,8382,"2026-08-18 17:12:08.077",true,"[]",0,3
6085,3966,"2026-08-18 17:12:08.077",true,"[]",0,3
6086,3567,"2026-08-18 17:12:08.077",true,"[]",0,3
6087,3543,"2026-08-18 17:12:08.077",true,"[]",0,3
6088,9654,"2026-08-18 17:12:08.077",true,"[]",0,3
6089,8835,"2026-08-18 17:12:08.077",true,"[]",0,3
6090,6535,"2026-08-18 17:12:08.077",true,"[]",0,3
6091,1091,"2026-08-18 17:12:08.077",false,"[""RESTRICTED_HS_CODE"",""DANGEROUS_GOODS""]",50,3
6092,7869,"2026-08-18 17:12:08.077",true,"[]",0,3
6093,8083,"2026-08-18 17:12:08.077",true,"[]",0,3
6094,311,"2026-08-18 17:12:08.077",true,"[]",0,3
6095,6623,"2026-08-18 17:12:08.077",true,"[]",0,3
6096,1504,"2026-08-18 17:12:08.077",true,"[]",0,3
6097,7646,"2026-08-18 17:12:08.077",true,"[""DANGEROUS_GOODS""]",20,3
6098,2525,"2026-08-18 17:12:08.077",true,"[]",0,3
6099,9853,"2026-08-18 17:12:08.077",true,"[]",0,3
6100,989,"2026-08-18 17:12:08.077",true,"[]",0,3
6101,1913,"2026-08-18 17:12:08.077",true,"[""DANGEROUS_GOODS""]",20,3
6102,3315,"2026-08-18 17:12:08.077",true,"[]",0,3
6103,4446,"2026-08-18 17:12:08.077",true,"[]",0,3
6104,8105,"2026-08-18 17:12:08.077",true,"[]",0,3
6105,7805,"2026-08-18 17:12:08.077",true,"[]",0,3
6106,4828,"2026-08-18 17:12:08.077",true,"[]",0,3
6107,4784,"2026-08-18 17:12:08.077",true,"[]",0,3
6108,5205,"2026-08-18 17:12:08.077",true,"[]",0,3
6109,8478,"2026-08-18 17:12:08.077",true,"[]",0,3
6110,2516,"2026-08-18 17:12:08.077",true,"[]",0,3
6111,5730,"2026-08-18 17:12:08.077",true,"[]",0,3
6112,223,"2026-08-18 17:12:08.077",true,"[]",0,3
6113,8538,"2026-08-18 17:12:08.077",false,"[""RESTRICTED_HS_CODE""]",30,3
6114,1263,"2026-08-18 17:12:08.077",false,"[""RESTRICTED_HS_CODE""]",30,3
6115,2034,"2026-08-18 17:12:08.077",true,"[]",0,3
6116,9181,"2026-08-18 17:12:08.077",false,"[""RESTRICTED_HS_CODE""]",30,3
6117,1624,"2026-08-18 17:12:08.077",true,"[]",0,3
6118,3328,"2026-08-18 17:12:08.077",true,"[]",0,3
6119,9649,"2026-08-18 17:12:08.077",true,"[]",0,3
6120,8970,"2026-08-18 17:12:08.077",false,"[""RESTRICTED_HS_CODE"",""DANGEROUS_GOODS""]",50,3
6121,2716,"2026-08-18 17:12:08.077",true,"[]",0,3
6122,1589,"2026-08-18 17:12:08.077",false,"[""RESTRICTED_HS_CODE""]",30,3
6123,1285,"2026-08-18 17:12:08.077",true,"[]",0,3
6124,1002,"2026-08-18 17:12:08.077",true,"[]",0,3
6125,2369,"2026-08-18 17:12:08.077",true,"[]",0,3
6126,9810,"2026-08-18 17:12:08.077",true,"[""DANGEROUS_GOODS""]",20,3
6127,4466,"2026-08-18 17:12:08.077",true,"[]",0,3
6128,5640,"2026-08-18 17:12:08.077",true,"[]",0,3
6129,4957,"2026-08-18 17:12:08.077",true,"[]",0,3
6130,2750,"2026-08-18 17:12:08.077",true,"[]",0,3
6131,2953,"2026-08-18 17:12:08.077",true,"[]",0,3
6132,2581,"2026-08-18 17:12:08.077",true,"[]",0,3
6133,4716,"2026-08-18 17:12:08.077",true,"[]",0,3
6134,3388,"2026-08-18 17:12:08.077",false,"[""RESTRICTED_HS_CODE""]",30,3
6135,8552,"2026-08-18 17:12:08.077",true,"[]",0,3
6136,8374,"2026-08-18 17:12:08.077",true,"[]",0,3
6137,8462,"2026-08-18 17:12:08.077",true,"[]",0,3
6138,2445,"2026-08-18 17:12:08.077",false,"[""RESTRICTED_HS_CODE""]",30,3
6139,9790,"2026-08-18 17:12:08.077",true,"[]",0,3
6140,5479,"2026-08-18 17:12:08.077",true,"[]",0,3
6141,9855,"2026-08-18 17:12:08.077",true,"[]",0,3
6142,4111,"2026-08-18 17:12:08.077",true,"[]",0,3
6143,6789,"2026-08-18 17:12:08.077",true,"[]",0,3
6144,1423,"2026-08-18 17:12:08.077",true,"[]",0,3
6145,6686,"2026-08-18 17:12:08.077",true,"[]",0,3
6146,4001,"2026-08-18 17:12:08.077",true,"[]",0,3
6147,6480,"2026-08-18 17:12:08.077",true,"[]",0,3
6148,7167,"2026-08-18 17:12:08.077",true,"[]",0,3
6149,7305,"2026-08-18 17:12:08.077",true,"[]",0,3
6150,961,"2026-08-18 17:12:08.077",true,"[]",0,3
6151,6372,"2026-08-18 17:12:08.077",false,"[""RESTRICTED_HS_CODE""]",30,3
6152,8313,"2026-08-18 17:12:08.077",true,"[""DANGEROUS_GOODS""]",20,3
6153,4436,"2026-08-18 17:12:08.077",true,"[]",0,3
6154,1833,"2026-08-18 17:12:08.077",true,"[]",0,3
6155,3981,"2026-08-18 17:12:08.077",true,"[]",0,3
6156,8557,"2026-08-18 17:12:08.077",false,"[""RESTRICTED_HS_CODE""]",30,3
6157,9862,"2026-08-18 17:12:08.077",true,"[]",0,3
6158,3100,"2026-08-18 17:12:08.077",true,"[]",0,3
6159,1723,"2026-08-18 17:12:08.077",true,"[]",0,3
6160,1305,"2026-08-18 17:12:08.077",false,"[""RESTRICTED_HS_CODE""]",30,3
6161,5276,"2026-08-18 17:12:08.077",true,"[]",0,3
6162,8915,"2026-08-18 17:12:08.077",true,"[]",0,3
6163,4631,"2026-08-18 17:12:08.077",false,"[""RESTRICTED_HS_CODE""]",30,3
6164,7697,"2026-08-18 17:12:08.077",true,"[]",0,3
6165,9092,"2026-08-18 17:12:08.077",true,"[]",0,3
6166,9903,"2026-08-18 17:12:08.077",true,"[]",0,3
6167,8376,"2026-08-18 17:12:08.077",true,"[]",0,3
6168,2860,"2026-08-18 17:12:08.077",true,"[]",0,3
6169,2392,"2026-08-18 17:12:08.077",true,"[]",0,3
6170,8027,"2026-08-18 17:12:08.077",true,"[]",0,3
6171,5377,"2026-08-18 17:12:08.077",true,"[]",0,3
6172,4709,"2026-08-18 17:12:08.077",true,"[]",0,3
6173,7164,"2026-08-18 17:12:08.077",true,"[]",0,3
6174,5380,"2026-08-18 17:12:08.077",true,"[]",0,3
6175,519,"2026-08-18 17:12:08.077",true,"[]",0,3
6176,4946,"2026-08-18 17:12:08.077",true,"[]",0,3
6177,5791,"2026-08-18 17:12:08.077",true,"[]",0,3
6178,4938,"2026-08-18 17:12:08.077",true,"[]",0,3
6179,3895,"2026-08-18 17:12:08.077",true,"[]",0,3
6180,3550,"2026-08-18 17:12:08.077",true,"[]",0,3
6181,2717,"2026-08-18 17:12:08.077",true,"[]",0,3
6182,802,"2026-08-18 17:12:08.077",true,"[]",0,3
6183,5265,"2026-08-18 17:12:08.077",true,"[]",0,3
6184,7664,"2026-08-18 17:12:08.077",true,"[]",0,3
6185,7265,"2026-08-18 17:12:08.077",true,"[""DANGEROUS_GOODS""]",20,3
6186,3832,"2026-08-18 17:12:08.077",true,"[]",0,3
6187,5244,"2026-08-18 17:12:08.077",true,"[]",0,3
6188,5641,"2026-08-18 17:12:08.077",true,"[]",0,3
6189,8160,"2026-08-18 17:12:08.077",true,"[]",0,3
6190,9458,"2026-08-18 17:12:08.077",true,"[]",0,3
6191,7968,"2026-08-18 17:12:08.077",true,"[]",0,3
6192,1048,"2026-08-18 17:12:08.077",false,"[""RESTRICTED_HS_CODE""]",30,3
6193,8729,"2026-08-18 17:12:08.077",true,"[]",0,3
6194,179,"2026-08-18 17:12:08.077",true,"[]",0,3
6195,8777,"2026-08-18 17:12:08.077",true,"[]",0,3
6196,6630,"2026-08-18 17:12:08.077",true,"[]",0,3
6197,240,"2026-08-18 17:12:08.077",true,"[""DANGEROUS_GOODS""]",20,3
6198,1817,"2026-08-18 17:12:08.077",true,"[""DANGEROUS_GOODS""]",20,3
6199,6824,"2026-08-18 17:12:08.077",true,"[]",0,3
6200,3245,"2026-08-18 17:12:08.077",true,"[""DANGEROUS_GOODS""]",20,3
6201,6708,"2026-08-18 17:12:08.077",true,"[]",0,3
6202,7296,"2026-08-18 17:12:08.077",true,"[]",0,3
6203,7232,"2026-08-18 17:12:08.077",true,"[]",0,3
6204,4861,"2026-08-18 17:12:08.077",true,"[]",0,3
6205,4325,"2026-08-18 17:12:08.077",true,"[]",0,3
6206,5245,"2026-08-18 17:12:08.077",true,"[]",0,3
6207,3654,"2026-08-18 17:12:08.077",true,"[]",0,3
6208,9325,"2026-08-18 17:12:08.077",true,"[]",0,3
6209,4305,"2026-08-18 17:12:08.077",false,"[""RESTRICTED_HS_CODE""]",30,3
6210,6771,"2026-08-18 17:12:08.077",true,"[""DANGEROUS_GOODS""]",20,3
6211,7506,"2026-08-18 17:12:08.077",true,"[]",0,3
6212,7796,"2026-08-18 17:12:08.077",false,"[""RESTRICTED_HS_CODE"",""DANGEROUS_GOODS""]",50,3
6213,7467,"2026-08-18 17:12:08.077",false,"[""RESTRICTED_HS_CODE""]",30,3
6214,2011,"2026-08-18 17:12:08.077",true,"[]",0,3
6215,3476,"2026-08-18 17:12:08.077",true,"[]",0,3
6216,8890,"2026-08-18 17:12:08.077",true,"[]",0,3
6217,478,"2026-08-18 17:12:08.077",true,"[]",0,3
6218,9496,"2026-08-18 17:12:08.077",true,"[]",0,3
6219,8791,"2026-08-18 17:12:08.077",false,"[""RESTRICTED_HS_CODE""]",30,3
6220,1209,"2026-08-18 17:12:08.077",true,"[]",0,3
6221,257,"2026-08-18 17:12:08.077",true,"[]",0,3
6222,7976,"2026-08-18 17:12:08.077",true,"[]",0,3
6223,8576,"2026-08-18 17:12:08.077",false,"[""RESTRICTED_HS_CODE""]",30,3
6224,8187,"2026-08-18 17:12:08.077",true,"[]",0,3
6225,724,"2026-08-18 17:12:08.077",true,"[]",0,3
6226,4795,"2026-08-18 17:12:08.077",true,"[]",0,3
6227,8034,"2026-08-18 17:12:08.077",true,"[]",0,3
6228,9667,"2026-08-18 17:12:08.077",true,"[]",0,3
6229,1887,"2026-08-18 17:12:08.077",true,"[]",0,3
6230,209,"2026-08-18 17:12:08.077",true,"[]",0,3
6231,4620,"2026-08-18 17:12:08.077",true,"[]",0,3
6232,4956,"2026-08-18 17:12:08.077",true,"[]",0,3
6233,5081,"2026-08-18 17:12:08.077",true,"[]",0,3
6234,7088,"2026-08-18 17:12:08.077",true,"[]",0,3
6235,4347,"2026-08-18 17:12:08.077",true,"[""DANGEROUS_GOODS""]",20,3
6236,7431,"2026-08-18 17:12:08.077",true,"[]",0,3
6237,958,"2026-08-18 17:12:08.077",true,"[]",0,3
6238,3531,"2026-08-18 17:12:08.077",true,"[]",0,3
6239,1618,"2026-08-18 17:12:08.077",false,"[""RESTRICTED_HS_CODE""]",30,3
6240,3594,"2026-08-18 17:12:08.077",true,"[]",0,3
6241,596,"2026-08-18 17:12:08.077",true,"[]",0,3
6242,7106,"2026-08-18 17:12:08.077",true,"[]",0,3
6243,6993,"2026-08-18 17:12:08.077",true,"[]",0,3
6244,2762,"2026-08-18 17:12:08.077",true,"[]",0,3
6245,1258,"2026-08-18 17:12:08.077",true,"[]",0,3
6246,4312,"2026-08-18 17:12:08.077",true,"[]",0,3
6247,5977,"2026-08-18 17:12:08.077",true,"[]",0,3
6248,7898,"2026-08-18 17:12:08.077",true,"[]",0,3
6249,4212,"2026-08-18 17:12:08.077",true,"[]",0,3
6250,6846,"2026-08-18 17:12:08.077",true,"[]",0,3
6251,1647,"2026-08-18 17:12:08.077",true,"[]",0,3
6252,4937,"2026-08-18 17:12:08.077",false,"[""RESTRICTED_HS_CODE""]",30,3
6253,4706,"2026-08-18 17:12:08.077",true,"[]",0,3
6254,6571,"2026-08-18 17:12:08.077",true,"[]",0,3
6255,6693,"2026-08-18 17:12:08.077",true,"[]",0,3
6256,6992,"2026-08-18 17:12:08.077",true,"[]",0,3
6257,4253,"2026-08-18 17:12:08.077",true,"[""DANGEROUS_GOODS""]",20,3
6258,4629,"2026-08-18 17:12:08.077",true,"[]",0,3
6259,8482,"2026-08-18 17:12:08.077",true,"[]",0,3
6260,4442,"2026-08-18 17:12:08.077",true,"[]",0,3
6261,217,"2026-08-18 17:12:08.077",true,"[""DANGEROUS_GOODS""]",20,3
6262,4934,"2026-08-18 17:12:08.077",true,"[]",0,3
6263,9916,"2026-08-18 17:12:08.077",true,"[""DANGEROUS_GOODS""]",20,3
6264,4715,"2026-08-18 17:12:08.077",true,"[]",0,3
6265,1722,"2026-08-18 17:12:08.077",true,"[]",0,3
6266,3871,"2026-08-18 17:12:08.077",false,"[""RESTRICTED_HS_CODE""]",30,3
6267,5850,"2026-08-18 17:12:08.077",false,"[""RESTRICTED_HS_CODE""]",30,3
6268,2737,"2026-08-18 17:12:08.077",true,"[]",0,3
6269,5134,"2026-08-18 17:12:08.077",true,"[]",0,3
6270,2517,"2026-08-18 17:12:08.077",true,"[]",0,3
6271,991,"2026-08-18 17:12:08.077",true,"[]",0,3
6272,3665,"2026-08-18 17:12:08.077",false,"[""RESTRICTED_HS_CODE""]",30,3
6273,9708,"2026-08-18 17:12:08.077",true,"[]",0,3
6274,1988,"2026-08-18 17:12:08.077",true,"[]",0,3
6275,7362,"2026-08-18 17:12:08.077",true,"[]",0,3
6276,1001,"2026-08-18 17:12:08.077",true,"[]",0,3
6277,7719,"2026-08-18 17:12:08.077",true,"[]",0,3
6278,3944,"2026-08-18 17:12:08.077",true,"[]",0,3
6279,7318,"2026-08-18 17:12:08.077",true,"[]",0,3
6280,4858,"2026-08-18 17:12:08.077",true,"[]",0,3
6281,6278,"2026-08-18 17:12:08.077",true,"[""DANGEROUS_GOODS""]",20,3
6282,9504,"2026-08-18 17:12:08.077",true,"[]",0,3
6283,2130,"2026-08-18 17:12:08.077",true,"[]",0,3
6284,2170,"2026-08-18 17:12:08.077",false,"[""RESTRICTED_HS_CODE""]",30,3
6285,4047,"2026-08-18 17:12:08.077",true,"[]",0,3
6286,9627,"2026-08-18 17:12:08.077",true,"[]",0,3
6287,5956,"2026-08-18 17:12:08.077",true,"[""DANGEROUS_GOODS""]",20,3
6288,2391,"2026-08-18 17:12:08.077",true,"[]",0,3
6289,4250,"2026-08-18 17:12:08.077",true,"[]",0,3
6290,395,"2026-08-18 17:12:08.077",true,"[]",0,3
6291,3176,"2026-08-18 17:12:08.077",true,"[]",0,3
6292,9155,"2026-08-18 17:12:08.077",true,"[]",0,3
6293,4889,"2026-08-18 17:12:08.077",true,"[]",0,3
6294,2400,"2026-08-18 17:12:08.077",false,"[""RESTRICTED_HS_CODE""]",30,3
6295,5541,"2026-08-18 17:12:08.077",true,"[]",0,3
6296,8331,"2026-08-18 17:12:08.077",true,"[]",0,3
6297,3780,"2026-08-18 17:12:08.077",true,"[]",0,3
6298,5715,"2026-08-18 17:12:08.077",true,"[]",0,3
6299,8699,"2026-08-18 17:12:08.077",true,"[]",0,3
6300,7966,"2026-08-18 17:12:08.077",true,"[]",0,3
6301,3620,"2026-08-18 17:12:08.077",true,"[]",0,3
6302,6301,"2026-08-18 17:12:08.077",true,"[]",0,3
6303,3302,"2026-08-18 17:12:08.077",true,"[]",0,3
6304,3064,"2026-08-18 17:12:08.077",true,"[]",0,3
6305,8684,"2026-08-18 17:12:08.077",true,"[]",0,3
6306,6333,"2026-08-18 17:12:08.077",false,"[""RESTRICTED_HS_CODE"",""DANGEROUS_GOODS""]",50,3
6307,9026,"2026-08-18 17:12:08.077",false,"[""RESTRICTED_HS_CODE""]",30,3
6308,5374,"2026-08-18 17:12:08.077",true,"[]",0,3
6309,7835,"2026-08-18 17:12:08.077",true,"[]",0,3
6310,944,"2026-08-18 17:12:08.077",false,"[""RESTRICTED_HS_CODE""]",30,3
6311,7086,"2026-08-18 17:12:08.077",true,"[]",0,3
6312,6395,"2026-08-18 17:12:08.077",true,"[]",0,3
6313,8559,"2026-08-18 17:12:08.077",true,"[]",0,3
6314,7635,"2026-08-18 17:12:08.077",true,"[]",0,3
6315,6059,"2026-08-18 17:12:08.077",false,"[""RESTRICTED_HS_CODE""]",30,3
6316,3509,"2026-08-18 17:12:08.077",true,"[]",0,3
6317,8328,"2026-08-18 17:12:08.077",true,"[]",0,3
6318,7165,"2026-08-18 17:12:08.077",true,"[]",0,3
6319,5236,"2026-08-18 17:12:08.077",true,"[]",0,3
6320,2393,"2026-08-18 17:12:08.077",false,"[""RESTRICTED_HS_CODE""]",30,3
6321,3602,"2026-08-18 17:12:08.077",true,"[]",0,3
6322,7154,"2026-08-18 17:12:08.077",true,"[]",0,3
6323,9303,"2026-08-18 17:12:08.077",true,"[]",0,3
6324,1937,"2026-08-18 17:12:08.077",true,"[]",0,3
6325,3514,"2026-08-18 17:12:08.077",true,"[]",0,3
6326,6431,"2026-08-18 17:12:08.077",true,"[]",0,3
6327,982,"2026-08-18 17:12:08.077",false,"[""RESTRICTED_HS_CODE""]",30,3
6328,1815,"2026-08-18 17:12:08.077",true,"[]",0,3
6329,9501,"2026-08-18 17:12:08.077",true,"[""DANGEROUS_GOODS""]",20,3
6330,2418,"2026-08-18 17:12:08.077",false,"[""RESTRICTED_HS_CODE""]",30,3
6331,7718,"2026-08-18 17:12:08.077",true,"[]",0,3
6332,9663,"2026-08-18 17:12:08.077",false,"[""RESTRICTED_HS_CODE""]",30,3
6333,9757,"2026-08-18 17:12:08.077",true,"[]",0,3
6334,1241,"2026-08-18 17:12:08.077",true,"[]",0,3
6335,655,"2026-08-18 17:12:08.077",true,"[]",0,3
6336,2314,"2026-08-18 17:12:08.077",true,"[]",0,3
6337,6912,"2026-08-18 17:12:08.077",false,"[""RESTRICTED_HS_CODE""]",30,3
6338,6502,"2026-08-18 17:12:08.077",false,"[""RESTRICTED_HS_CODE""]",30,3
6339,1657,"2026-08-18 17:12:08.077",true,"[]",0,3
6340,3020,"2026-08-18 17:12:08.077",true,"[]",0,3
6341,539,"2026-08-18 17:12:08.077",true,"[]",0,3
6342,1473,"2026-08-18 17:12:08.077",true,"[]",0,3
6343,9835,"2026-08-18 17:12:08.077",true,"[]",0,3
6344,4156,"2026-08-18 17:12:08.077",true,"[]",0,3
6345,4780,"2026-08-18 17:12:08.077",true,"[]",0,3
6346,764,"2026-08-18 17:12:08.077",true,"[]",0,3
6347,4103,"2026-08-18 17:12:08.077",true,"[]",0,3
6348,4885,"2026-08-18 17:12:08.077",true,"[]",0,3
6349,6485,"2026-08-18 17:12:08.077",true,"[]",0,3
6350,1018,"2026-08-18 17:12:08.077",true,"[]",0,3
6351,9748,"2026-08-18 17:12:08.077",true,"[]",0,3
6352,3092,"2026-08-18 17:12:08.077",true,"[]",0,3
6353,3320,"2026-08-18 17:12:08.077",true,"[]",0,3
6354,7390,"2026-08-18 17:12:08.077",true,"[]",0,3
6355,5981,"2026-08-18 17:12:08.077",true,"[""DANGEROUS_GOODS""]",20,3
6356,6053,"2026-08-18 17:12:08.077",true,"[]",0,3
6357,2094,"2026-08-18 17:12:08.077",false,"[""RESTRICTED_HS_CODE""]",30,3
6358,7377,"2026-08-18 17:12:08.077",true,"[]",0,3
6359,4821,"2026-08-18 17:12:08.077",true,"[]",0,3
6360,8091,"2026-08-18 17:12:08.077",true,"[]",0,3
6361,874,"2026-08-18 17:12:08.077",false,"[""RESTRICTED_HS_CODE""]",30,3
6362,8669,"2026-08-18 17:12:08.077",true,"[]",0,3
6363,7352,"2026-08-18 17:12:08.077",true,"[]",0,3
6364,7698,"2026-08-18 17:12:08.077",false,"[""RESTRICTED_HS_CODE""]",30,3
6365,2436,"2026-08-18 17:12:08.077",true,"[]",0,3
6366,380,"2026-08-18 17:12:08.077",true,"[]",0,3
6367,2678,"2026-08-18 17:12:08.077",true,"[""DANGEROUS_GOODS""]",20,3
6368,2302,"2026-08-18 17:12:08.077",false,"[""RESTRICTED_HS_CODE""]",30,3
6369,7347,"2026-08-18 17:12:08.077",true,"[]",0,3
6370,6407,"2026-08-18 17:12:08.077",true,"[]",0,3
6371,5114,"2026-08-18 17:12:08.077",true,"[]",0,3
6372,730,"2026-08-18 17:12:08.077",true,"[]",0,3
6373,3540,"2026-08-18 17:12:08.077",false,"[""RESTRICTED_HS_CODE""]",30,3
6374,5459,"2026-08-18 17:12:08.077",true,"[]",0,3
6375,4564,"2026-08-18 17:12:08.077",true,"[]",0,3
6376,441,"2026-08-18 17:12:08.077",false,"[""RESTRICTED_HS_CODE""]",30,3
6377,9179,"2026-08-18 17:12:08.077",true,"[]",0,3
6378,7021,"2026-08-18 17:12:08.077",true,"[]",0,3
6379,6357,"2026-08-18 17:12:08.077",true,"[]",0,3
6380,1163,"2026-08-18 17:12:08.077",true,"[]",0,3
6381,8727,"2026-08-18 17:12:08.077",false,"[""RESTRICTED_HS_CODE""]",30,3
6382,9537,"2026-08-18 17:12:08.077",false,"[""RESTRICTED_HS_CODE""]",30,3
6383,8595,"2026-08-18 17:12:08.077",true,"[]",0,3
6384,4166,"2026-08-18 17:12:08.077",true,"[]",0,3
6385,1165,"2026-08-18 17:12:08.077",true,"[]",0,3
6386,2521,"2026-08-18 17:12:08.077",true,"[]",0,3
6387,3404,"2026-08-18 17:12:08.077",true,"[]",0,3
6388,1441,"2026-08-18 17:12:08.077",true,"[]",0,3
6389,5970,"2026-08-18 17:12:08.077",true,"[]",0,3
6390,9877,"2026-08-18 17:12:08.077",true,"[]",0,3
6391,787,"2026-08-18 17:12:08.077",false,"[""RESTRICTED_HS_CODE""]",30,3
6392,4081,"2026-08-18 17:12:08.077",true,"[]",0,3
6393,5935,"2026-08-18 17:12:08.077",true,"[]",0,3
6394,7508,"2026-08-18 17:12:08.077",true,"[]",0,3
6395,8490,"2026-08-18 17:12:08.077",true,"[]",0,3
6396,6109,"2026-08-18 17:12:08.077",true,"[]",0,3
6397,6,"2026-08-18 17:12:08.077",true,"[]",0,3
6398,1007,"2026-08-18 17:12:08.077",true,"[]",0,3
6399,3715,"2026-08-18 17:12:08.077",true,"[]",0,3
6400,9065,"2026-08-18 17:12:08.077",true,"[]",0,3
6401,5894,"2026-08-18 17:12:08.077",true,"[]",0,3
6402,9828,"2026-08-18 17:12:08.077",true,"[]",0,3
6403,9071,"2026-08-18 17:12:08.077",true,"[]",0,3
6404,1858,"2026-08-18 17:12:08.077",true,"[]",0,3
6405,2080,"2026-08-18 17:12:08.077",true,"[]",0,3
6406,6813,"2026-08-18 17:12:08.077",true,"[]",0,3
6407,1362,"2026-08-18 17:12:08.077",true,"[""DANGEROUS_GOODS""]",20,3
6408,8617,"2026-08-18 17:12:08.077",true,"[]",0,3
6409,2709,"2026-08-18 17:12:08.077",true,"[]",0,3
6410,8156,"2026-08-18 17:12:08.077",true,"[]",0,3
6411,3563,"2026-08-18 17:12:08.077",false,"[""RESTRICTED_HS_CODE""]",30,3
6412,930,"2026-08-18 17:12:08.077",true,"[]",0,3
6413,4908,"2026-08-18 17:12:08.077",true,"[]",0,3
6414,7613,"2026-08-18 17:12:08.077",true,"[]",0,3
6415,4358,"2026-08-18 17:12:08.077",false,"[""RESTRICTED_HS_CODE""]",30,3
6416,8228,"2026-08-18 17:12:08.077",true,"[]",0,3
6417,3262,"2026-08-18 17:12:08.077",true,"[]",0,3
6418,7365,"2026-08-18 17:12:08.077",true,"[]",0,3
6419,1124,"2026-08-18 17:12:08.077",true,"[]",0,3
6420,1206,"2026-08-18 17:12:08.077",true,"[]",0,3
6421,367,"2026-08-18 17:12:08.077",false,"[""RESTRICTED_HS_CODE""]",30,3
6422,2448,"2026-08-18 17:12:08.077",true,"[]",0,3
6423,5161,"2026-08-18 17:12:08.077",true,"[]",0,3
6424,3843,"2026-08-18 17:12:08.077",true,"[]",0,3
6425,5149,"2026-08-18 17:12:08.077",true,"[]",0,3
6426,3610,"2026-08-18 17:12:08.077",true,"[]",0,3
6427,140,"2026-08-18 17:12:08.077",true,"[""DANGEROUS_GOODS""]",20,3
6428,1606,"2026-08-18 17:12:08.077",true,"[]",0,3
6429,5555,"2026-08-18 17:12:08.077",true,"[""DANGEROUS_GOODS""]",20,3
6430,5000,"2026-08-18 17:12:08.077",false,"[""RESTRICTED_HS_CODE""]",30,3
6431,485,"2026-08-18 17:12:08.077",true,"[]",0,3
6432,8730,"2026-08-18 17:12:08.077",true,"[]",0,3
6433,3648,"2026-08-18 17:12:08.077",true,"[]",0,3
6434,6133,"2026-08-18 17:12:08.077",true,"[]",0,3
6435,1660,"2026-08-18 17:12:08.077",true,"[]",0,3
6436,3335,"2026-08-18 17:12:08.077",false,"[""RESTRICTED_HS_CODE""]",30,3
6437,8781,"2026-08-18 17:12:08.077",false,"[""RESTRICTED_HS_CODE""]",30,3
6438,6172,"2026-08-18 17:12:08.077",true,"[]",0,3
6439,8817,"2026-08-18 17:12:08.077",true,"[]",0,3
6440,9800,"2026-08-18 17:12:08.077",false,"[""RESTRICTED_HS_CODE""]",30,3
6441,6716,"2026-08-18 17:12:08.077",true,"[]",0,3
6442,4092,"2026-08-18 17:12:08.077",true,"[]",0,3
6443,4574,"2026-08-18 17:12:08.077",true,"[]",0,3
6444,727,"2026-08-18 17:12:08.077",true,"[]",0,3
6445,5553,"2026-08-18 17:12:08.077",true,"[]",0,3
6446,7275,"2026-08-18 17:12:08.077",true,"[]",0,3
6447,6358,"2026-08-18 17:12:08.077",false,"[""RESTRICTED_HS_CODE""]",30,3
6448,775,"2026-08-18 17:12:08.077",true,"[]",0,3
6449,4390,"2026-08-18 17:12:08.077",true,"[]",0,3
6450,2939,"2026-08-18 17:12:08.077",true,"[]",0,3
6451,3427,"2026-08-18 17:12:08.077",false,"[""RESTRICTED_HS_CODE""]",30,3
6452,1973,"2026-08-18 17:12:08.077",true,"[]",0,3
6453,7213,"2026-08-18 17:12:08.077",true,"[]",0,3
6454,6977,"2026-08-18 17:12:08.077",true,"[]",0,3
6455,8527,"2026-08-18 17:12:08.077",true,"[]",0,3
6456,2252,"2026-08-18 17:12:08.077",true,"[]",0,3
6457,2527,"2026-08-18 17:12:08.077",false,"[""RESTRICTED_HS_CODE""]",30,3
6458,2201,"2026-08-18 17:12:08.077",true,"[]",0,3
6459,2074,"2026-08-18 17:12:08.077",true,"[]",0,3
6460,5484,"2026-08-18 17:12:08.077",true,"[]",0,3
6461,7071,"2026-08-18 17:12:08.077",true,"[]",0,3
6462,3242,"2026-08-18 17:12:08.077",true,"[]",0,3
6463,1038,"2026-08-18 17:12:08.077",false,"[""RESTRICTED_HS_CODE""]",30,3
6464,3268,"2026-08-18 17:12:08.077",true,"[""DANGEROUS_GOODS""]",20,3
6465,8661,"2026-08-18 17:12:08.077",false,"[""RESTRICTED_HS_CODE""]",30,3
6466,5825,"2026-08-18 17:12:08.077",true,"[""DANGEROUS_GOODS""]",20,3
6467,7274,"2026-08-18 17:12:08.077",true,"[]",0,3
6468,9503,"2026-08-18 17:12:08.077",true,"[]",0,3
6469,7333,"2026-08-18 17:12:08.077",true,"[]",0,3
6470,3918,"2026-08-18 17:12:08.077",true,"[""DANGEROUS_GOODS""]",20,3
6471,2851,"2026-08-18 17:12:08.077",true,"[]",0,3
6472,4375,"2026-08-18 17:12:08.077",true,"[]",0,3
6473,4550,"2026-08-18 17:12:08.077",true,"[]",0,3
6474,2616,"2026-08-18 17:12:08.077",true,"[]",0,3
6475,818,"2026-08-18 17:12:08.077",true,"[""DANGEROUS_GOODS""]",20,3
6476,5836,"2026-08-18 17:12:08.077",true,"[]",0,3
6477,8631,"2026-08-18 17:12:08.077",true,"[]",0,3
6478,8031,"2026-08-18 17:12:08.077",false,"[""RESTRICTED_HS_CODE""]",30,3
6479,481,"2026-08-18 17:12:08.077",true,"[]",0,3
6480,8967,"2026-08-18 17:12:08.077",true,"[]",0,3
6481,2263,"2026-08-18 17:12:08.077",true,"[]",0,3
6482,5848,"2026-08-18 17:12:08.077",true,"[]",0,3
6483,1220,"2026-08-18 17:12:08.077",true,"[]",0,3
6484,5779,"2026-08-18 17:12:08.077",true,"[]",0,3
6485,7778,"2026-08-18 17:12:08.077",true,"[]",0,3
6486,1488,"2026-08-18 17:12:08.077",false,"[""RESTRICTED_HS_CODE"",""DANGEROUS_GOODS""]",50,3
6487,7425,"2026-08-18 17:12:08.077",true,"[]",0,3
6488,4308,"2026-08-18 17:12:08.077",true,"[]",0,3
6489,1470,"2026-08-18 17:12:08.077",true,"[]",0,3
6490,1116,"2026-08-18 17:12:08.077",false,"[""RESTRICTED_HS_CODE""]",30,3
6491,6534,"2026-08-18 17:12:08.077",true,"[]",0,3
6492,8047,"2026-08-18 17:12:08.077",true,"[]",0,3
6493,4014,"2026-08-18 17:12:08.077",true,"[]",0,3
6494,1227,"2026-08-18 17:12:08.077",true,"[]",0,3
6495,1109,"2026-08-18 17:12:08.077",true,"[]",0,3
6496,5660,"2026-08-18 17:12:08.077",true,"[]",0,3
6497,2806,"2026-08-18 17:12:08.077",true,"[]",0,3
6498,1354,"2026-08-18 17:12:08.077",true,"[]",0,3
6499,3824,"2026-08-18 17:12:08.077",true,"[]",0,3
6500,3158,"2026-08-18 17:12:08.077",true,"[]",0,3
6501,8608,"2026-08-18 17:12:08.077",true,"[]",0,3
6502,2168,"2026-08-18 17:12:08.077",true,"[]",0,3
6503,3544,"2026-08-18 17:12:08.077",true,"[]",0,3
6504,3836,"2026-08-18 17:12:08.077",true,"[]",0,3
6505,9382,"2026-08-18 17:12:08.077",true,"[]",0,3
6506,7896,"2026-08-18 17:12:08.077",true,"[]",0,3
6507,1585,"2026-08-18 17:12:08.077",false,"[""RESTRICTED_HS_CODE""]",30,3
6508,3884,"2026-08-18 17:12:08.077",true,"[]",0,3
6509,9577,"2026-08-18 17:12:08.077",true,"[]",0,3
6510,4407,"2026-08-18 17:12:08.077",true,"[]",0,3
6511,905,"2026-08-18 17:12:08.077",true,"[""DANGEROUS_GOODS""]",20,3
6512,6249,"2026-08-18 17:12:08.077",true,"[]",0,3
6513,2514,"2026-08-18 17:12:08.077",true,"[]",0,3
6514,9384,"2026-08-18 17:12:08.077",true,"[]",0,3
6515,700,"2026-08-18 17:12:08.077",true,"[]",0,3
6516,5343,"2026-08-18 17:12:08.077",true,"[]",0,3
6517,42,"2026-08-18 17:12:08.077",true,"[]",0,3
6518,4122,"2026-08-18 17:12:08.077",true,"[]",0,3
6519,9626,"2026-08-18 17:12:08.077",true,"[]",0,3
6520,1541,"2026-08-18 17:12:08.077",true,"[]",0,3
6521,3070,"2026-08-18 17:12:08.077",true,"[]",0,3
6522,4781,"2026-08-18 17:12:08.077",true,"[]",0,3
6523,633,"2026-08-18 17:12:08.077",true,"[]",0,3
6524,3216,"2026-08-18 17:12:08.077",true,"[]",0,3
6525,7093,"2026-08-18 17:12:08.077",true,"[]",0,3
6526,9867,"2026-08-18 17:12:08.077",true,"[]",0,3
6527,6940,"2026-08-18 17:12:08.077",true,"[]",0,3
6528,5012,"2026-08-18 17:12:08.077",true,"[]",0,3
6529,6418,"2026-08-18 17:12:08.077",false,"[""RESTRICTED_HS_CODE""]",30,3
6530,5913,"2026-08-18 17:12:08.077",true,"[]",0,3
6531,1035,"2026-08-18 17:12:08.077",true,"[]",0,3
6532,8540,"2026-08-18 17:12:08.077",true,"[]",0,3
6533,9970,"2026-08-18 17:12:08.077",true,"[]",0,3
6534,3952,"2026-08-18 17:12:08.077",true,"[]",0,3
6535,263,"2026-08-18 17:12:08.077",true,"[]",0,3
6536,9497,"2026-08-18 17:12:08.077",true,"[]",0,3
6537,6228,"2026-08-18 17:12:08.077",true,"[]",0,3
6538,3289,"2026-08-18 17:12:08.077",true,"[]",0,3
6539,9949,"2026-08-18 17:12:08.077",true,"[]",0,3
6540,7672,"2026-08-18 17:12:08.077",true,"[]",0,3
6541,1374,"2026-08-18 17:12:08.077",true,"[]",0,3
6542,4441,"2026-08-18 17:12:08.077",true,"[]",0,3
6543,8708,"2026-08-18 17:12:08.077",true,"[]",0,3
6544,5003,"2026-08-18 17:12:08.077",true,"[]",0,3
6545,9044,"2026-08-18 17:12:08.077",true,"[]",0,3
6546,4055,"2026-08-18 17:12:08.077",true,"[]",0,3
6547,3790,"2026-08-18 17:12:08.077",true,"[]",0,3
6548,8541,"2026-08-18 17:12:08.077",true,"[]",0,3
6549,3240,"2026-08-18 17:12:08.077",true,"[]",0,3
6550,5336,"2026-08-18 17:12:08.077",true,"[]",0,3
6551,1665,"2026-08-18 17:12:08.077",true,"[]",0,3
6552,2777,"2026-08-18 17:12:08.077",true,"[]",0,3
6553,328,"2026-08-18 17:12:08.077",true,"[]",0,3
6554,7227,"2026-08-18 17:12:08.077",true,"[]",0,3
6555,6741,"2026-08-18 17:12:08.077",true,"[]",0,3
6556,3110,"2026-08-18 17:12:08.077",true,"[""DANGEROUS_GOODS""]",20,3
6557,6049,"2026-08-18 17:12:08.077",true,"[]",0,3
6558,4645,"2026-08-18 17:12:08.077",false,"[""RESTRICTED_HS_CODE""]",30,3
6559,1828,"2026-08-18 17:12:08.077",true,"[]",0,3
6560,9351,"2026-08-18 17:12:08.077",true,"[]",0,3
6561,5698,"2026-08-18 17:12:08.077",true,"[]",0,3
6562,4808,"2026-08-18 17:12:08.077",true,"[""DANGEROUS_GOODS""]",20,3
6563,8060,"2026-08-18 17:12:08.077",false,"[""RESTRICTED_HS_CODE""]",30,3
6564,4015,"2026-08-18 17:12:08.077",true,"[]",0,3
6565,5334,"2026-08-18 17:12:08.077",true,"[]",0,3
6566,3603,"2026-08-18 17:12:08.077",true,"[]",0,3
6567,654,"2026-08-18 17:12:08.077",true,"[]",0,3
6568,1359,"2026-08-18 17:12:08.077",true,"[]",0,3
6569,1896,"2026-08-18 17:12:08.077",true,"[""DANGEROUS_GOODS""]",20,3
6570,5693,"2026-08-18 17:12:08.077",true,"[]",0,3
6571,6458,"2026-08-18 17:12:08.077",true,"[]",0,3
6572,6661,"2026-08-18 17:12:08.077",true,"[]",0,3
6573,9460,"2026-08-18 17:12:08.077",true,"[]",0,3
6574,8413,"2026-08-18 17:12:08.077",true,"[]",0,3
6575,3988,"2026-08-18 17:12:08.077",true,"[]",0,3
6576,53,"2026-08-18 17:12:08.077",true,"[]",0,3
6577,8058,"2026-08-18 17:12:08.077",true,"[]",0,3
6578,4184,"2026-08-18 17:12:08.077",false,"[""RESTRICTED_HS_CODE""]",30,3
6579,6679,"2026-08-18 17:12:08.077",true,"[]",0,3
6580,9953,"2026-08-18 17:12:08.077",true,"[""DANGEROUS_GOODS""]",20,3
6581,205,"2026-08-18 17:12:08.077",true,"[]",0,3
6582,1356,"2026-08-18 17:12:08.077",true,"[]",0,3
6583,1540,"2026-08-18 17:12:08.077",false,"[""RESTRICTED_HS_CODE""]",30,3
6584,976,"2026-08-18 17:12:08.077",true,"[]",0,3
6585,6310,"2026-08-18 17:12:08.077",true,"[]",0,3
6586,6057,"2026-08-18 17:12:08.077",true,"[]",0,3
6587,7731,"2026-08-18 17:12:08.077",true,"[""DANGEROUS_GOODS""]",20,3
6588,8025,"2026-08-18 17:12:08.077",true,"[]",0,3
6589,5924,"2026-08-18 17:12:08.077",true,"[]",0,3
6590,6549,"2026-08-18 17:12:08.077",true,"[]",0,3
6591,7249,"2026-08-18 17:12:08.077",true,"[]",0,3
6592,9336,"2026-08-18 17:12:08.077",true,"[]",0,3
6593,7832,"2026-08-18 17:12:08.077",true,"[]",0,3
6594,6315,"2026-08-18 17:12:08.077",true,"[]",0,3
6595,9532,"2026-08-18 17:12:08.077",true,"[]",0,3
6596,9150,"2026-08-18 17:12:08.077",true,"[]",0,3
6597,6181,"2026-08-18 17:12:08.077",true,"[]",0,3
6598,3359,"2026-08-18 17:12:08.077",true,"[]",0,3
6599,7143,"2026-08-18 17:12:08.077",true,"[]",0,3
6600,1989,"2026-08-18 17:12:08.077",true,"[]",0,3
6601,6340,"2026-08-18 17:12:08.077",true,"[]",0,3
6602,1128,"2026-08-18 17:12:08.077",true,"[]",0,3
6603,2267,"2026-08-18 17:12:08.077",true,"[]",0,3
6604,1287,"2026-08-18 17:12:08.077",false,"[""RESTRICTED_HS_CODE""]",30,3
6605,364,"2026-08-18 17:12:08.077",true,"[]",0,3
6606,1025,"2026-08-18 17:12:08.077",true,"[]",0,3
6607,3585,"2026-08-18 17:12:08.077",true,"[]",0,3
6608,7989,"2026-08-18 17:12:08.077",false,"[""RESTRICTED_HS_CODE""]",30,3
6609,9341,"2026-08-18 17:12:08.077",false,"[""RESTRICTED_HS_CODE""]",30,3
6610,4226,"2026-08-18 17:12:08.077",true,"[""DANGEROUS_GOODS""]",20,3
6611,4107,"2026-08-18 17:12:08.077",true,"[]",0,3
6612,6142,"2026-08-18 17:12:08.077",true,"[]",0,3
6613,3583,"2026-08-18 17:12:08.077",true,"[]",0,3
6614,2260,"2026-08-18 17:12:08.077",true,"[]",0,3
6615,4128,"2026-08-18 17:12:08.077",true,"[]",0,3
6616,6694,"2026-08-18 17:12:08.077",true,"[]",0,3
6617,7050,"2026-08-18 17:12:08.077",true,"[]",0,3
6618,6038,"2026-08-18 17:12:08.077",false,"[""RESTRICTED_HS_CODE""]",30,3
6619,8003,"2026-08-18 17:12:08.077",true,"[]",0,3
6620,6747,"2026-08-18 17:12:08.077",true,"[]",0,3
6621,1940,"2026-08-18 17:12:08.077",true,"[]",0,3
6622,4710,"2026-08-18 17:12:08.077",true,"[]",0,3
6623,828,"2026-08-18 17:12:08.077",true,"[]",0,3
6624,4456,"2026-08-18 17:12:08.077",true,"[]",0,3
6625,7597,"2026-08-18 17:12:08.077",true,"[]",0,3
6626,1608,"2026-08-18 17:12:08.077",true,"[]",0,3
6627,9792,"2026-08-18 17:12:08.077",true,"[]",0,3
6628,1150,"2026-08-18 17:12:08.077",true,"[]",0,3
6629,7078,"2026-08-18 17:12:08.077",true,"[]",0,3
6630,1202,"2026-08-18 17:12:08.077",true,"[]",0,3
6631,8896,"2026-08-18 17:12:08.077",false,"[""RESTRICTED_HS_CODE""]",30,3
6632,5869,"2026-08-18 17:12:08.077",false,"[""RESTRICTED_HS_CODE""]",30,3
6633,8352,"2026-08-18 17:12:08.077",true,"[]",0,3
6634,2248,"2026-08-18 17:12:08.077",true,"[]",0,3
6635,267,"2026-08-18 17:12:08.077",true,"[]",0,3
6636,648,"2026-08-18 17:12:08.077",true,"[]",0,3
6637,684,"2026-08-18 17:12:08.077",true,"[]",0,3
6638,9701,"2026-08-18 17:12:08.077",true,"[]",0,3
6639,8627,"2026-08-18 17:12:08.077",true,"[]",0,3
6640,681,"2026-08-18 17:12:08.077",true,"[]",0,3
6641,1742,"2026-08-18 17:12:08.077",true,"[]",0,3
6642,7914,"2026-08-18 17:12:08.077",true,"[]",0,3
6643,8634,"2026-08-18 17:12:08.077",true,"[]",0,3
6644,4354,"2026-08-18 17:12:08.077",true,"[]",0,3
6645,2976,"2026-08-18 17:12:08.077",true,"[]",0,3
6646,5858,"2026-08-18 17:12:08.077",true,"[]",0,3
6647,5164,"2026-08-18 17:12:08.077",true,"[]",0,3
6648,1154,"2026-08-18 17:12:08.077",true,"[]",0,3
6649,1542,"2026-08-18 17:12:08.077",true,"[]",0,3
6650,4024,"2026-08-18 17:12:08.077",true,"[]",0,3
6651,6198,"2026-08-18 17:12:08.077",false,"[""RESTRICTED_HS_CODE""]",30,3
6652,4516,"2026-08-18 17:12:08.077",true,"[]",0,3
6653,7834,"2026-08-18 17:12:08.077",true,"[]",0,3
6654,4903,"2026-08-18 17:12:08.077",true,"[]",0,3
6655,8501,"2026-08-18 17:12:08.077",true,"[]",0,3
6656,8288,"2026-08-18 17:12:08.077",true,"[]",0,3
6657,903,"2026-08-18 17:12:08.077",true,"[]",0,3
6658,911,"2026-08-18 17:12:08.077",true,"[]",0,3
6659,3463,"2026-08-18 17:12:08.077",true,"[]",0,3
6660,4124,"2026-08-18 17:12:08.077",true,"[]",0,3
6661,5940,"2026-08-18 17:12:08.077",true,"[]",0,3
6662,978,"2026-08-18 17:12:08.077",true,"[]",0,3
6663,253,"2026-08-18 17:12:08.077",true,"[]",0,3
6664,5080,"2026-08-18 17:12:08.077",true,"[]",0,3
6665,518,"2026-08-18 17:12:08.077",true,"[""DANGEROUS_GOODS""]",20,3
6666,3998,"2026-08-18 17:12:08.077",true,"[]",0,3
6667,7706,"2026-08-18 17:12:08.077",true,"[]",0,3
6668,509,"2026-08-18 17:12:08.077",true,"[]",0,3
6669,6858,"2026-08-18 17:12:08.077",true,"[]",0,3
6670,9688,"2026-08-18 17:12:08.077",true,"[""DANGEROUS_GOODS""]",20,3
6671,8846,"2026-08-18 17:12:08.077",true,"[]",0,3
6672,8371,"2026-08-18 17:12:08.077",true,"[]",0,3
6673,1161,"2026-08-18 17:12:08.077",true,"[]",0,3
6674,8510,"2026-08-18 17:12:08.077",false,"[""RESTRICTED_HS_CODE""]",30,3
6675,8110,"2026-08-18 17:12:08.077",true,"[]",0,3
6676,5198,"2026-08-18 17:12:08.077",true,"[]",0,3
6677,9571,"2026-08-18 17:12:08.077",true,"[]",0,3
6678,4963,"2026-08-18 17:12:08.077",true,"[]",0,3
6679,1613,"2026-08-18 17:12:08.077",true,"[]",0,3
6680,3162,"2026-08-18 17:12:08.077",true,"[]",0,3
6681,685,"2026-08-18 17:12:08.077",true,"[]",0,3
6682,1200,"2026-08-18 17:12:08.077",true,"[""DANGEROUS_GOODS""]",20,3
6683,3708,"2026-08-18 17:12:08.077",true,"[]",0,3
6684,3787,"2026-08-18 17:12:08.077",true,"[]",0,3
6685,3726,"2026-08-18 17:12:08.077",true,"[]",0,3
6686,3444,"2026-08-18 17:12:08.077",true,"[]",0,3
6687,3443,"2026-08-18 17:12:08.077",true,"[]",0,3
6688,8687,"2026-08-18 17:12:08.077",true,"[]",0,3
6689,1392,"2026-08-18 17:12:08.077",true,"[]",0,3
6690,5751,"2026-08-18 17:12:08.077",true,"[]",0,3
6691,6022,"2026-08-18 17:12:08.077",true,"[]",0,3
6692,8444,"2026-08-18 17:12:08.077",true,"[]",0,3
6693,2114,"2026-08-18 17:12:08.077",true,"[]",0,3
6694,2919,"2026-08-18 17:12:08.077",false,"[""RESTRICTED_HS_CODE""]",30,3
6695,3746,"2026-08-18 17:12:08.077",true,"[]",0,3
6696,1526,"2026-08-18 17:12:08.077",true,"[]",0,3
6697,182,"2026-08-18 17:12:08.077",true,"[]",0,3
6698,9220,"2026-08-18 17:12:08.077",false,"[""RESTRICTED_HS_CODE""]",30,3
6699,7616,"2026-08-18 17:12:08.077",true,"[]",0,3
6700,1929,"2026-08-18 17:12:08.077",true,"[]",0,3
6701,2117,"2026-08-18 17:12:08.077",true,"[]",0,3
6702,2798,"2026-08-18 17:12:08.077",true,"[]",0,3
6703,7015,"2026-08-18 17:12:08.077",true,"[]",0,3
6704,499,"2026-08-18 17:12:08.077",true,"[]",0,3
6705,5755,"2026-08-18 17:12:08.077",true,"[]",0,3
6706,1927,"2026-08-18 17:12:08.077",false,"[""RESTRICTED_HS_CODE""]",30,3
6707,8135,"2026-08-18 17:12:08.077",true,"[]",0,3
6708,3812,"2026-08-18 17:12:08.077",true,"[]",0,3
6709,9606,"2026-08-18 17:12:08.077",true,"[]",0,3
6710,5101,"2026-08-18 17:12:08.077",true,"[]",0,3
6711,1672,"2026-08-18 17:12:08.077",true,"[]",0,3
6712,4190,"2026-08-18 17:12:08.077",true,"[]",0,3
6713,1279,"2026-08-18 17:12:08.077",true,"[]",0,3
6714,5667,"2026-08-18 17:12:08.077",true,"[]",0,3
6715,22,"2026-08-18 17:12:08.077",true,"[]",0,3
6716,2607,"2026-08-18 17:12:08.077",true,"[]",0,3
6717,8619,"2026-08-18 17:12:08.077",false,"[""RESTRICTED_HS_CODE""]",30,3
6718,4003,"2026-08-18 17:12:08.077",true,"[]",0,3
6719,1897,"2026-08-18 17:12:08.077",false,"[""RESTRICTED_HS_CODE""]",30,3
6720,3269,"2026-08-18 17:12:08.077",true,"[]",0,3
6721,8775,"2026-08-18 17:12:08.077",true,"[]",0,3
6722,9442,"2026-08-18 17:12:08.077",false,"[""RESTRICTED_HS_CODE""]",30,3
6723,4760,"2026-08-18 17:12:08.077",true,"[]",0,3
6724,7271,"2026-08-18 17:12:08.077",true,"[]",0,3
6725,827,"2026-08-18 17:12:08.077",true,"[]",0,3
6726,2203,"2026-08-18 17:12:08.077",true,"[""DANGEROUS_GOODS""]",20,3
6727,9971,"2026-08-18 17:12:08.077",true,"[]",0,3
6728,3730,"2026-08-18 17:12:08.077",true,"[]",0,3
6729,1938,"2026-08-18 17:12:08.077",true,"[]",0,3
6730,2877,"2026-08-18 17:12:08.077",true,"[]",0,3
6731,4382,"2026-08-18 17:12:08.077",true,"[]",0,3
6732,1664,"2026-08-18 17:12:08.077",true,"[]",0,3
6733,2443,"2026-08-18 17:12:08.077",true,"[]",0,3
6734,4856,"2026-08-18 17:12:08.077",true,"[]",0,3
6735,2341,"2026-08-18 17:12:08.077",true,"[]",0,3
6736,7594,"2026-08-18 17:12:08.077",true,"[]",0,3
6737,3277,"2026-08-18 17:12:08.077",true,"[]",0,3
6738,7742,"2026-08-18 17:12:08.077",true,"[]",0,3
6739,468,"2026-08-18 17:12:08.077",true,"[]",0,3
6740,2492,"2026-08-18 17:12:08.077",true,"[]",0,3
6741,972,"2026-08-18 17:12:08.077",true,"[]",0,3
6742,1468,"2026-08-18 17:12:08.077",true,"[]",0,3
6743,1687,"2026-08-18 17:12:08.077",true,"[]",0,3
6744,7583,"2026-08-18 17:12:08.077",true,"[]",0,3
6745,2509,"2026-08-18 17:12:08.077",true,"[]",0,3
6746,3239,"2026-08-18 17:12:08.077",true,"[]",0,3
6747,4953,"2026-08-18 17:12:08.077",true,"[]",0,3
6748,9379,"2026-08-18 17:12:08.077",true,"[""DANGEROUS_GOODS""]",20,3
6749,2275,"2026-08-18 17:12:08.077",true,"[]",0,3
6750,3221,"2026-08-18 17:12:08.077",true,"[]",0,3
6751,5344,"2026-08-18 17:12:08.077",true,"[]",0,3
6752,7018,"2026-08-18 17:12:08.077",true,"[]",0,3
6753,8680,"2026-08-18 17:12:08.077",true,"[]",0,3
6754,1746,"2026-08-18 17:12:08.077",true,"[]",0,3
6755,1062,"2026-08-18 17:12:08.077",true,"[]",0,3
6756,544,"2026-08-18 17:12:08.077",true,"[]",0,3
6757,9333,"2026-08-18 17:12:08.077",true,"[]",0,3
6758,4399,"2026-08-18 17:12:08.077",true,"[""DANGEROUS_GOODS""]",20,3
6759,9902,"2026-08-18 17:12:08.077",false,"[""RESTRICTED_HS_CODE""]",30,3
6760,590,"2026-08-18 17:12:08.077",true,"[]",0,3
6761,3028,"2026-08-18 17:12:08.077",false,"[""RESTRICTED_HS_CODE""]",30,3
6762,5681,"2026-08-18 17:12:08.077",true,"[]",0,3
6763,4409,"2026-08-18 17:12:08.077",true,"[]",0,3
6764,4193,"2026-08-18 17:12:08.077",true,"[]",0,3
6765,8995,"2026-08-18 17:12:08.077",true,"[]",0,3
6766,9445,"2026-08-18 17:12:08.077",true,"[]",0,3
6767,5650,"2026-08-18 17:12:08.077",true,"[""DANGEROUS_GOODS""]",20,3
6768,4900,"2026-08-18 17:12:08.077",false,"[""RESTRICTED_HS_CODE""]",30,3
6769,6744,"2026-08-18 17:12:08.077",true,"[]",0,3
6770,3201,"2026-08-18 17:12:08.077",true,"[]",0,3
6771,3094,"2026-08-18 17:12:08.077",true,"[]",0,3
6772,3467,"2026-08-18 17:12:08.077",true,"[]",0,3
6773,732,"2026-08-18 17:12:08.077",true,"[]",0,3
6774,3401,"2026-08-18 17:12:08.077",true,"[]",0,3
6775,51,"2026-08-18 17:12:08.077",true,"[]",0,3
6776,1575,"2026-08-18 17:12:08.077",false,"[""RESTRICTED_HS_CODE""]",30,3
6777,7488,"2026-08-18 17:12:08.077",true,"[]",0,3
6778,7336,"2026-08-18 17:12:08.077",true,"[]",0,3
6779,1716,"2026-08-18 17:12:08.077",true,"[]",0,3
6780,7110,"2026-08-18 17:12:08.077",true,"[]",0,3
6781,9207,"2026-08-18 17:12:08.077",true,"[]",0,3
6782,2421,"2026-08-18 17:12:08.077",true,"[]",0,3
6783,974,"2026-08-18 17:12:08.077",true,"[]",0,3
6784,2174,"2026-08-18 17:12:08.077",true,"[]",0,3
6785,7567,"2026-08-18 17:12:08.077",true,"[]",0,3
6786,4639,"2026-08-18 17:12:08.077",true,"[]",0,3
6787,2780,"2026-08-18 17:12:08.077",true,"[]",0,3
6788,7854,"2026-08-18 17:12:08.077",true,"[]",0,3
6789,4701,"2026-08-18 17:12:08.077",true,"[]",0,3
6790,1931,"2026-08-18 17:12:08.077",true,"[]",0,3
6791,8596,"2026-08-18 17:12:08.077",true,"[]",0,3
6792,3131,"2026-08-18 17:12:08.077",true,"[""DANGEROUS_GOODS""]",20,3
6793,3323,"2026-08-18 17:12:08.077",true,"[]",0,3
6794,4203,"2026-08-18 17:12:08.077",true,"[]",0,3
6795,2453,"2026-08-18 17:12:08.077",true,"[]",0,3
6796,6928,"2026-08-18 17:12:08.077",true,"[]",0,3
6797,6277,"2026-08-18 17:12:08.077",true,"[]",0,3
6798,8327,"2026-08-18 17:12:08.077",true,"[]",0,3
6799,7516,"2026-08-18 17:12:08.077",true,"[]",0,3
6800,4572,"2026-08-18 17:12:08.077",true,"[]",0,3
6801,1669,"2026-08-18 17:12:08.077",true,"[]",0,3
6802,1871,"2026-08-18 17:12:08.077",true,"[]",0,3
6803,8939,"2026-08-18 17:12:08.077",true,"[]",0,3
6804,6259,"2026-08-18 17:12:08.077",true,"[]",0,3
6805,7159,"2026-08-18 17:12:08.077",true,"[]",0,3
6806,6046,"2026-08-18 17:12:08.077",true,"[]",0,3
6807,8340,"2026-08-18 17:12:08.077",true,"[]",0,3
6808,9494,"2026-08-18 17:12:08.077",true,"[]",0,3
6809,3604,"2026-08-18 17:12:08.077",true,"[]",0,3
6810,4439,"2026-08-18 17:12:08.077",true,"[]",0,3
6811,6115,"2026-08-18 17:12:08.077",true,"[]",0,3
6812,3255,"2026-08-18 17:12:08.077",true,"[]",0,3
6813,2151,"2026-08-18 17:12:08.077",true,"[""DANGEROUS_GOODS""]",20,3
6814,3310,"2026-08-18 17:12:08.077",true,"[]",0,3
6815,9447,"2026-08-18 17:12:08.077",true,"[""DANGEROUS_GOODS""]",20,3
6816,8623,"2026-08-18 17:12:08.077",true,"[]",0,3
6817,7830,"2026-08-18 17:12:08.077",true,"[]",0,3
6818,5497,"2026-08-18 17:12:08.077",true,"[]",0,3
6819,4045,"2026-08-18 17:12:08.077",true,"[]",0,3
6820,8226,"2026-08-18 17:12:08.077",true,"[]",0,3
6821,9598,"2026-08-18 17:12:08.077",true,"[]",0,3
6822,5656,"2026-08-18 17:12:08.077",true,"[]",0,3
6823,4064,"2026-08-18 17:12:08.077",true,"[]",0,3
6824,752,"2026-08-18 17:12:08.077",true,"[]",0,3
6825,3159,"2026-08-18 17:12:08.077",true,"[]",0,3
6826,7890,"2026-08-18 17:12:08.077",true,"[]",0,3
6827,2788,"2026-08-18 17:12:08.077",true,"[]",0,3
6828,7254,"2026-08-18 17:12:08.077",false,"[""RESTRICTED_HS_CODE""]",30,3
6829,5275,"2026-08-18 17:12:08.077",true,"[]",0,3
6830,6269,"2026-08-18 17:12:08.077",true,"[]",0,3
6831,1873,"2026-08-18 17:12:08.077",true,"[]",0,3
6832,9866,"2026-08-18 17:12:08.077",false,"[""RESTRICTED_HS_CODE""]",30,3
6833,5804,"2026-08-18 17:12:08.077",true,"[]",0,3
6834,360,"2026-08-18 17:12:08.077",true,"[]",0,3
6835,4763,"2026-08-18 17:12:08.077",false,"[""RESTRICTED_HS_CODE""]",30,3
6836,9506,"2026-08-18 17:12:08.077",true,"[]",0,3
6837,3546,"2026-08-18 17:12:08.077",true,"[]",0,3
6838,4512,"2026-08-18 17:12:08.077",true,"[]",0,3
6839,8668,"2026-08-18 17:12:08.077",true,"[]",0,3
6840,5152,"2026-08-18 17:12:08.077",true,"[]",0,3
6841,2920,"2026-08-18 17:12:08.077",true,"[]",0,3
6842,9338,"2026-08-18 17:12:08.077",true,"[]",0,3
6843,344,"2026-08-18 17:12:08.077",true,"[]",0,3
6844,6986,"2026-08-18 17:12:08.077",true,"[]",0,3
6845,2552,"2026-08-18 17:12:08.077",false,"[""RESTRICTED_HS_CODE""]",30,3
6846,2628,"2026-08-18 17:12:08.077",true,"[]",0,3
6847,551,"2026-08-18 17:12:08.077",true,"[]",0,3
6848,9240,"2026-08-18 17:12:08.077",true,"[]",0,3
6849,1273,"2026-08-18 17:12:08.077",true,"[]",0,3
6850,2800,"2026-08-18 17:12:08.077",true,"[]",0,3
6851,2951,"2026-08-18 17:12:08.077",true,"[]",0,3
6852,1775,"2026-08-18 17:12:08.077",true,"[]",0,3
6853,4454,"2026-08-18 17:12:08.077",true,"[]",0,3
6854,3664,"2026-08-18 17:12:08.077",true,"[]",0,3
6855,8659,"2026-08-18 17:12:08.077",true,"[]",0,3
6856,1773,"2026-08-18 17:12:08.077",false,"[""RESTRICTED_HS_CODE""]",30,3
6857,2604,"2026-08-18 17:12:08.077",true,"[]",0,3
6858,7808,"2026-08-18 17:12:08.077",true,"[]",0,3
6859,712,"2026-08-18 17:12:08.077",true,"[]",0,3
6860,839,"2026-08-18 17:12:08.077",true,"[]",0,3
6861,9607,"2026-08-18 17:12:08.077",true,"[]",0,3
6862,8159,"2026-08-18 17:12:08.077",true,"[]",0,3
6863,1729,"2026-08-18 17:12:08.077",true,"[]",0,3
6864,118,"2026-08-18 17:12:08.077",true,"[]",0,3
6865,9452,"2026-08-18 17:12:08.077",true,"[]",0,3
6866,1922,"2026-08-18 17:12:08.077",true,"[]",0,3
6867,4367,"2026-08-18 17:12:08.077",true,"[]",0,3
6868,3513,"2026-08-18 17:12:08.077",true,"[]",0,3
6869,3894,"2026-08-18 17:12:08.077",true,"[]",0,3
6870,4127,"2026-08-18 17:12:08.077",true,"[]",0,3
6871,8424,"2026-08-18 17:12:08.077",true,"[]",0,3
6872,7378,"2026-08-18 17:12:08.077",true,"[]",0,3
6873,3624,"2026-08-18 17:12:08.077",true,"[]",0,3
6874,5493,"2026-08-18 17:12:08.077",true,"[]",0,3
6875,9732,"2026-08-18 17:12:08.077",true,"[]",0,3
6876,1336,"2026-08-18 17:12:08.077",true,"[]",0,3
6877,5881,"2026-08-18 17:12:08.077",true,"[]",0,3
6878,9520,"2026-08-18 17:12:08.077",true,"[]",0,3
6879,6734,"2026-08-18 17:12:08.077",true,"[]",0,3
6880,7638,"2026-08-18 17:12:08.077",true,"[]",0,3
6881,4531,"2026-08-18 17:12:08.077",true,"[]",0,3
6882,5220,"2026-08-18 17:12:08.077",true,"[]",0,3
6883,52,"2026-08-18 17:12:08.077",true,"[]",0,3
6884,1718,"2026-08-18 17:12:08.077",true,"[]",0,3
6885,9915,"2026-08-18 17:12:08.077",true,"[]",0,3
6886,9721,"2026-08-18 17:12:08.077",true,"[]",0,3
6887,6077,"2026-08-18 17:12:08.077",true,"[]",0,3
6888,3875,"2026-08-18 17:12:08.077",true,"[]",0,3
6889,7403,"2026-08-18 17:12:08.077",true,"[]",0,3
6890,7523,"2026-08-18 17:12:08.077",true,"[]",0,3
6891,4687,"2026-08-18 17:12:08.077",true,"[]",0,3
6892,7490,"2026-08-18 17:12:08.077",true,"[]",0,3
6893,4443,"2026-08-18 17:12:08.077",true,"[]",0,3
6894,7127,"2026-08-18 17:12:08.077",true,"[]",0,3
6895,3856,"2026-08-18 17:12:08.077",true,"[]",0,3
6896,4298,"2026-08-18 17:12:08.077",false,"[""RESTRICTED_HS_CODE"",""DANGEROUS_GOODS""]",50,3
6897,6561,"2026-08-18 17:12:08.077",true,"[]",0,3
6898,5395,"2026-08-18 17:12:08.077",true,"[]",0,3
6899,6379,"2026-08-18 17:12:08.077",true,"[]",0,3
6900,429,"2026-08-18 17:12:08.077",true,"[]",0,3
6901,1156,"2026-08-18 17:12:08.077",true,"[]",0,3
6902,2357,"2026-08-18 17:12:08.077",true,"[]",0,3
6903,2440,"2026-08-18 17:12:08.077",true,"[]",0,3
6904,7690,"2026-08-18 17:12:08.077",true,"[""DANGEROUS_GOODS""]",20,3
6905,3203,"2026-08-18 17:12:08.077",true,"[]",0,3
6906,5055,"2026-08-18 17:12:08.077",true,"[]",0,3
6907,4300,"2026-08-18 17:12:08.077",true,"[]",0,3
6908,1282,"2026-08-18 17:12:08.077",true,"[]",0,3
6909,6465,"2026-08-18 17:12:08.077",true,"[]",0,3
6910,5987,"2026-08-18 17:12:08.077",true,"[]",0,3
6911,4647,"2026-08-18 17:12:08.077",true,"[]",0,3
6912,1049,"2026-08-18 17:12:08.077",true,"[]",0,3
6913,4313,"2026-08-18 17:12:08.077",true,"[""DANGEROUS_GOODS""]",20,3
6914,3395,"2026-08-18 17:12:08.077",true,"[]",0,3
6915,3173,"2026-08-18 17:12:08.077",true,"[]",0,3
6916,4619,"2026-08-18 17:12:08.077",true,"[]",0,3
6917,3813,"2026-08-18 17:12:08.077",true,"[]",0,3
6918,2327,"2026-08-18 17:12:08.077",true,"[]",0,3
6919,3551,"2026-08-18 17:12:08.077",true,"[]",0,3
6920,927,"2026-08-18 17:12:08.077",false,"[""RESTRICTED_HS_CODE""]",30,3
6921,756,"2026-08-18 17:12:08.077",true,"[]",0,3
6922,6160,"2026-08-18 17:12:08.077",false,"[""RESTRICTED_HS_CODE""]",30,3
6923,4016,"2026-08-18 17:12:08.077",true,"[]",0,3
6924,1494,"2026-08-18 17:12:08.077",false,"[""RESTRICTED_HS_CODE""]",30,3
6925,5200,"2026-08-18 17:12:08.077",true,"[]",0,3
6926,7492,"2026-08-18 17:12:08.077",true,"[]",0,3
6927,6864,"2026-08-18 17:12:08.077",true,"[]",0,3
6928,1655,"2026-08-18 17:12:08.077",true,"[""DANGEROUS_GOODS""]",20,3
6929,7029,"2026-08-18 17:12:08.077",true,"[]",0,3
6930,5928,"2026-08-18 17:12:08.077",true,"[]",0,3
6931,2847,"2026-08-18 17:12:08.077",true,"[]",0,3
6932,8717,"2026-08-18 17:12:08.077",false,"[""RESTRICTED_HS_CODE""]",30,3
6933,7685,"2026-08-18 17:12:08.077",true,"[]",0,3
6934,482,"2026-08-18 17:12:08.077",true,"[]",0,3
6935,4613,"2026-08-18 17:12:08.077",false,"[""RESTRICTED_HS_CODE""]",30,3
6936,5353,"2026-08-18 17:12:08.077",false,"[""RESTRICTED_HS_CODE""]",30,3
6937,7209,"2026-08-18 17:12:08.077",true,"[]",0,3
6938,8700,"2026-08-18 17:12:08.077",true,"[]",0,3
6939,2722,"2026-08-18 17:12:08.077",true,"[]",0,3
6940,5238,"2026-08-18 17:12:08.077",true,"[]",0,3
6941,9975,"2026-08-18 17:12:08.077",true,"[""DANGEROUS_GOODS""]",20,3
6942,4410,"2026-08-18 17:12:08.077",true,"[]",0,3
6943,6899,"2026-08-18 17:12:08.077",true,"[]",0,3
6944,5032,"2026-08-18 17:12:08.077",true,"[]",0,3
6945,1113,"2026-08-18 17:12:08.077",true,"[]",0,3
6946,9736,"2026-08-18 17:12:08.077",true,"[]",0,3
6947,622,"2026-08-18 17:12:08.077",false,"[""RESTRICTED_HS_CODE""]",30,3
6948,9390,"2026-08-18 17:12:08.077",true,"[]",0,3
6949,1087,"2026-08-18 17:12:08.077",false,"[""RESTRICTED_HS_CODE""]",30,3
6950,8931,"2026-08-18 17:12:08.077",true,"[]",0,3
6951,9421,"2026-08-18 17:12:08.077",true,"[]",0,3
6952,9895,"2026-08-18 17:12:08.077",true,"[]",0,3
6953,5796,"2026-08-18 17:12:08.077",true,"[""DANGEROUS_GOODS""]",20,3
6954,3016,"2026-08-18 17:12:08.077",true,"[]",0,3
6955,6793,"2026-08-18 17:12:08.077",true,"[""DANGEROUS_GOODS""]",20,3
6956,4580,"2026-08-18 17:12:08.077",false,"[""RESTRICTED_HS_CODE""]",30,3
6957,1020,"2026-08-18 17:12:08.077",true,"[]",0,3
6958,45,"2026-08-18 17:12:08.077",true,"[]",0,3
6959,9253,"2026-08-18 17:12:08.077",true,"[]",0,3
6960,1906,"2026-08-18 17:12:08.077",true,"[]",0,3
6961,6960,"2026-08-18 17:12:08.077",true,"[]",0,3
6962,9511,"2026-08-18 17:12:08.077",false,"[""RESTRICTED_HS_CODE""]",30,3
6963,5570,"2026-08-18 17:12:08.077",true,"[]",0,3
6964,408,"2026-08-18 17:12:08.077",true,"[]",0,3
6965,9093,"2026-08-18 17:12:08.077",true,"[]",0,3
6966,1495,"2026-08-18 17:12:08.077",true,"[]",0,3
6967,5565,"2026-08-18 17:12:08.077",true,"[]",0,3
6968,5165,"2026-08-18 17:12:08.077",true,"[]",0,3
6969,5745,"2026-08-18 17:12:08.077",true,"[]",0,3
6970,4492,"2026-08-18 17:12:08.077",true,"[]",0,3
6971,5416,"2026-08-18 17:12:08.077",true,"[]",0,3
6972,6550,"2026-08-18 17:12:08.077",true,"[]",0,3
6973,9653,"2026-08-18 17:12:08.077",true,"[]",0,3
6974,329,"2026-08-18 17:12:08.077",true,"[]",0,3
6975,8312,"2026-08-18 17:12:08.077",true,"[]",0,3
6976,270,"2026-08-18 17:12:08.077",true,"[]",0,3
6977,2200,"2026-08-18 17:12:08.077",true,"[]",0,3
6978,4153,"2026-08-18 17:12:08.077",true,"[]",0,3
6979,1068,"2026-08-18 17:12:08.077",true,"[]",0,3
6980,6100,"2026-08-18 17:12:08.077",true,"[]",0,3
6981,345,"2026-08-18 17:12:08.077",true,"[]",0,3
6982,3532,"2026-08-18 17:12:08.077",true,"[]",0,3
6983,9058,"2026-08-18 17:12:08.077",true,"[]",0,3
6984,5086,"2026-08-18 17:12:08.077",true,"[]",0,3
6985,7884,"2026-08-18 17:12:08.077",true,"[]",0,3
6986,7166,"2026-08-18 17:12:08.077",true,"[]",0,3
6987,4196,"2026-08-18 17:12:08.077",true,"[]",0,3
6988,8743,"2026-08-18 17:12:08.077",true,"[]",0,3
6989,6714,"2026-08-18 17:12:08.077",true,"[""DANGEROUS_GOODS""]",20,3
6990,6594,"2026-08-18 17:12:08.077",false,"[""RESTRICTED_HS_CODE""]",30,3
6991,2579,"2026-08-18 17:12:08.077",true,"[]",0,3
6992,8509,"2026-08-18 17:12:08.077",true,"[]",0,3
6993,8810,"2026-08-18 17:12:08.077",true,"[]",0,3
6994,9681,"2026-08-18 17:12:08.077",true,"[]",0,3
6995,3055,"2026-08-18 17:12:08.077",true,"[]",0,3
6996,2776,"2026-08-18 17:12:08.077",true,"[]",0,3
6997,3883,"2026-08-18 17:12:08.077",true,"[]",0,3
6998,9545,"2026-08-18 17:12:08.077",true,"[]",0,3
6999,1919,"2026-08-18 17:12:08.077",true,"[]",0,3
7000,7624,"2026-08-18 17:12:08.077",false,"[""RESTRICTED_HS_CODE""]",30,3
7001,9819,"2026-08-18 17:12:08.077",true,"[]",0,3
7002,5041,"2026-08-18 17:12:08.077",true,"[]",0,3
7003,5171,"2026-08-18 17:12:08.077",true,"[]",0,3
7004,9293,"2026-08-18 17:12:08.077",true,"[]",0,3
7005,5018,"2026-08-18 17:12:08.077",true,"[]",0,3
7006,3698,"2026-08-18 17:12:08.077",true,"[]",0,3
7007,5788,"2026-08-18 17:12:08.077",true,"[]",0,3
7008,3835,"2026-08-18 17:12:08.077",true,"[]",0,3
7009,8009,"2026-08-18 17:12:08.077",true,"[]",0,3
7010,5429,"2026-08-18 17:12:08.077",true,"[]",0,3
7011,6761,"2026-08-18 17:12:08.077",true,"[]",0,3
7012,9592,"2026-08-18 17:12:08.077",true,"[]",0,3
7013,7589,"2026-08-18 17:12:08.077",true,"[]",0,3
7014,4330,"2026-08-18 17:12:08.077",false,"[""RESTRICTED_HS_CODE""]",30,3
7015,9369,"2026-08-18 17:12:08.077",false,"[""RESTRICTED_HS_CODE""]",30,3
7016,3619,"2026-08-18 17:12:08.077",true,"[]",0,3
7017,1186,"2026-08-18 17:12:08.077",true,"[]",0,3
7018,9346,"2026-08-18 17:12:08.077",false,"[""RESTRICTED_HS_CODE""]",30,3
7019,507,"2026-08-18 17:12:08.077",true,"[]",0,3
7020,6376,"2026-08-18 17:12:08.077",true,"[]",0,3
7021,4276,"2026-08-18 17:12:08.077",true,"[]",0,3
7022,1498,"2026-08-18 17:12:08.077",true,"[]",0,3
7023,6509,"2026-08-18 17:12:08.077",true,"[]",0,3
7024,9441,"2026-08-18 17:12:08.077",true,"[]",0,3
7025,876,"2026-08-18 17:12:08.077",true,"[]",0,3
7026,6123,"2026-08-18 17:12:08.077",true,"[]",0,3
7027,1042,"2026-08-18 17:12:08.077",true,"[]",0,3
7028,3868,"2026-08-18 17:12:08.077",true,"[]",0,3
7029,5776,"2026-08-18 17:12:08.077",false,"[""RESTRICTED_HS_CODE""]",30,3
7030,2325,"2026-08-18 17:12:08.077",true,"[]",0,3
7031,3597,"2026-08-18 17:12:08.077",true,"[]",0,3
7032,963,"2026-08-18 17:12:08.077",true,"[]",0,3
7033,4945,"2026-08-18 17:12:08.077",true,"[]",0,3
7034,939,"2026-08-18 17:12:08.077",true,"[]",0,3
7035,4573,"2026-08-18 17:12:08.077",true,"[]",0,3
7036,1459,"2026-08-18 17:12:08.077",true,"[]",0,3
7037,371,"2026-08-18 17:12:08.077",false,"[""RESTRICTED_HS_CODE""]",30,3
7038,8556,"2026-08-18 17:12:08.077",true,"[]",0,3
7039,8954,"2026-08-18 17:12:08.077",true,"[]",0,3
7040,8849,"2026-08-18 17:12:08.077",true,"[]",0,3
7041,8199,"2026-08-18 17:12:08.077",true,"[]",0,3
7042,2866,"2026-08-18 17:12:08.077",true,"[]",0,3
7043,7727,"2026-08-18 17:12:08.077",true,"[]",0,3
7044,8544,"2026-08-18 17:12:08.077",true,"[]",0,3
7045,6116,"2026-08-18 17:12:08.077",true,"[]",0,3
7046,9789,"2026-08-18 17:12:08.077",true,"[]",0,3
7047,8865,"2026-08-18 17:12:08.077",true,"[]",0,3
7048,9543,"2026-08-18 17:12:08.077",true,"[]",0,3
7049,7682,"2026-08-18 17:12:08.077",true,"[]",0,3
7050,7841,"2026-08-18 17:12:08.077",true,"[]",0,3
7051,1076,"2026-08-18 17:12:08.077",true,"[]",0,3
7052,6350,"2026-08-18 17:12:08.077",false,"[""RESTRICTED_HS_CODE""]",30,3
7053,7996,"2026-08-18 17:12:08.077",true,"[]",0,3
7054,5322,"2026-08-18 17:12:08.077",true,"[]",0,3
7055,9495,"2026-08-18 17:12:08.077",true,"[]",0,3
7056,3704,"2026-08-18 17:12:08.077",true,"[]",0,3
7057,7446,"2026-08-18 17:12:08.077",true,"[]",0,3
7058,521,"2026-08-18 17:12:08.077",false,"[""RESTRICTED_HS_CODE""]",30,3
7059,6946,"2026-08-18 17:12:08.077",true,"[]",0,3
7060,2043,"2026-08-18 17:12:08.077",false,"[""RESTRICTED_HS_CODE""]",30,3
7061,5718,"2026-08-18 17:12:08.077",true,"[]",0,3
7062,2606,"2026-08-18 17:12:08.077",true,"[]",0,3
7063,7533,"2026-08-18 17:12:08.077",false,"[""RESTRICTED_HS_CODE""]",30,3
7064,6673,"2026-08-18 17:12:08.077",true,"[]",0,3
7065,5369,"2026-08-18 17:12:08.077",true,"[]",0,3
7066,9415,"2026-08-18 17:12:08.077",true,"[]",0,3
7067,7751,"2026-08-18 17:12:08.077",true,"[]",0,3
7068,1417,"2026-08-18 17:12:08.077",true,"[]",0,3
7069,3489,"2026-08-18 17:12:08.077",true,"[]",0,3
7070,5297,"2026-08-18 17:12:08.077",true,"[]",0,3
7071,2726,"2026-08-18 17:12:08.077",true,"[]",0,3
7072,1030,"2026-08-18 17:12:08.077",true,"[]",0,3
7073,7973,"2026-08-18 17:12:08.077",false,"[""RESTRICTED_HS_CODE""]",30,3
7074,2098,"2026-08-18 17:12:08.077",true,"[]",0,3
7075,1320,"2026-08-18 17:12:08.077",false,"[""RESTRICTED_HS_CODE""]",30,3
7076,7037,"2026-08-18 17:12:08.077",false,"[""RESTRICTED_HS_CODE""]",30,3
7077,5169,"2026-08-18 17:12:08.077",true,"[]",0,3
7078,5423,"2026-08-18 17:12:08.077",true,"[]",0,3
7079,7259,"2026-08-18 17:12:08.077",true,"[]",0,3
7080,3096,"2026-08-18 17:12:08.077",true,"[]",0,3
7081,7016,"2026-08-18 17:12:08.077",false,"[""RESTRICTED_HS_CODE""]",30,3
7082,1214,"2026-08-18 17:12:08.077",true,"[]",0,3
7083,3378,"2026-08-18 17:12:08.077",true,"[]",0,3
7084,9813,"2026-08-18 17:12:08.077",true,"[]",0,3
7085,8923,"2026-08-18 17:12:08.077",true,"[]",0,3
7086,977,"2026-08-18 17:12:08.077",false,"[""RESTRICTED_HS_CODE""]",30,3
7087,4401,"2026-08-18 17:12:08.077",true,"[]",0,3
7088,4595,"2026-08-18 17:12:08.077",true,"[]",0,3
7089,5464,"2026-08-18 17:12:08.077",true,"[]",0,3
7090,2658,"2026-08-18 17:12:08.077",true,"[]",0,3
7091,5042,"2026-08-18 17:12:08.077",true,"[]",0,3
7092,5820,"2026-08-18 17:12:08.077",false,"[""RESTRICTED_HS_CODE""]",30,3
7093,6002,"2026-08-18 17:12:08.077",true,"[]",0,3
7094,3799,"2026-08-18 17:12:08.077",true,"[]",0,3
7095,4830,"2026-08-18 17:12:08.077",false,"[""RESTRICTED_HS_CODE""]",30,3
7096,4944,"2026-08-18 17:12:08.077",true,"[]",0,3
7097,5867,"2026-08-18 17:12:08.077",false,"[""RESTRICTED_HS_CODE""]",30,3
7098,6162,"2026-08-18 17:12:08.077",false,"[""RESTRICTED_HS_CODE""]",30,3
7099,9035,"2026-08-18 17:12:08.077",true,"[]",0,3
7100,3735,"2026-08-18 17:12:08.077",false,"[""RESTRICTED_HS_CODE""]",30,3
7101,7528,"2026-08-18 17:12:08.077",true,"[]",0,3
7102,6961,"2026-08-18 17:12:08.077",true,"[]",0,3
7103,5859,"2026-08-18 17:12:08.077",true,"[]",0,3
7104,8281,"2026-08-18 17:12:08.077",false,"[""RESTRICTED_HS_CODE""]",30,3
7105,9395,"2026-08-18 17:12:08.077",true,"[]",0,3
7106,1409,"2026-08-18 17:12:08.077",true,"[]",0,3
7107,6200,"2026-08-18 17:12:08.077",true,"[]",0,3
7108,3500,"2026-08-18 17:12:08.077",true,"[]",0,3
7109,254,"2026-08-18 17:12:08.077",true,"[]",0,3
7110,9770,"2026-08-18 17:12:08.077",true,"[]",0,3
7111,2112,"2026-08-18 17:12:08.077",true,"[]",0,3
7112,4971,"2026-08-18 17:12:08.077",false,"[""RESTRICTED_HS_CODE""]",30,3
7113,9305,"2026-08-18 17:12:08.077",true,"[]",0,3
7114,1932,"2026-08-18 17:12:08.077",true,"[]",0,3
7115,1856,"2026-08-18 17:12:08.077",true,"[]",0,3
7116,5764,"2026-08-18 17:12:08.077",true,"[]",0,3
7117,5957,"2026-08-18 17:12:08.077",true,"[]",0,3
7118,4069,"2026-08-18 17:12:08.077",true,"[]",0,3
7119,8709,"2026-08-18 17:12:08.077",true,"[]",0,3
7120,2319,"2026-08-18 17:12:08.077",true,"[]",0,3
7121,8882,"2026-08-18 17:12:08.077",true,"[]",0,3
7122,8736,"2026-08-18 17:12:08.077",true,"[]",0,3
7123,9569,"2026-08-18 17:12:08.077",true,"[]",0,3
7124,9193,"2026-08-18 17:12:08.077",true,"[]",0,3
7125,7758,"2026-08-18 17:12:08.077",true,"[]",0,3
7126,4978,"2026-08-18 17:12:08.077",true,"[]",0,3
7127,3399,"2026-08-18 17:12:08.077",true,"[]",0,3
7128,749,"2026-08-18 17:12:08.077",true,"[]",0,3
7129,180,"2026-08-18 17:12:08.077",true,"[]",0,3
7130,94,"2026-08-18 17:12:08.077",true,"[]",0,3
7131,154,"2026-08-18 17:12:08.077",true,"[]",0,3
7132,7212,"2026-08-18 17:12:08.077",true,"[]",0,3
7133,9218,"2026-08-18 17:12:08.077",true,"[]",0,3
7134,9821,"2026-08-18 17:12:08.077",true,"[]",0,3
7135,2529,"2026-08-18 17:12:08.077",true,"[]",0,3
7136,3341,"2026-08-18 17:12:08.077",true,"[]",0,3
7137,938,"2026-08-18 17:12:08.077",true,"[]",0,3
7138,7640,"2026-08-18 17:12:08.077",false,"[""RESTRICTED_HS_CODE""]",30,3
7139,3615,"2026-08-18 17:12:08.077",true,"[]",0,3
7140,3965,"2026-08-18 17:12:08.077",true,"[]",0,3
7141,5110,"2026-08-18 17:12:08.077",true,"[]",0,3
7142,8467,"2026-08-18 17:12:08.077",true,"[]",0,3
7143,8537,"2026-08-18 17:12:08.077",true,"[]",0,3
7144,9979,"2026-08-18 17:12:08.077",true,"[]",0,3
7145,8410,"2026-08-18 17:12:08.077",false,"[""RESTRICTED_HS_CODE""]",30,3
7146,5355,"2026-08-18 17:12:08.077",true,"[]",0,3
7147,5076,"2026-08-18 17:12:08.077",true,"[]",0,3
7148,6629,"2026-08-18 17:12:08.077",true,"[]",0,3
7149,1570,"2026-08-18 17:12:08.077",true,"[]",0,3
7150,421,"2026-08-18 17:12:08.077",true,"[]",0,3
7151,7358,"2026-08-18 17:12:08.077",true,"[]",0,3
7152,1484,"2026-08-18 17:12:08.077",true,"[""DANGEROUS_GOODS""]",20,3
7153,1797,"2026-08-18 17:12:08.077",true,"[]",0,3
7154,7859,"2026-08-18 17:12:08.077",true,"[]",0,3
7155,7828,"2026-08-18 17:12:08.077",true,"[]",0,3
7156,3422,"2026-08-18 17:12:08.077",true,"[]",0,3
7157,4289,"2026-08-18 17:12:08.077",true,"[]",0,3
7158,8493,"2026-08-18 17:12:08.077",true,"[]",0,3
7159,7604,"2026-08-18 17:12:08.077",true,"[]",0,3
7160,6279,"2026-08-18 17:12:08.077",true,"[]",0,3
7161,6590,"2026-08-18 17:12:08.077",true,"[]",0,3
7162,9430,"2026-08-18 17:12:08.077",true,"[]",0,3
7163,1878,"2026-08-18 17:12:08.077",true,"[]",0,3
7164,3051,"2026-08-18 17:12:08.077",true,"[]",0,3
7165,9931,"2026-08-18 17:12:08.077",true,"[]",0,3
7166,7046,"2026-08-18 17:12:08.077",true,"[]",0,3
7167,4119,"2026-08-18 17:12:08.077",true,"[]",0,3
7168,8447,"2026-08-18 17:12:08.077",true,"[]",0,3
7169,2190,"2026-08-18 17:12:08.077",true,"[]",0,3
7170,5833,"2026-08-18 17:12:08.077",true,"[""DANGEROUS_GOODS""]",20,3
7171,3018,"2026-08-18 17:12:08.077",true,"[]",0,3
7172,6515,"2026-08-18 17:12:08.077",true,"[]",0,3
7173,8613,"2026-08-18 17:12:08.077",true,"[]",0,3
7174,847,"2026-08-18 17:12:08.077",true,"[]",0,3
7175,3285,"2026-08-18 17:12:08.077",true,"[]",0,3
7176,5614,"2026-08-18 17:12:08.077",true,"[]",0,3
7177,2413,"2026-08-18 17:12:08.077",false,"[""RESTRICTED_HS_CODE""]",30,3
7178,2055,"2026-08-18 17:12:08.077",true,"[]",0,3
7179,3248,"2026-08-18 17:12:08.077",true,"[]",0,3
7180,2033,"2026-08-18 17:12:08.077",true,"[]",0,3
7181,7857,"2026-08-18 17:12:08.077",false,"[""RESTRICTED_HS_CODE""]",30,3
7182,7357,"2026-08-18 17:12:08.077",true,"[]",0,3
7183,705,"2026-08-18 17:12:08.077",false,"[""RESTRICTED_HS_CODE""]",30,3
7184,2927,"2026-08-18 17:12:08.077",true,"[]",0,3
7185,8057,"2026-08-18 17:12:08.077",true,"[]",0,3
7186,6229,"2026-08-18 17:12:08.077",true,"[]",0,3
7187,7402,"2026-08-18 17:12:08.077",true,"[]",0,3
7188,1935,"2026-08-18 17:12:08.077",true,"[]",0,3
7189,4951,"2026-08-18 17:12:08.077",true,"[]",0,3
7190,2646,"2026-08-18 17:12:08.077",true,"[]",0,3
7191,9754,"2026-08-18 17:12:08.077",true,"[]",0,3
7192,595,"2026-08-18 17:12:08.077",false,"[""RESTRICTED_HS_CODE""]",30,3
7193,5909,"2026-08-18 17:12:08.077",true,"[]",0,3
7194,55,"2026-08-18 17:12:08.077",true,"[]",0,3
7195,7872,"2026-08-18 17:12:08.077",true,"[]",0,3
7196,6879,"2026-08-18 17:12:08.077",true,"[]",0,3
7197,8229,"2026-08-18 17:12:08.077",true,"[""DANGEROUS_GOODS""]",20,3
7198,2497,"2026-08-18 17:12:08.077",true,"[]",0,3
7199,4674,"2026-08-18 17:12:08.077",false,"[""RESTRICTED_HS_CODE""]",30,3
7200,5527,"2026-08-18 17:12:08.077",true,"[]",0,3
7201,2442,"2026-08-18 17:12:08.077",true,"[]",0,3
7202,3758,"2026-08-18 17:12:08.077",true,"[]",0,3
7203,8565,"2026-08-18 17:12:08.077",true,"[]",0,3
7204,6651,"2026-08-18 17:12:08.077",true,"[]",0,3
7205,9422,"2026-08-18 17:12:08.077",true,"[]",0,3
7206,7391,"2026-08-18 17:12:08.077",true,"[]",0,3
7207,7559,"2026-08-18 17:12:08.077",false,"[""RESTRICTED_HS_CODE""]",30,3
7208,96,"2026-08-18 17:12:08.077",true,"[]",0,3
7209,4214,"2026-08-18 17:12:08.077",true,"[]",0,3
7210,2871,"2026-08-18 17:12:08.077",true,"[]",0,3
7211,6484,"2026-08-18 17:12:08.077",true,"[]",0,3
7212,1968,"2026-08-18 17:12:08.077",true,"[]",0,3
7213,575,"2026-08-18 17:12:08.077",true,"[]",0,3
7214,8948,"2026-08-18 17:12:08.077",true,"[]",0,3
7215,1363,"2026-08-18 17:12:08.077",true,"[]",0,3
7216,5948,"2026-08-18 17:12:08.077",true,"[]",0,3
7217,1959,"2026-08-18 17:12:08.077",true,"[]",0,3
7218,4988,"2026-08-18 17:12:08.077",true,"[]",0,3
7219,3668,"2026-08-18 17:12:08.077",true,"[]",0,3
7220,198,"2026-08-18 17:12:08.077",true,"[]",0,3
7221,1232,"2026-08-18 17:12:08.077",true,"[]",0,3
7222,7524,"2026-08-18 17:12:08.077",true,"[]",0,3
7223,3217,"2026-08-18 17:12:08.077",true,"[]",0,3
7224,4423,"2026-08-18 17:12:08.077",true,"[]",0,3
7225,8469,"2026-08-18 17:12:08.077",false,"[""RESTRICTED_HS_CODE""]",30,3
7226,8380,"2026-08-18 17:12:08.077",true,"[]",0,3
7227,2738,"2026-08-18 17:12:08.077",true,"[]",0,3
7228,7006,"2026-08-18 17:12:08.077",true,"[]",0,3
7229,7138,"2026-08-18 17:12:08.077",true,"[]",0,3
7230,7388,"2026-08-18 17:12:08.077",true,"[]",0,3
7231,6157,"2026-08-18 17:12:08.077",true,"[]",0,3
7232,2875,"2026-08-18 17:12:08.077",true,"[]",0,3
7233,4697,"2026-08-18 17:12:08.077",false,"[""RESTRICTED_HS_CODE""]",30,3
7234,3466,"2026-08-18 17:12:08.077",true,"[]",0,3
7235,1741,"2026-08-18 17:12:08.077",true,"[]",0,3
7236,8722,"2026-08-18 17:12:08.077",true,"[]",0,3
7237,3591,"2026-08-18 17:12:08.077",true,"[]",0,3
7238,5309,"2026-08-18 17:12:08.077",false,"[""RESTRICTED_HS_CODE""]",30,3
7239,8167,"2026-08-18 17:12:08.077",false,"[""RESTRICTED_HS_CODE""]",30,3
7240,9842,"2026-08-18 17:12:08.077",true,"[]",0,3
7241,3938,"2026-08-18 17:12:08.077",true,"[]",0,3
7242,65,"2026-08-18 17:12:08.077",true,"[]",0,3
7243,6576,"2026-08-18 17:12:08.077",true,"[]",0,3
7244,3967,"2026-08-18 17:12:08.077",true,"[]",0,3
7245,3662,"2026-08-18 17:12:08.077",true,"[]",0,3
7246,9984,"2026-08-18 17:12:08.077",true,"[]",0,3
7247,7949,"2026-08-18 17:12:08.077",true,"[]",0,3
7248,8930,"2026-08-18 17:12:08.077",true,"[]",0,3
7249,5174,"2026-08-18 17:12:08.077",true,"[]",0,3
7250,7851,"2026-08-18 17:12:08.077",true,"[]",0,3
7251,2217,"2026-08-18 17:12:08.077",true,"[]",0,3
7252,4549,"2026-08-18 17:12:08.077",true,"[]",0,3
7253,7470,"2026-08-18 17:12:08.077",true,"[]",0,3
7254,505,"2026-08-18 17:12:08.077",true,"[]",0,3
7255,4505,"2026-08-18 17:12:08.077",true,"[]",0,3
7256,296,"2026-08-18 17:12:08.077",false,"[""RESTRICTED_HS_CODE""]",30,3
7257,1912,"2026-08-18 17:12:08.077",true,"[]",0,3
7258,8033,"2026-08-18 17:12:08.077",true,"[]",0,3
7259,2924,"2026-08-18 17:12:08.077",true,"[]",0,3
7260,9694,"2026-08-18 17:12:08.077",true,"[]",0,3
7261,5471,"2026-08-18 17:12:08.077",true,"[]",0,3
7262,8795,"2026-08-18 17:12:08.077",true,"[]",0,3
7263,1011,"2026-08-18 17:12:08.077",true,"[]",0,3
7264,7158,"2026-08-18 17:12:08.077",true,"[]",0,3
7265,3477,"2026-08-18 17:12:08.077",true,"[]",0,3
7266,9885,"2026-08-18 17:12:08.077",true,"[]",0,3
7267,585,"2026-08-18 17:12:08.077",true,"[]",0,3
7268,1911,"2026-08-18 17:12:08.077",true,"[""DANGEROUS_GOODS""]",20,3
7269,1553,"2026-08-18 17:12:08.077",false,"[""RESTRICTED_HS_CODE""]",30,3
7270,7553,"2026-08-18 17:12:08.077",true,"[]",0,3
7271,3556,"2026-08-18 17:12:08.077",true,"[]",0,3
7272,9749,"2026-08-18 17:12:08.077",true,"[]",0,3
7273,1699,"2026-08-18 17:12:08.077",true,"[]",0,3
7274,6121,"2026-08-18 17:12:08.077",true,"[]",0,3
7275,582,"2026-08-18 17:12:08.077",true,"[]",0,3
7276,4011,"2026-08-18 17:12:08.077",true,"[]",0,3
7277,9518,"2026-08-18 17:12:08.077",false,"[""RESTRICTED_HS_CODE""]",30,3
7278,6784,"2026-08-18 17:12:08.077",true,"[]",0,3
7279,7389,"2026-08-18 17:12:08.077",true,"[]",0,3
7280,5401,"2026-08-18 17:12:08.077",false,"[""RESTRICTED_HS_CODE""]",30,3
7281,1413,"2026-08-18 17:12:08.077",true,"[]",0,3
7282,4930,"2026-08-18 17:12:08.077",true,"[]",0,3
7283,2992,"2026-08-18 17:12:08.077",true,"[]",0,3
7284,5386,"2026-08-18 17:12:08.077",true,"[""DANGEROUS_GOODS""]",20,3
7285,4725,"2026-08-18 17:12:08.077",true,"[]",0,3
7286,7901,"2026-08-18 17:12:08.077",true,"[""DANGEROUS_GOODS""]",20,3
7287,2824,"2026-08-18 17:12:08.077",false,"[""RESTRICTED_HS_CODE""]",30,3
7288,3711,"2026-08-18 17:12:08.077",true,"[]",0,3
7289,5699,"2026-08-18 17:12:08.077",true,"[]",0,3
7290,589,"2026-08-18 17:12:08.077",true,"[]",0,3
7291,5783,"2026-08-18 17:12:08.077",true,"[]",0,3
7292,4824,"2026-08-18 17:12:08.077",true,"[]",0,3
7293,3870,"2026-08-18 17:12:08.077",true,"[]",0,3
7294,3133,"2026-08-18 17:12:08.077",false,"[""RESTRICTED_HS_CODE""]",30,3
7295,4169,"2026-08-18 17:12:08.077",true,"[]",0,3
7296,2821,"2026-08-18 17:12:08.077",false,"[""RESTRICTED_HS_CODE""]",30,3
7297,3940,"2026-08-18 17:12:08.077",true,"[]",0,3
7298,1631,"2026-08-18 17:12:08.077",false,"[""RESTRICTED_HS_CODE""]",30,3
7299,5631,"2026-08-18 17:12:08.077",true,"[]",0,3
7300,8998,"2026-08-18 17:12:08.077",true,"[""DANGEROUS_GOODS""]",20,3
7301,5319,"2026-08-18 17:12:08.077",true,"[]",0,3
7302,490,"2026-08-18 17:12:08.077",true,"[""DANGEROUS_GOODS""]",20,3
7303,638,"2026-08-18 17:12:08.077",true,"[]",0,3
7304,8554,"2026-08-18 17:12:08.077",true,"[]",0,3
7305,9013,"2026-08-18 17:12:08.077",true,"[]",0,3
7306,7432,"2026-08-18 17:12:08.077",true,"[]",0,3
7307,2343,"2026-08-18 17:12:08.077",true,"[]",0,3
7308,8512,"2026-08-18 17:12:08.077",true,"[]",0,3
7309,7537,"2026-08-18 17:12:08.077",true,"[]",0,3
7310,6268,"2026-08-18 17:12:08.077",true,"[]",0,3
7311,3686,"2026-08-18 17:12:08.077",true,"[]",0,3
7312,9939,"2026-08-18 17:12:08.077",true,"[]",0,3
7313,7328,"2026-08-18 17:12:08.077",true,"[]",0,3
7314,5925,"2026-08-18 17:12:08.077",true,"[]",0,3
7315,3196,"2026-08-18 17:12:08.077",true,"[]",0,3
7316,628,"2026-08-18 17:12:08.077",false,"[""RESTRICTED_HS_CODE""]",30,3
7317,2147,"2026-08-18 17:12:08.077",true,"[]",0,3
7318,726,"2026-08-18 17:12:08.077",true,"[]",0,3
7319,114,"2026-08-18 17:12:08.077",true,"[]",0,3
7320,1467,"2026-08-18 17:12:08.077",true,"[]",0,3
7321,5137,"2026-08-18 17:12:08.077",true,"[]",0,3
7322,7323,"2026-08-18 17:12:08.077",true,"[]",0,3
7323,3421,"2026-08-18 17:12:08.077",true,"[]",0,3
7324,5199,"2026-08-18 17:12:08.077",true,"[""DANGEROUS_GOODS""]",20,3
7325,5608,"2026-08-18 17:12:08.077",false,"[""RESTRICTED_HS_CODE""]",30,3
7326,3756,"2026-08-18 17:12:08.077",true,"[]",0,3
7327,5582,"2026-08-18 17:12:08.077",true,"[""DANGEROUS_GOODS""]",20,3
7328,3524,"2026-08-18 17:12:08.077",true,"[]",0,3
7329,5357,"2026-08-18 17:12:08.077",true,"[]",0,3
7330,7483,"2026-08-18 17:12:08.077",false,"[""RESTRICTED_HS_CODE""]",30,3
7331,21,"2026-08-18 17:12:08.077",true,"[]",0,3
7332,4752,"2026-08-18 17:12:08.077",true,"[]",0,3
7333,5637,"2026-08-18 17:12:08.077",true,"[]",0,3
7334,7928,"2026-08-18 17:12:08.077",true,"[]",0,3
7335,4460,"2026-08-18 17:12:08.077",true,"[]",0,3
7336,7156,"2026-08-18 17:12:08.077",true,"[]",0,3
7337,9388,"2026-08-18 17:12:08.077",true,"[]",0,3
7338,1388,"2026-08-18 17:12:08.077",false,"[""RESTRICTED_HS_CODE""]",30,3
7339,7049,"2026-08-18 17:12:08.077",true,"[]",0,3
7340,4962,"2026-08-18 17:12:08.077",false,"[""RESTRICTED_HS_CODE""]",30,3
7341,4491,"2026-08-18 17:12:08.077",true,"[]",0,3
7342,7889,"2026-08-18 17:12:08.077",true,"[]",0,3
7343,3035,"2026-08-18 17:12:08.077",true,"[]",0,3
7344,9888,"2026-08-18 17:12:08.077",true,"[]",0,3
7345,8583,"2026-08-18 17:12:08.077",true,"[]",0,3
7346,9123,"2026-08-18 17:12:08.077",true,"[]",0,3
7347,7404,"2026-08-18 17:12:08.077",true,"[]",0,3
7348,9784,"2026-08-18 17:12:08.077",false,"[""RESTRICTED_HS_CODE""]",30,3
7349,8935,"2026-08-18 17:12:08.077",false,"[""RESTRICTED_HS_CODE""]",30,3
7350,58,"2026-08-18 17:12:08.077",true,"[]",0,3
7351,7244,"2026-08-18 17:12:08.077",true,"[]",0,3
7352,7014,"2026-08-18 17:12:08.077",false,"[""RESTRICTED_HS_CODE""]",30,3
7353,7155,"2026-08-18 17:12:08.077",true,"[]",0,3
7354,4297,"2026-08-18 17:12:08.077",true,"[]",0,3
7355,5499,"2026-08-18 17:12:08.077",true,"[]",0,3
7356,2354,"2026-08-18 17:12:08.077",false,"[""RESTRICTED_HS_CODE""]",30,3
7357,8523,"2026-08-18 17:12:08.077",true,"[]",0,3
7358,6670,"2026-08-18 17:12:08.077",true,"[]",0,3
7359,8610,"2026-08-18 17:12:08.077",true,"[]",0,3
7360,1465,"2026-08-18 17:12:08.077",true,"[]",0,3
7361,7026,"2026-08-18 17:12:08.077",true,"[]",0,3
7362,7963,"2026-08-18 17:12:08.077",true,"[]",0,3
7363,6322,"2026-08-18 17:12:08.077",true,"[]",0,3
7364,7009,"2026-08-18 17:12:08.077",true,"[]",0,3
7365,8536,"2026-08-18 17:12:08.077",true,"[]",0,3
7366,366,"2026-08-18 17:12:08.077",true,"[]",0,3
7367,4785,"2026-08-18 17:12:08.077",true,"[]",0,3
7368,2086,"2026-08-18 17:12:08.077",true,"[]",0,3
7369,1265,"2026-08-18 17:12:08.077",false,"[""RESTRICTED_HS_CODE""]",30,3
7370,538,"2026-08-18 17:12:08.077",true,"[]",0,3
7371,2887,"2026-08-18 17:12:08.077",true,"[]",0,3
7372,389,"2026-08-18 17:12:08.077",true,"[]",0,3
7373,1047,"2026-08-18 17:12:08.077",true,"[]",0,3
7374,2141,"2026-08-18 17:12:08.077",true,"[]",0,3
7375,8862,"2026-08-18 17:12:08.077",true,"[]",0,3
7376,6335,"2026-08-18 17:12:08.077",true,"[]",0,3
7377,2833,"2026-08-18 17:12:08.077",true,"[]",0,3
7378,6384,"2026-08-18 17:12:08.077",true,"[]",0,3
7379,8972,"2026-08-18 17:12:08.077",true,"[]",0,3
7380,9671,"2026-08-18 17:12:08.077",true,"[]",0,3
7381,2153,"2026-08-18 17:12:08.077",true,"[]",0,3
7382,5657,"2026-08-18 17:12:08.077",false,"[""RESTRICTED_HS_CODE""]",30,3
7383,4369,"2026-08-18 17:12:08.077",false,"[""RESTRICTED_HS_CODE""]",30,3
7384,1860,"2026-08-18 17:12:08.077",true,"[]",0,3
7385,5328,"2026-08-18 17:12:08.077",true,"[]",0,3
7386,5805,"2026-08-18 17:12:08.077",true,"[]",0,3
7387,7095,"2026-08-18 17:12:08.077",true,"[]",0,3
7388,2416,"2026-08-18 17:12:08.077",true,"[]",0,3
7389,9261,"2026-08-18 17:12:08.077",true,"[]",0,3
7390,9337,"2026-08-18 17:12:08.077",true,"[]",0,3
7391,1837,"2026-08-18 17:12:08.077",true,"[]",0,3
7392,9403,"2026-08-18 17:12:08.077",true,"[""DANGEROUS_GOODS""]",20,3
7393,3130,"2026-08-18 17:12:08.077",true,"[]",0,3
7394,9259,"2026-08-18 17:12:08.077",true,"[]",0,3
7395,4731,"2026-08-18 17:12:08.077",true,"[]",0,3
7396,8750,"2026-08-18 17:12:08.077",true,"[]",0,3
7397,5946,"2026-08-18 17:12:08.077",true,"[]",0,3
7398,7740,"2026-08-18 17:12:08.077",false,"[""RESTRICTED_HS_CODE""]",30,3
7399,859,"2026-08-18 17:12:08.077",true,"[]",0,3
7400,3045,"2026-08-18 17:12:08.077",true,"[]",0,3
7401,1238,"2026-08-18 17:12:08.077",true,"[""DANGEROUS_GOODS""]",20,3
7402,9468,"2026-08-18 17:12:08.077",false,"[""RESTRICTED_HS_CODE""]",30,3
7403,5118,"2026-08-18 17:12:08.077",true,"[]",0,3
7404,5872,"2026-08-18 17:12:08.077",true,"[]",0,3
7405,2546,"2026-08-18 17:12:08.077",true,"[]",0,3
7406,4084,"2026-08-18 17:12:08.077",true,"[]",0,3
7407,6468,"2026-08-18 17:12:08.077",true,"[]",0,3
7408,4125,"2026-08-18 17:12:08.077",true,"[]",0,3
7409,6212,"2026-08-18 17:12:08.077",true,"[]",0,3
7410,1185,"2026-08-18 17:12:08.077",true,"[]",0,3
7411,7466,"2026-08-18 17:12:08.077",true,"[]",0,3
7412,3992,"2026-08-18 17:12:08.077",true,"[]",0,3
7413,9114,"2026-08-18 17:12:08.077",true,"[]",0,3
7414,1143,"2026-08-18 17:12:08.077",true,"[]",0,3
7415,3258,"2026-08-18 17:12:08.077",true,"[]",0,3
7416,8740,"2026-08-18 17:12:08.077",false,"[""RESTRICTED_HS_CODE""]",30,3
7417,7767,"2026-08-18 17:12:08.077",false,"[""RESTRICTED_HS_CODE"",""DANGEROUS_GOODS""]",50,3
7418,6923,"2026-08-18 17:12:08.077",false,"[""RESTRICTED_HS_CODE""]",30,3
7419,3738,"2026-08-18 17:12:08.077",true,"[]",0,3
7420,5550,"2026-08-18 17:12:08.077",true,"[]",0,3
7421,6942,"2026-08-18 17:12:08.077",true,"[]",0,3
7422,5184,"2026-08-18 17:12:08.077",true,"[]",0,3
7423,9485,"2026-08-18 17:12:08.077",true,"[]",0,3
7424,390,"2026-08-18 17:12:08.077",true,"[]",0,3
7425,9892,"2026-08-18 17:12:08.077",true,"[]",0,3
7426,766,"2026-08-18 17:12:08.077",true,"[]",0,3
7427,5193,"2026-08-18 17:12:08.077",true,"[]",0,3
7428,1509,"2026-08-18 17:12:08.077",true,"[]",0,3
7429,6500,"2026-08-18 17:12:08.077",true,"[]",0,3
7430,7091,"2026-08-18 17:12:08.077",true,"[]",0,3
7431,5851,"2026-08-18 17:12:08.077",true,"[]",0,3
7432,1088,"2026-08-18 17:12:08.077",true,"[]",0,3
7433,3771,"2026-08-18 17:12:08.077",true,"[]",0,3
7434,6129,"2026-08-18 17:12:08.077",true,"[]",0,3
7435,5060,"2026-08-18 17:12:08.077",true,"[""DANGEROUS_GOODS""]",20,3
7436,4804,"2026-08-18 17:12:08.077",true,"[]",0,3
7437,2820,"2026-08-18 17:12:08.077",true,"[""DANGEROUS_GOODS""]",20,3
7438,9159,"2026-08-18 17:12:08.077",true,"[]",0,3
7439,7162,"2026-08-18 17:12:08.077",true,"[]",0,3
7440,5547,"2026-08-18 17:12:08.077",true,"[]",0,3
7441,6588,"2026-08-18 17:12:08.077",true,"[]",0,3
7442,5329,"2026-08-18 17:12:08.077",true,"[]",0,3
7443,3807,"2026-08-18 17:12:08.077",true,"[]",0,3
7444,6041,"2026-08-18 17:12:08.077",false,"[""RESTRICTED_HS_CODE""]",30,3
7445,6772,"2026-08-18 17:12:08.077",true,"[]",0,3
7446,9913,"2026-08-18 17:12:08.077",true,"[]",0,3
7447,2429,"2026-08-18 17:12:08.077",true,"[]",0,3
7448,4855,"2026-08-18 17:12:08.077",true,"[]",0,3
7449,612,"2026-08-18 17:12:08.077",true,"[]",0,3
7450,1826,"2026-08-18 17:12:08.077",true,"[]",0,3
7451,5004,"2026-08-18 17:12:08.077",true,"[]",0,3
7452,6141,"2026-08-18 17:12:08.077",true,"[]",0,3
7453,425,"2026-08-18 17:12:08.077",false,"[""RESTRICTED_HS_CODE""]",30,3
7454,8232,"2026-08-18 17:12:08.077",true,"[]",0,3
7455,7763,"2026-08-18 17:12:08.077",true,"[]",0,3
7456,4176,"2026-08-18 17:12:08.077",true,"[""DANGEROUS_GOODS""]",20,3
7457,8480,"2026-08-18 17:12:08.077",true,"[]",0,3
7458,8994,"2026-08-18 17:12:08.077",true,"[]",0,3
7459,8943,"2026-08-18 17:12:08.077",true,"[]",0,3
7460,6786,"2026-08-18 17:12:08.077",true,"[]",0,3
7461,9730,"2026-08-18 17:12:08.077",true,"[]",0,3
7462,2520,"2026-08-18 17:12:08.077",true,"[]",0,3
7463,6738,"2026-08-18 17:12:08.077",true,"[]",0,3
7464,1763,"2026-08-18 17:12:08.077",true,"[]",0,3
7465,2813,"2026-08-18 17:12:08.077",true,"[]",0,3
7466,4665,"2026-08-18 17:12:08.077",true,"[]",0,3
7467,3901,"2026-08-18 17:12:08.077",true,"[]",0,3
7468,7631,"2026-08-18 17:12:08.077",false,"[""RESTRICTED_HS_CODE""]",30,3
7469,6806,"2026-08-18 17:12:08.077",true,"[]",0,3
7470,4162,"2026-08-18 17:12:08.077",true,"[]",0,3
7471,5335,"2026-08-18 17:12:08.077",true,"[]",0,3
7472,7000,"2026-08-18 17:12:08.077",true,"[]",0,3
7473,4813,"2026-08-18 17:12:08.077",true,"[]",0,3
7474,7001,"2026-08-18 17:12:08.077",true,"[]",0,3
7475,8125,"2026-08-18 17:12:08.077",true,"[]",0,3
7476,3313,"2026-08-18 17:12:08.077",true,"[]",0,3
7477,3419,"2026-08-18 17:12:08.077",true,"[]",0,3
7478,8652,"2026-08-18 17:12:08.077",true,"[]",0,3
7479,1182,"2026-08-18 17:12:08.077",true,"[]",0,3
7480,2972,"2026-08-18 17:12:08.077",false,"[""RESTRICTED_HS_CODE""]",30,3
7481,6491,"2026-08-18 17:12:08.077",true,"[]",0,3
7482,9594,"2026-08-18 17:12:08.077",true,"[]",0,3
7483,4510,"2026-08-18 17:12:08.077",false,"[""RESTRICTED_HS_CODE""]",30,3
7484,6989,"2026-08-18 17:12:08.077",false,"[""RESTRICTED_HS_CODE"",""DANGEROUS_GOODS""]",50,3
7485,5095,"2026-08-18 17:12:08.077",true,"[]",0,3
7486,2576,"2026-08-18 17:12:08.077",true,"[]",0,3
7487,6076,"2026-08-18 17:12:08.077",true,"[]",0,3
7488,6427,"2026-08-18 17:12:08.077",true,"[]",0,3
7489,2047,"2026-08-18 17:12:08.077",true,"[]",0,3
7490,4700,"2026-08-18 17:12:08.077",true,"[]",0,3
7491,2495,"2026-08-18 17:12:08.077",true,"[]",0,3
7492,491,"2026-08-18 17:12:08.077",true,"[]",0,3
7493,5473,"2026-08-18 17:12:08.077",true,"[]",0,3
7494,9589,"2026-08-18 17:12:08.077",true,"[]",0,3
7495,7368,"2026-08-18 17:12:08.077",true,"[]",0,3
7496,2775,"2026-08-18 17:12:08.077",true,"[]",0,3
7497,8742,"2026-08-18 17:12:08.077",false,"[""RESTRICTED_HS_CODE""]",30,3
7498,9054,"2026-08-18 17:12:08.077",true,"[]",0,3
7499,6037,"2026-08-18 17:12:08.077",false,"[""RESTRICTED_HS_CODE""]",30,3
7500,9880,"2026-08-18 17:12:08.077",true,"[]",0,3
7501,5281,"2026-08-18 17:12:08.077",true,"[]",0,3
7502,9795,"2026-08-18 17:12:08.077",false,"[""RESTRICTED_HS_CODE""]",30,3
7503,1744,"2026-08-18 17:12:08.077",true,"[]",0,3
7504,7984,"2026-08-18 17:12:08.077",true,"[]",0,3
7505,9965,"2026-08-18 17:12:08.077",true,"[]",0,3
7506,2232,"2026-08-18 17:12:08.077",true,"[]",0,3
7507,4973,"2026-08-18 17:12:08.077",true,"[]",0,3
7508,1870,"2026-08-18 17:12:08.077",false,"[""RESTRICTED_HS_CODE""]",30,3
7509,3833,"2026-08-18 17:12:08.077",false,"[""RESTRICTED_HS_CODE""]",30,3
7510,6765,"2026-08-18 17:12:08.077",true,"[]",0,3
7511,8166,"2026-08-18 17:12:08.077",true,"[]",0,3
7512,9682,"2026-08-18 17:12:08.077",false,"[""RESTRICTED_HS_CODE""]",30,3
7513,1003,"2026-08-18 17:12:08.077",true,"[]",0,3
7514,1149,"2026-08-18 17:12:08.077",true,"[""DANGEROUS_GOODS""]",20,3
7515,6725,"2026-08-18 17:12:08.077",true,"[]",0,3
7516,1493,"2026-08-18 17:12:08.077",true,"[]",0,3
7517,1432,"2026-08-18 17:12:08.077",false,"[""RESTRICTED_HS_CODE""]",30,3
7518,3102,"2026-08-18 17:12:08.077",true,"[]",0,3
7519,4501,"2026-08-18 17:12:08.077",false,"[""RESTRICTED_HS_CODE""]",30,3
7520,2518,"2026-08-18 17:12:08.077",true,"[]",0,3
7521,8128,"2026-08-18 17:12:08.077",true,"[""DANGEROUS_GOODS""]",20,3
7522,6236,"2026-08-18 17:12:08.077",true,"[]",0,3
7523,2179,"2026-08-18 17:12:08.077",true,"[]",0,3
7524,7247,"2026-08-18 17:12:08.077",true,"[]",0,3
7525,5888,"2026-08-18 17:12:08.077",true,"[]",0,3
7526,6834,"2026-08-18 17:12:08.077",true,"[]",0,3
7527,9018,"2026-08-18 17:12:08.077",true,"[]",0,3
7528,2653,"2026-08-18 17:12:08.077",true,"[]",0,3
7529,2342,"2026-08-18 17:12:08.077",true,"[]",0,3
7530,4329,"2026-08-18 17:12:08.077",true,"[]",0,3
7531,8415,"2026-08-18 17:12:08.077",true,"[]",0,3
7532,6981,"2026-08-18 17:12:08.077",false,"[""RESTRICTED_HS_CODE""]",30,3
7533,1428,"2026-08-18 17:12:08.077",true,"[]",0,3
7534,4182,"2026-08-18 17:12:08.077",true,"[]",0,3
7535,6641,"2026-08-18 17:12:08.077",true,"[]",0,3
7536,7787,"2026-08-18 17:12:08.077",true,"[]",0,3
7537,2570,"2026-08-18 17:12:08.077",true,"[]",0,3
7538,9270,"2026-08-18 17:12:08.077",false,"[""RESTRICTED_HS_CODE""]",30,3
7539,2721,"2026-08-18 17:12:08.077",true,"[]",0,3
7540,4517,"2026-08-18 17:12:08.077",true,"[]",0,3
7541,2634,"2026-08-18 17:12:08.077",true,"[]",0,3
7542,3417,"2026-08-18 17:12:08.077",true,"[]",0,3
7543,8514,"2026-08-18 17:12:08.077",true,"[]",0,3
7544,9053,"2026-08-18 17:12:08.077",true,"[]",0,3
7545,2063,"2026-08-18 17:12:08.077",true,"[]",0,3
7546,8695,"2026-08-18 17:12:08.077",true,"[]",0,3
7547,902,"2026-08-18 17:12:08.077",true,"[]",0,3
7548,9993,"2026-08-18 17:12:08.077",true,"[]",0,3
7549,3038,"2026-08-18 17:12:08.077",true,"[]",0,3
7550,7922,"2026-08-18 17:12:08.077",true,"[]",0,3
7551,3473,"2026-08-18 17:12:08.077",false,"[""RESTRICTED_HS_CODE""]",30,3
7552,7656,"2026-08-18 17:12:08.077",true,"[""DANGEROUS_GOODS""]",20,3
7553,5988,"2026-08-18 17:12:08.077",true,"[]",0,3
7554,8274,"2026-08-18 17:12:08.077",true,"[]",0,3
7555,588,"2026-08-18 17:12:08.077",true,"[]",0,3
7556,3163,"2026-08-18 17:12:08.077",true,"[]",0,3
7557,6425,"2026-08-18 17:12:08.077",true,"[]",0,3
7558,3462,"2026-08-18 17:12:08.077",true,"[]",0,3
7559,2880,"2026-08-18 17:12:08.077",true,"[]",0,3
7560,9029,"2026-08-18 17:12:08.077",true,"[]",0,3
7561,962,"2026-08-18 17:12:08.077",true,"[]",0,3
7562,6274,"2026-08-18 17:12:08.077",true,"[]",0,3
7563,452,"2026-08-18 17:12:08.077",true,"[]",0,3
7564,2181,"2026-08-18 17:12:08.077",true,"[]",0,3
7565,5901,"2026-08-18 17:12:08.077",true,"[]",0,3
7566,2105,"2026-08-18 17:12:08.077",true,"[]",0,3
7567,2787,"2026-08-18 17:12:08.077",true,"[]",0,3
7568,7849,"2026-08-18 17:12:08.077",true,"[]",0,3
7569,1765,"2026-08-18 17:12:08.077",true,"[]",0,3
7570,1772,"2026-08-18 17:12:08.077",false,"[""RESTRICTED_HS_CODE""]",30,3
7571,5613,"2026-08-18 17:12:08.077",false,"[""RESTRICTED_HS_CODE""]",30,3
7572,3760,"2026-08-18 17:12:08.077",true,"[]",0,3
7573,2522,"2026-08-18 17:12:08.077",true,"[]",0,3
7574,8495,"2026-08-18 17:12:08.077",true,"[]",0,3
7575,3676,"2026-08-18 17:12:08.077",true,"[]",0,3
7576,4146,"2026-08-18 17:12:08.077",true,"[]",0,3
7577,7471,"2026-08-18 17:12:08.077",true,"[""DANGEROUS_GOODS""]",20,3
7578,4508,"2026-08-18 17:12:08.077",true,"[]",0,3
7579,13202,"2026-08-18 17:12:08.077",true,"[]",0,3
7580,2801,"2026-08-18 17:12:08.077",true,"[]",0,3
7581,8639,"2026-08-18 17:12:08.077",true,"[]",0,3
7582,4551,"2026-08-18 17:12:08.077",true,"[]",0,3
7583,9292,"2026-08-18 17:12:08.077",true,"[""DANGEROUS_GOODS""]",20,3
7584,1005,"2026-08-18 17:12:08.077",true,"[]",0,3
7585,9186,"2026-08-18 17:12:08.077",true,"[]",0,3
7586,3943,"2026-08-18 17:12:08.077",true,"[]",0,3
7587,7897,"2026-08-18 17:12:08.077",true,"[]",0,3
7588,6336,"2026-08-18 17:12:08.077",true,"[]",0,3
7589,3358,"2026-08-18 17:12:08.077",true,"[]",0,3
7590,7736,"2026-08-18 17:12:08.077",true,"[]",0,3
7591,9567,"2026-08-18 17:12:08.077",false,"[""RESTRICTED_HS_CODE""]",30,3
7592,6343,"2026-08-18 17:12:08.077",false,"[""RESTRICTED_HS_CODE""]",30,3
7593,1017,"2026-08-18 17:12:08.077",true,"[]",0,3
7594,708,"2026-08-18 17:12:08.077",true,"[]",0,3
7595,1786,"2026-08-18 17:12:08.077",true,"[]",0,3
7596,785,"2026-08-18 17:12:08.077",true,"[]",0,3
7597,8342,"2026-08-18 17:12:08.077",true,"[""DANGEROUS_GOODS""]",20,3
7598,7829,"2026-08-18 17:12:08.077",true,"[]",0,3
7599,8535,"2026-08-18 17:12:08.077",true,"[]",0,3
7600,238,"2026-08-18 17:12:08.077",false,"[""RESTRICTED_HS_CODE"",""DANGEROUS_GOODS""]",50,3
7601,5351,"2026-08-18 17:12:08.077",true,"[]",0,3
7602,3156,"2026-08-18 17:12:08.077",true,"[]",0,3
7603,249,"2026-08-18 17:12:08.077",true,"[]",0,3
7604,1377,"2026-08-18 17:12:08.077",true,"[]",0,3
7605,2045,"2026-08-18 17:12:08.077",true,"[]",0,3
7606,4865,"2026-08-18 17:12:08.077",true,"[]",0,3
7607,8271,"2026-08-18 17:12:08.077",true,"[]",0,3
7608,2753,"2026-08-18 17:12:08.077",false,"[""RESTRICTED_HS_CODE""]",30,3
7609,7726,"2026-08-18 17:12:08.077",true,"[]",0,3
7610,6964,"2026-08-18 17:12:08.077",false,"[""RESTRICTED_HS_CODE""]",30,3
7611,3612,"2026-08-18 17:12:08.077",true,"[]",0,3
7612,3198,"2026-08-18 17:12:08.077",true,"[]",0,3
7613,562,"2026-08-18 17:12:08.077",true,"[]",0,3
7614,8600,"2026-08-18 17:12:08.077",true,"[]",0,3
7615,7518,"2026-08-18 17:12:08.077",true,"[]",0,3
7616,3128,"2026-08-18 17:12:08.077",true,"[]",0,3
7617,57,"2026-08-18 17:12:08.077",true,"[]",0,3
7618,5121,"2026-08-18 17:12:08.077",true,"[]",0,3
7619,4872,"2026-08-18 17:12:08.077",true,"[]",0,3
7620,1000,"2026-08-18 17:12:08.077",true,"[]",0,3
7621,2335,"2026-08-18 17:12:08.077",true,"[]",0,3
7622,2901,"2026-08-18 17:12:08.077",true,"[]",0,3
7623,8964,"2026-08-18 17:12:08.077",true,"[]",0,3
7624,4164,"2026-08-18 17:12:08.077",true,"[]",0,3
7625,5663,"2026-08-18 17:12:08.077",true,"[]",0,3
7626,9177,"2026-08-18 17:12:08.077",true,"[]",0,3
7627,5695,"2026-08-18 17:12:08.077",false,"[""RESTRICTED_HS_CODE""]",30,3
7628,2266,"2026-08-18 17:12:08.077",true,"[]",0,3
7629,5943,"2026-08-18 17:12:08.077",true,"[]",0,3
7630,1303,"2026-08-18 17:12:08.077",true,"[]",0,3
7631,2253,"2026-08-18 17:12:08.077",true,"[]",0,3
7632,4378,"2026-08-18 17:12:08.077",true,"[]",0,3
7633,9417,"2026-08-18 17:12:08.077",true,"[]",0,3
7634,1431,"2026-08-18 17:12:08.077",true,"[]",0,3
7635,6209,"2026-08-18 17:12:08.077",false,"[""RESTRICTED_HS_CODE""]",30,3
7636,9608,"2026-08-18 17:12:08.077",true,"[]",0,3
7637,9248,"2026-08-18 17:12:08.077",true,"[]",0,3
7638,3496,"2026-08-18 17:12:08.077",false,"[""RESTRICTED_HS_CODE""]",30,3
7639,1106,"2026-08-18 17:12:08.077",true,"[]",0,3
7640,7199,"2026-08-18 17:12:08.077",true,"[]",0,3
7641,3562,"2026-08-18 17:12:08.077",true,"[""DANGEROUS_GOODS""]",20,3
7642,9801,"2026-08-18 17:12:08.077",true,"[]",0,3
7643,2542,"2026-08-18 17:12:08.077",true,"[]",0,3
7644,5500,"2026-08-18 17:12:08.077",true,"[]",0,3
7645,9625,"2026-08-18 17:12:08.077",true,"[]",0,3
7646,783,"2026-08-18 17:12:08.077",true,"[]",0,3
7647,9300,"2026-08-18 17:12:08.077",true,"[]",0,3
7648,1326,"2026-08-18 17:12:08.077",true,"[]",0,3
7649,5338,"2026-08-18 17:12:08.077",true,"[]",0,3
7650,376,"2026-08-18 17:12:08.077",true,"[]",0,3
7651,4112,"2026-08-18 17:12:08.077",true,"[]",0,3
7652,7582,"2026-08-18 17:12:08.077",true,"[]",0,3
7653,4841,"2026-08-18 17:12:08.077",true,"[]",0,3
7654,4473,"2026-08-18 17:12:08.077",true,"[]",0,3
7655,3300,"2026-08-18 17:12:08.077",true,"[]",0,3
7656,2090,"2026-08-18 17:12:08.077",true,"[]",0,3
7657,1420,"2026-08-18 17:12:08.077",true,"[]",0,3
7658,1352,"2026-08-18 17:12:08.077",false,"[""RESTRICTED_HS_CODE""]",30,3
7659,1205,"2026-08-18 17:12:08.077",true,"[]",0,3
7660,9604,"2026-08-18 17:12:08.077",true,"[]",0,3
7661,1147,"2026-08-18 17:12:08.077",true,"[]",0,3
7662,220,"2026-08-18 17:12:08.077",true,"[]",0,3
7663,1460,"2026-08-18 17:12:08.077",true,"[]",0,3
7664,135,"2026-08-18 17:12:08.077",true,"[]",0,3
7665,4186,"2026-08-18 17:12:08.077",true,"[]",0,3
7666,2681,"2026-08-18 17:12:08.077",true,"[]",0,3
7667,9471,"2026-08-18 17:12:08.077",false,"[""RESTRICTED_HS_CODE""]",30,3
7668,9089,"2026-08-18 17:12:08.077",true,"[]",0,3
7669,1980,"2026-08-18 17:12:08.077",true,"[]",0,3
7670,5887,"2026-08-18 17:12:08.077",true,"[]",0,3
7671,3002,"2026-08-18 17:12:08.077",true,"[]",0,3
7672,631,"2026-08-18 17:12:08.077",true,"[]",0,3
7673,2553,"2026-08-18 17:12:08.077",true,"[]",0,3
7674,7290,"2026-08-18 17:12:08.077",true,"[]",0,3
7675,5255,"2026-08-18 17:12:08.077",true,"[]",0,3
7676,9707,"2026-08-18 17:12:08.077",true,"[]",0,3
7677,6951,"2026-08-18 17:12:08.077",true,"[]",0,3
7678,2559,"2026-08-18 17:12:08.077",true,"[]",0,3
7679,806,"2026-08-18 17:12:08.077",true,"[]",0,3
7680,3977,"2026-08-18 17:12:08.077",true,"[]",0,3
7681,8829,"2026-08-18 17:12:08.077",true,"[]",0,3
7682,8106,"2026-08-18 17:12:08.077",false,"[""RESTRICTED_HS_CODE"",""DANGEROUS_GOODS""]",50,3
7683,9926,"2026-08-18 17:12:08.077",true,"[]",0,3
7684,6131,"2026-08-18 17:12:08.077",true,"[]",0,3
7685,7728,"2026-08-18 17:12:08.077",true,"[]",0,3
7686,9476,"2026-08-18 17:12:08.077",true,"[""DANGEROUS_GOODS""]",20,3
7687,984,"2026-08-18 17:12:08.077",true,"[]",0,3
7688,6585,"2026-08-18 17:12:08.077",true,"[]",0,3
7689,9477,"2026-08-18 17:12:08.077",true,"[]",0,3
7690,8268,"2026-08-18 17:12:08.077",true,"[]",0,3
7691,1191,"2026-08-18 17:12:08.077",true,"[""DANGEROUS_GOODS""]",20,3
7692,6689,"2026-08-18 17:12:08.077",true,"[]",0,3
7693,689,"2026-08-18 17:12:08.077",true,"[]",0,3
7694,1801,"2026-08-18 17:12:08.077",true,"[]",0,3
7695,7637,"2026-08-18 17:12:08.077",true,"[]",0,3
7696,1923,"2026-08-18 17:12:08.077",true,"[]",0,3
7697,2206,"2026-08-18 17:12:08.077",true,"[]",0,3
7698,6197,"2026-08-18 17:12:08.077",true,"[]",0,3
7699,1834,"2026-08-18 17:12:08.077",false,"[""RESTRICTED_HS_CODE""]",30,3
7700,8195,"2026-08-18 17:12:08.077",true,"[]",0,3
7701,2097,"2026-08-18 17:12:08.077",true,"[]",0,3
7702,9104,"2026-08-18 17:12:08.077",false,"[""RESTRICTED_HS_CODE""]",30,3
7703,7484,"2026-08-18 17:12:08.077",true,"[]",0,3
7704,1155,"2026-08-18 17:12:08.077",true,"[]",0,3
7705,3806,"2026-08-18 17:12:08.077",true,"[]",0,3
7706,6715,"2026-08-18 17:12:08.077",false,"[""RESTRICTED_HS_CODE""]",30,3
7707,3926,"2026-08-18 17:12:08.077",true,"[]",0,3
7708,3058,"2026-08-18 17:12:08.077",true,"[]",0,3
7709,4161,"2026-08-18 17:12:08.077",true,"[]",0,3
7710,3105,"2026-08-18 17:12:08.077",true,"[]",0,3
7711,6352,"2026-08-18 17:12:08.077",false,"[""RESTRICTED_HS_CODE"",""DANGEROUS_GOODS""]",50,3
7712,7746,"2026-08-18 17:12:08.077",true,"[]",0,3
7713,7900,"2026-08-18 17:12:08.077",true,"[]",0,3
7714,9622,"2026-08-18 17:12:08.077",false,"[""RESTRICTED_HS_CODE""]",30,3
7715,2057,"2026-08-18 17:12:08.077",true,"[]",0,3
7716,1902,"2026-08-18 17:12:08.077",true,"[""DANGEROUS_GOODS""]",20,3
7717,6495,"2026-08-18 17:12:08.077",true,"[]",0,3
7718,9544,"2026-08-18 17:12:08.077",true,"[""DANGEROUS_GOODS""]",20,3
7719,3454,"2026-08-18 17:12:08.077",true,"[]",0,3
7720,4120,"2026-08-18 17:12:08.077",true,"[]",0,3
7721,3571,"2026-08-18 17:12:08.077",false,"[""RESTRICTED_HS_CODE""]",30,3
7722,7588,"2026-08-18 17:12:08.077",false,"[""RESTRICTED_HS_CODE""]",30,3
7723,5472,"2026-08-18 17:12:08.077",true,"[]",0,3
7724,1586,"2026-08-18 17:12:08.077",true,"[]",0,3
7725,9084,"2026-08-18 17:12:08.077",true,"[]",0,3
7726,1375,"2026-08-18 17:12:08.077",true,"[]",0,3
7727,4042,"2026-08-18 17:12:08.077",false,"[""RESTRICTED_HS_CODE""]",30,3
7728,6451,"2026-08-18 17:12:08.077",true,"[]",0,3
7729,8672,"2026-08-18 17:12:08.077",true,"[]",0,3
7730,1073,"2026-08-18 17:12:08.077",true,"[]",0,3
7731,3029,"2026-08-18 17:12:08.077",true,"[]",0,3
7732,5371,"2026-08-18 17:12:08.077",true,"[]",0,3
7733,7319,"2026-08-18 17:12:08.077",true,"[]",0,3
7734,8918,"2026-08-18 17:12:08.077",true,"[]",0,3
7735,4576,"2026-08-18 17:12:08.077",true,"[]",0,3
7736,4883,"2026-08-18 17:12:08.077",true,"[]",0,3
7737,6857,"2026-08-18 17:12:08.077",false,"[""RESTRICTED_HS_CODE""]",30,3
7738,945,"2026-08-18 17:12:08.077",true,"[]",0,3
7739,461,"2026-08-18 17:12:08.077",false,"[""RESTRICTED_HS_CODE""]",30,3
7740,6728,"2026-08-18 17:12:08.077",false,"[""RESTRICTED_HS_CODE""]",30,3
7741,9660,"2026-08-18 17:12:08.077",true,"[]",0,3
7742,1587,"2026-08-18 17:12:08.077",true,"[]",0,3
7743,6926,"2026-08-18 17:12:08.077",true,"[]",0,3
7744,975,"2026-08-18 17:12:08.077",true,"[]",0,3
7745,1223,"2026-08-18 17:12:08.077",true,"[]",0,3
7746,1633,"2026-08-18 17:12:08.077",true,"[]",0,3
7747,1879,"2026-08-18 17:12:08.077",true,"[]",0,3
7748,3753,"2026-08-18 17:12:08.077",true,"[]",0,3
7749,5511,"2026-08-18 17:12:08.077",true,"[]",0,3
7750,965,"2026-08-18 17:12:08.077",true,"[]",0,3
7751,3024,"2026-08-18 17:12:08.077",true,"[]",0,3
7752,6463,"2026-08-18 17:12:08.077",true,"[]",0,3
7753,9019,"2026-08-18 17:12:08.077",false,"[""RESTRICTED_HS_CODE""]",30,3
7754,4135,"2026-08-18 17:12:08.077",true,"[]",0,3
7755,7079,"2026-08-18 17:12:08.077",true,"[]",0,3
7756,1925,"2026-08-18 17:12:08.077",true,"[]",0,3
7757,7520,"2026-08-18 17:12:08.077",true,"[]",0,3
7758,1074,"2026-08-18 17:12:08.077",true,"[]",0,3
7759,8215,"2026-08-18 17:12:08.077",true,"[]",0,3
7760,427,"2026-08-18 17:12:08.077",true,"[]",0,3
7761,5024,"2026-08-18 17:12:08.077",true,"[]",0,3
7762,4722,"2026-08-18 17:12:08.077",false,"[""RESTRICTED_HS_CODE""]",30,3
7763,8219,"2026-08-18 17:12:08.077",true,"[]",0,3
7764,1274,"2026-08-18 17:12:08.077",true,"[]",0,3
7765,1864,"2026-08-18 17:12:08.077",true,"[]",0,3
7766,2772,"2026-08-18 17:12:08.077",true,"[]",0,3
7767,3121,"2026-08-18 17:12:08.077",true,"[]",0,3
7768,2621,"2026-08-18 17:12:08.077",true,"[]",0,3
7769,2755,"2026-08-18 17:12:08.077",true,"[]",0,3
7770,4083,"2026-08-18 17:12:08.077",true,"[]",0,3
7771,3308,"2026-08-18 17:12:08.077",true,"[]",0,3
7772,2014,"2026-08-18 17:12:08.077",true,"[]",0,3
7773,3772,"2026-08-18 17:12:08.077",true,"[]",0,3
7774,2475,"2026-08-18 17:12:08.077",true,"[]",0,3
7775,6222,"2026-08-18 17:12:08.077",true,"[""DANGEROUS_GOODS""]",20,3
7776,9217,"2026-08-18 17:12:08.077",true,"[]",0,3
7777,5185,"2026-08-18 17:12:08.077",true,"[]",0,3
7778,5106,"2026-08-18 17:12:08.077",false,"[""RESTRICTED_HS_CODE""]",30,3
7779,7595,"2026-08-18 17:12:08.077",true,"[]",0,3
7780,7119,"2026-08-18 17:12:08.077",true,"[]",0,3
7781,2012,"2026-08-18 17:12:08.077",false,"[""RESTRICTED_HS_CODE""]",30,3
7782,7168,"2026-08-18 17:12:08.077",true,"[]",0,3
7783,4654,"2026-08-18 17:12:08.077",true,"[]",0,3
7784,5207,"2026-08-18 17:12:08.077",true,"[]",0,3
7785,8090,"2026-08-18 17:12:08.077",true,"[]",0,3
7786,7123,"2026-08-18 17:12:08.077",true,"[]",0,3
7787,4603,"2026-08-18 17:12:08.077",true,"[]",0,3
7788,8422,"2026-08-18 17:12:08.077",true,"[]",0,3
7789,784,"2026-08-18 17:12:08.077",true,"[]",0,3
7790,1645,"2026-08-18 17:12:08.077",true,"[]",0,3
7791,2626,"2026-08-18 17:12:08.077",false,"[""RESTRICTED_HS_CODE""]",30,3
7792,9526,"2026-08-18 17:12:08.077",false,"[""RESTRICTED_HS_CODE""]",30,3
7793,7191,"2026-08-18 17:12:08.077",true,"[]",0,3
7794,6883,"2026-08-18 17:12:08.077",true,"[]",0,3
7795,9151,"2026-08-18 17:12:08.077",true,"[]",0,3
7796,4480,"2026-08-18 17:12:08.077",true,"[""DANGEROUS_GOODS""]",20,3
7797,1885,"2026-08-18 17:12:08.077",true,"[]",0,3
7798,2171,"2026-08-18 17:12:08.077",true,"[]",0,3
7799,3866,"2026-08-18 17:12:08.077",true,"[]",0,3
7800,6065,"2026-08-18 17:12:08.077",false,"[""RESTRICTED_HS_CODE""]",30,3
7801,4171,"2026-08-18 17:12:08.077",true,"[]",0,3
7802,3858,"2026-08-18 17:12:08.077",true,"[]",0,3
7803,7101,"2026-08-18 17:12:08.077",true,"[""DANGEROUS_GOODS""]",20,3
7804,3074,"2026-08-18 17:12:08.077",false,"[""RESTRICTED_HS_CODE""]",30,3
7805,2207,"2026-08-18 17:12:08.077",true,"[]",0,3
7806,6297,"2026-08-18 17:12:08.077",true,"[""DANGEROUS_GOODS""]",20,3
7807,1312,"2026-08-18 17:12:08.077",true,"[]",0,3
7808,5895,"2026-08-18 17:12:08.077",true,"[]",0,3
7809,5278,"2026-08-18 17:12:08.077",true,"[]",0,3
7810,5868,"2026-08-18 17:12:08.077",true,"[]",0,3
7811,4746,"2026-08-18 17:12:08.077",true,"[]",0,3
7812,8102,"2026-08-18 17:12:08.077",true,"[]",0,3
7813,9211,"2026-08-18 17:12:08.077",true,"[]",0,3
7814,2230,"2026-08-18 17:12:08.077",true,"[]",0,3
7815,9243,"2026-08-18 17:12:08.077",true,"[""DANGEROUS_GOODS""]",20,3
7816,6636,"2026-08-18 17:12:08.077",true,"[]",0,3
7817,4048,"2026-08-18 17:12:08.077",true,"[]",0,3
7818,5320,"2026-08-18 17:12:08.077",true,"[]",0,3
7819,4902,"2026-08-18 17:12:08.077",false,"[""RESTRICTED_HS_CODE""]",30,3
7820,736,"2026-08-18 17:12:08.077",true,"[]",0,3
7821,2956,"2026-08-18 17:12:08.077",true,"[]",0,3
7822,5633,"2026-08-18 17:12:08.077",true,"[]",0,3
7823,6364,"2026-08-18 17:12:08.077",true,"[]",0,3
7824,1759,"2026-08-18 17:12:08.077",true,"[]",0,3
7825,7757,"2026-08-18 17:12:08.077",true,"[]",0,3
7826,6532,"2026-08-18 17:12:08.077",true,"[]",0,3
7827,1059,"2026-08-18 17:12:08.077",true,"[]",0,3
7828,3286,"2026-08-18 17:12:08.077",true,"[]",0,3
7829,7136,"2026-08-18 17:12:08.077",false,"[""RESTRICTED_HS_CODE""]",30,3
7830,9967,"2026-08-18 17:12:08.077",true,"[]",0,3
7831,8646,"2026-08-18 17:12:08.077",true,"[]",0,3
7832,6446,"2026-08-18 17:12:08.077",true,"[]",0,3
7833,8549,"2026-08-18 17:12:08.077",true,"[]",0,3
7834,7678,"2026-08-18 17:12:08.077",true,"[]",0,3
7835,5234,"2026-08-18 17:12:08.077",true,"[]",0,3
7836,8635,"2026-08-18 17:12:08.077",true,"[]",0,3
7837,7359,"2026-08-18 17:12:08.077",true,"[]",0,3
7838,1600,"2026-08-18 17:12:08.077",true,"[]",0,3
7839,5475,"2026-08-18 17:12:08.077",true,"[]",0,3
7840,1531,"2026-08-18 17:12:08.077",true,"[]",0,3
7841,7957,"2026-08-18 17:12:08.077",false,"[""RESTRICTED_HS_CODE""]",30,3
7842,188,"2026-08-18 17:12:08.077",false,"[""RESTRICTED_HS_CODE""]",30,3
7843,137,"2026-08-18 17:12:08.077",true,"[]",0,3
7844,8934,"2026-08-18 17:12:08.077",true,"[]",0,3
7845,1153,"2026-08-18 17:12:08.077",false,"[""RESTRICTED_HS_CODE""]",30,3
7846,75,"2026-08-18 17:12:08.077",true,"[]",0,3
7847,9676,"2026-08-18 17:12:08.077",true,"[]",0,3
7848,386,"2026-08-18 17:12:08.077",true,"[]",0,3
7849,9254,"2026-08-18 17:12:08.077",true,"[]",0,3
7850,5410,"2026-08-18 17:12:08.077",true,"[]",0,3
7851,4888,"2026-08-18 17:12:08.077",true,"[]",0,3
7852,3949,"2026-08-18 17:12:08.077",true,"[]",0,3
7853,7791,"2026-08-18 17:12:08.077",true,"[]",0,3
7854,4149,"2026-08-18 17:12:08.077",true,"[]",0,3
7855,5691,"2026-08-18 17:12:08.077",true,"[]",0,3
7856,2071,"2026-08-18 17:12:08.077",true,"[]",0,3
7857,9655,"2026-08-18 17:12:08.077",true,"[]",0,3
7858,9530,"2026-08-18 17:12:08.077",true,"[]",0,3
7859,8959,"2026-08-18 17:12:08.077",true,"[]",0,3
7860,6788,"2026-08-18 17:12:08.077",true,"[]",0,3
7861,5968,"2026-08-18 17:12:08.077",true,"[]",0,3
7862,7293,"2026-08-18 17:12:08.077",true,"[""DANGEROUS_GOODS""]",20,3
7863,5523,"2026-08-18 17:12:08.077",true,"[]",0,3
7864,145,"2026-08-18 17:12:08.077",false,"[""RESTRICTED_HS_CODE""]",30,3
7865,3911,"2026-08-18 17:12:08.077",true,"[]",0,3
7866,7765,"2026-08-18 17:12:08.077",true,"[]",0,3
7867,7161,"2026-08-18 17:12:08.077",true,"[]",0,3
7868,7291,"2026-08-18 17:12:08.077",true,"[]",0,3
7869,3177,"2026-08-18 17:12:08.077",true,"[]",0,3
7870,9224,"2026-08-18 17:12:08.077",true,"[]",0,3
7871,3171,"2026-08-18 17:12:08.077",true,"[]",0,3
7872,9039,"2026-08-18 17:12:08.077",true,"[]",0,3
7873,9236,"2026-08-18 17:12:08.077",true,"[]",0,3
7874,4636,"2026-08-18 17:12:08.077",true,"[]",0,3
7875,3294,"2026-08-18 17:12:08.077",true,"[]",0,3
7876,8592,"2026-08-18 17:12:08.077",false,"[""RESTRICTED_HS_CODE""]",30,3
7877,7542,"2026-08-18 17:12:08.077",true,"[]",0,3
7878,8625,"2026-08-18 17:12:08.077",true,"[]",0,3
7879,7025,"2026-08-18 17:12:08.077",false,"[""RESTRICTED_HS_CODE""]",30,3
7880,2386,"2026-08-18 17:12:08.077",true,"[]",0,3
7881,1536,"2026-08-18 17:12:08.077",true,"[]",0,3
7882,3433,"2026-08-18 17:12:08.077",true,"[]",0,3
7883,8263,"2026-08-18 17:12:08.077",true,"[""DANGEROUS_GOODS""]",20,3
7884,9031,"2026-08-18 17:12:08.077",true,"[]",0,3
7885,3751,"2026-08-18 17:12:08.077",true,"[]",0,3
7886,3114,"2026-08-18 17:12:08.077",true,"[]",0,3
7887,7322,"2026-08-18 17:12:08.077",true,"[]",0,3
7888,6888,"2026-08-18 17:12:08.077",true,"[]",0,3
7889,6606,"2026-08-18 17:12:08.077",false,"[""RESTRICTED_HS_CODE""]",30,3
7890,3330,"2026-08-18 17:12:08.077",true,"[]",0,3
7891,7926,"2026-08-18 17:12:08.077",true,"[]",0,3
7892,9697,"2026-08-18 17:12:08.077",true,"[]",0,3
7893,9595,"2026-08-18 17:12:08.077",false,"[""RESTRICTED_HS_CODE""]",30,3
7894,4732,"2026-08-18 17:12:08.077",true,"[]",0,3
7895,2754,"2026-08-18 17:12:08.077",false,"[""RESTRICTED_HS_CODE""]",30,3
7896,4413,"2026-08-18 17:12:08.077",false,"[""RESTRICTED_HS_CODE""]",30,3
7897,8737,"2026-08-18 17:12:08.077",true,"[""DANGEROUS_GOODS""]",20,3
7898,6382,"2026-08-18 17:12:08.077",true,"[]",0,3
7899,5812,"2026-08-18 17:12:08.077",true,"[]",0,3
7900,1458,"2026-08-18 17:12:08.077",true,"[]",0,3
7901,6505,"2026-08-18 17:12:08.077",true,"[]",0,3
7902,1678,"2026-08-18 17:12:08.077",false,"[""RESTRICTED_HS_CODE""]",30,3
7903,6420,"2026-08-18 17:12:08.077",false,"[""RESTRICTED_HS_CODE""]",30,3
7904,6983,"2026-08-18 17:12:08.077",true,"[]",0,3
7905,6583,"2026-08-18 17:12:08.077",true,"[]",0,3
7906,9840,"2026-08-18 17:12:08.077",true,"[]",0,3
7907,2041,"2026-08-18 17:12:08.077",true,"[]",0,3
7908,4578,"2026-08-18 17:12:08.077",true,"[]",0,3
7909,6318,"2026-08-18 17:12:08.077",true,"[]",0,3
7910,1125,"2026-08-18 17:12:08.077",true,"[]",0,3
7911,298,"2026-08-18 17:12:08.077",true,"[]",0,3
7912,9206,"2026-08-18 17:12:08.077",true,"[]",0,3
7913,7373,"2026-08-18 17:12:08.077",true,"[]",0,3
7914,6205,"2026-08-18 17:12:08.077",false,"[""RESTRICTED_HS_CODE""]",30,3
7915,7945,"2026-08-18 17:12:08.077",true,"[]",0,3
7916,6829,"2026-08-18 17:12:08.077",false,"[""RESTRICTED_HS_CODE""]",30,3
7917,1566,"2026-08-18 17:12:08.077",true,"[]",0,3
7918,9489,"2026-08-18 17:12:08.077",true,"[]",0,3
7919,1121,"2026-08-18 17:12:08.077",true,"[]",0,3
7920,8064,"2026-08-18 17:12:08.077",true,"[]",0,3
7921,9284,"2026-08-18 17:12:08.077",true,"[]",0,3
7922,8911,"2026-08-18 17:12:08.077",true,"[]",0,3
7923,4882,"2026-08-18 17:12:08.077",true,"[]",0,3
7924,6326,"2026-08-18 17:12:08.077",true,"[]",0,3
7925,4996,"2026-08-18 17:12:08.077",true,"[]",0,3
7926,1137,"2026-08-18 17:12:08.077",true,"[]",0,3
7927,9591,"2026-08-18 17:12:08.077",true,"[]",0,3
7928,7623,"2026-08-18 17:12:08.077",true,"[]",0,3
7929,7116,"2026-08-18 17:12:08.077",true,"[]",0,3
7930,5889,"2026-08-18 17:12:08.077",false,"[""RESTRICTED_HS_CODE""]",30,3
7931,5323,"2026-08-18 17:12:08.077",false,"[""RESTRICTED_HS_CODE""]",30,3
7932,4499,"2026-08-18 17:12:08.077",false,"[""RESTRICTED_HS_CODE""]",30,3
7933,5050,"2026-08-18 17:12:08.077",true,"[""DANGEROUS_GOODS""]",20,3
7934,3625,"2026-08-18 17:12:08.077",false,"[""RESTRICTED_HS_CODE""]",30,3
7935,3736,"2026-08-18 17:12:08.077",true,"[]",0,3
7936,8952,"2026-08-18 17:12:08.077",true,"[]",0,3
7937,8682,"2026-08-18 17:12:08.077",true,"[]",0,3
7938,3225,"2026-08-18 17:12:08.077",false,"[""RESTRICTED_HS_CODE""]",30,3
7939,8038,"2026-08-18 17:12:08.077",false,"[""RESTRICTED_HS_CODE""]",30,3
7940,1170,"2026-08-18 17:12:08.077",true,"[]",0,3
7941,4683,"2026-08-18 17:12:08.077",true,"[]",0,3
7942,9033,"2026-08-18 17:12:08.077",true,"[]",0,3
7943,3250,"2026-08-18 17:12:08.077",true,"[]",0,3
7944,7332,"2026-08-18 17:12:08.077",true,"[]",0,3
7945,9763,"2026-08-18 17:12:08.077",true,"[]",0,3
7946,7266,"2026-08-18 17:12:08.077",true,"[]",0,3
7947,9632,"2026-08-18 17:12:08.077",true,"[]",0,3
7948,5752,"2026-08-18 17:12:08.077",true,"[]",0,3
7949,3078,"2026-08-18 17:12:08.077",true,"[]",0,3
7950,9746,"2026-08-18 17:12:08.077",true,"[]",0,3
7951,9414,"2026-08-18 17:12:08.077",false,"[""RESTRICTED_HS_CODE""]",30,3
7952,1872,"2026-08-18 17:12:08.077",true,"[]",0,3
7953,1632,"2026-08-18 17:12:08.077",true,"[]",0,3
7954,3222,"2026-08-18 17:12:08.077",true,"[""DANGEROUS_GOODS""]",20,3
7955,5726,"2026-08-18 17:12:08.077",true,"[]",0,3
7956,8833,"2026-08-18 17:12:08.077",true,"[]",0,3
7957,6954,"2026-08-18 17:12:08.077",true,"[]",0,3
7958,1368,"2026-08-18 17:12:08.077",true,"[]",0,3
7959,3691,"2026-08-18 17:12:08.077",true,"[]",0,3
7960,5877,"2026-08-18 17:12:08.077",false,"[""RESTRICTED_HS_CODE""]",30,3
7961,9715,"2026-08-18 17:12:08.077",true,"[]",0,3
7962,9262,"2026-08-18 17:12:08.077",true,"[]",0,3
7963,8450,"2026-08-18 17:12:08.077",true,"[]",0,3
7964,8949,"2026-08-18 17:12:08.077",true,"[]",0,3
7965,7218,"2026-08-18 17:12:08.077",true,"[]",0,3
7966,1034,"2026-08-18 17:12:08.077",true,"[]",0,3
7967,5326,"2026-08-18 17:12:08.077",true,"[]",0,3
7968,8499,"2026-08-18 17:12:08.077",true,"[]",0,3
7969,1187,"2026-08-18 17:12:08.077",true,"[""DANGEROUS_GOODS""]",20,3
7970,9068,"2026-08-18 17:12:08.077",true,"[]",0,3
7971,4598,"2026-08-18 17:12:08.077",false,"[""RESTRICTED_HS_CODE""]",30,3
7972,1611,"2026-08-18 17:12:08.077",true,"[]",0,3
7973,1009,"2026-08-18 17:12:08.077",false,"[""RESTRICTED_HS_CODE""]",30,3
7974,4925,"2026-08-18 17:12:08.077",true,"[]",0,3
7975,8405,"2026-08-18 17:12:08.077",true,"[]",0,3
7976,8329,"2026-08-18 17:12:08.077",true,"[]",0,3
7977,3271,"2026-08-18 17:12:08.077",true,"[""DANGEROUS_GOODS""]",20,3
7978,9387,"2026-08-18 17:12:08.077",true,"[]",0,3
7979,743,"2026-08-18 17:12:08.077",true,"[]",0,3
7980,9542,"2026-08-18 17:12:08.077",true,"[]",0,3
7981,7180,"2026-08-18 17:12:08.077",true,"[]",0,3
7982,7366,"2026-08-18 17:12:08.077",true,"[]",0,3
7983,3157,"2026-08-18 17:12:08.077",true,"[]",0,3
7984,5252,"2026-08-18 17:12:08.077",true,"[]",0,3
7985,9568,"2026-08-18 17:12:08.077",true,"[]",0,3
7986,4921,"2026-08-18 17:12:08.077",true,"[]",0,3
7987,5136,"2026-08-18 17:12:08.077",true,"[]",0,3
7988,6182,"2026-08-18 17:12:08.077",true,"[]",0,3
7989,8677,"2026-08-18 17:12:08.077",true,"[]",0,3
7990,9080,"2026-08-18 17:12:08.077",true,"[]",0,3
7991,9874,"2026-08-18 17:12:08.077",true,"[]",0,3
7992,7211,"2026-08-18 17:12:08.077",true,"[""DANGEROUS_GOODS""]",20,3
7993,111,"2026-08-18 17:12:08.077",true,"[]",0,3
7994,6154,"2026-08-18 17:12:08.077",true,"[]",0,3
7995,5365,"2026-08-18 17:12:08.077",true,"[]",0,3
7996,8293,"2026-08-18 17:12:08.077",true,"[]",0,3
7997,3438,"2026-08-18 17:12:08.077",true,"[]",0,3
7998,2830,"2026-08-18 17:12:08.077",true,"[]",0,3
7999,99,"2026-08-18 17:12:08.077",false,"[""RESTRICTED_HS_CODE""]",30,3
8000,5347,"2026-08-18 17:12:08.077",true,"[""DANGEROUS_GOODS""]",20,3
8001,8929,"2026-08-18 17:12:08.077",true,"[]",0,3
8002,8394,"2026-08-18 17:12:08.077",true,"[""DANGEROUS_GOODS""]",20,3
8003,8396,"2026-08-18 17:12:08.077",true,"[]",0,3
8004,5257,"2026-08-18 17:12:08.077",true,"[]",0,3
8005,2241,"2026-08-18 17:12:08.077",true,"[""DANGEROUS_GOODS""]",20,3
8006,9367,"2026-08-18 17:12:08.077",true,"[]",0,3
8007,8209,"2026-08-18 17:12:08.077",true,"[]",0,3
8008,8266,"2026-08-18 17:12:08.077",true,"[]",0,3
8009,790,"2026-08-18 17:12:08.077",true,"[]",0,3
8010,9117,"2026-08-18 17:12:08.077",true,"[]",0,3
8011,5082,"2026-08-18 17:12:08.077",true,"[""DANGEROUS_GOODS""]",20,3
8012,7411,"2026-08-18 17:12:08.077",true,"[]",0,3
8013,5088,"2026-08-18 17:12:08.077",true,"[]",0,3
8014,825,"2026-08-18 17:12:08.077",true,"[]",0,3
8015,6837,"2026-08-18 17:12:08.077",true,"[]",0,3
8016,2779,"2026-08-18 17:12:08.077",true,"[]",0,3
8017,1890,"2026-08-18 17:12:08.077",true,"[]",0,3
8018,1898,"2026-08-18 17:12:08.077",false,"[""RESTRICTED_HS_CODE""]",30,3
8019,2785,"2026-08-18 17:12:08.077",true,"[]",0,3
8020,9807,"2026-08-18 17:12:08.077",true,"[]",0,3
8021,6637,"2026-08-18 17:12:08.077",true,"[]",0,3
8022,744,"2026-08-18 17:12:08.077",true,"[]",0,3
8023,4213,"2026-08-18 17:12:08.077",true,"[]",0,3
8024,3344,"2026-08-18 17:12:08.077",true,"[]",0,3
8025,8760,"2026-08-18 17:12:08.077",true,"[]",0,3
8026,83,"2026-08-18 17:12:08.077",false,"[""RESTRICTED_HS_CODE""]",30,3
8027,2486,"2026-08-18 17:12:08.077",true,"[]",0,3
8028,5442,"2026-08-18 17:12:08.077",false,"[""RESTRICTED_HS_CODE""]",30,3
8029,6483,"2026-08-18 17:12:08.077",true,"[]",0,3
8030,8858,"2026-08-18 17:12:08.077",true,"[]",0,3
8031,768,"2026-08-18 17:12:08.077",false,"[""RESTRICTED_HS_CODE""]",30,3
8032,8685,"2026-08-18 17:12:08.077",true,"[]",0,3
8033,8015,"2026-08-18 17:12:08.077",true,"[]",0,3
8034,5455,"2026-08-18 17:12:08.077",false,"[""RESTRICTED_HS_CODE""]",30,3
8035,5690,"2026-08-18 17:12:08.077",true,"[]",0,3
8036,9776,"2026-08-18 17:12:08.077",true,"[]",0,3
8037,1737,"2026-08-18 17:12:08.077",true,"[]",0,3
8038,1429,"2026-08-18 17:12:08.077",true,"[]",0,3
8039,4891,"2026-08-18 17:12:08.077",true,"[]",0,3
8040,6251,"2026-08-18 17:12:08.077",true,"[]",0,3
8041,5904,"2026-08-18 17:12:08.077",true,"[]",0,3
8042,2451,"2026-08-18 17:12:08.077",true,"[]",0,3
8043,8029,"2026-08-18 17:12:08.077",true,"[]",0,3
8044,5372,"2026-08-18 17:12:08.077",true,"[]",0,3
8045,8147,"2026-08-18 17:12:08.077",true,"[]",0,3
8046,957,"2026-08-18 17:12:08.077",true,"[]",0,3
8047,812,"2026-08-18 17:12:08.077",true,"[]",0,3
8048,7777,"2026-08-18 17:12:08.077",false,"[""RESTRICTED_HS_CODE""]",30,3
8049,9769,"2026-08-18 17:12:08.077",false,"[""RESTRICTED_HS_CODE""]",30,3
8050,1439,"2026-08-18 17:12:08.077",true,"[]",0,3
8051,2764,"2026-08-18 17:12:08.077",true,"[]",0,3
8052,8116,"2026-08-18 17:12:08.077",true,"[]",0,3
8053,9484,"2026-08-18 17:12:08.077",false,"[""RESTRICTED_HS_CODE""]",30,3
8054,4681,"2026-08-18 17:12:08.077",true,"[]",0,3
8055,2116,"2026-08-18 17:12:08.077",true,"[]",0,3
8056,5540,"2026-08-18 17:12:08.077",false,"[""RESTRICTED_HS_CODE""]",30,3
8057,7047,"2026-08-18 17:12:08.077",false,"[""RESTRICTED_HS_CODE""]",30,3
8058,1750,"2026-08-18 17:12:08.077",false,"[""RESTRICTED_HS_CODE""]",30,3
8059,866,"2026-08-18 17:12:08.077",true,"[]",0,3
8060,3536,"2026-08-18 17:12:08.077",true,"[]",0,3
8061,3204,"2026-08-18 17:12:08.077",true,"[]",0,3
8062,7895,"2026-08-18 17:12:08.077",true,"[]",0,3
8063,8308,"2026-08-18 17:12:08.077",true,"[""DANGEROUS_GOODS""]",20,3
8064,4400,"2026-08-18 17:12:08.077",true,"[]",0,3
8065,86,"2026-08-18 17:12:08.077",false,"[""RESTRICTED_HS_CODE""]",30,3
8066,3339,"2026-08-18 17:12:08.077",true,"[]",0,3
8067,3598,"2026-08-18 17:12:08.077",true,"[]",0,3
8068,9463,"2026-08-18 17:12:08.077",true,"[]",0,3
8069,953,"2026-08-18 17:12:08.077",true,"[]",0,3
8070,5784,"2026-08-18 17:12:08.077",true,"[]",0,3
8071,2121,"2026-08-18 17:12:08.077",true,"[]",0,3
8072,176,"2026-08-18 17:12:08.077",false,"[""RESTRICTED_HS_CODE"",""DANGEROUS_GOODS""]",50,3
8073,1730,"2026-08-18 17:12:08.077",false,"[""RESTRICTED_HS_CODE""]",30,3
8074,4738,"2026-08-18 17:12:08.077",true,"[]",0,3
8075,9508,"2026-08-18 17:12:08.077",true,"[]",0,3
8076,5349,"2026-08-18 17:12:08.077",true,"[]",0,3
8077,8451,"2026-08-18 17:12:08.077",false,"[""RESTRICTED_HS_CODE""]",30,3
8078,7038,"2026-08-18 17:12:08.077",true,"[]",0,3
8079,3666,"2026-08-18 17:12:08.077",true,"[]",0,3
8080,7405,"2026-08-18 17:12:08.077",false,"[""RESTRICTED_HS_CODE""]",30,3
8081,2137,"2026-08-18 17:12:08.077",true,"[]",0,3
8082,7981,"2026-08-18 17:12:08.077",true,"[]",0,3
8083,1247,"2026-08-18 17:12:08.077",true,"[]",0,3
8084,7745,"2026-08-18 17:12:08.077",true,"[]",0,3
8085,7554,"2026-08-18 17:12:08.077",true,"[]",0,3
8086,6938,"2026-08-18 17:12:08.077",true,"[""DANGEROUS_GOODS""]",20,3
8087,917,"2026-08-18 17:12:08.077",true,"[]",0,3
8088,8654,"2026-08-18 17:12:08.077",true,"[]",0,3
8089,6317,"2026-08-18 17:12:08.077",true,"[]",0,3
8090,3309,"2026-08-18 17:12:08.077",false,"[""RESTRICTED_HS_CODE""]",30,3
8091,7561,"2026-08-18 17:12:08.077",true,"[]",0,3
8092,6051,"2026-08-18 17:12:08.077",true,"[]",0,3
8093,2749,"2026-08-18 17:12:08.077",true,"[]",0,3
8094,9845,"2026-08-18 17:12:08.077",true,"[]",0,3
8095,1675,"2026-08-18 17:12:08.077",true,"[]",0,3
8096,1046,"2026-08-18 17:12:08.077",true,"[]",0,3
8097,229,"2026-08-18 17:12:08.077",false,"[""RESTRICTED_HS_CODE""]",30,3
8098,2506,"2026-08-18 17:12:08.077",true,"[]",0,3
8099,3414,"2026-08-18 17:12:08.077",true,"[]",0,3
8100,7691,"2026-08-18 17:12:08.077",true,"[]",0,3
8101,6574,"2026-08-18 17:12:08.077",true,"[]",0,3
8102,5216,"2026-08-18 17:12:08.077",true,"[]",0,3
8103,5403,"2026-08-18 17:12:08.077",true,"[]",0,3
8104,9095,"2026-08-18 17:12:08.077",true,"[]",0,3
8105,5589,"2026-08-18 17:12:08.077",true,"[]",0,3
8106,9479,"2026-08-18 17:12:08.077",true,"[]",0,3
8107,155,"2026-08-18 17:12:08.077",true,"[]",0,3
8108,1882,"2026-08-18 17:12:08.077",false,"[""RESTRICTED_HS_CODE""]",30,3
8109,196,"2026-08-18 17:12:08.077",false,"[""RESTRICTED_HS_CODE""]",30,3
8110,863,"2026-08-18 17:12:08.077",true,"[]",0,3
8111,9194,"2026-08-18 17:12:08.077",true,"[]",0,3
8112,4684,"2026-08-18 17:12:08.077",true,"[""DANGEROUS_GOODS""]",20,3
8113,1444,"2026-08-18 17:12:08.077",true,"[]",0,3
8114,5376,"2026-08-18 17:12:08.077",true,"[""DANGEROUS_GOODS""]",20,3
8115,3972,"2026-08-18 17:12:08.077",true,"[]",0,3
8116,4448,"2026-08-18 17:12:08.077",true,"[]",0,3
8117,9043,"2026-08-18 17:12:08.077",true,"[]",0,3
8118,8983,"2026-08-18 17:12:08.077",true,"[]",0,3
8119,2526,"2026-08-18 17:12:08.077",true,"[]",0,3
8120,4894,"2026-08-18 17:12:08.077",true,"[]",0,3
8121,85,"2026-08-18 17:12:08.077",true,"[]",0,3
8122,3488,"2026-08-18 17:12:08.077",true,"[]",0,3
8123,632,"2026-08-18 17:12:08.077",true,"[]",0,3
8124,3127,"2026-08-18 17:12:08.077",true,"[]",0,3
8125,7473,"2026-08-18 17:12:08.077",true,"[]",0,3
8126,672,"2026-08-18 17:12:08.077",true,"[]",0,3
8127,7379,"2026-08-18 17:12:08.077",true,"[""DANGEROUS_GOODS""]",20,3
8128,7684,"2026-08-18 17:12:08.077",true,"[]",0,3
8129,9670,"2026-08-18 17:12:08.077",false,"[""RESTRICTED_HS_CODE""]",30,3
8130,4372,"2026-08-18 17:12:08.077",true,"[]",0,3
8131,4402,"2026-08-18 17:12:08.077",true,"[]",0,3
8132,552,"2026-08-18 17:12:08.077",false,"[""RESTRICTED_HS_CODE""]",30,3
8133,2187,"2026-08-18 17:12:08.077",true,"[]",0,3
8134,2019,"2026-08-18 17:12:08.077",true,"[]",0,3
8135,1129,"2026-08-18 17:12:08.077",true,"[]",0,3
8136,2211,"2026-08-18 17:12:08.077",true,"[]",0,3
8137,7294,"2026-08-18 17:12:08.077",true,"[]",0,3
8138,5146,"2026-08-18 17:12:08.077",false,"[""RESTRICTED_HS_CODE""]",30,3
8139,3435,"2026-08-18 17:12:08.077",true,"[]",0,3
8140,453,"2026-08-18 17:12:08.077",true,"[""DANGEROUS_GOODS""]",20,3
8141,1667,"2026-08-18 17:12:08.077",true,"[]",0,3
8142,1179,"2026-08-18 17:12:08.077",true,"[""DANGEROUS_GOODS""]",20,3
8143,4528,"2026-08-18 17:12:08.077",true,"[]",0,3
8144,9225,"2026-08-18 17:12:08.077",true,"[]",0,3
8145,2719,"2026-08-18 17:12:08.077",true,"[]",0,3
8146,8286,"2026-08-18 17:12:08.077",false,"[""RESTRICTED_HS_CODE""]",30,3
8147,8629,"2026-08-18 17:12:08.077",true,"[]",0,3
8148,3773,"2026-08-18 17:12:08.077",true,"[]",0,3
8149,5965,"2026-08-18 17:12:08.077",true,"[]",0,3
8150,4430,"2026-08-18 17:12:08.077",true,"[]",0,3
8151,7190,"2026-08-18 17:12:08.077",true,"[]",0,3
8152,985,"2026-08-18 17:12:08.077",true,"[]",0,3
8153,795,"2026-08-18 17:12:08.077",true,"[]",0,3
8154,1321,"2026-08-18 17:12:08.077",true,"[]",0,3
8155,7002,"2026-08-18 17:12:08.077",true,"[]",0,3
8156,9948,"2026-08-18 17:12:08.077",false,"[""RESTRICTED_HS_CODE""]",30,3
8157,921,"2026-08-18 17:12:08.077",true,"[]",0,3
8158,8802,"2026-08-18 17:12:08.077",true,"[]",0,3
8159,5399,"2026-08-18 17:12:08.077",true,"[]",0,3
8160,3464,"2026-08-18 17:12:08.077",true,"[]",0,3
8161,5535,"2026-08-18 17:12:08.077",true,"[]",0,3
8162,6067,"2026-08-18 17:12:08.077",true,"[]",0,3
8163,4964,"2026-08-18 17:12:08.077",true,"[]",0,3
8164,9875,"2026-08-18 17:12:08.077",false,"[""RESTRICTED_HS_CODE""]",30,3
8165,7636,"2026-08-18 17:12:08.077",false,"[""RESTRICTED_HS_CODE"",""DANGEROUS_GOODS""]",50,3
8166,7387,"2026-08-18 17:12:08.077",true,"[]",0,3
8167,4050,"2026-08-18 17:12:08.077",true,"[]",0,3
8168,6662,"2026-08-18 17:12:08.077",false,"[""RESTRICTED_HS_CODE""]",30,3
8169,853,"2026-08-18 17:12:08.077",true,"[]",0,3
8170,9020,"2026-08-18 17:12:08.077",true,"[]",0,3
8171,4770,"2026-08-18 17:12:08.077",true,"[]",0,3
8172,8319,"2026-08-18 17:12:08.077",true,"[]",0,3
8173,8644,"2026-08-18 17:12:08.077",true,"[]",0,3
8174,3219,"2026-08-18 17:12:08.077",true,"[]",0,3
8175,9837,"2026-08-18 17:12:08.077",true,"[]",0,3
8176,1489,"2026-08-18 17:12:08.077",false,"[""RESTRICTED_HS_CODE""]",30,3
8177,1198,"2026-08-18 17:12:08.077",false,"[""RESTRICTED_HS_CODE""]",30,3
8178,8665,"2026-08-18 17:12:08.077",true,"[]",0,3
8179,9385,"2026-08-18 17:12:08.077",true,"[]",0,3
8180,3823,"2026-08-18 17:12:08.077",true,"[]",0,3
8181,4655,"2026-08-18 17:12:08.077",true,"[]",0,3
8182,5034,"2026-08-18 17:12:08.077",true,"[]",0,3
8183,2931,"2026-08-18 17:12:08.077",true,"[]",0,3
8184,2797,"2026-08-18 17:12:08.077",true,"[]",0,3
8185,5702,"2026-08-18 17:12:08.077",true,"[]",0,3
8186,6998,"2026-08-18 17:12:08.077",true,"[]",0,3
8187,3299,"2026-08-18 17:12:08.077",true,"[""DANGEROUS_GOODS""]",20,3
8188,9631,"2026-08-18 17:12:08.077",false,"[""RESTRICTED_HS_CODE""]",30,3
8189,297,"2026-08-18 17:12:08.077",false,"[""RESTRICTED_HS_CODE""]",30,3
8190,4198,"2026-08-18 17:12:08.077",true,"[]",0,3
8191,9014,"2026-08-18 17:12:08.077",false,"[""RESTRICTED_HS_CODE""]",30,3
8192,7677,"2026-08-18 17:12:08.077",true,"[]",0,3
8193,1956,"2026-08-18 17:12:08.077",true,"[]",0,3
8194,846,"2026-08-18 17:12:08.077",true,"[]",0,3
8195,6387,"2026-08-18 17:12:08.077",true,"[]",0,3
8196,3779,"2026-08-18 17:12:08.077",true,"[]",0,3
8197,7406,"2026-08-18 17:12:08.077",true,"[]",0,3
8198,1103,"2026-08-18 17:12:08.077",true,"[]",0,3
8199,6773,"2026-08-18 17:12:08.077",true,"[]",0,3
8200,4150,"2026-08-18 17:12:08.077",true,"[]",0,3
8201,4154,"2026-08-18 17:12:08.077",true,"[]",0,3
8202,2195,"2026-08-18 17:12:08.077",true,"[]",0,3
8203,9091,"2026-08-18 17:12:08.077",true,"[]",0,3
8204,2280,"2026-08-18 17:12:08.077",false,"[""RESTRICTED_HS_CODE""]",30,3
8205,2883,"2026-08-18 17:12:08.077",false,"[""RESTRICTED_HS_CODE""]",30,3
8206,873,"2026-08-18 17:12:08.077",true,"[]",0,3
8207,1876,"2026-08-18 17:12:08.077",true,"[]",0,3
8208,2215,"2026-08-18 17:12:08.077",true,"[]",0,3
8209,1823,"2026-08-18 17:12:08.077",true,"[]",0,3
8210,4991,"2026-08-18 17:12:08.077",true,"[]",0,3
8211,2792,"2026-08-18 17:12:08.077",true,"[]",0,3
8212,9637,"2026-08-18 17:12:08.077",false,"[""RESTRICTED_HS_CODE"",""DANGEROUS_GOODS""]",50,3
8213,6612,"2026-08-18 17:12:08.077",true,"[]",0,3
8214,8955,"2026-08-18 17:12:08.077",true,"[]",0,3
8215,3409,"2026-08-18 17:12:08.077",true,"[]",0,3
8216,1593,"2026-08-18 17:12:08.077",true,"[]",0,3
8217,6081,"2026-08-18 17:12:08.077",true,"[]",0,3
8218,4832,"2026-08-18 17:12:08.077",true,"[]",0,3
8219,8068,"2026-08-18 17:12:08.077",true,"[]",0,3
8220,3893,"2026-08-18 17:12:08.077",false,"[""RESTRICTED_HS_CODE"",""DANGEROUS_GOODS""]",50,3
8221,4332,"2026-08-18 17:12:08.077",true,"[]",0,3
8222,8221,"2026-08-18 17:12:08.077",true,"[]",0,3
8223,2412,"2026-08-18 17:12:08.077",true,"[]",0,3
8224,7475,"2026-08-18 17:12:08.077",true,"[]",0,3
8225,9833,"2026-08-18 17:12:08.077",true,"[]",0,3
8226,8655,"2026-08-18 17:12:08.077",true,"[]",0,3
8227,7495,"2026-08-18 17:12:08.077",true,"[]",0,3
8228,4155,"2026-08-18 17:12:08.077",false,"[""RESTRICTED_HS_CODE""]",30,3
8229,1004,"2026-08-18 17:12:08.077",true,"[]",0,3
8230,8511,"2026-08-18 17:12:08.077",true,"[]",0,3
8231,3431,"2026-08-18 17:12:08.077",true,"[]",0,3
8232,7042,"2026-08-18 17:12:08.077",false,"[""RESTRICTED_HS_CODE""]",30,3
8233,9850,"2026-08-18 17:12:08.077",true,"[]",0,3
8234,1172,"2026-08-18 17:12:08.077",true,"[]",0,3
8235,1111,"2026-08-18 17:12:08.077",false,"[""RESTRICTED_HS_CODE""]",30,3
8236,1373,"2026-08-18 17:12:08.077",true,"[]",0,3
8237,617,"2026-08-18 17:12:08.077",false,"[""RESTRICTED_HS_CODE""]",30,3
8238,4644,"2026-08-18 17:12:08.077",true,"[""DANGEROUS_GOODS""]",20,3
8239,9929,"2026-08-18 17:12:08.077",true,"[]",0,3
8240,4879,"2026-08-18 17:12:08.077",true,"[]",0,3
8241,3724,"2026-08-18 17:12:08.077",true,"[]",0,3
8242,6257,"2026-08-18 17:12:08.077",true,"[]",0,3
8243,6391,"2026-08-18 17:12:08.077",true,"[]",0,3
8244,6313,"2026-08-18 17:12:08.077",true,"[]",0,3
8245,9282,"2026-08-18 17:12:08.077",true,"[]",0,3
8246,7657,"2026-08-18 17:12:08.077",true,"[]",0,3
8247,8218,"2026-08-18 17:12:08.077",true,"[]",0,3
8248,9752,"2026-08-18 17:12:08.077",true,"[]",0,3
8249,9514,"2026-08-18 17:12:08.077",true,"[]",0,3
8250,448,"2026-08-18 17:12:08.077",true,"[]",0,3
8251,9467,"2026-08-18 17:12:08.077",true,"[]",0,3
8252,7500,"2026-08-18 17:12:08.077",true,"[]",0,3
8253,7302,"2026-08-18 17:12:08.077",true,"[]",0,3
8254,5246,"2026-08-18 17:12:08.077",true,"[]",0,3
8255,7231,"2026-08-18 17:12:08.077",true,"[]",0,3
8256,4017,"2026-08-18 17:12:08.077",true,"[]",0,3
8257,9046,"2026-08-18 17:12:08.077",true,"[]",0,3
8258,8365,"2026-08-18 17:12:08.077",true,"[]",0,3
8259,7557,"2026-08-18 17:12:08.077",true,"[]",0,3
8260,642,"2026-08-18 17:12:08.077",true,"[]",0,3
8261,5628,"2026-08-18 17:12:08.077",true,"[]",0,3
8262,2969,"2026-08-18 17:12:08.077",true,"[]",0,3
8263,3205,"2026-08-18 17:12:08.077",true,"[]",0,3
8264,7764,"2026-08-18 17:12:08.077",true,"[""DANGEROUS_GOODS""]",20,3
8265,2409,"2026-08-18 17:12:08.077",true,"[]",0,3
8266,4380,"2026-08-18 17:12:08.077",true,"[]",0,3
8267,2896,"2026-08-18 17:12:08.077",true,"[]",0,3
8268,112,"2026-08-18 17:12:08.077",true,"[]",0,3
8269,5287,"2026-08-18 17:12:08.077",true,"[]",0,3
8270,3601,"2026-08-18 17:12:08.077",true,"[]",0,3
8271,4139,"2026-08-18 17:12:08.077",true,"[]",0,3
8272,8996,"2026-08-18 17:12:08.077",true,"[]",0,3
8273,8152,"2026-08-18 17:12:08.077",true,"[]",0,3
8274,9049,"2026-08-18 17:12:08.077",true,"[]",0,3
8275,4202,"2026-08-18 17:12:08.077",true,"[]",0,3
8276,563,"2026-08-18 17:12:08.077",true,"[]",0,3
8277,5096,"2026-08-18 17:12:08.077",true,"[]",0,3
8278,370,"2026-08-18 17:12:08.077",true,"[]",0,3
8279,722,"2026-08-18 17:12:08.077",false,"[""RESTRICTED_HS_CODE""]",30,3
8280,7321,"2026-08-18 17:12:08.077",true,"[""DANGEROUS_GOODS""]",20,3
8281,3983,"2026-08-18 17:12:08.077",true,"[]",0,3
8282,815,"2026-08-18 17:12:08.077",true,"[]",0,3
8283,2149,"2026-08-18 17:12:08.077",true,"[]",0,3
8284,4472,"2026-08-18 17:12:08.077",true,"[]",0,3
8285,3332,"2026-08-18 17:12:08.077",false,"[""RESTRICTED_HS_CODE""]",30,3
8286,8113,"2026-08-18 17:12:08.077",true,"[]",0,3
8287,7061,"2026-08-18 17:12:08.077",false,"[""RESTRICTED_HS_CODE""]",30,3
8288,8782,"2026-08-18 17:12:08.077",true,"[]",0,3
8289,1822,"2026-08-18 17:12:08.077",true,"[]",0,3
8290,1960,"2026-08-18 17:12:08.077",true,"[]",0,3
8291,6266,"2026-08-18 17:12:08.077",true,"[]",0,3
8292,5156,"2026-08-18 17:12:08.077",true,"[]",0,3
8293,7080,"2026-08-18 17:12:08.077",true,"[]",0,3
8294,8670,"2026-08-18 17:12:08.077",true,"[]",0,3
8295,5168,"2026-08-18 17:12:08.077",true,"[]",0,3
8296,4542,"2026-08-18 17:12:08.077",true,"[]",0,3
8297,9170,"2026-08-18 17:12:08.077",false,"[""RESTRICTED_HS_CODE""]",30,3
8298,8000,"2026-08-18 17:12:08.077",false,"[""RESTRICTED_HS_CODE""]",30,3
8299,3311,"2026-08-18 17:12:08.077",true,"[]",0,3
8300,9264,"2026-08-18 17:12:08.077",true,"[]",0,3
8301,8157,"2026-08-18 17:12:08.077",true,"[]",0,3
8302,4205,"2026-08-18 17:12:08.077",true,"[]",0,3
8303,8946,"2026-08-18 17:12:08.077",true,"[]",0,3
8304,1933,"2026-08-18 17:12:08.077",true,"[]",0,3
8305,2836,"2026-08-18 17:12:08.077",false,"[""RESTRICTED_HS_CODE""]",30,3
8306,6770,"2026-08-18 17:12:08.077",true,"[]",0,3
8307,4658,"2026-08-18 17:12:08.077",true,"[]",0,3
8308,895,"2026-08-18 17:12:08.077",true,"[]",0,3
8309,5736,"2026-08-18 17:12:08.077",true,"[]",0,3
8310,8,"2026-08-18 17:12:08.077",true,"[]",0,3
8311,1226,"2026-08-18 17:12:08.077",true,"[]",0,3
8312,5043,"2026-08-18 17:12:08.077",true,"[]",0,3
8313,8364,"2026-08-18 17:12:08.077",true,"[]",0,3
8314,5221,"2026-08-18 17:12:08.077",false,"[""RESTRICTED_HS_CODE""]",30,3
8315,322,"2026-08-18 17:12:08.077",true,"[]",0,3
8316,9160,"2026-08-18 17:12:08.077",true,"[]",0,3
8317,3497,"2026-08-18 17:12:08.077",false,"[""RESTRICTED_HS_CODE""]",30,3
8318,3925,"2026-08-18 17:12:08.077",true,"[]",0,3
8319,4967,"2026-08-18 17:12:08.077",true,"[]",0,3
8320,5933,"2026-08-18 17:12:08.077",false,"[""RESTRICTED_HS_CODE""]",30,3
8321,4039,"2026-08-18 17:12:08.077",true,"[]",0,3
8322,5917,"2026-08-18 17:12:08.077",true,"[]",0,3
8323,4651,"2026-08-18 17:12:08.077",true,"[]",0,3
8324,7457,"2026-08-18 17:12:08.077",true,"[]",0,3
8325,956,"2026-08-18 17:12:08.077",true,"[]",0,3
8326,2133,"2026-08-18 17:12:08.077",true,"[]",0,3
8327,3197,"2026-08-18 17:12:08.077",false,"[""RESTRICTED_HS_CODE""]",30,3
8328,2825,"2026-08-18 17:12:08.077",true,"[]",0,3
8329,8854,"2026-08-18 17:12:08.077",true,"[]",0,3
8330,2632,"2026-08-18 17:12:08.077",true,"[]",0,3
8331,759,"2026-08-18 17:12:08.077",true,"[""DANGEROUS_GOODS""]",20,3
8332,7440,"2026-08-18 17:12:08.077",true,"[]",0,3
8333,1230,"2026-08-18 17:12:08.077",true,"[]",0,3
8334,6932,"2026-08-18 17:12:08.077",true,"[]",0,3
8335,3123,"2026-08-18 17:12:08.077",true,"[]",0,3
8336,2136,"2026-08-18 17:12:08.077",true,"[]",0,3
8337,6540,"2026-08-18 17:12:08.077",true,"[""DANGEROUS_GOODS""]",20,3
8338,7969,"2026-08-18 17:12:08.077",true,"[]",0,3
8339,4334,"2026-08-18 17:12:08.077",true,"[]",0,3
8340,7102,"2026-08-18 17:12:08.077",false,"[""RESTRICTED_HS_CODE""]",30,3
8341,5305,"2026-08-18 17:12:08.077",true,"[]",0,3
8342,4707,"2026-08-18 17:12:08.077",true,"[]",0,3
8343,6959,"2026-08-18 17:12:08.077",true,"[]",0,3
8344,3155,"2026-08-18 17:12:08.077",true,"[]",0,3
8345,3109,"2026-08-18 17:12:08.077",true,"[]",0,3
8346,8961,"2026-08-18 17:12:08.077",false,"[""RESTRICTED_HS_CODE""]",30,3
8347,5630,"2026-08-18 17:12:08.077",false,"[""RESTRICTED_HS_CODE"",""DANGEROUS_GOODS""]",50,3
8348,6173,"2026-08-18 17:12:08.077",true,"[]",0,3
8349,3993,"2026-08-18 17:12:08.077",true,"[]",0,3
8350,7171,"2026-08-18 17:12:08.077",true,"[]",0,3
8351,2861,"2026-08-18 17:12:08.077",true,"[""DANGEROUS_GOODS""]",20,3
8352,2507,"2026-08-18 17:12:08.077",true,"[]",0,3
8353,13207,"2026-08-18 17:12:08.077",true,"[]",0,3
8354,4385,"2026-08-18 17:12:08.077",true,"[""DANGEROUS_GOODS""]",20,3
8355,4806,"2026-08-18 17:12:08.077",true,"[]",0,3
8356,7633,"2026-08-18 17:12:08.077",true,"[]",0,3
8357,5707,"2026-08-18 17:12:08.077",true,"[]",0,3
8358,3587,"2026-08-18 17:12:08.077",true,"[]",0,3
8359,9509,"2026-08-18 17:12:08.077",true,"[]",0,3
8360,5941,"2026-08-18 17:12:08.077",true,"[]",0,3
8361,508,"2026-08-18 17:12:08.077",true,"[]",0,3
8362,5961,"2026-08-18 17:12:08.077",true,"[]",0,3
8363,8388,"2026-08-18 17:12:08.077",true,"[""DANGEROUS_GOODS""]",20,3
8364,4376,"2026-08-18 17:12:08.077",true,"[]",0,3
8365,6691,"2026-08-18 17:12:08.077",true,"[]",0,3
8366,8202,"2026-08-18 17:12:08.077",false,"[""RESTRICTED_HS_CODE""]",30,3
8367,6622,"2026-08-18 17:12:08.077",true,"[]",0,3
8368,1899,"2026-08-18 17:12:08.077",true,"[]",0,3
8369,3954,"2026-08-18 17:12:08.077",true,"[]",0,3
8370,4633,"2026-08-18 17:12:08.077",true,"[]",0,3
8371,3590,"2026-08-18 17:12:08.077",false,"[""RESTRICTED_HS_CODE""]",30,3
8372,3450,"2026-08-18 17:12:08.077",true,"[]",0,3
8373,3719,"2026-08-18 17:12:08.077",true,"[]",0,3
8374,4281,"2026-08-18 17:12:08.077",true,"[]",0,3
8375,7074,"2026-08-18 17:12:08.077",false,"[""RESTRICTED_HS_CODE""]",30,3
8376,6378,"2026-08-18 17:12:08.077",true,"[]",0,3
8377,9566,"2026-08-18 17:12:08.077",true,"[]",0,3
8378,6695,"2026-08-18 17:12:08.077",true,"[]",0,3
8379,8361,"2026-08-18 17:12:08.077",true,"[]",0,3
8380,733,"2026-08-18 17:12:08.077",true,"[]",0,3
8381,3882,"2026-08-18 17:12:08.077",true,"[]",0,3
8382,7007,"2026-08-18 17:12:08.077",true,"[]",0,3
8383,6390,"2026-08-18 17:12:08.077",true,"[]",0,3
8384,8180,"2026-08-18 17:12:08.077",true,"[]",0,3
8385,6709,"2026-08-18 17:12:08.077",true,"[]",0,3
8386,3492,"2026-08-18 17:12:08.077",true,"[]",0,3
8387,1905,"2026-08-18 17:12:08.077",true,"[]",0,3
8388,8924,"2026-08-18 17:12:08.077",true,"[]",0,3
8389,2640,"2026-08-18 17:12:08.077",true,"[]",0,3
8390,5551,"2026-08-18 17:12:08.077",true,"[]",0,3
8391,6669,"2026-08-18 17:12:08.077",true,"[]",0,3
8392,969,"2026-08-18 17:12:08.077",false,"[""RESTRICTED_HS_CODE""]",30,3
8393,6247,"2026-08-18 17:12:08.077",true,"[]",0,3
8394,359,"2026-08-18 17:12:08.077",true,"[]",0,3
8395,7460,"2026-08-18 17:12:08.077",true,"[]",0,3
8396,676,"2026-08-18 17:12:08.077",true,"[]",0,3
8397,9154,"2026-08-18 17:12:08.077",true,"[]",0,3
8398,2216,"2026-08-18 17:12:08.077",true,"[]",0,3
8399,8067,"2026-08-18 17:12:08.077",true,"[]",0,3
8400,4263,"2026-08-18 17:12:08.077",true,"[""DANGEROUS_GOODS""]",20,3
8401,7430,"2026-08-18 17:12:08.077",true,"[]",0,3
8402,4659,"2026-08-18 17:12:08.077",true,"[]",0,3
8403,4356,"2026-08-18 17:12:08.077",true,"[]",0,3
8404,1515,"2026-08-18 17:12:08.077",true,"[]",0,3
8405,9890,"2026-08-18 17:12:08.077",true,"[]",0,3
8406,2329,"2026-08-18 17:12:08.077",true,"[]",0,3
8407,7802,"2026-08-18 17:12:08.077",true,"[]",0,3
8408,5709,"2026-08-18 17:12:08.077",true,"[""DANGEROUS_GOODS""]",20,3
8409,273,"2026-08-18 17:12:08.077",true,"[]",0,3
8410,1079,"2026-08-18 17:12:08.077",true,"[]",0,3
8411,5705,"2026-08-18 17:12:08.077",true,"[]",0,3
8412,484,"2026-08-18 17:12:08.077",true,"[]",0,3
8413,8171,"2026-08-18 17:12:08.077",true,"[]",0,3
8414,3281,"2026-08-18 17:12:08.077",true,"[]",0,3
8415,4625,"2026-08-18 17:12:08.077",true,"[]",0,3
8416,8937,"2026-08-18 17:12:08.077",true,"[]",0,3
8417,8529,"2026-08-18 17:12:08.077",true,"[""DANGEROUS_GOODS""]",20,3
8418,9904,"2026-08-18 17:12:08.077",true,"[]",0,3
8419,7252,"2026-08-18 17:12:08.077",false,"[""RESTRICTED_HS_CODE""]",30,3
8420,604,"2026-08-18 17:12:08.077",true,"[]",0,3
8421,9312,"2026-08-18 17:12:08.077",true,"[]",0,3
8422,6440,"2026-08-18 17:12:08.077",true,"[]",0,3
8423,1310,"2026-08-18 17:12:08.077",true,"[]",0,3
8424,2712,"2026-08-18 17:12:08.077",false,"[""RESTRICTED_HS_CODE""]",30,3
8425,4759,"2026-08-18 17:12:08.077",true,"[]",0,3
8426,2447,"2026-08-18 17:12:08.077",true,"[]",0,3
8427,3628,"2026-08-18 17:12:08.077",true,"[]",0,3
8428,7959,"2026-08-18 17:12:08.077",true,"[""DANGEROUS_GOODS""]",20,3
8429,3663,"2026-08-18 17:12:08.077",true,"[]",0,3
8430,3720,"2026-08-18 17:12:08.077",true,"[]",0,3
8431,951,"2026-08-18 17:12:08.077",true,"[]",0,3
8432,3231,"2026-08-18 17:12:08.077",true,"[]",0,3
8433,870,"2026-08-18 17:12:08.077",true,"[]",0,3
8434,7325,"2026-08-18 17:12:08.077",true,"[]",0,3
8435,2444,"2026-08-18 17:12:08.077",true,"[]",0,3
8436,227,"2026-08-18 17:12:08.077",true,"[]",0,3
8437,6949,"2026-08-18 17:12:08.077",false,"[""RESTRICTED_HS_CODE""]",30,3
8438,695,"2026-08-18 17:12:08.077",true,"[]",0,3
8439,8117,"2026-08-18 17:12:08.077",true,"[]",0,3
8440,647,"2026-08-18 17:12:08.077",true,"[]",0,3
8441,5269,"2026-08-18 17:12:08.077",true,"[]",0,3
8442,3714,"2026-08-18 17:12:08.077",true,"[]",0,3
8443,3434,"2026-08-18 17:12:08.077",false,"[""RESTRICTED_HS_CODE""]",30,3
8444,8347,"2026-08-18 17:12:08.077",true,"[]",0,3
8445,6646,"2026-08-18 17:12:08.077",false,"[""RESTRICTED_HS_CODE""]",30,3
8446,2291,"2026-08-18 17:12:08.077",false,"[""RESTRICTED_HS_CODE""]",30,3
8447,8185,"2026-08-18 17:12:08.077",true,"[]",0,3
8448,9753,"2026-08-18 17:12:08.077",true,"[]",0,3
8449,2334,"2026-08-18 17:12:08.077",true,"[]",0,3
8450,6220,"2026-08-18 17:12:08.077",true,"[]",0,3
8451,3817,"2026-08-18 17:12:08.077",true,"[]",0,3
8452,637,"2026-08-18 17:12:08.077",false,"[""RESTRICTED_HS_CODE"",""DANGEROUS_GOODS""]",50,3
8453,4059,"2026-08-18 17:12:08.077",true,"[]",0,3
8454,4346,"2026-08-18 17:12:08.077",true,"[]",0,3
8455,7342,"2026-08-18 17:12:08.077",true,"[]",0,3
8456,3928,"2026-08-18 17:12:08.077",true,"[]",0,3
8457,400,"2026-08-18 17:12:08.077",true,"[]",0,3
8458,3369,"2026-08-18 17:12:08.077",true,"[]",0,3
8459,793,"2026-08-18 17:12:08.077",true,"[]",0,3
8460,5761,"2026-08-18 17:12:08.077",true,"[]",0,3
8461,7427,"2026-08-18 17:12:08.077",true,"[]",0,3
8462,2958,"2026-08-18 17:12:08.077",true,"[]",0,3
8463,5175,"2026-08-18 17:12:08.077",true,"[]",0,3
8464,830,"2026-08-18 17:12:08.077",true,"[]",0,3
8465,5768,"2026-08-18 17:12:08.077",true,"[]",0,3
8466,6048,"2026-08-18 17:12:08.077",true,"[]",0,3
8467,2733,"2026-08-18 17:12:08.077",true,"[]",0,3
8468,3135,"2026-08-18 17:12:08.077",false,"[""RESTRICTED_HS_CODE""]",30,3
8469,8174,"2026-08-18 17:12:08.077",true,"[]",0,3
8470,8378,"2026-08-18 17:12:08.077",true,"[]",0,3
8471,7921,"2026-08-18 17:12:08.077",true,"[""DANGEROUS_GOODS""]",20,3
8472,5105,"2026-08-18 17:12:08.077",false,"[""RESTRICTED_HS_CODE""]",30,3
8473,3652,"2026-08-18 17:12:08.077",false,"[""RESTRICTED_HS_CODE""]",30,3
8474,6648,"2026-08-18 17:12:08.077",true,"[]",0,3
8475,8099,"2026-08-18 17:12:08.077",false,"[""RESTRICTED_HS_CODE""]",30,3
8476,5819,"2026-08-18 17:12:08.077",true,"[]",0,3
8477,1971,"2026-08-18 17:12:08.077",true,"[]",0,3
8478,2966,"2026-08-18 17:12:08.077",true,"[]",0,3
8479,4543,"2026-08-18 17:12:08.077",true,"[]",0,3
8480,8914,"2026-08-18 17:12:08.077",true,"[]",0,3
8481,3592,"2026-08-18 17:12:08.077",true,"[]",0,3
8482,7267,"2026-08-18 17:12:08.077",true,"[]",0,3
8483,3857,"2026-08-18 17:12:08.077",true,"[]",0,3
8484,9563,"2026-08-18 17:12:08.077",false,"[""RESTRICTED_HS_CODE""]",30,3
8485,8139,"2026-08-18 17:12:08.077",true,"[]",0,3
8486,4056,"2026-08-18 17:12:08.077",true,"[]",0,3
8487,3588,"2026-08-18 17:12:08.077",true,"[]",0,3
8488,9936,"2026-08-18 17:12:08.077",true,"[]",0,3
8489,3449,"2026-08-18 17:12:08.077",true,"[]",0,3
8490,6819,"2026-08-18 17:12:08.077",true,"[]",0,3
8491,5626,"2026-08-18 17:12:08.077",true,"[]",0,3
8492,6536,"2026-08-18 17:12:08.077",false,"[""RESTRICTED_HS_CODE""]",30,3
8493,9276,"2026-08-18 17:12:08.077",true,"[]",0,3
8494,7773,"2026-08-18 17:12:08.077",false,"[""RESTRICTED_HS_CODE"",""DANGEROUS_GOODS""]",50,3
8495,9799,"2026-08-18 17:12:08.077",true,"[]",0,3
8496,1126,"2026-08-18 17:12:08.077",false,"[""RESTRICTED_HS_CODE""]",30,3
8497,2845,"2026-08-18 17:12:08.077",true,"[""DANGEROUS_GOODS""]",20,3
8498,8273,"2026-08-18 17:12:08.077",true,"[]",0,3
8499,8982,"2026-08-18 17:12:08.077",false,"[""RESTRICTED_HS_CODE""]",30,3
8500,1523,"2026-08-18 17:12:08.077",true,"[]",0,3
8501,1676,"2026-08-18 17:12:08.077",true,"[]",0,3
8502,5420,"2026-08-18 17:12:08.077",true,"[]",0,3
8503,9271,"2026-08-18 17:12:08.077",true,"[]",0,3
8504,6963,"2026-08-18 17:12:08.077",true,"[]",0,3
8505,9612,"2026-08-18 17:12:08.077",true,"[]",0,3
8506,3343,"2026-08-18 17:12:08.077",true,"[]",0,3
8507,9785,"2026-08-18 17:12:08.077",true,"[]",0,3
8508,7509,"2026-08-18 17:12:08.077",true,"[]",0,3
8509,707,"2026-08-18 17:12:08.077",true,"[]",0,3
8510,8847,"2026-08-18 17:12:08.077",true,"[]",0,3
8511,442,"2026-08-18 17:12:08.077",true,"[]",0,3
8512,1448,"2026-08-18 17:12:08.077",true,"[]",0,3
8513,6045,"2026-08-18 17:12:08.077",true,"[]",0,3
8514,554,"2026-08-18 17:12:08.077",true,"[]",0,3
8515,4080,"2026-08-18 17:12:08.077",true,"[]",0,3
8516,5321,"2026-08-18 17:12:08.077",false,"[""RESTRICTED_HS_CODE""]",30,3
8517,2236,"2026-08-18 17:12:08.077",true,"[]",0,3
8518,658,"2026-08-18 17:12:08.077",true,"[]",0,3
8519,66,"2026-08-18 17:12:08.077",true,"[]",0,3
8520,4837,"2026-08-18 17:12:08.077",true,"[]",0,3
8521,8968,"2026-08-18 17:12:08.077",true,"[]",0,3
8522,829,"2026-08-18 17:12:08.077",true,"[]",0,3
8523,7236,"2026-08-18 17:12:08.077",true,"[]",0,3
8524,3428,"2026-08-18 17:12:08.077",true,"[]",0,3
8525,1389,"2026-08-18 17:12:08.077",true,"[]",0,3
8526,623,"2026-08-18 17:12:08.077",false,"[""RESTRICTED_HS_CODE""]",30,3
8527,8679,"2026-08-18 17:12:08.077",false,"[""RESTRICTED_HS_CODE""]",30,3
8528,2292,"2026-08-18 17:12:08.077",true,"[]",0,3
8529,3282,"2026-08-18 17:12:08.077",true,"[]",0,3
8530,5253,"2026-08-18 17:12:08.077",true,"[]",0,3
8531,5426,"2026-08-18 17:12:08.077",true,"[]",0,3
8532,6329,"2026-08-18 17:12:08.077",true,"[]",0,3
8533,7234,"2026-08-18 17:12:08.077",true,"[""DANGEROUS_GOODS""]",20,3
8534,980,"2026-08-18 17:12:08.077",true,"[]",0,3
8535,5799,"2026-08-18 17:12:08.077",true,"[]",0,3
8536,8809,"2026-08-18 17:12:08.077",true,"[]",0,3
8537,4431,"2026-08-18 17:12:08.077",true,"[]",0,3
8538,4794,"2026-08-18 17:12:08.077",true,"[]",0,3
8539,3166,"2026-08-18 17:12:08.077",true,"[]",0,3
8540,8542,"2026-08-18 17:12:08.077",true,"[]",0,3
8541,9296,"2026-08-18 17:12:08.077",true,"[]",0,3
8542,4046,"2026-08-18 17:12:08.077",true,"[]",0,3
8543,1963,"2026-08-18 17:12:08.077",true,"[]",0,3
8544,321,"2026-08-18 17:12:08.077",true,"[]",0,3
8545,4680,"2026-08-18 17:12:08.077",true,"[]",0,3
8546,6499,"2026-08-18 17:12:08.077",true,"[]",0,3
8547,8035,"2026-08-18 17:12:08.077",true,"[]",0,3
8548,2415,"2026-08-18 17:12:08.077",true,"[]",0,3
8549,2724,"2026-08-18 17:12:08.077",false,"[""RESTRICTED_HS_CODE""]",30,3
8550,1122,"2026-08-18 17:12:08.077",false,"[""RESTRICTED_HS_CODE""]",30,3
8551,2494,"2026-08-18 17:12:08.077",true,"[]",0,3
8552,2889,"2026-08-18 17:12:08.077",true,"[]",0,3
8553,5341,"2026-08-18 17:12:08.077",true,"[]",0,3
8554,2796,"2026-08-18 17:12:08.077",false,"[""RESTRICTED_HS_CODE""]",30,3
8555,5953,"2026-08-18 17:12:08.077",true,"[]",0,3
8556,5409,"2026-08-18 17:12:08.077",true,"[]",0,3
8557,1939,"2026-08-18 17:12:08.077",true,"[]",0,3
8558,5692,"2026-08-18 17:12:08.077",true,"[]",0,3
8559,6320,"2026-08-18 17:12:08.077",false,"[""RESTRICTED_HS_CODE""]",30,3
8560,3669,"2026-08-18 17:12:08.077",true,"[]",0,3
8561,451,"2026-08-18 17:12:08.077",true,"[]",0,3
8562,5093,"2026-08-18 17:12:08.077",true,"[]",0,3
8563,6592,"2026-08-18 17:12:08.077",true,"[]",0,3
8564,1768,"2026-08-18 17:12:08.077",false,"[""RESTRICTED_HS_CODE""]",30,3
8565,5840,"2026-08-18 17:12:08.077",true,"[]",0,3
8566,1140,"2026-08-18 17:12:08.077",true,"[]",0,3
8567,4151,"2026-08-18 17:12:08.077",true,"[]",0,3
8568,8720,"2026-08-18 17:12:08.077",true,"[]",0,3
8569,2113,"2026-08-18 17:12:08.077",true,"[]",0,3
8570,8369,"2026-08-18 17:12:08.077",true,"[]",0,3
8571,8593,"2026-08-18 17:12:08.077",true,"[]",0,3
8572,4696,"2026-08-18 17:12:08.077",true,"[]",0,3
8573,3432,"2026-08-18 17:12:08.077",true,"[]",0,3
8574,3755,"2026-08-18 17:12:08.077",true,"[]",0,3
8575,9553,"2026-08-18 17:12:08.077",true,"[]",0,3
8576,3808,"2026-08-18 17:12:08.077",false,"[""RESTRICTED_HS_CODE""]",30,3
8577,8043,"2026-08-18 17:12:08.077",true,"[]",0,3
8578,3891,"2026-08-18 17:12:08.077",true,"[]",0,3
8579,7723,"2026-08-18 17:12:08.077",true,"[]",0,3
8580,8126,"2026-08-18 17:12:08.077",true,"[]",0,3
8581,5132,"2026-08-18 17:12:08.077",true,"[]",0,3
8582,5229,"2026-08-18 17:12:08.077",true,"[]",0,3
8583,8023,"2026-08-18 17:12:08.077",true,"[]",0,3
8584,3694,"2026-08-18 17:12:08.077",true,"[]",0,3
8585,8874,"2026-08-18 17:12:08.077",false,"[""RESTRICTED_HS_CODE""]",30,3
8586,6346,"2026-08-18 17:12:08.077",true,"[]",0,3
8587,9389,"2026-08-18 17:12:08.077",true,"[]",0,3
8588,9188,"2026-08-18 17:12:08.077",true,"[]",0,3
8589,1571,"2026-08-18 17:12:08.077",true,"[]",0,3
8590,9157,"2026-08-18 17:12:08.077",true,"[]",0,3
8591,3040,"2026-08-18 17:12:08.077",true,"[""DANGEROUS_GOODS""]",20,3
8592,1974,"2026-08-18 17:12:08.077",true,"[]",0,3
8593,2705,"2026-08-18 17:12:08.077",true,"[]",0,3
8594,3643,"2026-08-18 17:12:08.077",true,"[]",0,3
8595,13211,"2026-08-18 17:12:08.077",false,"[""RESTRICTED_HS_CODE""]",30,3
8596,3273,"2026-08-18 17:12:08.077",true,"[]",0,3
8597,2894,"2026-08-18 17:12:08.077",false,"[""RESTRICTED_HS_CODE""]",30,3
8598,1528,"2026-08-18 17:12:08.077",true,"[]",0,3
8599,2700,"2026-08-18 17:12:08.077",true,"[]",0,3
8600,9951,"2026-08-18 17:12:08.077",true,"[]",0,3
8601,9366,"2026-08-18 17:12:08.077",false,"[""RESTRICTED_HS_CODE""]",30,3
8602,9289,"2026-08-18 17:12:08.077",true,"[]",0,3
8603,1713,"2026-08-18 17:12:08.077",true,"[]",0,3
8604,6506,"2026-08-18 17:12:08.077",true,"[]",0,3
8605,6417,"2026-08-18 17:12:08.077",true,"[]",0,3
8606,3956,"2026-08-18 17:12:08.077",true,"[]",0,3
8607,234,"2026-08-18 17:12:08.077",true,"[]",0,3
8608,513,"2026-08-18 17:12:08.077",true,"[]",0,3
8609,7276,"2026-08-18 17:12:08.077",true,"[]",0,3
8610,1564,"2026-08-18 17:12:08.077",true,"[]",0,3
8611,5623,"2026-08-18 17:12:08.077",true,"[]",0,3
8612,7965,"2026-08-18 17:12:08.077",true,"[]",0,3
8613,4397,"2026-08-18 17:12:08.077",true,"[]",0,3
8614,6474,"2026-08-18 17:12:08.077",true,"[]",0,3
8615,9498,"2026-08-18 17:12:08.077",true,"[]",0,3
8616,2595,"2026-08-18 17:12:08.077",true,"[]",0,3
8617,6642,"2026-08-18 17:12:08.077",true,"[]",0,3
8618,1883,"2026-08-18 17:12:08.077",true,"[]",0,3
8619,7070,"2026-08-18 17:12:08.077",true,"[]",0,3
8620,850,"2026-08-18 17:12:08.077",true,"[]",0,3
8621,5716,"2026-08-18 17:12:08.077",true,"[]",0,3
8622,1376,"2026-08-18 17:12:08.077",false,"[""RESTRICTED_HS_CODE""]",30,3
8623,2250,"2026-08-18 17:12:08.077",true,"[]",0,3
8624,7003,"2026-08-18 17:12:08.077",true,"[]",0,3
8625,6240,"2026-08-18 17:12:08.077",true,"[]",0,3
8626,2385,"2026-08-18 17:12:08.077",true,"[]",0,3
8627,4521,"2026-08-18 17:12:08.077",true,"[]",0,3
8628,8055,"2026-08-18 17:12:08.077",true,"[]",0,3
8629,3194,"2026-08-18 17:12:08.077",true,"[]",0,3
8630,8244,"2026-08-18 17:12:08.077",true,"[]",0,3
8631,715,"2026-08-18 17:12:08.077",true,"[]",0,3
8632,5735,"2026-08-18 17:12:08.077",true,"[]",0,3
8633,8807,"2026-08-18 17:12:08.077",true,"[]",0,3
8634,6455,"2026-08-18 17:12:08.077",true,"[]",0,3
8635,6886,"2026-08-18 17:12:08.077",true,"[]",0,3
8636,1734,"2026-08-18 17:12:08.077",true,"[]",0,3
8637,2449,"2026-08-18 17:12:08.077",true,"[]",0,3
8638,657,"2026-08-18 17:12:08.077",true,"[]",0,3
8639,5513,"2026-08-18 17:12:08.077",true,"[]",0,3
8640,7140,"2026-08-18 17:12:08.077",false,"[""RESTRICTED_HS_CODE"",""DANGEROUS_GOODS""]",50,3
8641,2695,"2026-08-18 17:12:08.077",true,"[]",0,3
8642,1410,"2026-08-18 17:12:08.077",false,"[""RESTRICTED_HS_CODE""]",30,3
8643,8904,"2026-08-18 17:12:08.077",true,"[]",0,3
8644,1349,"2026-08-18 17:12:08.077",true,"[]",0,3
8645,2464,"2026-08-18 17:12:08.077",true,"[]",0,3
8646,7956,"2026-08-18 17:12:08.077",true,"[]",0,3
8647,7800,"2026-08-18 17:12:08.077",false,"[""RESTRICTED_HS_CODE""]",30,3
8648,8798,"2026-08-18 17:12:08.077",true,"[]",0,3
8649,6204,"2026-08-18 17:12:08.077",true,"[]",0,3
8650,382,"2026-08-18 17:12:08.077",true,"[""DANGEROUS_GOODS""]",20,3
8651,6810,"2026-08-18 17:12:08.077",true,"[]",0,3
8652,3228,"2026-08-18 17:12:08.077",true,"[]",0,3
8653,6450,"2026-08-18 17:12:08.077",true,"[]",0,3
8654,6849,"2026-08-18 17:12:08.077",true,"[]",0,3
8655,1342,"2026-08-18 17:12:08.077",true,"[]",0,3
8656,2703,"2026-08-18 17:12:08.077",true,"[]",0,3
8657,2489,"2026-08-18 17:12:08.077",true,"[]",0,3
8658,1877,"2026-08-18 17:12:08.077",true,"[]",0,3
8659,2457,"2026-08-18 17:12:08.077",true,"[]",0,3
8660,1629,"2026-08-18 17:12:08.077",true,"[]",0,3
8661,9201,"2026-08-18 17:12:08.077",true,"[]",0,3
8662,3881,"2026-08-18 17:12:08.077",true,"[]",0,3
8663,7485,"2026-08-18 17:12:08.077",true,"[]",0,3
8664,4028,"2026-08-18 17:12:08.077",true,"[]",0,3
8665,6763,"2026-08-18 17:12:08.077",true,"[]",0,3
8666,230,"2026-08-18 17:12:08.077",true,"[]",0,3
8667,583,"2026-08-18 17:12:08.077",true,"[]",0,3
8668,9324,"2026-08-18 17:12:08.077",true,"[]",0,3
8669,8787,"2026-08-18 17:12:08.077",true,"[]",0,3
8670,5919,"2026-08-18 17:12:08.077",true,"[]",0,3
8671,8392,"2026-08-18 17:12:08.077",true,"[]",0,3
8672,3279,"2026-08-18 17:12:08.077",true,"[]",0,3
8673,5569,"2026-08-18 17:12:08.077",true,"[]",0,3
8674,3854,"2026-08-18 17:12:08.077",true,"[]",0,3
8675,1027,"2026-08-18 17:12:08.077",true,"[]",0,3
8676,6044,"2026-08-18 17:12:08.077",true,"[]",0,3
8677,506,"2026-08-18 17:12:08.077",true,"[]",0,3
8678,7689,"2026-08-18 17:12:08.077",false,"[""RESTRICTED_HS_CODE""]",30,3
8679,6258,"2026-08-18 17:12:08.077",true,"[]",0,3
8680,5733,"2026-08-18 17:12:08.077",true,"[]",0,3
8681,3814,"2026-08-18 17:12:08.077",true,"[]",0,3
8682,6460,"2026-08-18 17:12:08.077",true,"[]",0,3
8683,888,"2026-08-18 17:12:08.077",true,"[]",0,3
8684,6718,"2026-08-18 17:12:08.077",true,"[]",0,3
8685,747,"2026-08-18 17:12:08.077",true,"[]",0,3
8686,7560,"2026-08-18 17:12:08.077",true,"[]",0,3
8687,2589,"2026-08-18 17:12:08.077",true,"[]",0,3
8688,1652,"2026-08-18 17:12:08.077",true,"[]",0,3
8689,3903,"2026-08-18 17:12:08.077",true,"[]",0,3
8690,7892,"2026-08-18 17:12:08.077",false,"[""RESTRICTED_HS_CODE""]",30,3
8691,1278,"2026-08-18 17:12:08.077",true,"[]",0,3
8692,2372,"2026-08-18 17:12:08.077",true,"[]",0,3
8693,5248,"2026-08-18 17:12:08.077",true,"[]",0,3
8694,4626,"2026-08-18 17:12:08.077",false,"[""RESTRICTED_HS_CODE""]",30,3
8695,5295,"2026-08-18 17:12:08.077",true,"[""DANGEROUS_GOODS""]",20,3
8696,8488,"2026-08-18 17:12:08.077",true,"[]",0,3
8697,4669,"2026-08-18 17:12:08.077",true,"[]",0,3
8698,6775,"2026-08-18 17:12:08.077",true,"[]",0,3
8699,4364,"2026-08-18 17:12:08.077",true,"[]",0,3
8700,4302,"2026-08-18 17:12:08.077",true,"[]",0,3
8701,1319,"2026-08-18 17:12:08.077",false,"[""RESTRICTED_HS_CODE""]",30,3
8702,8080,"2026-08-18 17:12:08.077",true,"[]",0,3
8703,7301,"2026-08-18 17:12:08.077",true,"[]",0,3
8704,6150,"2026-08-18 17:12:08.077",true,"[]",0,3
8705,110,"2026-08-18 17:12:08.077",true,"[]",0,3
8706,6874,"2026-08-18 17:12:08.077",false,"[""RESTRICTED_HS_CODE""]",30,3
8707,9768,"2026-08-18 17:12:08.077",true,"[]",0,3
8708,4204,"2026-08-18 17:12:08.077",true,"[]",0,3
8709,4789,"2026-08-18 17:12:08.077",false,"[""RESTRICTED_HS_CODE""]",30,3
8710,8210,"2026-08-18 17:12:08.077",true,"[""DANGEROUS_GOODS""]",20,3
8711,2435,"2026-08-18 17:12:08.077",true,"[]",0,3
8712,2949,"2026-08-18 17:12:08.077",true,"[]",0,3
8713,9197,"2026-08-18 17:12:08.077",true,"[]",0,3
8714,2326,"2026-08-18 17:12:08.077",true,"[]",0,3
8715,4018,"2026-08-18 17:12:08.077",true,"[]",0,3
8716,9063,"2026-08-18 17:12:08.077",true,"[]",0,3
8717,8145,"2026-08-18 17:12:08.077",false,"[""RESTRICTED_HS_CODE""]",30,3
8718,350,"2026-08-18 17:12:08.077",true,"[""DANGEROUS_GOODS""]",20,3
8719,7822,"2026-08-18 17:12:08.077",true,"[]",0,3
8720,6604,"2026-08-18 17:12:08.077",true,"[]",0,3
8721,7376,"2026-08-18 17:12:08.077",true,"[]",0,3
8722,675,"2026-08-18 17:12:08.077",true,"[]",0,3
8723,9064,"2026-08-18 17:12:08.077",true,"[]",0,3
8724,1796,"2026-08-18 17:12:08.077",true,"[]",0,3
8725,9886,"2026-08-18 17:12:08.077",false,"[""RESTRICTED_HS_CODE""]",30,3
8726,5342,"2026-08-18 17:12:08.077",true,"[]",0,3
8727,6808,"2026-08-18 17:12:08.077",true,"[]",0,3
8728,9719,"2026-08-18 17:12:08.077",true,"[]",0,3
8729,8801,"2026-08-18 17:12:08.077",true,"[]",0,3
8730,7141,"2026-08-18 17:12:08.077",true,"[]",0,3
8731,5576,"2026-08-18 17:12:08.077",true,"[]",0,3
8732,130,"2026-08-18 17:12:08.077",true,"[]",0,3
8733,5625,"2026-08-18 17:12:08.077",true,"[]",0,3
8734,4682,"2026-08-18 17:12:08.077",true,"[]",0,3
8735,8738,"2026-08-18 17:12:08.077",true,"[]",0,3
8736,24,"2026-08-18 17:12:08.077",true,"[]",0,3
8737,9900,"2026-08-18 17:12:08.077",true,"[]",0,3
8738,9648,"2026-08-18 17:12:08.077",true,"[]",0,3
8739,6978,"2026-08-18 17:12:08.077",true,"[]",0,3
8740,8096,"2026-08-18 17:12:08.077",true,"[]",0,3
8741,6860,"2026-08-18 17:12:08.077",true,"[]",0,3
8742,6355,"2026-08-18 17:12:08.077",true,"[]",0,3
8743,973,"2026-08-18 17:12:08.077",true,"[]",0,3
8744,2320,"2026-08-18 17:12:08.077",true,"[]",0,3
8745,5503,"2026-08-18 17:12:08.077",true,"[]",0,3
8746,6225,"2026-08-18 17:12:08.077",true,"[]",0,3
8747,9930,"2026-08-18 17:12:08.077",true,"[]",0,3
8748,2619,"2026-08-18 17:12:08.077",true,"[]",0,3
8749,5960,"2026-08-18 17:12:08.077",false,"[""RESTRICTED_HS_CODE""]",30,3
8750,6852,"2026-08-18 17:12:08.077",true,"[]",0,3
8751,2051,"2026-08-18 17:12:08.077",true,"[]",0,3
8752,2107,"2026-08-18 17:12:08.077",true,"[]",0,3
8753,797,"2026-08-18 17:12:08.077",true,"[]",0,3
8754,5985,"2026-08-18 17:12:08.077",true,"[]",0,3
8755,8133,"2026-08-18 17:12:08.077",true,"[""DANGEROUS_GOODS""]",20,3
8756,212,"2026-08-18 17:12:08.077",true,"[]",0,3
8757,5915,"2026-08-18 17:12:08.077",true,"[]",0,3
8758,7600,"2026-08-18 17:12:08.077",true,"[]",0,3
8759,7436,"2026-08-18 17:12:08.077",true,"[]",0,3
8760,2205,"2026-08-18 17:12:08.077",true,"[]",0,3
8761,495,"2026-08-18 17:12:08.077",true,"[]",0,3
8762,2399,"2026-08-18 17:12:08.077",true,"[""DANGEROUS_GOODS""]",20,3
8763,1619,"2026-08-18 17:12:08.077",true,"[]",0,3
8764,7197,"2026-08-18 17:12:08.077",true,"[]",0,3
8765,7481,"2026-08-18 17:12:08.077",true,"[]",0,3
8766,4898,"2026-08-18 17:12:08.077",false,"[""RESTRICTED_HS_CODE""]",30,3
8767,9097,"2026-08-18 17:12:08.077",false,"[""RESTRICTED_HS_CODE""]",30,3
8768,8146,"2026-08-18 17:12:08.077",true,"[]",0,3
8769,8688,"2026-08-18 17:12:08.077",true,"[]",0,3
8770,5417,"2026-08-18 17:12:08.077",true,"[]",0,3
8771,3211,"2026-08-18 17:12:08.077",false,"[""RESTRICTED_HS_CODE""]",30,3
8772,5760,"2026-08-18 17:12:08.077",false,"[""RESTRICTED_HS_CODE""]",30,3
8773,207,"2026-08-18 17:12:08.077",true,"[]",0,3
8774,2470,"2026-08-18 17:12:08.077",true,"[]",0,3
8775,3791,"2026-08-18 17:12:08.077",true,"[]",0,3
8776,8715,"2026-08-18 17:12:08.077",true,"[]",0,3
8777,9361,"2026-08-18 17:12:08.077",true,"[]",0,3
8778,255,"2026-08-18 17:12:08.077",true,"[]",0,3
8779,9664,"2026-08-18 17:12:08.077",true,"[]",0,3
8780,8881,"2026-08-18 17:12:08.077",true,"[]",0,3
8781,4483,"2026-08-18 17:12:08.077",true,"[]",0,3
8782,7348,"2026-08-18 17:12:08.077",true,"[]",0,3
8783,4897,"2026-08-18 17:12:08.077",true,"[]",0,3
8784,7529,"2026-08-18 17:12:08.077",true,"[]",0,3
8785,1386,"2026-08-18 17:12:08.077",true,"[]",0,3
8786,3082,"2026-08-18 17:12:08.077",false,"[""RESTRICTED_HS_CODE""]",30,3
8787,6582,"2026-08-18 17:12:08.077",true,"[]",0,3
8788,3334,"2026-08-18 17:12:08.077",true,"[]",0,3
8789,1257,"2026-08-18 17:12:08.077",true,"[]",0,3
8790,5767,"2026-08-18 17:12:08.077",true,"[]",0,3
8791,214,"2026-08-18 17:12:08.077",true,"[]",0,3
8792,2001,"2026-08-18 17:12:08.077",true,"[]",0,3
8793,8712,"2026-08-18 17:12:08.077",true,"[]",0,3
8794,1408,"2026-08-18 17:12:08.077",true,"[]",0,3
8795,498,"2026-08-18 17:12:08.077",true,"[]",0,3
8796,5694,"2026-08-18 17:12:08.077",true,"[]",0,3
8797,8018,"2026-08-18 17:12:08.077",true,"[]",0,3
8798,3740,"2026-08-18 17:12:08.077",false,"[""RESTRICTED_HS_CODE""]",30,3
8799,5397,"2026-08-18 17:12:08.077",true,"[""DANGEROUS_GOODS""]",20,3
8800,4559,"2026-08-18 17:12:08.077",true,"[]",0,3
8801,6040,"2026-08-18 17:12:08.077",false,"[""RESTRICTED_HS_CODE""]",30,3
8802,4744,"2026-08-18 17:12:08.077",true,"[]",0,3
8803,9657,"2026-08-18 17:12:08.077",false,"[""RESTRICTED_HS_CODE""]",30,3
8804,8505,"2026-08-18 17:12:08.077",true,"[]",0,3
8805,3076,"2026-08-18 17:12:08.077",false,"[""RESTRICTED_HS_CODE"",""DANGEROUS_GOODS""]",50,3
8806,8574,"2026-08-18 17:12:08.077",true,"[]",0,3
8807,2131,"2026-08-18 17:12:08.077",true,"[]",0,3
8808,8586,"2026-08-18 17:12:08.077",true,"[]",0,3
8809,5039,"2026-08-18 17:12:08.077",true,"[]",0,3
8810,3818,"2026-08-18 17:12:08.077",true,"[]",0,3
8811,144,"2026-08-18 17:12:08.077",true,"[]",0,3
8812,3616,"2026-08-18 17:12:08.077",true,"[]",0,3
8813,6618,"2026-08-18 17:12:08.077",true,"[]",0,3
8814,6832,"2026-08-18 17:12:08.077",true,"[]",0,3
8815,5126,"2026-08-18 17:12:08.077",true,"[]",0,3
8816,3658,"2026-08-18 17:12:08.077",true,"[""DANGEROUS_GOODS""]",20,3
8817,7186,"2026-08-18 17:12:08.077",true,"[]",0,3
8818,9729,"2026-08-18 17:12:08.077",true,"[]",0,3
8819,149,"2026-08-18 17:12:08.077",true,"[]",0,3
8820,2009,"2026-08-18 17:12:08.077",true,"[]",0,3
8821,6748,"2026-08-18 17:12:08.077",true,"[]",0,3
8822,591,"2026-08-18 17:12:08.077",true,"[]",0,3
8823,8920,"2026-08-18 17:12:08.077",true,"[]",0,3
8824,3499,"2026-08-18 17:12:08.077",true,"[]",0,3
8825,9000,"2026-08-18 17:12:08.077",true,"[]",0,3
8826,4899,"2026-08-18 17:12:08.077",true,"[]",0,3
8827,8262,"2026-08-18 17:12:08.077",true,"[]",0,3
8828,7975,"2026-08-18 17:12:08.077",true,"[]",0,3
8829,419,"2026-08-18 17:12:08.077",true,"[]",0,3
8830,6442,"2026-08-18 17:12:08.077",true,"[]",0,3
8831,1158,"2026-08-18 17:12:08.077",true,"[]",0,3
8832,2166,"2026-08-18 17:12:08.077",true,"[""DANGEROUS_GOODS""]",20,3
8833,7131,"2026-08-18 17:12:08.077",true,"[]",0,3
8834,9462,"2026-08-18 17:12:08.077",true,"[]",0,3
8835,534,"2026-08-18 17:12:08.077",true,"[]",0,3
8836,4362,"2026-08-18 17:12:08.077",false,"[""RESTRICTED_HS_CODE""]",30,3
8837,4755,"2026-08-18 17:12:08.077",true,"[]",0,3
8838,191,"2026-08-18 17:12:08.077",true,"[]",0,3
8839,261,"2026-08-18 17:12:08.077",true,"[""DANGEROUS_GOODS""]",20,3
8840,613,"2026-08-18 17:12:08.077",true,"[]",0,3
8841,515,"2026-08-18 17:12:08.077",true,"[]",0,3
8842,1110,"2026-08-18 17:12:08.077",false,"[""RESTRICTED_HS_CODE""]",30,3
8843,6299,"2026-08-18 17:12:08.077",true,"[]",0,3
8844,7129,"2026-08-18 17:12:08.077",true,"[]",0,3
8845,5427,"2026-08-18 17:12:08.077",true,"[]",0,3
8846,7045,"2026-08-18 17:12:08.077",true,"[]",0,3
8847,842,"2026-08-18 17:12:08.077",true,"[]",0,3
8848,6397,"2026-08-18 17:12:08.077",true,"[]",0,3
8849,5400,"2026-08-18 17:12:08.077",false,"[""RESTRICTED_HS_CODE""]",30,3
8850,664,"2026-08-18 17:12:08.077",false,"[""RESTRICTED_HS_CODE""]",30,3
8851,4504,"2026-08-18 17:12:08.077",true,"[]",0,3
8852,5624,"2026-08-18 17:12:08.077",true,"[]",0,3
8853,9397,"2026-08-18 17:12:08.077",true,"[]",0,3
8854,2718,"2026-08-18 17:12:08.077",true,"[]",0,3
8855,9301,"2026-08-18 17:12:08.077",true,"[]",0,3
8856,3098,"2026-08-18 17:12:08.077",true,"[]",0,3
8857,9376,"2026-08-18 17:12:08.077",true,"[]",0,3
8858,9256,"2026-08-18 17:12:08.077",true,"[]",0,3
8859,2873,"2026-08-18 17:12:08.077",true,"[]",0,3
8860,1404,"2026-08-18 17:12:08.077",true,"[]",0,3
8861,7030,"2026-08-18 17:12:08.077",false,"[""RESTRICTED_HS_CODE""]",30,3
8862,6184,"2026-08-18 17:12:08.077",true,"[]",0,3
8863,946,"2026-08-18 17:12:08.077",true,"[]",0,3
8864,8330,"2026-08-18 17:12:08.077",true,"[]",0,3
8865,8454,"2026-08-18 17:12:08.077",true,"[]",0,3
8866,417,"2026-08-18 17:12:08.077",true,"[]",0,3
8867,7148,"2026-08-18 17:12:08.077",true,"[]",0,3
8868,8753,"2026-08-18 17:12:08.077",true,"[]",0,3
8869,486,"2026-08-18 17:12:08.077",true,"[]",0,3
8870,7853,"2026-08-18 17:12:08.077",true,"[]",0,3
8871,9407,"2026-08-18 17:12:08.077",true,"[]",0,3
8872,3425,"2026-08-18 17:12:08.077",true,"[]",0,3
8873,7356,"2026-08-18 17:12:08.077",true,"[]",0,3
8874,7864,"2026-08-18 17:12:08.077",true,"[]",0,3
8875,2498,"2026-08-18 17:12:08.077",true,"[]",0,3
8876,9454,"2026-08-18 17:12:08.077",true,"[]",0,3
8877,9523,"2026-08-18 17:12:08.077",true,"[""DANGEROUS_GOODS""]",20,3
8878,3017,"2026-08-18 17:12:08.077",true,"[]",0,3
8879,5089,"2026-08-18 17:12:08.077",false,"[""RESTRICTED_HS_CODE""]",30,3
8880,2650,"2026-08-18 17:12:08.077",true,"[]",0,3
8881,7277,"2026-08-18 17:12:08.077",true,"[]",0,3
8882,6072,"2026-08-18 17:12:08.077",true,"[]",0,3
8883,6554,"2026-08-18 17:12:08.077",true,"[]",0,3
8884,7782,"2026-08-18 17:12:08.077",true,"[]",0,3
8885,8303,"2026-08-18 17:12:08.077",true,"[]",0,3
8886,6948,"2026-08-18 17:12:08.077",true,"[]",0,3
8887,8317,"2026-08-18 17:12:08.077",true,"[]",0,3
8888,5509,"2026-08-18 17:12:08.077",true,"[]",0,3
8889,4554,"2026-08-18 17:12:08.077",true,"[]",0,3
8890,8909,"2026-08-18 17:12:08.077",true,"[]",0,3
8891,966,"2026-08-18 17:12:08.077",true,"[]",0,3
8892,5083,"2026-08-18 17:12:08.077",true,"[]",0,3
8893,3545,"2026-08-18 17:12:08.077",false,"[""RESTRICTED_HS_CODE""]",30,3
8894,7008,"2026-08-18 17:12:08.077",true,"[]",0,3
8895,9758,"2026-08-18 17:12:08.077",true,"[]",0,3
8896,8074,"2026-08-18 17:12:08.077",true,"[]",0,3
8897,326,"2026-08-18 17:12:08.077",true,"[]",0,3
8898,8845,"2026-08-18 17:12:08.077",false,"[""RESTRICTED_HS_CODE""]",30,3
8899,9209,"2026-08-18 17:12:08.077",false,"[""RESTRICTED_HS_CODE""]",30,3
8900,133,"2026-08-18 17:12:08.077",true,"[]",0,3
8901,6617,"2026-08-18 17:12:08.077",false,"[""RESTRICTED_HS_CODE""]",30,3
8902,6021,"2026-08-18 17:12:08.077",true,"[""DANGEROUS_GOODS""]",20,3
8903,250,"2026-08-18 17:12:08.077",true,"[]",0,3
8904,4089,"2026-08-18 17:12:08.077",true,"[]",0,3
8905,2317,"2026-08-18 17:12:08.077",true,"[]",0,3
8906,2075,"2026-08-18 17:12:08.077",true,"[]",0,3
8907,3091,"2026-08-18 17:12:08.077",false,"[""RESTRICTED_HS_CODE""]",30,3
8908,2519,"2026-08-18 17:12:08.077",true,"[]",0,3
8909,8302,"2026-08-18 17:12:08.077",true,"[]",0,3
8910,8624,"2026-08-18 17:12:08.077",true,"[]",0,3
8911,7181,"2026-08-18 17:12:08.077",true,"[]",0,3
8912,4836,"2026-08-18 17:12:08.077",true,"[]",0,3
8913,5703,"2026-08-18 17:12:08.077",false,"[""RESTRICTED_HS_CODE""]",30,3
8914,6809,"2026-08-18 17:12:08.077",true,"[]",0,3
8915,1084,"2026-08-18 17:12:08.077",true,"[]",0,3
8916,9976,"2026-08-18 17:12:08.077",true,"[]",0,3
8917,9274,"2026-08-18 17:12:08.077",false,"[""RESTRICTED_HS_CODE"",""DANGEROUS_GOODS""]",50,3
8918,4138,"2026-08-18 17:12:08.077",true,"[]",0,3
8919,9302,"2026-08-18 17:12:08.077",true,"[]",0,3
8920,1346,"2026-08-18 17:12:08.077",true,"[]",0,3
8921,1036,"2026-08-18 17:12:08.077",true,"[]",0,3
8922,9712,"2026-08-18 17:12:08.077",true,"[]",0,3
8923,1739,"2026-08-18 17:12:08.077",false,"[""RESTRICTED_HS_CODE""]",30,3
8924,854,"2026-08-18 17:12:08.077",true,"[]",0,3
8925,4606,"2026-08-18 17:12:08.077",true,"[]",0,3
8926,5720,"2026-08-18 17:12:08.077",true,"[]",0,3
8927,5538,"2026-08-18 17:12:08.077",true,"[]",0,3
8928,4584,"2026-08-18 17:12:08.077",true,"[]",0,3
8929,932,"2026-08-18 17:12:08.077",false,"[""RESTRICTED_HS_CODE""]",30,3
8930,3167,"2026-08-18 17:12:08.077",true,"[]",0,3
8931,6723,"2026-08-18 17:12:08.077",true,"[]",0,3
8932,9988,"2026-08-18 17:12:08.077",true,"[]",0,3
8933,8037,"2026-08-18 17:12:08.077",true,"[]",0,3
8934,236,"2026-08-18 17:12:08.077",true,"[]",0,3
8935,3069,"2026-08-18 17:12:08.077",true,"[]",0,3
8936,7280,"2026-08-18 17:12:08.077",false,"[""RESTRICTED_HS_CODE""]",30,3
8937,5853,"2026-08-18 17:12:08.077",true,"[]",0,3
8938,443,"2026-08-18 17:12:08.077",true,"[]",0,3
8939,3511,"2026-08-18 17:12:08.077",false,"[""RESTRICTED_HS_CODE""]",30,3
8940,3638,"2026-08-18 17:12:08.077",true,"[]",0,3
8941,3263,"2026-08-18 17:12:08.077",true,"[]",0,3
8942,8869,"2026-08-18 17:12:08.077",true,"[]",0,3
8943,6541,"2026-08-18 17:12:08.077",true,"[]",0,3
8944,5826,"2026-08-18 17:12:08.077",false,"[""RESTRICTED_HS_CODE""]",30,3
8945,6542,"2026-08-18 17:12:08.077",true,"[]",0,3
8946,9266,"2026-08-18 17:12:08.077",true,"[]",0,3
8947,4974,"2026-08-18 17:12:08.077",true,"[]",0,3
8948,7426,"2026-08-18 17:12:08.077",true,"[]",0,3
8949,9127,"2026-08-18 17:12:08.077",true,"[]",0,3
8950,401,"2026-08-18 17:12:08.077",true,"[]",0,3
8951,8686,"2026-08-18 17:12:08.077",true,"[]",0,3
8952,8696,"2026-08-18 17:12:08.077",true,"[]",0,3
8953,1245,"2026-08-18 17:12:08.077",true,"[]",0,3
8954,5358,"2026-08-18 17:12:08.077",true,"[]",0,3
8955,5845,"2026-08-18 17:12:08.077",true,"[]",0,3
8956,5150,"2026-08-18 17:12:08.077",true,"[]",0,3
8957,7626,"2026-08-18 17:12:08.077",true,"[]",0,3
8958,7964,"2026-08-18 17:12:08.077",true,"[]",0,3
8959,4741,"2026-08-18 17:12:08.077",true,"[]",0,3
8960,5711,"2026-08-18 17:12:08.077",false,"[""RESTRICTED_HS_CODE""]",30,3
8961,477,"2026-08-18 17:12:08.077",true,"[]",0,3
8962,3706,"2026-08-18 17:12:08.077",true,"[]",0,3
8963,9634,"2026-08-18 17:12:08.077",true,"[]",0,3
8964,6698,"2026-08-18 17:12:08.077",true,"[]",0,3
8965,7962,"2026-08-18 17:12:08.077",true,"[]",0,3
8966,7883,"2026-08-18 17:12:08.077",true,"[]",0,3
8967,914,"2026-08-18 17:12:08.077",true,"[]",0,3
11800,1793,"2026-08-18 17:12:08.077",true,"[]",0,3
11801,7183,"2026-08-18 17:12:08.077",true,"[]",0,3
11802,5680,"2026-08-18 17:12:08.077",true,"[]",0,3
11803,7253,"2026-08-18 17:12:08.077",true,"[]",0,3
11804,2743,"2026-08-18 17:12:08.077",true,"[]",0,3
11805,2963,"2026-08-18 17:12:08.077",true,"[]",0,3
11806,2196,"2026-08-18 17:12:08.077",true,"[]",0,3
11807,5462,"2026-08-18 17:12:08.077",false,"[""RESTRICTED_HS_CODE""]",30,3
11808,6132,"2026-08-18 17:12:08.077",true,"[]",0,3
11809,6814,"2026-08-18 17:12:08.077",true,"[]",0,3
11810,6517,"2026-08-18 17:12:08.077",false,"[""RESTRICTED_HS_CODE""]",30,3
11811,1829,"2026-08-18 17:12:08.077",true,"[]",0,3
11812,3512,"2026-08-18 17:12:08.077",true,"[]",0,3
11813,2054,"2026-08-18 17:12:08.077",true,"[]",0,3
11814,231,"2026-08-18 17:12:08.077",true,"[]",0,3
11815,5312,"2026-08-18 17:12:08.077",true,"[]",0,3
11816,1082,"2026-08-18 17:12:08.077",true,"[""DANGEROUS_GOODS""]",20,3
11817,8063,"2026-08-18 17:12:08.077",true,"[]",0,3
11818,5225,"2026-08-18 17:12:08.077",true,"[]",0,3
11819,7216,"2026-08-18 17:12:08.077",true,"[]",0,3
11820,9335,"2026-08-18 17:12:08.077",true,"[]",0,3
11821,1065,"2026-08-18 17:12:08.077",true,"[]",0,3
11822,4373,"2026-08-18 17:12:08.077",true,"[]",0,3
11823,9974,"2026-08-18 17:12:08.077",true,"[""DANGEROUS_GOODS""]",20,3
11824,7538,"2026-08-18 17:12:08.077",false,"[""RESTRICTED_HS_CODE""]",30,3
11825,767,"2026-08-18 17:12:08.077",true,"[]",0,3
11826,1251,"2026-08-18 17:12:08.077",true,"[]",0,3
11827,3939,"2026-08-18 17:12:08.077",true,"[]",0,3
11828,4068,"2026-08-18 17:12:08.077",true,"[""DANGEROUS_GOODS""]",20,3
11829,8470,"2026-08-18 17:12:08.077",true,"[]",0,3
11830,3573,"2026-08-18 17:12:08.077",true,"[]",0,3
11831,9191,"2026-08-18 17:12:08.077",true,"[]",0,3
11832,3316,"2026-08-18 17:12:08.077",true,"[]",0,3
11833,1254,"2026-08-18 17:12:08.077",true,"[]",0,3
11834,363,"2026-08-18 17:12:08.077",false,"[""RESTRICTED_HS_CODE""]",30,3
11835,1550,"2026-08-18 17:12:08.077",true,"[]",0,3
11836,5571,"2026-08-18 17:12:08.077",true,"[]",0,3
11837,2811,"2026-08-18 17:12:08.077",true,"[]",0,3
11838,7556,"2026-08-18 17:12:08.077",true,"[]",0,3
11839,9311,"2026-08-18 17:12:08.077",false,"[""RESTRICTED_HS_CODE""]",30,3
11840,528,"2026-08-18 17:12:08.077",true,"[""DANGEROUS_GOODS""]",20,3
11841,2997,"2026-08-18 17:12:08.077",true,"[]",0,3
11842,6559,"2026-08-18 17:12:08.077",true,"[]",0,3
11843,679,"2026-08-18 17:12:08.077",false,"[""RESTRICTED_HS_CODE""]",30,3
11844,4486,"2026-08-18 17:12:08.077",false,"[""RESTRICTED_HS_CODE""]",30,3
11845,8299,"2026-08-18 17:12:08.077",true,"[]",0,3
11846,7474,"2026-08-18 17:12:08.077",true,"[]",0,3
11847,6363,"2026-08-18 17:12:08.077",true,"[]",0,3
11848,1628,"2026-08-18 17:12:08.077",true,"[]",0,3
11849,5117,"2026-08-18 17:12:08.077",false,"[""RESTRICTED_HS_CODE""]",30,3
11850,7863,"2026-08-18 17:12:08.077",true,"[]",0,3
11851,2284,"2026-08-18 17:12:08.077",true,"[]",0,3
11852,1101,"2026-08-18 17:12:08.077",false,"[""RESTRICTED_HS_CODE""]",30,3
11853,5665,"2026-08-18 17:12:08.077",true,"[]",0,3
11854,5634,"2026-08-18 17:12:08.077",true,"[]",0,3
11855,1981,"2026-08-18 17:12:08.077",true,"[]",0,3
11856,3539,"2026-08-18 17:12:08.077",true,"[]",0,3
11857,6286,"2026-08-18 17:12:08.077",true,"[]",0,3
11858,2554,"2026-08-18 17:12:08.077",true,"[]",0,3
11859,1558,"2026-08-18 17:12:08.077",true,"[]",0,3
11860,4025,"2026-08-18 17:12:08.077",true,"[]",0,3
11861,4060,"2026-08-18 17:12:08.077",true,"[]",0,3
11862,1456,"2026-08-18 17:12:08.077",true,"[]",0,3
11863,1306,"2026-08-18 17:12:08.077",true,"[]",0,3
11864,9245,"2026-08-18 17:12:08.077",true,"[]",0,3
11865,5654,"2026-08-18 17:12:08.077",true,"[]",0,3
11866,6345,"2026-08-18 17:12:08.077",true,"[]",0,3
11867,1203,"2026-08-18 17:12:08.077",true,"[]",0,3
11868,3930,"2026-08-18 17:12:08.077",true,"[]",0,3
11869,6482,"2026-08-18 17:12:08.077",true,"[]",0,3
11870,7289,"2026-08-18 17:12:08.077",true,"[]",0,3
11871,7577,"2026-08-18 17:12:08.077",true,"[]",0,3
11872,2024,"2026-08-18 17:12:08.077",true,"[]",0,3
11873,7462,"2026-08-18 17:12:08.077",true,"[]",0,3
11874,8739,"2026-08-18 17:12:08.077",true,"[]",0,3
11875,8957,"2026-08-18 17:12:08.077",true,"[]",0,3
11876,5424,"2026-08-18 17:12:08.077",true,"[]",0,3
11877,288,"2026-08-18 17:12:08.077",true,"[]",0,3
11878,9185,"2026-08-18 17:12:08.077",false,"[""RESTRICTED_HS_CODE""]",30,3
11879,7194,"2026-08-18 17:12:08.077",true,"[]",0,3
11880,8926,"2026-08-18 17:12:08.077",true,"[]",0,3
11881,2882,"2026-08-18 17:12:08.077",true,"[]",0,3
11882,579,"2026-08-18 17:12:08.077",true,"[]",0,3
11883,7744,"2026-08-18 17:12:08.077",true,"[]",0,3
11884,2145,"2026-08-18 17:12:08.077",true,"[]",0,3
11885,4765,"2026-08-18 17:12:08.077",true,"[]",0,3
11886,6300,"2026-08-18 17:12:08.077",true,"[]",0,3
11887,343,"2026-08-18 17:12:08.077",true,"[]",0,3
11888,8977,"2026-08-18 17:12:08.077",false,"[""RESTRICTED_HS_CODE""]",30,3
11889,1697,"2026-08-18 17:12:08.077",true,"[]",0,3
11890,5450,"2026-08-18 17:12:08.077",true,"[]",0,3
11891,6289,"2026-08-18 17:12:08.077",true,"[]",0,3
11892,2254,"2026-08-18 17:12:08.077",true,"[]",0,3
11893,7783,"2026-08-18 17:12:08.077",false,"[""RESTRICTED_HS_CODE""]",30,3
11894,6768,"2026-08-18 17:12:08.077",true,"[]",0,3
11895,8976,"2026-08-18 17:12:08.077",true,"[]",0,3
11896,6696,"2026-08-18 17:12:08.077",true,"[]",0,3
11897,2547,"2026-08-18 17:12:08.077",true,"[]",0,3
11898,3457,"2026-08-18 17:12:08.077",true,"[]",0,3
11899,4924,"2026-08-18 17:12:08.077",true,"[]",0,3
11900,7087,"2026-08-18 17:12:08.077",true,"[]",0,3
11901,8788,"2026-08-18 17:12:08.077",true,"[]",0,3
11902,5433,"2026-08-18 17:12:08.077",true,"[]",0,3
11903,8390,"2026-08-18 17:12:08.077",true,"[]",0,3
11904,5583,"2026-08-18 17:12:08.077",false,"[""RESTRICTED_HS_CODE""]",30,3
11905,6805,"2026-08-18 17:12:08.077",true,"[]",0,3
11906,2128,"2026-08-18 17:12:08.077",true,"[]",0,3
11907,2410,"2026-08-18 17:12:08.077",true,"[]",0,3
11908,2408,"2026-08-18 17:12:08.077",true,"[]",0,3
11909,5929,"2026-08-18 17:12:08.077",true,"[]",0,3
11910,7614,"2026-08-18 17:12:08.077",true,"[]",0,3
11911,9278,"2026-08-18 17:12:08.077",true,"[]",0,3
11912,9321,"2026-08-18 17:12:08.077",true,"[]",0,3
11913,8130,"2026-08-18 17:12:08.077",true,"[]",0,3
11914,8725,"2026-08-18 17:12:08.077",true,"[]",0,3
11915,2044,"2026-08-18 17:12:08.077",true,"[]",0,3
11916,4165,"2026-08-18 17:12:08.077",true,"[]",0,3
11917,5974,"2026-08-18 17:12:08.077",true,"[]",0,3
11918,3243,"2026-08-18 17:12:08.077",true,"[]",0,3
11919,470,"2026-08-18 17:12:08.077",true,"[]",0,3
11920,1066,"2026-08-18 17:12:08.077",true,"[]",0,3
11921,102,"2026-08-18 17:12:08.077",false,"[""RESTRICTED_HS_CODE""]",30,3
11922,3075,"2026-08-18 17:12:08.077",true,"[]",0,3
11923,5070,"2026-08-18 17:12:08.077",true,"[]",0,3
11924,9507,"2026-08-18 17:12:08.077",true,"[]",0,3
11925,6452,"2026-08-18 17:12:08.077",true,"[]",0,3
11926,4349,"2026-08-18 17:12:08.077",false,"[""RESTRICTED_HS_CODE""]",30,3
11927,3370,"2026-08-18 17:12:08.077",true,"[]",0,3
11928,4589,"2026-08-18 17:12:08.077",false,"[""RESTRICTED_HS_CODE""]",30,3
11929,7150,"2026-08-18 17:12:08.077",true,"[]",0,3
11930,809,"2026-08-18 17:12:08.077",true,"[]",0,3
11931,4802,"2026-08-18 17:12:08.077",true,"[]",0,3
11932,5777,"2026-08-18 17:12:08.077",true,"[]",0,3
11933,7827,"2026-08-18 17:12:08.077",true,"[]",0,3
11934,1745,"2026-08-18 17:12:08.077",true,"[]",0,3
11935,6055,"2026-08-18 17:12:08.077",true,"[]",0,3
11936,1842,"2026-08-18 17:12:08.077",false,"[""RESTRICTED_HS_CODE""]",30,3
11937,7401,"2026-08-18 17:12:08.077",true,"[]",0,3
11938,3801,"2026-08-18 17:12:08.077",true,"[]",0,3
11939,7760,"2026-08-18 17:12:08.077",false,"[""RESTRICTED_HS_CODE""]",30,3
11940,2826,"2026-08-18 17:12:08.077",true,"[]",0,3
11941,6822,"2026-08-18 17:12:08.077",true,"[]",0,3
11942,1031,"2026-08-18 17:12:08.077",true,"[]",0,3
11943,8440,"2026-08-18 17:12:08.077",true,"[]",0,3
11944,851,"2026-08-18 17:12:08.077",true,"[]",0,3
11945,610,"2026-08-18 17:12:08.077",true,"[]",0,3
11946,9118,"2026-08-18 17:12:08.077",true,"[]",0,3
11947,9680,"2026-08-18 17:12:08.077",true,"[]",0,3
11948,8048,"2026-08-18 17:12:08.077",true,"[]",0,3
11949,8990,"2026-08-18 17:12:08.077",true,"[""DANGEROUS_GOODS""]",20,3
11950,3784,"2026-08-18 17:12:08.077",true,"[]",0,3
11951,641,"2026-08-18 17:12:08.077",true,"[]",0,3
11952,5138,"2026-08-18 17:12:08.077",true,"[]",0,3
11953,8531,"2026-08-18 17:12:08.077",true,"[]",0,3
11954,6785,"2026-08-18 17:12:08.077",true,"[]",0,3
11955,7526,"2026-08-18 17:12:08.077",true,"[]",0,3
11956,7788,"2026-08-18 17:12:08.077",true,"[]",0,3
11957,9372,"2026-08-18 17:12:08.077",true,"[]",0,3
11958,6584,"2026-08-18 17:12:08.077",true,"[]",0,3
11959,7069,"2026-08-18 17:12:08.077",true,"[]",0,3
11960,8496,"2026-08-18 17:12:08.077",true,"[]",0,3
11961,6869,"2026-08-18 17:12:08.077",true,"[]",0,3
11962,1169,"2026-08-18 17:12:08.077",true,"[]",0,3
11963,1863,"2026-08-18 17:12:08.077",true,"[]",0,3
11964,6438,"2026-08-18 17:12:08.077",false,"[""RESTRICTED_HS_CODE""]",30,3
11965,9232,"2026-08-18 17:12:08.077",true,"[]",0,3
11966,1255,"2026-08-18 17:12:08.077",true,"[]",0,3
11967,2645,"2026-08-18 17:12:08.077",true,"[]",0,3
11968,7375,"2026-08-18 17:12:08.077",true,"[]",0,3
11969,2765,"2026-08-18 17:12:08.077",true,"[]",0,3
11970,6851,"2026-08-18 17:12:08.077",true,"[""DANGEROUS_GOODS""]",20,3
11971,9424,"2026-08-18 17:12:08.077",false,"[""RESTRICTED_HS_CODE""]",30,3
11972,8598,"2026-08-18 17:12:08.077",true,"[]",0,3
11973,5496,"2026-08-18 17:12:08.077",true,"[""DANGEROUS_GOODS""]",20,3
11974,1679,"2026-08-18 17:12:08.077",true,"[]",0,3
11975,627,"2026-08-18 17:12:08.077",true,"[]",0,3
11976,7196,"2026-08-18 17:12:08.077",true,"[]",0,3
11977,7831,"2026-08-18 17:12:08.077",true,"[]",0,3
11978,5099,"2026-08-18 17:12:08.077",true,"[]",0,3
11979,9429,"2026-08-18 17:12:08.077",false,"[""RESTRICTED_HS_CODE""]",30,3
11980,170,"2026-08-18 17:12:08.077",true,"[]",0,3
11981,9066,"2026-08-18 17:12:08.077",true,"[""DANGEROUS_GOODS""]",20,3
11982,5512,"2026-08-18 17:12:08.077",true,"[]",0,3
11983,4980,"2026-08-18 17:12:08.077",false,"[""RESTRICTED_HS_CODE""]",30,3
11984,6398,"2026-08-18 17:12:08.077",true,"[]",0,3
11985,986,"2026-08-18 17:12:08.077",true,"[]",0,3
11986,6174,"2026-08-18 17:12:08.077",true,"[]",0,3
11987,8275,"2026-08-18 17:12:08.077",false,"[""RESTRICTED_HS_CODE""]",30,3
11988,5903,"2026-08-18 17:12:08.077",true,"[]",0,3
11989,5949,"2026-08-18 17:12:08.077",true,"[""DANGEROUS_GOODS""]",20,3
11990,6778,"2026-08-18 17:12:08.077",true,"[]",0,3
11991,7747,"2026-08-18 17:12:08.077",true,"[]",0,3
11992,6169,"2026-08-18 17:12:08.077",true,"[]",0,3
11993,6979,"2026-08-18 17:12:08.077",true,"[]",0,3
11994,6881,"2026-08-18 17:12:08.077",true,"[]",0,3
11995,4248,"2026-08-18 17:12:08.077",true,"[]",0,3
11996,2096,"2026-08-18 17:12:08.077",true,"[]",0,3
11997,2855,"2026-08-18 17:12:08.077",true,"[]",0,3
11998,4691,"2026-08-18 17:12:08.077",true,"[]",0,3
11999,8403,"2026-08-18 17:12:08.077",true,"[]",0,3
12000,6032,"2026-08-18 17:12:08.077",true,"[]",0,3
12001,4590,"2026-08-18 17:12:08.077",false,"[""RESTRICTED_HS_CODE""]",30,3
12002,8607,"2026-08-18 17:12:08.077",true,"[]",0,3
12003,6564,"2026-08-18 17:12:08.077",true,"[]",0,3
12004,9116,"2026-08-18 17:12:08.077",true,"[]",0,3
12005,3611,"2026-08-18 17:12:08.077",true,"[]",0,3
12006,1069,"2026-08-18 17:12:08.077",true,"[""DANGEROUS_GOODS""]",20,3
12007,4677,"2026-08-18 17:12:08.077",true,"[]",0,3
12008,9640,"2026-08-18 17:12:08.077",true,"[]",0,3
12009,8379,"2026-08-18 17:12:08.077",true,"[]",0,3
12010,3351,"2026-08-18 17:12:08.077",true,"[]",0,3
12011,9156,"2026-08-18 17:12:08.077",true,"[]",0,3
12012,9446,"2026-08-18 17:12:08.077",true,"[]",0,3
12013,4236,"2026-08-18 17:12:08.077",true,"[]",0,3
12014,1557,"2026-08-18 17:12:08.077",true,"[]",0,3
12015,6520,"2026-08-18 17:12:08.077",true,"[]",0,3
12016,2452,"2026-08-18 17:12:08.077",true,"[]",0,3
12017,258,"2026-08-18 17:12:08.077",true,"[]",0,3
12018,3761,"2026-08-18 17:12:08.077",true,"[]",0,3
12019,894,"2026-08-18 17:12:08.077",true,"[]",0,3
12020,4104,"2026-08-18 17:12:08.077",true,"[]",0,3
12021,571,"2026-08-18 17:12:08.077",true,"[]",0,3
12022,3792,"2026-08-18 17:12:08.077",true,"[]",0,3
12023,8594,"2026-08-18 17:12:08.077",true,"[]",0,3
12024,6243,"2026-08-18 17:12:08.077",true,"[]",0,3
12025,6124,"2026-08-18 17:12:08.077",true,"[]",0,3
12026,5016,"2026-08-18 17:12:08.077",true,"[]",0,3
12027,9675,"2026-08-18 17:12:08.077",false,"[""RESTRICTED_HS_CODE""]",30,3
12028,6000,"2026-08-18 17:12:08.077",false,"[""RESTRICTED_HS_CODE""]",30,3
12029,2100,"2026-08-18 17:12:08.077",false,"[""RESTRICTED_HS_CODE""]",30,3
12030,310,"2026-08-18 17:12:08.077",true,"[]",0,3
12031,1367,"2026-08-18 17:12:08.077",true,"[]",0,3
12032,5284,"2026-08-18 17:12:08.077",true,"[]",0,3
12033,2363,"2026-08-18 17:12:08.077",true,"[]",0,3
12034,7361,"2026-08-18 17:12:08.077",true,"[]",0,3
12035,1753,"2026-08-18 17:12:08.077",true,"[]",0,3
12036,4601,"2026-08-18 17:12:08.077",false,"[""RESTRICTED_HS_CODE""]",30,3
12037,2773,"2026-08-18 17:12:08.077",false,"[""RESTRICTED_HS_CODE""]",30,3
12038,8452,"2026-08-18 17:12:08.077",true,"[]",0,3
12039,2120,"2026-08-18 17:12:08.077",true,"[]",0,3
12040,611,"2026-08-18 17:12:08.077",true,"[]",0,3
12041,2809,"2026-08-18 17:12:08.077",true,"[]",0,3
12042,9081,"2026-08-18 17:12:08.077",true,"[]",0,3
12043,3678,"2026-08-18 17:12:08.077",true,"[]",0,3
12044,8643,"2026-08-18 17:12:08.077",true,"[]",0,3
12045,6578,"2026-08-18 17:12:08.077",true,"[]",0,3
12046,3778,"2026-08-18 17:12:08.077",true,"[]",0,3
12047,6288,"2026-08-18 17:12:08.077",true,"[""DANGEROUS_GOODS""]",20,3
12048,5839,"2026-08-18 17:12:08.077",true,"[]",0,3
12049,4274,"2026-08-18 17:12:08.077",true,"[]",0,3
12050,3727,"2026-08-18 17:12:08.077",false,"[""RESTRICTED_HS_CODE""]",30,3
12051,4915,"2026-08-18 17:12:08.077",false,"[""RESTRICTED_HS_CODE""]",30,3
12052,1725,"2026-08-18 17:12:08.077",true,"[]",0,3
12053,2077,"2026-08-18 17:12:08.077",true,"[]",0,3
12054,6903,"2026-08-18 17:12:08.077",true,"[]",0,3
12055,1440,"2026-08-18 17:12:08.077",true,"[]",0,3
12056,4859,"2026-08-18 17:12:08.077",true,"[]",0,3
12057,7530,"2026-08-18 17:12:08.077",true,"[]",0,3
12058,9299,"2026-08-18 17:12:08.077",false,"[""RESTRICTED_HS_CODE""]",30,3
12059,2679,"2026-08-18 17:12:08.077",true,"[]",0,3
12060,4328,"2026-08-18 17:12:08.077",true,"[]",0,3
12061,9238,"2026-08-18 17:12:08.077",true,"[]",0,3
12062,9365,"2026-08-18 17:12:08.077",true,"[""DANGEROUS_GOODS""]",20,3
12063,1341,"2026-08-18 17:12:08.077",true,"[]",0,3
12064,7118,"2026-08-18 17:12:08.077",true,"[]",0,3
12065,2706,"2026-08-18 17:12:08.077",true,"[]",0,3
12066,9771,"2026-08-18 17:12:08.077",true,"[]",0,3
12067,4306,"2026-08-18 17:12:08.077",true,"[]",0,3
12068,168,"2026-08-18 17:12:08.077",false,"[""RESTRICTED_HS_CODE""]",30,3
12069,3180,"2026-08-18 17:12:08.077",true,"[]",0,3
12070,5383,"2026-08-18 17:12:08.077",true,"[]",0,3
12071,3295,"2026-08-18 17:12:08.077",false,"[""RESTRICTED_HS_CODE""]",30,3
12072,865,"2026-08-18 17:12:08.077",true,"[]",0,3
12073,2468,"2026-08-18 17:12:08.077",true,"[]",0,3
12074,5785,"2026-08-18 17:12:08.077",true,"[]",0,3
12075,4031,"2026-08-18 17:12:08.077",true,"[]",0,3
12076,1141,"2026-08-18 17:12:08.077",true,"[]",0,3
12077,9234,"2026-08-18 17:12:08.077",true,"[]",0,3
12078,1686,"2026-08-18 17:12:08.077",true,"[]",0,3
12079,9593,"2026-08-18 17:12:08.077",true,"[]",0,3
12080,291,"2026-08-18 17:12:08.077",true,"[]",0,3
12081,2472,"2026-08-18 17:12:08.077",true,"[]",0,3
12082,6551,"2026-08-18 17:12:08.077",true,"[""DANGEROUS_GOODS""]",20,3
12083,2164,"2026-08-18 17:12:08.077",true,"[]",0,3
12084,384,"2026-08-18 17:12:08.077",true,"[]",0,3
12085,669,"2026-08-18 17:12:08.077",true,"[]",0,3
12086,5706,"2026-08-18 17:12:08.077",true,"[]",0,3
12087,3052,"2026-08-18 17:12:08.077",true,"[]",0,3
12088,5300,"2026-08-18 17:12:08.077",true,"[]",0,3
12089,6711,"2026-08-18 17:12:08.077",true,"[]",0,3
12090,1447,"2026-08-18 17:12:08.077",true,"[]",0,3
12091,1680,"2026-08-18 17:12:08.077",true,"[]",0,3
12092,3379,"2026-08-18 17:12:08.077",true,"[]",0,3
12093,9834,"2026-08-18 17:12:08.077",true,"[]",0,3
12094,1704,"2026-08-18 17:12:08.077",true,"[]",0,3
12095,8239,"2026-08-18 17:12:08.077",true,"[""DANGEROUS_GOODS""]",20,3
12096,1422,"2026-08-18 17:12:08.077",true,"[]",0,3
12097,6293,"2026-08-18 17:12:08.077",true,"[]",0,3
12098,1199,"2026-08-18 17:12:08.077",false,"[""RESTRICTED_HS_CODE""]",30,3
12099,2708,"2026-08-18 17:12:08.077",true,"[]",0,3
12100,8085,"2026-08-18 17:12:08.077",true,"[]",0,3
12101,9656,"2026-08-18 17:12:08.077",true,"[]",0,3
12102,941,"2026-08-18 17:12:08.077",true,"[]",0,3
12103,1841,"2026-08-18 17:12:08.077",true,"[""DANGEROUS_GOODS""]",20,3
12104,365,"2026-08-18 17:12:08.077",true,"[""DANGEROUS_GOODS""]",20,3
12105,6569,"2026-08-18 17:12:08.077",true,"[]",0,3
12106,8707,"2026-08-18 17:12:08.077",true,"[]",0,3
12107,6664,"2026-08-18 17:12:08.077",false,"[""RESTRICTED_HS_CODE""]",30,3
12108,12,"2026-08-18 17:12:08.077",true,"[]",0,3
12109,1827,"2026-08-18 17:12:08.077",false,"[""RESTRICTED_HS_CODE""]",30,3
12110,3169,"2026-08-18 17:12:08.077",true,"[]",0,3
12111,6850,"2026-08-18 17:12:08.077",true,"[]",0,3
12112,424,"2026-08-18 17:12:08.077",true,"[]",0,3
12113,4260,"2026-08-18 17:12:08.077",true,"[]",0,3
12114,6106,"2026-08-18 17:12:08.077",false,"[""RESTRICTED_HS_CODE""]",30,3
12115,7329,"2026-08-18 17:12:08.077",true,"[]",0,3
12116,3848,"2026-08-18 17:12:08.077",true,"[]",0,3
12117,3932,"2026-08-18 17:12:08.077",false,"[""RESTRICTED_HS_CODE"",""DANGEROUS_GOODS""]",50,3
12118,3413,"2026-08-18 17:12:08.077",true,"[]",0,3
12119,9315,"2026-08-18 17:12:08.077",true,"[]",0,3
12120,5876,"2026-08-18 17:12:08.077",true,"[]",0,3
12121,755,"2026-08-18 17:12:08.077",true,"[]",0,3
12122,3552,"2026-08-18 17:12:08.077",true,"[]",0,3
12123,4552,"2026-08-18 17:12:08.077",true,"[]",0,3
12124,2160,"2026-08-18 17:12:08.077",true,"[]",0,3
12125,9354,"2026-08-18 17:12:08.077",true,"[]",0,3
12126,3175,"2026-08-18 17:12:08.077",true,"[]",0,3
12127,4192,"2026-08-18 17:12:08.077",true,"[]",0,3
12128,4972,"2026-08-18 17:12:08.077",false,"[""RESTRICTED_HS_CODE""]",30,3
12129,3795,"2026-08-18 17:12:08.077",true,"[]",0,3
12130,7487,"2026-08-18 17:12:08.077",true,"[]",0,3
12131,3671,"2026-08-18 17:12:08.077",true,"[]",0,3
12132,2909,"2026-08-18 17:12:08.077",true,"[]",0,3
12133,4546,"2026-08-18 17:12:08.077",true,"[]",0,3
12134,9658,"2026-08-18 17:12:08.077",false,"[""RESTRICTED_HS_CODE"",""DANGEROUS_GOODS""]",50,3
12135,1235,"2026-08-18 17:12:08.077",true,"[]",0,3
12136,7364,"2026-08-18 17:12:08.077",true,"[]",0,3
12137,9175,"2026-08-18 17:12:08.077",false,"[""RESTRICTED_HS_CODE""]",30,3
12138,1577,"2026-08-18 17:12:08.077",true,"[]",0,3
12139,5955,"2026-08-18 17:12:08.077",true,"[]",0,3
12140,5809,"2026-08-18 17:12:08.077",true,"[]",0,3
12141,8575,"2026-08-18 17:12:08.077",true,"[]",0,3
12142,4742,"2026-08-18 17:12:08.077",true,"[]",0,3
12143,7702,"2026-08-18 17:12:08.077",true,"[]",0,3
12144,5435,"2026-08-18 17:12:08.077",true,"[]",0,3
12145,1684,"2026-08-18 17:12:08.077",true,"[]",0,3
12146,8181,"2026-08-18 17:12:08.077",true,"[]",0,3
12147,6514,"2026-08-18 17:12:08.077",true,"[]",0,3
12148,9962,"2026-08-18 17:12:08.077",true,"[]",0,3
12149,524,"2026-08-18 17:12:08.077",true,"[]",0,3
12150,6256,"2026-08-18 17:12:08.077",true,"[]",0,3
12151,3684,"2026-08-18 17:12:08.077",true,"[]",0,3
12152,292,"2026-08-18 17:12:08.077",true,"[]",0,3
12153,4073,"2026-08-18 17:12:08.077",true,"[]",0,3
12154,5563,"2026-08-18 17:12:08.077",true,"[]",0,3
12155,8978,"2026-08-18 17:12:08.077",false,"[""RESTRICTED_HS_CODE""]",30,3
12156,3149,"2026-08-18 17:12:08.077",true,"[]",0,3
12157,8230,"2026-08-18 17:12:08.077",true,"[]",0,3
12158,2180,"2026-08-18 17:12:08.077",true,"[]",0,3
12159,9492,"2026-08-18 17:12:08.077",true,"[]",0,3
12160,387,"2026-08-18 17:12:08.077",true,"[]",0,3
12161,6901,"2026-08-18 17:12:08.077",false,"[""RESTRICTED_HS_CODE""]",30,3
12162,796,"2026-08-18 17:12:08.077",true,"[]",0,3
12163,668,"2026-08-18 17:12:08.077",true,"[]",0,3
12164,7754,"2026-08-18 17:12:08.077",true,"[]",0,3
12165,8051,"2026-08-18 17:12:08.077",true,"[]",0,3
12166,7730,"2026-08-18 17:12:08.077",true,"[]",0,3
12167,1256,"2026-08-18 17:12:08.077",true,"[]",0,3
12168,9897,"2026-08-18 17:12:08.077",true,"[]",0,3
12169,125,"2026-08-18 17:12:08.077",true,"[]",0,3
12170,7463,"2026-08-18 17:12:08.077",true,"[]",0,3
12171,1325,"2026-08-18 17:12:08.077",true,"[]",0,3
12172,6241,"2026-08-18 17:12:08.077",true,"[]",0,3
12173,763,"2026-08-18 17:12:08.077",true,"[]",0,3
12174,7230,"2026-08-18 17:12:08.077",true,"[]",0,3
12175,7653,"2026-08-18 17:12:08.077",true,"[]",0,3
12176,3937,"2026-08-18 17:12:08.077",true,"[]",0,3
12177,2245,"2026-08-18 17:12:08.077",true,"[]",0,3
12178,1924,"2026-08-18 17:12:08.077",true,"[]",0,3
12179,2614,"2026-08-18 17:12:08.077",true,"[]",0,3
12180,1731,"2026-08-18 17:12:08.077",false,"[""RESTRICTED_HS_CODE""]",30,3
12181,1014,"2026-08-18 17:12:08.077",true,"[]",0,3
12182,6447,"2026-08-18 17:12:08.077",true,"[]",0,3
12183,4798,"2026-08-18 17:12:08.077",true,"[]",0,3
12184,6657,"2026-08-18 17:12:08.077",false,"[""RESTRICTED_HS_CODE""]",30,3
12185,1727,"2026-08-18 17:12:08.077",false,"[""RESTRICTED_HS_CODE""]",30,3
12186,3927,"2026-08-18 17:12:08.077",true,"[]",0,3
12187,1338,"2026-08-18 17:12:08.077",false,"[""RESTRICTED_HS_CODE""]",30,3
12188,3649,"2026-08-18 17:12:08.077",true,"[]",0,3
12189,8766,"2026-08-18 17:12:08.077",true,"[]",0,3
12190,6947,"2026-08-18 17:12:08.077",true,"[]",0,3
12191,7961,"2026-08-18 17:12:08.077",true,"[]",0,3
12192,4238,"2026-08-18 17:12:08.077",true,"[]",0,3
12193,849,"2026-08-18 17:12:08.077",true,"[]",0,3
12194,8477,"2026-08-18 17:12:08.077",false,"[""RESTRICTED_HS_CODE""]",30,3
12195,8633,"2026-08-18 17:12:08.077",true,"[]",0,3
12196,3529,"2026-08-18 17:12:08.077",true,"[]",0,3
12197,7696,"2026-08-18 17:12:08.077",true,"[]",0,3
12198,9198,"2026-08-18 17:12:08.077",false,"[""RESTRICTED_HS_CODE""]",30,3
12199,9392,"2026-08-18 17:12:08.077",true,"[]",0,3
12200,952,"2026-08-18 17:12:08.077",true,"[]",0,3
12201,5927,"2026-08-18 17:12:08.077",true,"[]",0,3
12202,7735,"2026-08-18 17:12:08.077",true,"[]",0,3
12203,6316,"2026-08-18 17:12:08.077",true,"[""DANGEROUS_GOODS""]",20,3
12204,5044,"2026-08-18 17:12:08.077",true,"[]",0,3
12205,1455,"2026-08-18 17:12:08.077",true,"[]",0,3
12206,7334,"2026-08-18 17:12:08.077",true,"[]",0,3
12207,857,"2026-08-18 17:12:08.077",false,"[""RESTRICTED_HS_CODE""]",30,3
12208,2648,"2026-08-18 17:12:08.077",true,"[]",0,3
12209,5023,"2026-08-18 17:12:08.077",true,"[]",0,3
12210,4280,"2026-08-18 17:12:08.077",true,"[]",0,3
12211,3969,"2026-08-18 17:12:08.077",true,"[]",0,3
12212,4929,"2026-08-18 17:12:08.077",true,"[]",0,3
12213,5954,"2026-08-18 17:12:08.077",true,"[]",0,3
12214,9809,"2026-08-18 17:12:08.077",true,"[]",0,3
12215,8279,"2026-08-18 17:12:08.077",false,"[""RESTRICTED_HS_CODE""]",30,3
12216,9662,"2026-08-18 17:12:08.077",true,"[]",0,3
12217,5073,"2026-08-18 17:12:08.077",false,"[""RESTRICTED_HS_CODE"",""DANGEROUS_GOODS""]",50,3
12218,1233,"2026-08-18 17:12:08.077",true,"[]",0,3
12219,9829,"2026-08-18 17:12:08.077",true,"[""DANGEROUS_GOODS""]",20,3
12220,5615,"2026-08-18 17:12:08.077",false,"[""RESTRICTED_HS_CODE"",""DANGEROUS_GOODS""]",50,3
12221,1677,"2026-08-18 17:12:08.077",true,"[]",0,3
12222,4187,"2026-08-18 17:12:08.077",true,"[]",0,3
12223,2456,"2026-08-18 17:12:08.077",true,"[]",0,3
12224,9131,"2026-08-18 17:12:08.077",true,"[]",0,3
12225,3031,"2026-08-18 17:12:08.077",true,"[]",0,3
12226,6191,"2026-08-18 17:12:08.077",true,"[]",0,3
12227,8301,"2026-08-18 17:12:08.077",false,"[""RESTRICTED_HS_CODE""]",30,3
12228,6859,"2026-08-18 17:12:08.077",true,"[]",0,3
12229,990,"2026-08-18 17:12:08.077",true,"[]",0,3
12230,1516,"2026-08-18 17:12:08.077",true,"[""DANGEROUS_GOODS""]",20,3
12231,2965,"2026-08-18 17:12:08.077",false,"[""RESTRICTED_HS_CODE""]",30,3
12232,4185,"2026-08-18 17:12:08.077",true,"[]",0,3
12233,8050,"2026-08-18 17:12:08.077",false,"[""RESTRICTED_HS_CODE""]",30,3
12234,1499,"2026-08-18 17:12:08.077",true,"[]",0,3
12235,690,"2026-08-18 17:12:08.077",true,"[]",0,3
12236,5151,"2026-08-18 17:12:08.077",true,"[]",0,3
12237,6068,"2026-08-18 17:12:08.077",true,"[]",0,3
12238,3461,"2026-08-18 17:12:08.077",false,"[""RESTRICTED_HS_CODE""]",30,3
12239,2026,"2026-08-18 17:12:08.077",true,"[]",0,3
12240,5749,"2026-08-18 17:12:08.077",true,"[]",0,3
12241,7130,"2026-08-18 17:12:08.077",true,"[""DANGEROUS_GOODS""]",20,3
12242,2675,"2026-08-18 17:12:08.077",true,"[]",0,3
12243,4488,"2026-08-18 17:12:08.077",true,"[]",0,3
12244,9404,"2026-08-18 17:12:08.077",false,"[""RESTRICTED_HS_CODE""]",30,3
12245,6581,"2026-08-18 17:12:08.077",true,"[]",0,3
12246,7339,"2026-08-18 17:12:08.077",true,"[]",0,3
12247,1792,"2026-08-18 17:12:08.077",false,"[""RESTRICTED_HS_CODE""]",30,3
12248,3484,"2026-08-18 17:12:08.077",true,"[]",0,3
12249,5786,"2026-08-18 17:12:08.077",true,"[]",0,3
12250,6563,"2026-08-18 17:12:08.077",false,"[""RESTRICTED_HS_CODE""]",30,3
12251,9308,"2026-08-18 17:12:08.077",true,"[]",0,3
12252,5408,"2026-08-18 17:12:08.077",true,"[]",0,3
12253,181,"2026-08-18 17:12:08.077",true,"[]",0,3
12254,4244,"2026-08-18 17:12:08.077",true,"[]",0,3
12255,1641,"2026-08-18 17:12:08.077",true,"[]",0,3
12256,7833,"2026-08-18 17:12:08.077",true,"[]",0,3
12257,80,"2026-08-18 17:12:08.077",true,"[]",0,3
12258,9815,"2026-08-18 17:12:08.077",true,"[]",0,3
12259,8432,"2026-08-18 17:12:08.077",true,"[""DANGEROUS_GOODS""]",20,3
12260,7917,"2026-08-18 17:12:08.077",true,"[]",0,3
12261,671,"2026-08-18 17:12:08.077",false,"[""RESTRICTED_HS_CODE""]",30,3
12262,1757,"2026-08-18 17:12:08.077",false,"[""RESTRICTED_HS_CODE""]",30,3
12263,8353,"2026-08-18 17:12:08.077",true,"[]",0,3
12264,9992,"2026-08-18 17:12:08.077",true,"[]",0,3
12265,1803,"2026-08-18 17:12:08.077",true,"[""DANGEROUS_GOODS""]",20,3
12266,2962,"2026-08-18 17:12:08.077",true,"[]",0,3
12267,833,"2026-08-18 17:12:08.077",false,"[""RESTRICTED_HS_CODE""]",30,3
12268,8436,"2026-08-18 17:12:08.077",true,"[]",0,3
12269,9923,"2026-08-18 17:12:08.077",true,"[]",0,3
12270,8621,"2026-08-18 17:12:08.077",true,"[]",0,3
12271,3138,"2026-08-18 17:12:08.077",true,"[]",0,3
12272,2571,"2026-08-18 17:12:08.077",false,"[""RESTRICTED_HS_CODE""]",30,3
12273,3739,"2026-08-18 17:12:08.077",true,"[]",0,3
12274,4823,"2026-08-18 17:12:08.077",true,"[]",0,3
12275,1539,"2026-08-18 17:12:08.077",true,"[]",0,3
12276,3689,"2026-08-18 17:12:08.077",true,"[]",0,3
12277,9038,"2026-08-18 17:12:08.077",true,"[]",0,3
12278,9380,"2026-08-18 17:12:08.077",true,"[]",0,3
12279,5916,"2026-08-18 17:12:08.077",true,"[]",0,3
12280,6680,"2026-08-18 17:12:08.077",true,"[]",0,3
12281,2308,"2026-08-18 17:12:08.077",true,"[]",0,3
12282,6705,"2026-08-18 17:12:08.077",true,"[]",0,3
12283,4054,"2026-08-18 17:12:08.077",true,"[]",0,3
12284,6475,"2026-08-18 17:12:08.077",true,"[]",0,3
12285,4718,"2026-08-18 17:12:08.077",true,"[]",0,3
12286,7725,"2026-08-18 17:12:08.077",true,"[]",0,3
12287,69,"2026-08-18 17:12:08.077",true,"[]",0,3
12288,1243,"2026-08-18 17:12:08.077",false,"[""RESTRICTED_HS_CODE""]",30,3
12289,9500,"2026-08-18 17:12:08.077",true,"[]",0,3
12290,5119,"2026-08-18 17:12:08.077",false,"[""RESTRICTED_HS_CODE""]",30,3
12291,1862,"2026-08-18 17:12:08.077",true,"[]",0,3
12292,193,"2026-08-18 17:12:08.077",true,"[]",0,3
12293,3945,"2026-08-18 17:12:08.077",true,"[]",0,3
12294,3946,"2026-08-18 17:12:08.077",true,"[]",0,3
12295,7114,"2026-08-18 17:12:08.077",true,"[]",0,3
12296,8895,"2026-08-18 17:12:08.077",true,"[]",0,3
12297,1146,"2026-08-18 17:12:08.077",true,"[]",0,3
12298,8072,"2026-08-18 17:12:08.077",true,"[]",0,3
12299,3683,"2026-08-18 17:12:08.077",false,"[""RESTRICTED_HS_CODE""]",30,3
12300,9827,"2026-08-18 17:12:08.077",true,"[]",0,3
12301,6615,"2026-08-18 17:12:08.077",false,"[""RESTRICTED_HS_CODE"",""DANGEROUS_GOODS""]",50,3
12302,2173,"2026-08-18 17:12:08.077",true,"[]",0,3
12303,6126,"2026-08-18 17:12:08.077",false,"[""RESTRICTED_HS_CODE""]",30,3
12304,4421,"2026-08-18 17:12:08.077",true,"[]",0,3
12305,5392,"2026-08-18 17:12:08.077",true,"[]",0,3
12306,4095,"2026-08-18 17:12:08.077",false,"[""RESTRICTED_HS_CODE""]",30,3
12307,3033,"2026-08-18 17:12:08.077",false,"[""RESTRICTED_HS_CODE""]",30,3
12308,4548,"2026-08-18 17:12:08.077",true,"[]",0,3
12309,6309,"2026-08-18 17:12:08.077",true,"[]",0,3
12310,9405,"2026-08-18 17:12:08.077",true,"[]",0,3
12311,2158,"2026-08-18 17:12:08.077",true,"[]",0,3
12312,9247,"2026-08-18 17:12:08.077",true,"[]",0,3
12313,9985,"2026-08-18 17:12:08.077",true,"[]",0,3
12314,514,"2026-08-18 17:12:08.077",false,"[""RESTRICTED_HS_CODE""]",30,3
12315,1581,"2026-08-18 17:12:08.077",true,"[]",0,3
12316,309,"2026-08-18 17:12:08.077",false,"[""RESTRICTED_HS_CODE""]",30,3
12317,9641,"2026-08-18 17:12:08.077",true,"[]",0,3
12318,5153,"2026-08-18 17:12:08.077",true,"[]",0,3
12319,8182,"2026-08-18 17:12:08.077",true,"[]",0,3
12320,3923,"2026-08-18 17:12:08.077",true,"[]",0,3
12321,3329,"2026-08-18 17:12:08.077",true,"[]",0,3
12322,9987,"2026-08-18 17:12:08.077",true,"[]",0,3
12323,6138,"2026-08-18 17:12:08.077",false,"[""RESTRICTED_HS_CODE""]",30,3
12324,3151,"2026-08-18 17:12:08.077",false,"[""RESTRICTED_HS_CODE""]",30,3
12325,9519,"2026-08-18 17:12:08.077",true,"[]",0,3
12326,4419,"2026-08-18 17:12:08.077",true,"[]",0,3
12327,9101,"2026-08-18 17:12:08.077",true,"[]",0,3
12328,7122,"2026-08-18 17:12:08.077",true,"[]",0,3
12329,800,"2026-08-18 17:12:08.077",true,"[]",0,3
12330,7113,"2026-08-18 17:12:08.077",true,"[]",0,3
12331,1105,"2026-08-18 17:12:08.077",true,"[]",0,3
12332,6577,"2026-08-18 17:12:08.077",true,"[]",0,3
12333,1506,"2026-08-18 17:12:08.077",true,"[]",0,3
12334,2856,"2026-08-18 17:12:08.077",true,"[]",0,3
12335,5170,"2026-08-18 17:12:08.077",true,"[]",0,3
12336,6976,"2026-08-18 17:12:08.077",true,"[]",0,3
12337,5790,"2026-08-18 17:12:08.077",true,"[]",0,3
12338,6052,"2026-08-18 17:12:08.077",true,"[]",0,3
12339,1474,"2026-08-18 17:12:08.077",true,"[]",0,3
12340,2988,"2026-08-18 17:12:08.077",true,"[]",0,3
12341,928,"2026-08-18 17:12:08.077",true,"[]",0,3
12342,213,"2026-08-18 17:12:08.077",true,"[]",0,3
12343,6270,"2026-08-18 17:12:08.077",true,"[]",0,3
12344,2476,"2026-08-18 17:12:08.077",true,"[]",0,3
12345,7879,"2026-08-18 17:12:08.077",true,"[]",0,3
12346,7330,"2026-08-18 17:12:08.077",true,"[]",0,3
12347,4999,"2026-08-18 17:12:08.077",true,"[]",0,3
12348,9958,"2026-08-18 17:12:08.077",false,"[""RESTRICTED_HS_CODE"",""DANGEROUS_GOODS""]",50,3
12349,8336,"2026-08-18 17:12:08.077",true,"[]",0,3
12350,5673,"2026-08-18 17:12:08.077",true,"[]",0,3
12351,8217,"2026-08-18 17:12:08.077",true,"[]",0,3
12352,3424,"2026-08-18 17:12:08.077",true,"[""DANGEROUS_GOODS""]",20,3
12353,9928,"2026-08-18 17:12:08.077",true,"[]",0,3
12354,7188,"2026-08-18 17:12:08.077",true,"[]",0,3
12355,6654,"2026-08-18 17:12:08.077",true,"[]",0,3
12356,9717,"2026-08-18 17:12:08.077",true,"[]",0,3
12357,5646,"2026-08-18 17:12:08.077",true,"[]",0,3
12358,8141,"2026-08-18 17:12:08.077",true,"[]",0,3
12359,4920,"2026-08-18 17:12:08.077",true,"[]",0,3
12360,9448,"2026-08-18 17:12:08.077",true,"[]",0,3
12361,1991,"2026-08-18 17:12:08.077",false,"[""RESTRICTED_HS_CODE""]",30,3
12362,5506,"2026-08-18 17:12:08.077",false,"[""RESTRICTED_HS_CODE""]",30,3
12363,2609,"2026-08-18 17:12:08.077",true,"[]",0,3
12364,1299,"2026-08-18 17:12:08.077",true,"[]",0,3
12365,3527,"2026-08-18 17:12:08.077",true,"[]",0,3
12366,399,"2026-08-18 17:12:08.077",true,"[]",0,3
12367,7048,"2026-08-18 17:12:08.077",false,"[""RESTRICTED_HS_CODE""]",30,3
12368,6194,"2026-08-18 17:12:08.077",true,"[]",0,3
12369,5494,"2026-08-18 17:12:08.077",true,"[]",0,3
12370,2550,"2026-08-18 17:12:08.077",false,"[""RESTRICTED_HS_CODE""]",30,3
12371,4721,"2026-08-18 17:12:08.077",true,"[]",0,3
12372,2287,"2026-08-18 17:12:08.077",true,"[]",0,3
12373,1785,"2026-08-18 17:12:08.077",true,"[]",0,3
12374,6996,"2026-08-18 17:12:08.077",true,"[]",0,3
12375,7284,"2026-08-18 17:12:08.077",false,"[""RESTRICTED_HS_CODE""]",30,3
12376,4667,"2026-08-18 17:12:08.077",true,"[""DANGEROUS_GOODS""]",20,3
12377,8216,"2026-08-18 17:12:08.077",true,"[]",0,3
12378,1700,"2026-08-18 17:12:08.077",true,"[]",0,3
12379,687,"2026-08-18 17:12:08.077",true,"[]",0,3
12380,4434,"2026-08-18 17:12:08.077",true,"[]",0,3
12381,2504,"2026-08-18 17:12:08.077",true,"[]",0,3
12382,129,"2026-08-18 17:12:08.077",false,"[""RESTRICTED_HS_CODE""]",30,3
12383,4019,"2026-08-18 17:12:08.077",true,"[]",0,3
12384,8751,"2026-08-18 17:12:08.077",true,"[]",0,3
12385,385,"2026-08-18 17:12:08.077",true,"[]",0,3
12386,5396,"2026-08-18 17:12:08.077",true,"[]",0,3
12387,8077,"2026-08-18 17:12:08.077",true,"[]",0,3
12388,5803,"2026-08-18 17:12:08.077",true,"[]",0,3
12389,2701,"2026-08-18 17:12:08.077",true,"[]",0,3
12390,8786,"2026-08-18 17:12:08.077",false,"[""RESTRICTED_HS_CODE""]",30,3
12391,2729,"2026-08-18 17:12:08.077",true,"[]",0,3
12392,6050,"2026-08-18 17:12:08.077",false,"[""RESTRICTED_HS_CODE""]",30,3
12393,9534,"2026-08-18 17:12:08.077",false,"[""RESTRICTED_HS_CODE""]",30,3
12394,2804,"2026-08-18 17:12:08.077",true,"[""DANGEROUS_GOODS""]",20,3
12395,4544,"2026-08-18 17:12:08.077",true,"[]",0,3
12396,8903,"2026-08-18 17:12:08.077",true,"[]",0,3
12397,9182,"2026-08-18 17:12:08.077",true,"[]",0,3
12398,4485,"2026-08-18 17:12:08.077",true,"[]",0,3
12399,6248,"2026-08-18 17:12:08.077",true,"[]",0,3
12400,8213,"2026-08-18 17:12:08.077",true,"[]",0,3
12401,23,"2026-08-18 17:12:08.077",true,"[""DANGEROUS_GOODS""]",20,3
12402,7448,"2026-08-18 17:12:08.077",false,"[""RESTRICTED_HS_CODE""]",30,3
12403,781,"2026-08-18 17:12:08.077",true,"[]",0,3
12404,7935,"2026-08-18 17:12:08.077",true,"[]",0,3
12405,718,"2026-08-18 17:12:08.077",true,"[]",0,3
12406,2246,"2026-08-18 17:12:08.077",true,"[]",0,3
12407,9100,"2026-08-18 17:12:08.077",true,"[]",0,3
12408,3327,"2026-08-18 17:12:08.077",true,"[]",0,3
12409,3743,"2026-08-18 17:12:08.077",true,"[]",0,3
12410,7607,"2026-08-18 17:12:08.077",true,"[]",0,3
12411,7536,"2026-08-18 17:12:08.077",true,"[]",0,3
12412,6404,"2026-08-18 17:12:08.077",true,"[]",0,3
12413,9927,"2026-08-18 17:12:08.077",true,"[]",0,3
12414,8486,"2026-08-18 17:12:08.077",true,"[]",0,3
12415,5029,"2026-08-18 17:12:08.077",true,"[]",0,3
12416,259,"2026-08-18 17:12:08.077",true,"[]",0,3
12417,3030,"2026-08-18 17:12:08.077",true,"[]",0,3
12418,1221,"2026-08-18 17:12:08.077",true,"[]",0,3
12419,4567,"2026-08-18 17:12:08.077",true,"[]",0,3
12420,391,"2026-08-18 17:12:08.077",true,"[]",0,3
12421,104,"2026-08-18 17:12:08.077",false,"[""RESTRICTED_HS_CODE""]",30,3
12422,6600,"2026-08-18 17:12:08.077",true,"[]",0,3
12423,9602,"2026-08-18 17:12:08.077",true,"[]",0,3
12424,6971,"2026-08-18 17:12:08.077",true,"[]",0,3
12425,28,"2026-08-18 17:12:08.077",true,"[""DANGEROUS_GOODS""]",20,3
12426,7204,"2026-08-18 17:12:08.077",true,"[]",0,3
12427,194,"2026-08-18 17:12:08.077",true,"[]",0,3
12428,1328,"2026-08-18 17:12:08.077",true,"[]",0,3
12429,1605,"2026-08-18 17:12:08.077",true,"[]",0,3
12430,5120,"2026-08-18 17:12:08.077",true,"[]",0,3
12431,5489,"2026-08-18 17:12:08.077",true,"[]",0,3
12432,8417,"2026-08-18 17:12:08.077",true,"[]",0,3
12433,9164,"2026-08-18 17:12:08.077",false,"[""RESTRICTED_HS_CODE""]",30,3
12434,3909,"2026-08-18 17:12:08.077",true,"[]",0,3
12435,2111,"2026-08-18 17:12:08.077",false,"[""RESTRICTED_HS_CODE""]",30,3
12436,6367,"2026-08-18 17:12:08.077",true,"[]",0,3
12437,178,"2026-08-18 17:12:08.077",true,"[]",0,3
12438,2572,"2026-08-18 17:12:08.077",true,"[]",0,3
12439,9935,"2026-08-18 17:12:08.077",true,"[]",0,3
12440,5209,"2026-08-18 17:12:08.077",true,"[]",0,3
12441,878,"2026-08-18 17:12:08.077",true,"[]",0,3
12442,3622,"2026-08-18 17:12:08.077",true,"[]",0,3
12443,3673,"2026-08-18 17:12:08.077",true,"[]",0,3
12444,5782,"2026-08-18 17:12:08.077",true,"[]",0,3
12445,5202,"2026-08-18 17:12:08.077",true,"[]",0,3
12446,2803,"2026-08-18 17:12:08.077",true,"[]",0,3
12447,2225,"2026-08-18 17:12:08.077",true,"[]",0,3
12448,4627,"2026-08-18 17:12:08.077",false,"[""RESTRICTED_HS_CODE""]",30,3
12449,4293,"2026-08-18 17:12:08.077",true,"[]",0,3
12450,4386,"2026-08-18 17:12:08.077",true,"[]",0,3
12451,7083,"2026-08-18 17:12:08.077",true,"[]",0,3
12452,4174,"2026-08-18 17:12:08.077",true,"[]",0,3
12453,6492,"2026-08-18 17:12:08.077",true,"[]",0,3
12454,1152,"2026-08-18 17:12:08.077",true,"[]",0,3
12455,4557,"2026-08-18 17:12:08.077",true,"[]",0,3
12456,4396,"2026-08-18 17:12:08.077",true,"[]",0,3
12457,4523,"2026-08-18 17:12:08.077",true,"[]",0,3
12458,2021,"2026-08-18 17:12:08.077",true,"[]",0,3
12459,3437,"2026-08-18 17:12:08.077",true,"[]",0,3
12460,5979,"2026-08-18 17:12:08.077",true,"[]",0,3
12461,6218,"2026-08-18 17:12:08.077",true,"[]",0,3
12462,9028,"2026-08-18 17:12:08.077",false,"[""RESTRICTED_HS_CODE""]",30,3
12463,5049,"2026-08-18 17:12:08.077",false,"[""RESTRICTED_HS_CODE""]",30,3
12464,8024,"2026-08-18 17:12:08.077",true,"[]",0,3
12465,4800,"2026-08-18 17:12:08.077",true,"[]",0,3
12466,1604,"2026-08-18 17:12:08.077",true,"[]",0,3
12467,8759,"2026-08-18 17:12:08.077",true,"[]",0,3
12468,4051,"2026-08-18 17:12:08.077",false,"[""RESTRICTED_HS_CODE""]",30,3
12469,4262,"2026-08-18 17:12:08.077",true,"[]",0,3
12470,6797,"2026-08-18 17:12:08.077",true,"[]",0,3
12471,4558,"2026-08-18 17:12:08.077",true,"[]",0,3
12472,9056,"2026-08-18 17:12:08.077",true,"[]",0,3
12473,3985,"2026-08-18 17:12:08.077",true,"[]",0,3
12474,8172,"2026-08-18 17:12:08.077",false,"[""RESTRICTED_HS_CODE""]",30,3
12475,5505,"2026-08-18 17:12:08.077",true,"[]",0,3
12476,2186,"2026-08-18 17:12:08.077",true,"[]",0,3
12477,2618,"2026-08-18 17:12:08.077",true,"[]",0,3
12478,4873,"2026-08-18 17:12:08.077",true,"[]",0,3
12479,3737,"2026-08-18 17:12:08.077",true,"[]",0,3
12480,4177,"2026-08-18 17:12:08.077",true,"[]",0,3
12481,6097,"2026-08-18 17:12:08.077",false,"[""RESTRICTED_HS_CODE""]",30,3
12482,5860,"2026-08-18 17:12:08.077",true,"[]",0,3
12483,2256,"2026-08-18 17:12:08.077",false,"[""RESTRICTED_HS_CODE""]",30,3
12484,621,"2026-08-18 17:12:08.077",true,"[""DANGEROUS_GOODS""]",20,3
12485,5934,"2026-08-18 17:12:08.077",true,"[]",0,3
12486,2398,"2026-08-18 17:12:08.077",true,"[]",0,3
12487,890,"2026-08-18 17:12:08.077",true,"[]",0,3
12488,67,"2026-08-18 17:12:08.077",true,"[]",0,3
12489,5890,"2026-08-18 17:12:08.077",true,"[]",0,3
12490,3249,"2026-08-18 17:12:08.077",true,"[]",0,3
12491,6713,"2026-08-18 17:12:08.077",false,"[""RESTRICTED_HS_CODE""]",30,3
12492,3741,"2026-08-18 17:12:08.077",true,"[]",0,3
12493,8698,"2026-08-18 17:12:08.077",true,"[]",0,3
12494,2557,"2026-08-18 17:12:08.077",true,"[]",0,3
12495,8345,"2026-08-18 17:12:08.077",false,"[""RESTRICTED_HS_CODE""]",30,3
12496,9533,"2026-08-18 17:12:08.077",true,"[""DANGEROUS_GOODS""]",20,3
12497,46,"2026-08-18 17:12:08.077",true,"[]",0,3
12498,7535,"2026-08-18 17:12:08.077",true,"[]",0,3
12499,4987,"2026-08-18 17:12:08.077",true,"[]",0,3
12500,5770,"2026-08-18 17:12:08.077",true,"[]",0,3
12501,5261,"2026-08-18 17:12:08.077",true,"[]",0,3
12502,8233,"2026-08-18 17:12:08.077",true,"[]",0,3
12503,1060,"2026-08-18 17:12:08.077",true,"[]",0,3
12504,9738,"2026-08-18 17:12:08.077",true,"[]",0,3
12505,573,"2026-08-18 17:12:08.077",true,"[]",0,3
12506,1322,"2026-08-18 17:12:08.077",true,"[""DANGEROUS_GOODS""]",20,3
12507,9472,"2026-08-18 17:12:08.077",true,"[]",0,3
12508,2748,"2026-08-18 17:12:08.077",true,"[]",0,3
12509,4839,"2026-08-18 17:12:08.077",true,"[]",0,3
12510,4803,"2026-08-18 17:12:08.077",false,"[""RESTRICTED_HS_CODE""]",30,3
12511,9269,"2026-08-18 17:12:08.077",true,"[]",0,3
12512,9610,"2026-08-18 17:12:08.077",true,"[""DANGEROUS_GOODS""]",20,3
12513,9169,"2026-08-18 17:12:08.077",true,"[]",0,3
12514,9584,"2026-08-18 17:12:08.077",true,"[]",0,3
12515,97,"2026-08-18 17:12:08.077",true,"[]",0,3
12516,6613,"2026-08-18 17:12:08.077",true,"[]",0,3
12517,4815,"2026-08-18 17:12:08.077",true,"[""DANGEROUS_GOODS""]",20,3
12518,1904,"2026-08-18 17:12:08.077",false,"[""RESTRICTED_HS_CODE""]",30,3
12519,9722,"2026-08-18 17:12:08.077",true,"[]",0,3
12520,1778,"2026-08-18 17:12:08.077",true,"[]",0,3
12521,1689,"2026-08-18 17:12:08.077",true,"[]",0,3
12522,5842,"2026-08-18 17:12:08.077",true,"[]",0,3
12523,2530,"2026-08-18 17:12:08.077",true,"[]",0,3
12524,626,"2026-08-18 17:12:08.077",true,"[]",0,3
12525,8814,"2026-08-18 17:12:08.077",true,"[]",0,3
12526,7498,"2026-08-18 17:12:08.077",true,"[]",0,3
12527,6751,"2026-08-18 17:12:08.077",false,"[""RESTRICTED_HS_CODE""]",30,3
12528,1173,"2026-08-18 17:12:08.077",true,"[]",0,3
12529,3646,"2026-08-18 17:12:08.077",true,"[]",0,3
12530,2162,"2026-08-18 17:12:08.077",true,"[]",0,3
12531,4851,"2026-08-18 17:12:08.077",true,"[""DANGEROUS_GOODS""]",20,3
12532,5340,"2026-08-18 17:12:08.077",true,"[""DANGEROUS_GOODS""]",20,3
12533,1248,"2026-08-18 17:12:08.077",true,"[]",0,3
12534,9412,"2026-08-18 17:12:08.077",true,"[]",0,3
12535,2948,"2026-08-18 17:12:08.077",true,"[]",0,3
12536,9136,"2026-08-18 17:12:08.077",false,"[""RESTRICTED_HS_CODE""]",30,3
12537,569,"2026-08-18 17:12:08.077",true,"[]",0,3
12538,2463,"2026-08-18 17:12:08.077",true,"[]",0,3
12539,6513,"2026-08-18 17:12:08.077",true,"[]",0,3
12540,2759,"2026-08-18 17:12:08.077",true,"[]",0,3
12541,677,"2026-08-18 17:12:08.077",true,"[]",0,3
12542,8346,"2026-08-18 17:12:08.077",true,"[""DANGEROUS_GOODS""]",20,3
12543,7350,"2026-08-18 17:12:08.077",false,"[""RESTRICTED_HS_CODE"",""DANGEROUS_GOODS""]",50,3
12544,9643,"2026-08-18 17:12:08.077",true,"[""DANGEROUS_GOODS""]",20,3
12545,3487,"2026-08-18 17:12:08.077",true,"[""DANGEROUS_GOODS""]",20,3
12546,5653,"2026-08-18 17:12:08.077",true,"[]",0,3
12547,9832,"2026-08-18 17:12:08.077",false,"[""RESTRICTED_HS_CODE""]",30,3
12548,7489,"2026-08-18 17:12:08.077",true,"[]",0,3
12549,9005,"2026-08-18 17:12:08.077",true,"[]",0,3
12550,656,"2026-08-18 17:12:08.077",true,"[]",0,3
12551,8404,"2026-08-18 17:12:08.077",true,"[]",0,3
12552,6558,"2026-08-18 17:12:08.077",true,"[]",0,3
12553,3235,"2026-08-18 17:12:08.077",true,"[]",0,3
12554,6189,"2026-08-18 17:12:08.077",true,"[]",0,3
12555,4649,"2026-08-18 17:12:08.077",false,"[""RESTRICTED_HS_CODE""]",30,3
12556,9864,"2026-08-18 17:12:08.077",false,"[""RESTRICTED_HS_CODE""]",30,3
12557,3288,"2026-08-18 17:12:08.077",true,"[]",0,3
12558,2629,"2026-08-18 17:12:08.077",true,"[]",0,3
12559,5453,"2026-08-18 17:12:08.077",true,"[]",0,3
12560,3326,"2026-08-18 17:12:08.077",true,"[]",0,3
12561,4343,"2026-08-18 17:12:08.077",true,"[]",0,3
12562,4303,"2026-08-18 17:12:08.077",true,"[]",0,3
12563,1323,"2026-08-18 17:12:08.077",true,"[]",0,3
12564,721,"2026-08-18 17:12:08.077",true,"[]",0,3
12565,1874,"2026-08-18 17:12:08.077",true,"[]",0,3
12566,2404,"2026-08-18 17:12:08.077",true,"[]",0,3
12567,4009,"2026-08-18 17:12:08.077",false,"[""RESTRICTED_HS_CODE""]",30,3
12568,7843,"2026-08-18 17:12:08.077",true,"[]",0,3
12569,6595,"2026-08-18 17:12:08.077",true,"[]",0,3
12570,8098,"2026-08-18 17:12:08.077",true,"[""DANGEROUS_GOODS""]",20,3
12571,6699,"2026-08-18 17:12:08.077",true,"[]",0,3
12572,6598,"2026-08-18 17:12:08.077",true,"[]",0,3
12573,4266,"2026-08-18 17:12:08.077",true,"[]",0,3
12574,4797,"2026-08-18 17:12:08.077",true,"[]",0,3
12575,281,"2026-08-18 17:12:08.077",true,"[]",0,3
12576,3293,"2026-08-18 17:12:08.077",false,"[""RESTRICTED_HS_CODE"",""DANGEROUS_GOODS""]",50,3
12577,725,"2026-08-18 17:12:08.077",true,"[]",0,3
12578,5237,"2026-08-18 17:12:08.077",true,"[""DANGEROUS_GOODS""]",20,3
12579,9861,"2026-08-18 17:12:08.077",true,"[]",0,3
12580,3693,"2026-08-18 17:12:08.077",true,"[]",0,3
12581,3637,"2026-08-18 17:12:08.077",true,"[]",0,3
12582,2119,"2026-08-18 17:12:08.077",true,"[]",0,3
12583,5381,"2026-08-18 17:12:08.077",true,"[]",0,3
12584,1253,"2026-08-18 17:12:08.077",true,"[]",0,3
12585,4240,"2026-08-18 17:12:08.077",true,"[]",0,3
12586,7340,"2026-08-18 17:12:08.077",true,"[]",0,3
12587,3733,"2026-08-18 17:12:08.077",true,"[""DANGEROUS_GOODS""]",20,3
12588,2367,"2026-08-18 17:12:08.077",true,"[]",0,3
12589,5135,"2026-08-18 17:12:08.077",true,"[]",0,3
12590,8773,"2026-08-18 17:12:08.077",false,"[""RESTRICTED_HS_CODE""]",30,3
12591,9275,"2026-08-18 17:12:08.077",true,"[]",0,3
12592,7987,"2026-08-18 17:12:08.077",true,"[]",0,3
12593,1630,"2026-08-18 17:12:08.077",true,"[]",0,3
12594,2999,"2026-08-18 17:12:08.077",true,"[]",0,3
12595,9348,"2026-08-18 17:12:08.077",true,"[]",0,3
12596,2593,"2026-08-18 17:12:08.077",true,"[]",0,3
12597,8175,"2026-08-18 17:12:08.077",true,"[]",0,3
12598,2437,"2026-08-18 17:12:08.077",true,"[]",0,3
12599,948,"2026-08-18 17:12:08.077",false,"[""RESTRICTED_HS_CODE""]",30,3
12600,6461,"2026-08-18 17:12:08.077",true,"[]",0,3
12601,2058,"2026-08-18 17:12:08.077",true,"[]",0,3
12602,2212,"2026-08-18 17:12:08.077",true,"[]",0,3
12603,5434,"2026-08-18 17:12:08.077",true,"[]",0,3
12604,5091,"2026-08-18 17:12:08.077",true,"[]",0,3
12605,5384,"2026-08-18 17:12:08.077",true,"[]",0,3
12606,761,"2026-08-18 17:12:08.077",true,"[]",0,3
12607,7075,"2026-08-18 17:12:08.077",true,"[]",0,3
12608,8988,"2026-08-18 17:12:08.077",true,"[]",0,3
12609,9249,"2026-08-18 17:12:08.077",true,"[]",0,3
12610,372,"2026-08-18 17:12:08.077",true,"[]",0,3
12611,4761,"2026-08-18 17:12:08.077",true,"[]",0,3
12612,3847,"2026-08-18 17:12:08.077",true,"[]",0,3
12613,1522,"2026-08-18 17:12:08.077",true,"[]",0,3
12614,7617,"2026-08-18 17:12:08.077",true,"[]",0,3
12615,7382,"2026-08-18 17:12:08.077",true,"[]",0,3
12616,2218,"2026-08-18 17:12:08.077",true,"[]",0,3
12617,4909,"2026-08-18 17:12:08.077",false,"[""RESTRICTED_HS_CODE""]",30,3
12618,5548,"2026-08-18 17:12:08.077",false,"[""RESTRICTED_HS_CODE""]",30,3
12619,1597,"2026-08-18 17:12:08.077",true,"[]",0,3
12620,3722,"2026-08-18 17:12:08.077",true,"[]",0,3
12621,7877,"2026-08-18 17:12:08.077",false,"[""RESTRICTED_HS_CODE""]",30,3
12622,7285,"2026-08-18 17:12:08.077",true,"[]",0,3
12623,9330,"2026-08-18 17:12:08.077",true,"[]",0,3
12624,9227,"2026-08-18 17:12:08.077",true,"[]",0,3
12625,8203,"2026-08-18 17:12:08.077",true,"[]",0,3
12626,9550,"2026-08-18 17:12:08.077",true,"[]",0,3
12627,4427,"2026-08-18 17:12:08.077",true,"[]",0,3
12628,4995,"2026-08-18 17:12:08.077",true,"[]",0,3
12629,3112,"2026-08-18 17:12:08.077",true,"[]",0,3
12630,3642,"2026-08-18 17:12:08.077",true,"[]",0,3
12631,9731,"2026-08-18 17:12:08.077",true,"[]",0,3
12632,7848,"2026-08-18 17:12:08.077",true,"[]",0,3
12633,5771,"2026-08-18 17:12:08.077",true,"[]",0,3
12634,5235,"2026-08-18 17:12:08.077",true,"[]",0,3
12635,6876,"2026-08-18 17:12:08.077",true,"[]",0,3
12636,5704,"2026-08-18 17:12:08.077",true,"[]",0,3
12637,420,"2026-08-18 17:12:08.077",true,"[]",0,3
12638,9638,"2026-08-18 17:12:08.077",true,"[]",0,3
12639,9980,"2026-08-18 17:12:08.077",true,"[]",0,3
12640,771,"2026-08-18 17:12:08.077",true,"[]",0,3
12641,2189,"2026-08-18 17:12:08.077",false,"[""RESTRICTED_HS_CODE""]",30,3
12642,4063,"2026-08-18 17:12:08.077",true,"[]",0,3
12643,1385,"2026-08-18 17:12:08.077",true,"[]",0,3
12644,4129,"2026-08-18 17:12:08.077",true,"[]",0,3
12645,6429,"2026-08-18 17:12:08.077",true,"[]",0,3
12646,7584,"2026-08-18 17:12:08.077",true,"[""DANGEROUS_GOODS""]",20,3
12647,256,"2026-08-18 17:12:08.077",true,"[]",0,3
12648,9531,"2026-08-18 17:12:08.077",true,"[]",0,3
12649,2670,"2026-08-18 17:12:08.077",true,"[]",0,3
12650,1403,"2026-08-18 17:12:08.077",true,"[]",0,3
12651,2311,"2026-08-18 17:12:08.077",true,"[]",0,3
12652,6952,"2026-08-18 17:12:08.077",true,"[]",0,3
12653,8019,"2026-08-18 17:12:08.077",true,"[]",0,3
12654,3470,"2026-08-18 17:12:08.077",false,"[""RESTRICTED_HS_CODE""]",30,3
12655,9825,"2026-08-18 17:12:08.077",true,"[]",0,3
12656,8004,"2026-08-18 17:12:08.077",true,"[]",0,3
12657,5936,"2026-08-18 17:12:08.077",false,"[""RESTRICTED_HS_CODE""]",30,3
12658,5432,"2026-08-18 17:12:08.077",true,"[]",0,3
12659,1183,"2026-08-18 17:12:08.077",true,"[]",0,3
12660,7238,"2026-08-18 17:12:08.077",true,"[]",0,3
12661,8249,"2026-08-18 17:12:08.077",true,"[]",0,3
12662,6918,"2026-08-18 17:12:08.077",true,"[]",0,3
12663,3009,"2026-08-18 17:12:08.077",true,"[]",0,3
12664,6369,"2026-08-18 17:12:08.077",true,"[]",0,3
12665,3997,"2026-08-18 17:12:08.077",true,"[]",0,3
12666,9669,"2026-08-18 17:12:08.077",true,"[]",0,3
12667,1886,"2026-08-18 17:12:08.077",true,"[]",0,3
12668,5556,"2026-08-18 17:12:08.077",true,"[]",0,3
12669,108,"2026-08-18 17:12:08.077",true,"[]",0,3
12670,3186,"2026-08-18 17:12:08.077",true,"[]",0,3
12671,6104,"2026-08-18 17:12:08.077",true,"[]",0,3
12672,7013,"2026-08-18 17:12:08.077",true,"[]",0,3
12673,7913,"2026-08-18 17:12:08.077",true,"[]",0,3
12674,7464,"2026-08-18 17:12:08.077",true,"[]",0,3
12675,3629,"2026-08-18 17:12:08.077",true,"[]",0,3
12676,5406,"2026-08-18 17:12:08.077",true,"[]",0,3
12677,3651,"2026-08-18 17:12:08.077",true,"[]",0,3
12678,1888,"2026-08-18 17:12:08.077",true,"[]",0,3
12679,5958,"2026-08-18 17:12:08.077",true,"[]",0,3
12680,3713,"2026-08-18 17:12:08.077",true,"[]",0,3
12681,4586,"2026-08-18 17:12:08.077",false,"[""RESTRICTED_HS_CODE""]",30,3
12682,4026,"2026-08-18 17:12:08.077",true,"[]",0,3
12683,7911,"2026-08-18 17:12:08.077",true,"[]",0,3
12684,937,"2026-08-18 17:12:08.077",true,"[]",0,3
12685,4950,"2026-08-18 17:12:08.077",true,"[]",0,3
12686,2881,"2026-08-18 17:12:08.077",true,"[]",0,3
12687,2035,"2026-08-18 17:12:08.077",true,"[]",0,3
12688,3712,"2026-08-18 17:12:08.077",true,"[]",0,3
12689,8269,"2026-08-18 17:12:08.077",true,"[]",0,3
12690,7065,"2026-08-18 17:12:08.077",false,"[""RESTRICTED_HS_CODE""]",30,3
12691,9870,"2026-08-18 17:12:08.077",true,"[]",0,3
12692,87,"2026-08-18 17:12:08.077",false,"[""RESTRICTED_HS_CODE""]",30,3
12693,3549,"2026-08-18 17:12:08.077",true,"[]",0,3
12694,6412,"2026-08-18 17:12:08.077",true,"[]",0,3
12695,8581,"2026-08-18 17:12:08.077",true,"[]",0,3
12696,6146,"2026-08-18 17:12:08.077",true,"[]",0,3
12697,8463,"2026-08-18 17:12:08.077",true,"[""DANGEROUS_GOODS""]",20,3
12698,6415,"2026-08-18 17:12:08.077",false,"[""RESTRICTED_HS_CODE""]",30,3
12699,4588,"2026-08-18 17:12:08.077",true,"[]",0,3
12700,2050,"2026-08-18 17:12:08.077",true,"[]",0,3
12701,4219,"2026-08-18 17:12:08.077",true,"[]",0,3
12702,5308,"2026-08-18 17:12:08.077",true,"[]",0,3
12703,9695,"2026-08-18 17:12:08.077",true,"[]",0,3
12704,3207,"2026-08-18 17:12:08.077",true,"[]",0,3
12705,6489,"2026-08-18 17:12:08.077",false,"[""RESTRICTED_HS_CODE""]",30,3
12706,645,"2026-08-18 17:12:08.077",false,"[""RESTRICTED_HS_CODE"",""DANGEROUS_GOODS""]",50,3
12707,3520,"2026-08-18 17:12:08.077",true,"[]",0,3
12708,190,"2026-08-18 17:12:08.077",true,"[]",0,3
12709,9359,"2026-08-18 17:12:08.077",false,"[""RESTRICTED_HS_CODE""]",30,3
12710,8241,"2026-08-18 17:12:08.077",false,"[""RESTRICTED_HS_CODE""]",30,3
12711,5129,"2026-08-18 17:12:08.077",true,"[]",0,3
12712,7753,"2026-08-18 17:12:08.077",true,"[]",0,3
12713,459,"2026-08-18 17:12:08.077",true,"[]",0,3
12714,6469,"2026-08-18 17:12:08.077",true,"[]",0,3
12715,3430,"2026-08-18 17:12:08.077",true,"[]",0,3
12716,422,"2026-08-18 17:12:08.077",true,"[]",0,3
12717,330,"2026-08-18 17:12:08.077",false,"[""RESTRICTED_HS_CODE""]",30,3
12718,8315,"2026-08-18 17:12:08.077",true,"[]",0,3
12719,7084,"2026-08-18 17:12:08.077",true,"[]",0,3
12720,9342,"2026-08-18 17:12:08.077",false,"[""RESTRICTED_HS_CODE""]",30,3
12721,7809,"2026-08-18 17:12:08.077",true,"[]",0,3
12722,5636,"2026-08-18 17:12:08.077",true,"[]",0,3
12723,6676,"2026-08-18 17:12:08.077",true,"[]",0,3
12724,9103,"2026-08-18 17:12:08.077",true,"[]",0,3
12725,1970,"2026-08-18 17:12:08.077",true,"[]",0,3
12726,6526,"2026-08-18 17:12:08.077",true,"[]",0,3
12727,3429,"2026-08-18 17:12:08.077",true,"[]",0,3
12728,9818,"2026-08-18 17:12:08.077",true,"[]",0,3
12729,6596,"2026-08-18 17:12:08.077",true,"[]",0,3
12730,5775,"2026-08-18 17:12:08.077",true,"[]",0,3
12731,3699,"2026-08-18 17:12:08.077",true,"[]",0,3
12732,8134,"2026-08-18 17:12:08.077",false,"[""RESTRICTED_HS_CODE""]",30,3
12733,9233,"2026-08-18 17:12:08.077",true,"[]",0,3
12734,5364,"2026-08-18 17:12:08.077",true,"[]",0,3
12735,1134,"2026-08-18 17:12:08.077",true,"[]",0,3
12736,5739,"2026-08-18 17:12:08.077",true,"[]",0,3
12737,3377,"2026-08-18 17:12:08.077",true,"[]",0,3
12738,5962,"2026-08-18 17:12:08.077",true,"[]",0,3
12739,314,"2026-08-18 17:12:08.077",true,"[]",0,3
12740,4905,"2026-08-18 17:12:08.077",true,"[]",0,3
12741,1246,"2026-08-18 17:12:08.077",true,"[]",0,3
12742,5047,"2026-08-18 17:12:08.077",true,"[]",0,3
12743,4933,"2026-08-18 17:12:08.077",true,"[]",0,3
12744,8124,"2026-08-18 17:12:08.077",true,"[]",0,3
12745,9391,"2026-08-18 17:12:08.077",true,"[]",0,3
12746,692,"2026-08-18 17:12:08.077",true,"[]",0,3
12747,6800,"2026-08-18 17:12:08.077",false,"[""RESTRICTED_HS_CODE""]",30,3
12748,4650,"2026-08-18 17:12:08.077",true,"[]",0,3
12749,9231,"2026-08-18 17:12:08.077",true,"[]",0,3
12750,4235,"2026-08-18 17:12:08.077",true,"[]",0,3
12751,6120,"2026-08-18 17:12:08.077",true,"[]",0,3
12752,7920,"2026-08-18 17:12:08.077",true,"[]",0,3
12753,2917,"2026-08-18 17:12:08.077",false,"[""RESTRICTED_HS_CODE""]",30,3
12754,6731,"2026-08-18 17:12:08.077",true,"[]",0,3
12755,2585,"2026-08-18 17:12:08.077",true,"[]",0,3
12756,7596,"2026-08-18 17:12:08.077",true,"[]",0,3
12757,9614,"2026-08-18 17:12:08.077",true,"[]",0,3
12758,6911,"2026-08-18 17:12:08.077",true,"[]",0,3
12759,6570,"2026-08-18 17:12:08.077",true,"[]",0,3
12760,5942,"2026-08-18 17:12:08.077",true,"[]",0,3
12761,1635,"2026-08-18 17:12:08.077",true,"[]",0,3
12762,3027,"2026-08-18 17:12:08.077",false,"[""RESTRICTED_HS_CODE""]",30,3
12763,8337,"2026-08-18 17:12:08.077",true,"[]",0,3
12764,4167,"2026-08-18 17:12:08.077",true,"[]",0,3
12765,3798,"2026-08-18 17:12:08.077",true,"[]",0,3
12766,2462,"2026-08-18 17:12:08.077",true,"[]",0,3
12767,9597,"2026-08-18 17:12:08.077",false,"[""RESTRICTED_HS_CODE""]",30,3
12768,9320,"2026-08-18 17:12:08.077",true,"[]",0,3
12769,9540,"2026-08-18 17:12:08.077",true,"[]",0,3
12770,8971,"2026-08-18 17:12:08.077",true,"[]",0,3
12771,7711,"2026-08-18 17:12:08.077",true,"[]",0,3
12772,896,"2026-08-18 17:12:08.077",true,"[]",0,3
12773,3139,"2026-08-18 17:12:08.077",false,"[""RESTRICTED_HS_CODE""]",30,3
12774,7480,"2026-08-18 17:12:08.077",true,"[]",0,3
12775,7707,"2026-08-18 17:12:08.077",true,"[]",0,3
12776,1071,"2026-08-18 17:12:08.077",false,"[""RESTRICTED_HS_CODE""]",30,3
12777,6991,"2026-08-18 17:12:08.077",false,"[""RESTRICTED_HS_CODE""]",30,3
12778,6780,"2026-08-18 17:12:08.077",true,"[]",0,3
12779,644,"2026-08-18 17:12:08.077",false,"[""RESTRICTED_HS_CODE""]",30,3
12780,1671,"2026-08-18 17:12:08.077",true,"[]",0,3
12781,3106,"2026-08-18 17:12:08.077",false,"[""RESTRICTED_HS_CODE""]",30,3
12782,8324,"2026-08-18 17:12:08.077",true,"[]",0,3
12783,9774,"2026-08-18 17:12:08.077",true,"[]",0,3
12784,8164,"2026-08-18 17:12:08.077",true,"[]",0,3
12785,413,"2026-08-18 17:12:08.077",true,"[]",0,3
12786,2747,"2026-08-18 17:12:08.077",true,"[]",0,3
12787,2631,"2026-08-18 17:12:08.077",false,"[""RESTRICTED_HS_CODE""]",30,3
12788,2379,"2026-08-18 17:12:08.077",true,"[]",0,3
12789,7998,"2026-08-18 17:12:08.077",true,"[]",0,3
12790,5025,"2026-08-18 17:12:08.077",true,"[]",0,3
12791,5708,"2026-08-18 17:12:08.077",true,"[]",0,3
12792,2673,"2026-08-18 17:12:08.077",true,"[]",0,3
12793,4690,"2026-08-18 17:12:08.077",false,"[""RESTRICTED_HS_CODE""]",30,3
12794,6264,"2026-08-18 17:12:08.077",true,"[]",0,3
12795,8632,"2026-08-18 17:12:08.077",true,"[]",0,3
12796,3485,"2026-08-18 17:12:08.077",true,"[]",0,3
12797,3122,"2026-08-18 17:12:08.077",false,"[""RESTRICTED_HS_CODE""]",30,3
12798,7104,"2026-08-18 17:12:08.077",true,"[]",0,3
12799,4326,"2026-08-18 17:12:08.077",true,"[]",0,3
12800,1188,"2026-08-18 17:12:08.077",true,"[""DANGEROUS_GOODS""]",20,3
12801,8784,"2026-08-18 17:12:08.077",true,"[]",0,3
12802,2884,"2026-08-18 17:12:08.077",true,"[""DANGEROUS_GOODS""]",20,3
12803,8423,"2026-08-18 17:12:08.077",true,"[]",0,3
12804,3626,"2026-08-18 17:12:08.077",true,"[]",0,3
12805,4778,"2026-08-18 17:12:08.077",true,"[]",0,3
12806,2977,"2026-08-18 17:12:08.077",false,"[""RESTRICTED_HS_CODE""]",30,3
12807,9410,"2026-08-18 17:12:08.077",true,"[]",0,3
12808,7743,"2026-08-18 17:12:08.077",true,"[]",0,3
12809,483,"2026-08-18 17:12:08.077",true,"[]",0,3
12810,6319,"2026-08-18 17:12:08.077",true,"[]",0,3
12811,9163,"2026-08-18 17:12:08.077",false,"[""RESTRICTED_HS_CODE""]",30,3
12812,5912,"2026-08-18 17:12:08.077",true,"[]",0,3
12813,6112,"2026-08-18 17:12:08.077",true,"[]",0,3
12814,7090,"2026-08-18 17:12:08.077",true,"[]",0,3
12815,8674,"2026-08-18 17:12:08.077",true,"[]",0,3
12816,7445,"2026-08-18 17:12:08.077",true,"[""DANGEROUS_GOODS""]",20,3
12817,2940,"2026-08-18 17:12:08.077",true,"[]",0,3
12818,2347,"2026-08-18 17:12:08.077",true,"[]",0,3
12819,2910,"2026-08-18 17:12:08.077",true,"[]",0,3
12820,1471,"2026-08-18 17:12:08.077",true,"[]",0,3
12821,4695,"2026-08-18 17:12:08.077",true,"[]",0,3
12822,6073,"2026-08-18 17:12:08.077",true,"[]",0,3
12823,7781,"2026-08-18 17:12:08.077",true,"[]",0,3
12824,7345,"2026-08-18 17:12:08.077",true,"[]",0,3
12825,4868,"2026-08-18 17:12:08.077",true,"[]",0,3
12826,3353,"2026-08-18 17:12:08.077",true,"[]",0,3
12827,472,"2026-08-18 17:12:08.077",true,"[]",0,3
12828,6856,"2026-08-18 17:12:08.077",true,"[]",0,3
12829,7865,"2026-08-18 17:12:08.077",true,"[]",0,3
12830,5045,"2026-08-18 17:12:08.077",true,"[]",0,3
12831,3236,"2026-08-18 17:12:08.077",true,"[]",0,3
12832,1262,"2026-08-18 17:12:08.077",false,"[""RESTRICTED_HS_CODE"",""DANGEROUS_GOODS""]",50,3
12833,7134,"2026-08-18 17:12:08.077",true,"[]",0,3
12834,8211,"2026-08-18 17:12:08.077",true,"[]",0,3
12835,6107,"2026-08-18 17:12:08.077",true,"[]",0,3
12836,758,"2026-08-18 17:12:08.077",true,"[]",0,3
12837,9171,"2026-08-18 17:12:08.077",true,"[]",0,3
12838,4404,"2026-08-18 17:12:08.077",true,"[]",0,3
12839,9059,"2026-08-18 17:12:08.077",true,"[]",0,3
12840,3703,"2026-08-18 17:12:08.077",true,"[]",0,3
12841,6015,"2026-08-18 17:12:08.077",true,"[]",0,3
12842,3376,"2026-08-18 17:12:08.077",true,"[]",0,3
12843,2742,"2026-08-18 17:12:08.077",true,"[]",0,3
12844,5995,"2026-08-18 17:12:08.077",true,"[]",0,3
12845,6017,"2026-08-18 17:12:08.077",true,"[]",0,3
12846,5986,"2026-08-18 17:12:08.077",true,"[]",0,3
12847,8824,"2026-08-18 17:12:08.077",true,"[]",0,3
12848,9340,"2026-08-18 17:12:08.077",true,"[]",0,3
12849,5058,"2026-08-18 17:12:08.077",true,"[]",0,3
12850,444,"2026-08-18 17:12:08.077",true,"[]",0,3
12851,6043,"2026-08-18 17:12:08.077",true,"[]",0,3
12852,8487,"2026-08-18 17:12:08.077",true,"[]",0,3
12853,6962,"2026-08-18 17:12:08.077",true,"[]",0,3
12854,1761,"2026-08-18 17:12:08.077",true,"[]",0,3
12855,6665,"2026-08-18 17:12:08.077",true,"[]",0,3
12856,7850,"2026-08-18 17:12:08.077",true,"[]",0,3
12857,3505,"2026-08-18 17:12:08.077",true,"[]",0,3
12858,3256,"2026-08-18 17:12:08.077",false,"[""RESTRICTED_HS_CODE""]",30,3
12859,9977,"2026-08-18 17:12:08.077",true,"[]",0,3
12860,7838,"2026-08-18 17:12:08.077",false,"[""RESTRICTED_HS_CODE""]",30,3
12861,9944,"2026-08-18 17:12:08.077",true,"[]",0,3
12862,3707,"2026-08-18 17:12:08.077",true,"[]",0,3
12863,9679,"2026-08-18 17:12:08.077",true,"[]",0,3
12864,4044,"2026-08-18 17:12:08.077",true,"[]",0,3
12865,7179,"2026-08-18 17:12:08.077",false,"[""RESTRICTED_HS_CODE""]",30,3
12866,7647,"2026-08-18 17:12:08.077",true,"[]",0,3
12867,8899,"2026-08-18 17:12:08.077",true,"[]",0,3
12868,2247,"2026-08-18 17:12:08.077",true,"[]",0,3
12869,1926,"2026-08-18 17:12:08.077",false,"[""RESTRICTED_HS_CODE""]",30,3
12870,7372,"2026-08-18 17:12:08.077",true,"[""DANGEROUS_GOODS""]",20,3
12871,4943,"2026-08-18 17:12:08.077",true,"[]",0,3
12872,9836,"2026-08-18 17:12:08.077",true,"[]",0,3
12873,5914,"2026-08-18 17:12:08.077",true,"[]",0,3
12874,9932,"2026-08-18 17:12:08.077",true,"[]",0,3
12875,1505,"2026-08-18 17:12:08.077",false,"[""RESTRICTED_HS_CODE""]",30,3
12876,5897,"2026-08-18 17:12:08.077",true,"[]",0,3
12877,2704,"2026-08-18 17:12:08.077",true,"[]",0,3
12878,810,"2026-08-18 17:12:08.077",true,"[""DANGEROUS_GOODS""]",20,3
12879,7308,"2026-08-18 17:12:08.077",true,"[]",0,3
12880,2214,"2026-08-18 17:12:08.077",true,"[]",0,3
12881,4820,"2026-08-18 17:12:08.077",true,"[]",0,3
12882,5005,"2026-08-18 17:12:08.077",false,"[""RESTRICTED_HS_CODE""]",30,3
12883,3355,"2026-08-18 17:12:08.077",true,"[]",0,3
12884,9465,"2026-08-18 17:12:08.077",true,"[]",0,3
12885,70,"2026-08-18 17:12:08.077",true,"[]",0,3
12886,665,"2026-08-18 17:12:08.077",true,"[]",0,3
12887,4278,"2026-08-18 17:12:08.077",true,"[]",0,3
12888,3656,"2026-08-18 17:12:08.077",true,"[]",0,3
12889,9806,"2026-08-18 17:12:08.077",true,"[]",0,3
12890,2636,"2026-08-18 17:12:08.077",true,"[]",0,3
12891,1401,"2026-08-18 17:12:08.077",true,"[]",0,3
12892,4010,"2026-08-18 17:12:08.077",true,"[]",0,3
12893,4843,"2026-08-18 17:12:08.077",true,"[]",0,3
12894,11,"2026-08-18 17:12:08.077",true,"[]",0,3
12895,4893,"2026-08-18 17:12:08.077",false,"[""RESTRICTED_HS_CODE""]",30,3
12896,3057,"2026-08-18 17:12:08.077",true,"[]",0,3
12897,5160,"2026-08-18 17:12:08.077",true,"[""DANGEROUS_GOODS""]",20,3
12898,6308,"2026-08-18 17:12:08.077",true,"[]",0,3
12899,6633,"2026-08-18 17:12:08.077",true,"[]",0,3
12900,640,"2026-08-18 17:12:08.077",true,"[]",0,3
12901,6632,"2026-08-18 17:12:08.077",false,"[""RESTRICTED_HS_CODE""]",30,3
12902,356,"2026-08-18 17:12:08.077",true,"[]",0,3
12903,8224,"2026-08-18 17:12:08.077",true,"[""DANGEROUS_GOODS""]",20,3
12904,5130,"2026-08-18 17:12:08.077",true,"[]",0,3
12905,1136,"2026-08-18 17:12:08.077",true,"[]",0,3
12906,5520,"2026-08-18 17:12:08.077",true,"[]",0,3
12907,6114,"2026-08-18 17:12:08.077",true,"[]",0,3
12908,548,"2026-08-18 17:12:08.077",true,"[]",0,3
12909,2563,"2026-08-18 17:12:08.077",false,"[""RESTRICTED_HS_CODE""]",30,3
12910,4179,"2026-08-18 17:12:08.077",true,"[]",0,3
12911,113,"2026-08-18 17:12:08.077",true,"[]",0,3
12912,7060,"2026-08-18 17:12:08.077",true,"[]",0,3
12913,891,"2026-08-18 17:12:08.077",true,"[]",0,3
12914,7314,"2026-08-18 17:12:08.077",true,"[""DANGEROUS_GOODS""]",20,3
12915,532,"2026-08-18 17:12:08.077",true,"[]",0,3
12916,7844,"2026-08-18 17:12:08.077",true,"[]",0,3
12917,1562,"2026-08-18 17:12:08.077",true,"[]",0,3
12918,6490,"2026-08-18 17:12:08.077",true,"[]",0,3
12919,8381,"2026-08-18 17:12:08.077",true,"[]",0,3
12920,2188,"2026-08-18 17:12:08.077",true,"[]",0,3
12921,572,"2026-08-18 17:12:08.077",true,"[]",0,3
12922,2278,"2026-08-18 17:12:08.077",true,"[]",0,3
12923,8525,"2026-08-18 17:12:08.077",true,"[]",0,3
12924,8270,"2026-08-18 17:12:08.077",true,"[]",0,3
12925,1821,"2026-08-18 17:12:08.077",true,"[]",0,3
12926,8406,"2026-08-18 17:12:08.077",true,"[]",0,3
12927,7263,"2026-08-18 17:12:08.077",true,"[]",0,3
12928,339,"2026-08-18 17:12:08.077",true,"[]",0,3
12929,4976,"2026-08-18 17:12:08.077",true,"[]",0,3
12930,3108,"2026-08-18 17:12:08.077",false,"[""RESTRICTED_HS_CODE""]",30,3
12931,2567,"2026-08-18 17:12:08.077",true,"[]",0,3
12932,5666,"2026-08-18 17:12:08.077",true,"[]",0,3
12933,2612,"2026-08-18 17:12:08.077",true,"[]",0,3
12934,3446,"2026-08-18 17:12:08.077",true,"[""DANGEROUS_GOODS""]",20,3
12935,1160,"2026-08-18 17:12:08.077",true,"[]",0,3
12936,1915,"2026-08-18 17:12:08.077",true,"[]",0,3
12937,3190,"2026-08-18 17:12:08.077",true,"[]",0,3
12938,3697,"2026-08-18 17:12:08.077",true,"[]",0,3
12939,7866,"2026-08-18 17:12:08.077",true,"[]",0,3
12940,1297,"2026-08-18 17:12:08.077",true,"[]",0,3
12941,9661,"2026-08-18 17:12:08.077",true,"[]",0,3
12942,9909,"2026-08-18 17:12:08.077",true,"[]",0,3
12943,729,"2026-08-18 17:12:08.077",false,"[""RESTRICTED_HS_CODE""]",30,3
12944,7790,"2026-08-18 17:12:08.077",true,"[]",0,3
12945,501,"2026-08-18 17:12:08.077",true,"[]",0,3
12946,7413,"2026-08-18 17:12:08.077",true,"[]",0,3
12947,1865,"2026-08-18 17:12:08.077",true,"[]",0,3
12948,4287,"2026-08-18 17:12:08.077",true,"[]",0,3
12949,4834,"2026-08-18 17:12:08.077",true,"[]",0,3
12950,3613,"2026-08-18 17:12:08.077",true,"[]",0,3
12951,9692,"2026-08-18 17:12:08.077",true,"[""DANGEROUS_GOODS""]",20,3
12952,8917,"2026-08-18 17:12:08.077",true,"[]",0,3
12953,1950,"2026-08-18 17:12:08.077",true,"[]",0,3
12954,286,"2026-08-18 17:12:08.077",true,"[]",0,3
12955,1602,"2026-08-18 17:12:08.077",true,"[]",0,3
12956,5270,"2026-08-18 17:12:08.077",false,"[""RESTRICTED_HS_CODE""]",30,3
12957,5218,"2026-08-18 17:12:08.077",true,"[]",0,3
12958,3251,"2026-08-18 17:12:08.077",false,"[""RESTRICTED_HS_CODE""]",30,3
12959,6521,"2026-08-18 17:12:08.077",true,"[]",0,3
12960,9096,"2026-08-18 17:12:08.077",true,"[]",0,3
12961,5501,"2026-08-18 17:12:08.077",true,"[]",0,3
12962,7701,"2026-08-18 17:12:08.077",true,"[]",0,3
12963,5228,"2026-08-18 17:12:08.077",true,"[]",0,3
12964,9363,"2026-08-18 17:12:08.077",true,"[]",0,3
12965,260,"2026-08-18 17:12:08.077",true,"[]",0,3
12966,2381,"2026-08-18 17:12:08.077",true,"[]",0,3
12967,1998,"2026-08-18 17:12:08.077",true,"[]",0,3
12968,5599,"2026-08-18 17:12:08.077",true,"[]",0,3
12969,4863,"2026-08-18 17:12:08.077",true,"[]",0,3
12970,4750,"2026-08-18 17:12:08.077",true,"[]",0,3
12971,6671,"2026-08-18 17:12:08.077",true,"[]",0,3
12972,9764,"2026-08-18 17:12:08.077",true,"[]",0,3
12973,6275,"2026-08-18 17:12:08.077",true,"[]",0,3
12974,8445,"2026-08-18 17:12:08.077",false,"[""RESTRICTED_HS_CODE"",""DANGEROUS_GOODS""]",50,3
12975,7608,"2026-08-18 17:12:08.077",true,"[]",0,3
12976,8127,"2026-08-18 17:12:08.077",true,"[]",0,3
12977,1514,"2026-08-18 17:12:08.077",true,"[]",0,3
12978,8421,"2026-08-18 17:12:08.077",true,"[]",0,3
12979,9759,"2026-08-18 17:12:08.077",true,"[""DANGEROUS_GOODS""]",20,3
12980,9129,"2026-08-18 17:12:08.077",true,"[]",0,3
12981,7255,"2026-08-18 17:12:08.077",true,"[]",0,3
12982,7882,"2026-08-18 17:12:08.077",false,"[""RESTRICTED_HS_CODE""]",30,3
12983,5363,"2026-08-18 17:12:08.077",true,"[]",0,3
12984,3569,"2026-08-18 17:12:08.077",true,"[]",0,3
12985,2115,"2026-08-18 17:12:08.077",true,"[]",0,3
12986,1783,"2026-08-18 17:12:08.077",true,"[]",0,3
12987,3088,"2026-08-18 17:12:08.077",true,"[]",0,3
12988,4610,"2026-08-18 17:12:08.077",true,"[]",0,3
12989,7578,"2026-08-18 17:12:08.077",true,"[]",0,3
12990,6943,"2026-08-18 17:12:08.077",true,"[]",0,3
12991,9252,"2026-08-18 17:12:08.077",true,"[]",0,3
12992,8898,"2026-08-18 17:12:08.077",true,"[]",0,3
12993,5232,"2026-08-18 17:12:08.077",true,"[]",0,3
12994,8276,"2026-08-18 17:12:08.077",true,"[]",0,3
12995,2219,"2026-08-18 17:12:08.077",true,"[]",0,3
12996,1380,"2026-08-18 17:12:08.077",false,"[""RESTRICTED_HS_CODE""]",30,3
12997,9583,"2026-08-18 17:12:08.077",false,"[""RESTRICTED_HS_CODE""]",30,3
12998,1097,"2026-08-18 17:12:08.077",true,"[]",0,3
12999,1992,"2026-08-18 17:12:08.077",true,"[]",0,3
13000,7910,"2026-08-18 17:12:08.077",true,"[]",0,3
13001,3104,"2026-08-18 17:12:08.077",false,"[""RESTRICTED_HS_CODE""]",30,3
13002,6103,"2026-08-18 17:12:08.077",true,"[]",0,3
13003,7878,"2026-08-18 17:12:08.077",true,"[]",0,3
13004,1006,"2026-08-18 17:12:08.077",true,"[]",0,3
13005,9628,"2026-08-18 17:12:08.077",true,"[]",0,3
13006,4733,"2026-08-18 17:12:08.077",true,"[]",0,3
13007,7856,"2026-08-18 17:12:08.077",true,"[]",0,3
13008,4207,"2026-08-18 17:12:08.077",true,"[]",0,3
13009,2543,"2026-08-18 17:12:08.077",true,"[]",0,3
13010,3005,"2026-08-18 17:12:08.077",true,"[]",0,3
13011,7273,"2026-08-18 17:12:08.077",false,"[""RESTRICTED_HS_CODE""]",30,3
13012,7789,"2026-08-18 17:12:08.077",true,"[]",0,3
13013,8144,"2026-08-18 17:12:08.077",true,"[]",0,3
13014,7708,"2026-08-18 17:12:08.077",true,"[]",0,3
13015,9381,"2026-08-18 17:12:08.077",true,"[]",0,3
13016,4116,"2026-08-18 17:12:08.077",true,"[]",0,3
13017,9480,"2026-08-18 17:12:08.077",true,"[]",0,3
13018,8484,"2026-08-18 17:12:08.077",true,"[]",0,3
13019,769,"2026-08-18 17:12:08.077",true,"[]",0,3
13020,1015,"2026-08-18 17:12:08.077",true,"[]",0,3
13021,6235,"2026-08-18 17:12:08.077",true,"[]",0,3
13022,7393,"2026-08-18 17:12:08.077",true,"[]",0,3
13023,1216,"2026-08-18 17:12:08.077",false,"[""RESTRICTED_HS_CODE""]",30,3
13024,2310,"2026-08-18 17:12:08.077",true,"[]",0,3
13025,522,"2026-08-18 17:12:08.077",true,"[]",0,3
13026,4336,"2026-08-18 17:12:08.077",true,"[]",0,3
13027,5030,"2026-08-18 17:12:08.077",true,"[""DANGEROUS_GOODS""]",20,3
13028,4433,"2026-08-18 17:12:08.077",true,"[]",0,3
13029,1732,"2026-08-18 17:12:08.077",false,"[""RESTRICTED_HS_CODE""]",30,3
13030,8206,"2026-08-18 17:12:08.077",true,"[]",0,3
13031,1901,"2026-08-18 17:12:08.077",false,"[""RESTRICTED_HS_CODE""]",30,3
13032,348,"2026-08-18 17:12:08.077",true,"[]",0,3
13033,3958,"2026-08-18 17:12:08.077",true,"[]",0,3
13034,3365,"2026-08-18 17:12:08.077",true,"[]",0,3
13035,8439,"2026-08-18 17:12:08.077",true,"[]",0,3
13036,3766,"2026-08-18 17:12:08.077",true,"[]",0,3
13037,7004,"2026-08-18 17:12:08.077",false,"[""RESTRICTED_HS_CODE""]",30,3
13038,9808,"2026-08-18 17:12:08.077",true,"[]",0,3
13039,5033,"2026-08-18 17:12:08.077",true,"[]",0,3
13040,8448,"2026-08-18 17:12:08.077",true,"[""DANGEROUS_GOODS""]",20,3
13041,7629,"2026-08-18 17:12:08.077",true,"[]",0,3
13042,8111,"2026-08-18 17:12:08.077",true,"[]",0,3
13043,9307,"2026-08-18 17:12:08.077",true,"[]",0,3
13044,5054,"2026-08-18 17:12:08.077",true,"[]",0,3
13045,7936,"2026-08-18 17:12:08.077",true,"[""DANGEROUS_GOODS""]",20,3
13046,1176,"2026-08-18 17:12:08.077",true,"[]",0,3
13047,8246,"2026-08-18 17:12:08.077",true,"[]",0,3
13048,7170,"2026-08-18 17:12:08.077",true,"[]",0,3
13049,564,"2026-08-18 17:12:08.077",true,"[]",0,3
13050,8767,"2026-08-18 17:12:08.077",true,"[]",0,3
13051,947,"2026-08-18 17:12:08.077",true,"[]",0,3
13052,8504,"2026-08-18 17:12:08.077",true,"[]",0,3
13053,3439,"2026-08-18 17:12:08.077",true,"[]",0,3
13054,8820,"2026-08-18 17:12:08.077",true,"[]",0,3
13055,7044,"2026-08-18 17:12:08.077",false,"[""RESTRICTED_HS_CODE""]",30,3
13056,2818,"2026-08-18 17:12:08.077",false,"[""RESTRICTED_HS_CODE""]",30,3
13057,3910,"2026-08-18 17:12:08.077",true,"[]",0,3
13058,4061,"2026-08-18 17:12:08.077",true,"[]",0,3
13059,8755,"2026-08-18 17:12:08.077",false,"[""RESTRICTED_HS_CODE""]",30,3
13060,1093,"2026-08-18 17:12:08.077",true,"[]",0,3
13061,2091,"2026-08-18 17:12:08.077",true,"[]",0,3
13062,9272,"2026-08-18 17:12:08.077",true,"[]",0,3
13063,6494,"2026-08-18 17:12:08.077",true,"[]",0,3
13064,750,"2026-08-18 17:12:08.077",true,"[]",0,3
13065,9851,"2026-08-18 17:12:08.077",false,"[""RESTRICTED_HS_CODE""]",30,3
13066,6988,"2026-08-18 17:12:08.077",true,"[]",0,3
13067,6589,"2026-08-18 17:12:08.077",true,"[]",0,3
13068,9659,"2026-08-18 17:12:08.077",true,"[]",0,3
13069,4660,"2026-08-18 17:12:08.077",true,"[]",0,3
13070,9453,"2026-08-18 17:12:08.077",true,"[]",0,3
13071,274,"2026-08-18 17:12:08.077",true,"[]",0,3
13072,541,"2026-08-18 17:12:08.077",true,"[]",0,3
13073,4076,"2026-08-18 17:12:08.077",true,"[""DANGEROUS_GOODS""]",20,3
13074,6255,"2026-08-18 17:12:08.077",true,"[]",0,3
13075,997,"2026-08-18 17:12:08.077",false,"[""RESTRICTED_HS_CODE""]",30,3
13076,9319,"2026-08-18 17:12:08.077",true,"[]",0,3
13077,2244,"2026-08-18 17:12:08.077",true,"[]",0,3
13078,4928,"2026-08-18 17:12:08.077",true,"[]",0,3
13079,7705,"2026-08-18 17:12:08.077",true,"[]",0,3
13080,59,"2026-08-18 17:12:08.077",true,"[]",0,3
13081,5430,"2026-08-18 17:12:08.077",true,"[]",0,3
13082,1012,"2026-08-18 17:12:08.077",true,"[]",0,3
13083,4776,"2026-08-18 17:12:08.077",true,"[]",0,3
13084,2610,"2026-08-18 17:12:08.077",true,"[]",0,3
13085,9963,"2026-08-18 17:12:08.077",true,"[""DANGEROUS_GOODS""]",20,3
13086,580,"2026-08-18 17:12:08.077",true,"[]",0,3
13087,7459,"2026-08-18 17:12:08.077",true,"[]",0,3
13088,3819,"2026-08-18 17:12:08.077",true,"[]",0,3
13089,4739,"2026-08-18 17:12:08.077",true,"[]",0,3
13090,3506,"2026-08-18 17:12:08.077",true,"[]",0,3
13091,6193,"2026-08-18 17:12:08.077",true,"[]",0,3
13092,527,"2026-08-18 17:12:08.077",true,"[]",0,3
13093,5856,"2026-08-18 17:12:08.077",true,"[]",0,3
13094,3119,"2026-08-18 17:12:08.077",false,"[""RESTRICTED_HS_CODE""]",30,3
13095,4284,"2026-08-18 17:12:08.077",true,"[]",0,3
13096,6684,"2026-08-18 17:12:08.077",true,"[]",0,3
13097,5572,"2026-08-18 17:12:08.077",true,"[]",0,3
13098,6690,"2026-08-18 17:12:08.077",true,"[]",0,3
13099,4614,"2026-08-18 17:12:08.077",true,"[""DANGEROUS_GOODS""]",20,3
13100,8657,"2026-08-18 17:12:08.077",true,"[]",0,3
13101,6207,"2026-08-18 17:12:08.077",true,"[]",0,3
13102,959,"2026-08-18 17:12:08.077",true,"[]",0,3
13103,7605,"2026-08-18 17:12:08.077",true,"[]",0,3
13104,5454,"2026-08-18 17:12:08.077",true,"[]",0,3
13105,6921,"2026-08-18 17:12:08.077",true,"[]",0,3
13106,8840,"2026-08-18 17:12:08.077",true,"[]",0,3
13107,2615,"2026-08-18 17:12:08.077",true,"[]",0,3
13108,2979,"2026-08-18 17:12:08.077",false,"[""RESTRICTED_HS_CODE""]",30,3
13109,2842,"2026-08-18 17:12:08.077",true,"[]",0,3
13110,1944,"2026-08-18 17:12:08.077",true,"[]",0,3
13111,3542,"2026-08-18 17:12:08.077",false,"[""RESTRICTED_HS_CODE"",""DANGEROUS_GOODS""]",50,3
13112,1054,"2026-08-18 17:12:08.077",true,"[""DANGEROUS_GOODS""]",20,3
13113,290,"2026-08-18 17:12:08.077",true,"[]",0,3
13114,5226,"2026-08-18 17:12:08.077",true,"[]",0,3
13115,7020,"2026-08-18 17:12:08.077",true,"[]",0,3
13116,6880,"2026-08-18 17:12:08.077",true,"[]",0,3
13117,9884,"2026-08-18 17:12:08.077",true,"[]",0,3
13118,8151,"2026-08-18 17:12:08.077",true,"[]",0,3
13119,2967,"2026-08-18 17:12:08.077",true,"[]",0,3
13120,4258,"2026-08-18 17:12:08.077",true,"[]",0,3
13121,1332,"2026-08-18 17:12:08.077",true,"[]",0,3
13122,2662,"2026-08-18 17:12:08.077",true,"[]",0,3
13123,6005,"2026-08-18 17:12:08.077",true,"[]",0,3
13124,8305,"2026-08-18 17:12:08.077",true,"[]",0,3
13125,8618,"2026-08-18 17:12:08.077",true,"[]",0,3
13126,161,"2026-08-18 17:12:08.077",true,"[]",0,3
13127,8350,"2026-08-18 17:12:08.077",false,"[""RESTRICTED_HS_CODE""]",30,3
13128,1893,"2026-08-18 17:12:08.077",true,"[]",0,3
13129,4917,"2026-08-18 17:12:08.077",true,"[]",0,3
13130,7125,"2026-08-18 17:12:08.077",true,"[]",0,3
13131,7769,"2026-08-18 17:12:08.077",true,"[]",0,3
13132,3304,"2026-08-18 17:12:08.077",true,"[]",0,3
13133,1869,"2026-08-18 17:12:08.077",true,"[]",0,3
13134,2652,"2026-08-18 17:12:08.077",true,"[]",0,3
13135,4245,"2026-08-18 17:12:08.077",true,"[]",0,3
13136,9857,"2026-08-18 17:12:08.077",true,"[]",0,3
13137,5084,"2026-08-18 17:12:08.077",true,"[]",0,3
13138,3951,"2026-08-18 17:12:08.077",true,"[]",0,3
13139,1711,"2026-08-18 17:12:08.077",true,"[]",0,3
13140,7779,"2026-08-18 17:12:08.077",true,"[]",0,3
13141,6939,"2026-08-18 17:12:08.077",true,"[]",0,3
13142,5458,"2026-08-18 17:12:08.077",true,"[]",0,3
13143,4259,"2026-08-18 17:12:08.077",false,"[""RESTRICTED_HS_CODE""]",30,3
13144,845,"2026-08-18 17:12:08.077",true,"[]",0,3
13145,8517,"2026-08-18 17:12:08.077",true,"[]",0,3
13146,44,"2026-08-18 17:12:08.077",true,"[]",0,3
13147,3924,"2026-08-18 17:12:08.077",false,"[""RESTRICTED_HS_CODE""]",30,3
13148,7762,"2026-08-18 17:12:08.077",true,"[]",0,3
13149,5162,"2026-08-18 17:12:08.077",true,"[]",0,3
13150,6411,"2026-08-18 17:12:08.077",true,"[]",0,3
13151,9580,"2026-08-18 17:12:08.077",true,"[]",0,3
13152,2028,"2026-08-18 17:12:08.077",true,"[]",0,3
13153,4518,"2026-08-18 17:12:08.077",true,"[]",0,3
13154,5010,"2026-08-18 17:12:08.077",true,"[]",0,3
13155,6394,"2026-08-18 17:12:08.077",true,"[]",0,3
13156,808,"2026-08-18 17:12:08.077",true,"[]",0,3
13157,4520,"2026-08-18 17:12:08.077",false,"[""RESTRICTED_HS_CODE""]",30,3
13158,3957,"2026-08-18 17:12:08.077",true,"[]",0,3
13159,4437,"2026-08-18 17:12:08.077",true,"[]",0,3
13160,5460,"2026-08-18 17:12:08.077",false,"[""RESTRICTED_HS_CODE"",""DANGEROUS_GOODS""]",50,3
13161,6164,"2026-08-18 17:12:08.077",true,"[]",0,3
13162,7937,"2026-08-18 17:12:08.077",true,"[]",0,3
13163,2850,"2026-08-18 17:12:08.077",true,"[]",0,3
13164,9846,"2026-08-18 17:12:08.077",true,"[]",0,3
13165,4989,"2026-08-18 17:12:08.077",true,"[]",0,3
13166,4411,"2026-08-18 17:12:08.077",true,"[]",0,3
13167,6643,"2026-08-18 17:12:08.077",true,"[]",0,3
13168,8184,"2026-08-18 17:12:08.077",true,"[]",0,3
13169,906,"2026-08-18 17:12:08.077",true,"[]",0,3
13170,1954,"2026-08-18 17:12:08.077",false,"[""RESTRICTED_HS_CODE""]",30,3
13171,701,"2026-08-18 17:12:08.077",true,"[]",0,3
13172,525,"2026-08-18 17:12:08.077",true,"[]",0,3
13173,9487,"2026-08-18 17:12:08.077",true,"[]",0,3
13174,9911,"2026-08-18 17:12:08.077",true,"[]",0,3
13175,3989,"2026-08-18 17:12:08.077",true,"[]",0,3
13176,3717,"2026-08-18 17:12:08.077",true,"[]",0,3
13177,6330,"2026-08-18 17:12:08.077",false,"[""RESTRICTED_HS_CODE""]",30,3
13178,998,"2026-08-18 17:12:08.077",true,"[]",0,3
13179,9765,"2026-08-18 17:12:08.077",true,"[""DANGEROUS_GOODS""]",20,3
13180,6974,"2026-08-18 17:12:08.077",false,"[""RESTRICTED_HS_CODE""]",30,3
13181,1999,"2026-08-18 17:12:08.077",true,"[]",0,3
13182,5431,"2026-08-18 17:12:08.077",true,"[]",0,3
13183,4096,"2026-08-18 17:12:08.077",false,"[""RESTRICTED_HS_CODE""]",30,3
13184,381,"2026-08-18 17:12:08.077",true,"[]",0,3
13185,3475,"2026-08-18 17:12:08.077",true,"[]",0,3
13186,9891,"2026-08-18 17:12:08.077",true,"[]",0,3
13187,6066,"2026-08-18 17:12:08.077",true,"[]",0,3
13188,7514,"2026-08-18 17:12:08.077",true,"[]",0,3
13189,1133,"2026-08-18 17:12:08.077",true,"[]",0,3
13190,3411,"2026-08-18 17:12:08.077",true,"[]",0,3
13191,81,"2026-08-18 17:12:08.077",true,"[""DANGEROUS_GOODS""]",20,3
13192,7772,"2026-08-18 17:12:08.077",true,"[]",0,3
13193,2635,"2026-08-18 17:12:08.077",true,"[]",0,3
13194,3126,"2026-08-18 17:12:08.077",true,"[]",0,3
13195,6898,"2026-08-18 17:12:08.077",true,"[]",0,3
13196,5301,"2026-08-18 17:12:08.077",true,"[]",0,3
13197,2493,"2026-08-18 17:12:08.077",true,"[]",0,3
13198,9901,"2026-08-18 17:12:08.077",true,"[]",0,3
13199,264,"2026-08-18 17:12:08.077",true,"[]",0,3
13200,4387,"2026-08-18 17:12:08.077",false,"[""RESTRICTED_HS_CODE""]",30,3
13201,8234,"2026-08-18 17:12:08.077",true,"[]",0,3
13202,931,"2026-08-18 17:12:08.077",true,"[]",0,3
13203,9313,"2026-08-18 17:12:08.077",true,"[]",0,3
13204,4093,"2026-08-18 17:12:08.077",true,"[]",0,3
13205,5932,"2026-08-18 17:12:08.077",true,"[]",0,3
13206,848,"2026-08-18 17:12:08.077",true,"[]",0,3
13207,3478,"2026-08-18 17:12:08.077",false,"[""RESTRICTED_HS_CODE""]",30,3
13208,6580,"2026-08-18 17:12:08.077",true,"[]",0,3
13209,2290,"2026-08-18 17:12:08.077",true,"[]",0,3
13210,3515,"2026-08-18 17:12:08.077",true,"[]",0,3
13211,9221,"2026-08-18 17:12:08.077",true,"[]",0,3
13212,1044,"2026-08-18 17:12:08.077",true,"[]",0,3
13213,1405,"2026-08-18 17:12:08.077",true,"[]",0,3
13214,7903,"2026-08-18 17:12:08.077",false,"[""RESTRICTED_HS_CODE""]",30,3
13215,4892,"2026-08-18 17:12:08.077",true,"[]",0,3
13216,8836,"2026-08-18 17:12:08.077",true,"[]",0,3
13217,9076,"2026-08-18 17:12:08.077",true,"[]",0,3
13218,728,"2026-08-18 17:12:08.077",true,"[]",0,3
13219,6652,"2026-08-18 17:12:08.077",true,"[]",0,3
13220,1663,"2026-08-18 17:12:08.077",true,"[""DANGEROUS_GOODS""]",20,3
13221,4612,"2026-08-18 17:12:08.077",true,"[]",0,3
13222,1419,"2026-08-18 17:12:08.077",true,"[]",0,3
13223,3633,"2026-08-18 17:12:08.077",true,"[]",0,3
13224,821,"2026-08-18 17:12:08.077",true,"[]",0,3
13225,8465,"2026-08-18 17:12:08.077",false,"[""RESTRICTED_HS_CODE""]",30,3
13226,9582,"2026-08-18 17:12:08.077",true,"[]",0,3
13227,8769,"2026-08-18 17:12:08.077",true,"[]",0,3
13228,6706,"2026-08-18 17:12:08.077",true,"[]",0,3
13229,5920,"2026-08-18 17:12:08.077",true,"[]",0,3
13230,3793,"2026-08-18 17:12:08.077",true,"[]",0,3
13231,898,"2026-08-18 17:12:08.077",true,"[]",0,3
13232,5522,"2026-08-18 17:12:08.077",true,"[]",0,3
13233,6892,"2026-08-18 17:12:08.077",true,"[]",0,3
13234,82,"2026-08-18 17:12:08.077",true,"[]",0,3
13235,3593,"2026-08-18 17:12:08.077",true,"[]",0,3
13236,3400,"2026-08-18 17:12:08.077",true,"[""DANGEROUS_GOODS""]",20,3
13237,2730,"2026-08-18 17:12:08.077",false,"[""RESTRICTED_HS_CODE""]",30,3
13238,5345,"2026-08-18 17:12:08.077",true,"[]",0,3
13239,8349,"2026-08-18 17:12:08.077",true,"[]",0,3
13240,1640,"2026-08-18 17:12:08.077",true,"[]",0,3
13241,3097,"2026-08-18 17:12:08.077",true,"[]",0,3
13242,5747,"2026-08-18 17:12:08.077",true,"[]",0,3
13243,8746,"2026-08-18 17:12:08.077",false,"[""RESTRICTED_HS_CODE""]",30,3
13244,4954,"2026-08-18 17:12:08.077",true,"[]",0,3
13245,9556,"2026-08-18 17:12:08.077",false,"[""RESTRICTED_HS_CODE""]",30,3
13246,4030,"2026-08-18 17:12:08.077",true,"[]",0,3
13247,9457,"2026-08-18 17:12:08.077",true,"[]",0,3
13248,5250,"2026-08-18 17:12:08.077",true,"[]",0,3
13249,3068,"2026-08-18 17:12:08.077",false,"[""RESTRICTED_HS_CODE""]",30,3
13250,1008,"2026-08-18 17:12:08.077",true,"[]",0,3
13251,6294,"2026-08-18 17:12:08.077",true,"[]",0,3
13252,9854,"2026-08-18 17:12:08.077",true,"[]",0,3
13253,2289,"2026-08-18 17:12:08.077",true,"[]",0,3
13254,6889,"2026-08-18 17:12:08.077",true,"[""DANGEROUS_GOODS""]",20,3
13255,4317,"2026-08-18 17:12:08.077",true,"[]",0,3
13256,8913,"2026-08-18 17:12:08.077",true,"[]",0,3
13257,4264,"2026-08-18 17:12:08.077",true,"[]",0,3
13258,6331,"2026-08-18 17:12:08.077",false,"[""RESTRICTED_HS_CODE""]",30,3
13259,4676,"2026-08-18 17:12:08.077",true,"[""DANGEROUS_GOODS""]",20,3
13260,697,"2026-08-18 17:12:08.077",true,"[]",0,3
13261,3797,"2026-08-18 17:12:08.077",true,"[]",0,3
13262,8520,"2026-08-18 17:12:08.077",true,"[]",0,3
13263,6244,"2026-08-18 17:12:08.077",true,"[]",0,3
13264,4541,"2026-08-18 17:12:08.077",true,"[]",0,3
13265,7184,"2026-08-18 17:12:08.077",false,"[""RESTRICTED_HS_CODE""]",30,3
13266,3445,"2026-08-18 17:12:08.077",true,"[]",0,3
13267,3805,"2026-08-18 17:12:08.077",true,"[]",0,3
13268,266,"2026-08-18 17:12:08.077",true,"[]",0,3
13269,7924,"2026-08-18 17:12:08.077",true,"[""DANGEROUS_GOODS""]",20,3
13270,9069,"2026-08-18 17:12:08.077",true,"[]",0,3
13271,7298,"2026-08-18 17:12:08.077",true,"[]",0,3
13272,7331,"2026-08-18 17:12:08.077",true,"[]",0,3
13273,3905,"2026-08-18 17:12:08.077",true,"[]",0,3
13274,7612,"2026-08-18 17:12:08.077",true,"[]",0,3
13275,1024,"2026-08-18 17:12:08.077",true,"[]",0,3
13276,2460,"2026-08-18 17:12:08.077",true,"[]",0,3
13277,3747,"2026-08-18 17:12:08.077",true,"[]",0,3
13278,9316,"2026-08-18 17:12:08.077",true,"[]",0,3
13279,5939,"2026-08-18 17:12:08.077",true,"[]",0,3
13280,3050,"2026-08-18 17:12:08.077",true,"[]",0,3
13281,9251,"2026-08-18 17:12:08.077",true,"[]",0,3
13282,3023,"2026-08-18 17:12:08.077",true,"[]",0,3
13283,6152,"2026-08-18 17:12:08.077",false,"[""RESTRICTED_HS_CODE""]",30,3
13284,1286,"2026-08-18 17:12:08.077",true,"[]",0,3
13285,2620,"2026-08-18 17:12:08.077",true,"[]",0,3
13286,252,"2026-08-18 17:12:08.077",true,"[]",0,3
13287,5530,"2026-08-18 17:12:08.077",true,"[]",0,3
13288,5337,"2026-08-18 17:12:08.077",true,"[]",0,3
13289,8945,"2026-08-18 17:12:08.077",true,"[]",0,3
13290,6263,"2026-08-18 17:12:08.077",true,"[]",0,3
13291,1949,"2026-08-18 17:12:08.077",true,"[]",0,3
13292,5215,"2026-08-18 17:12:08.077",true,"[]",0,3
13293,536,"2026-08-18 17:12:08.077",true,"[]",0,3
13294,7630,"2026-08-18 17:12:08.077",true,"[]",0,3
13295,4814,"2026-08-18 17:12:08.077",true,"[]",0,3
13296,4194,"2026-08-18 17:12:08.077",false,"[""RESTRICTED_HS_CODE""]",30,3
13297,1784,"2026-08-18 17:12:08.077",true,"[""DANGEROUS_GOODS""]",20,3
13298,9536,"2026-08-18 17:12:08.077",false,"[""RESTRICTED_HS_CODE""]",30,3
13299,5075,"2026-08-18 17:12:08.077",true,"[]",0,3
13300,8883,"2026-08-18 17:12:08.077",true,"[]",0,3
13301,6792,"2026-08-18 17:12:08.077",true,"[]",0,3
13302,7077,"2026-08-18 17:12:08.077",false,"[""RESTRICTED_HS_CODE""]",30,3
13303,1769,"2026-08-18 17:12:08.077",true,"[]",0,3
13304,6692,"2026-08-18 17:12:08.077",true,"[]",0,3
13305,2968,"2026-08-18 17:12:08.077",true,"[]",0,3
13306,3154,"2026-08-18 17:12:08.077",true,"[]",0,3
13307,1782,"2026-08-18 17:12:08.077",false,"[""RESTRICTED_HS_CODE""]",30,3
13308,172,"2026-08-18 17:12:08.077",true,"[]",0,3
13309,7507,"2026-08-18 17:12:08.077",false,"[""RESTRICTED_HS_CODE""]",30,3
13310,6199,"2026-08-18 17:12:08.077",true,"[]",0,3
13311,754,"2026-08-18 17:12:08.077",true,"[]",0,3
13312,6627,"2026-08-18 17:12:08.077",true,"[]",0,3
13313,3605,"2026-08-18 17:12:08.077",true,"[]",0,3
13314,4653,"2026-08-18 17:12:08.077",false,"[""RESTRICTED_HS_CODE""]",30,3
13315,1277,"2026-08-18 17:12:08.077",false,"[""RESTRICTED_HS_CODE""]",30,3
13316,7028,"2026-08-18 17:12:08.077",true,"[]",0,3
13317,4911,"2026-08-18 17:12:08.077",true,"[]",0,3
13318,6105,"2026-08-18 17:12:08.077",true,"[]",0,3
13319,7306,"2026-08-18 17:12:08.077",false,"[""RESTRICTED_HS_CODE""]",30,3
13320,9304,"2026-08-18 17:12:08.077",true,"[]",0,3
13321,7792,"2026-08-18 17:12:08.077",false,"[""RESTRICTED_HS_CODE""]",30,3
13322,7675,"2026-08-18 17:12:08.077",true,"[]",0,3
13323,4730,"2026-08-18 17:12:08.077",true,"[]",0,3
13324,2305,"2026-08-18 17:12:08.077",true,"[]",0,3
13325,8007,"2026-08-18 17:12:08.077",true,"[]",0,3
13326,651,"2026-08-18 17:12:08.077",true,"[]",0,3
13327,3324,"2026-08-18 17:12:08.077",true,"[]",0,3
13328,2831,"2026-08-18 17:12:08.077",true,"[]",0,3
13329,8749,"2026-08-18 17:12:08.077",true,"[]",0,3
13330,7108,"2026-08-18 17:12:08.077",true,"[]",0,3
13331,7395,"2026-08-18 17:12:08.077",true,"[]",0,3
13332,5483,"2026-08-18 17:12:08.077",true,"[]",0,3
13333,6732,"2026-08-18 17:12:08.077",true,"[]",0,3
13334,3086,"2026-08-18 17:12:08.077",true,"[]",0,3
13335,5976,"2026-08-18 17:12:08.077",true,"[]",0,3
13336,2152,"2026-08-18 17:12:08.077",true,"[]",0,3
13337,8547,"2026-08-18 17:12:08.077",true,"[]",0,3
13338,2656,"2026-08-18 17:12:08.077",true,"[]",0,3
13339,3579,"2026-08-18 17:12:08.077",true,"[]",0,3
13340,9811,"2026-08-18 17:12:08.077",true,"[]",0,3
13341,9112,"2026-08-18 17:12:08.077",true,"[""DANGEROUS_GOODS""]",20,3
13342,1777,"2026-08-18 17:12:08.077",true,"[]",0,3
13343,3340,"2026-08-18 17:12:08.077",true,"[]",0,3
13344,8498,"2026-08-18 17:12:08.077",false,"[""RESTRICTED_HS_CODE""]",30,3
13345,4159,"2026-08-18 17:12:08.077",true,"[]",0,3
13346,8587,"2026-08-18 17:12:08.077",true,"[]",0,3
13347,473,"2026-08-18 17:12:08.077",true,"[]",0,3
13348,9090,"2026-08-18 17:12:08.077",true,"[]",0,3
13349,6351,"2026-08-18 17:12:08.077",true,"[]",0,3
13350,4831,"2026-08-18 17:12:08.077",true,"[]",0,3
13351,5027,"2026-08-18 17:12:08.077",true,"[]",0,3
13352,5468,"2026-08-18 17:12:08.077",true,"[]",0,3
13353,5746,"2026-08-18 17:12:08.077",true,"[]",0,3
13354,6546,"2026-08-18 17:12:08.077",true,"[]",0,3
13355,6359,"2026-08-18 17:12:08.077",true,"[]",0,3
13356,8656,"2026-08-18 17:12:08.077",true,"[]",0,3
13357,377,"2026-08-18 17:12:08.077",true,"[]",0,3
13358,5686,"2026-08-18 17:12:08.077",true,"[]",0,3
13359,9684,"2026-08-18 17:12:08.077",false,"[""RESTRICTED_HS_CODE""]",30,3
13360,8577,"2026-08-18 17:12:08.077",true,"[]",0,3
13361,9437,"2026-08-18 17:12:08.077",true,"[]",0,3
13362,3794,"2026-08-18 17:12:08.077",true,"[]",0,3
13363,2390,"2026-08-18 17:12:08.077",true,"[]",0,3
13364,9190,"2026-08-18 17:12:08.077",false,"[""RESTRICTED_HS_CODE""]",30,3
13365,72,"2026-08-18 17:12:08.077",true,"[]",0,3
13366,3183,"2026-08-18 17:12:08.077",true,"[]",0,3
13367,3053,"2026-08-18 17:12:08.077",true,"[]",0,3
13368,3976,"2026-08-18 17:12:08.077",true,"[]",0,3
13369,8426,"2026-08-18 17:12:08.077",true,"[]",0,3
13370,9572,"2026-08-18 17:12:08.077",true,"[]",0,3
13371,8940,"2026-08-18 17:12:08.077",false,"[""RESTRICTED_HS_CODE""]",30,3
13372,1383,"2026-08-18 17:12:08.077",true,"[]",0,3
13373,5835,"2026-08-18 17:12:08.077",true,"[]",0,3
13374,5068,"2026-08-18 17:12:08.077",true,"[]",0,3
13375,8084,"2026-08-18 17:12:08.077",true,"[]",0,3
13376,2297,"2026-08-18 17:12:08.077",true,"[]",0,3
13377,2926,"2026-08-18 17:12:08.077",true,"[]",0,3
13378,9989,"2026-08-18 17:12:08.077",true,"[]",0,3
13379,1851,"2026-08-18 17:12:08.077",true,"[]",0,3
13380,3380,"2026-08-18 17:12:08.077",true,"[]",0,3
13381,8075,"2026-08-18 17:12:08.077",true,"[]",0,3
13382,6990,"2026-08-18 17:12:08.077",true,"[]",0,3
13383,6828,"2026-08-18 17:12:08.077",true,"[]",0,3
13384,6036,"2026-08-18 17:12:08.077",true,"[]",0,3
13385,1638,"2026-08-18 17:12:08.077",false,"[""RESTRICTED_HS_CODE""]",30,3
13386,7224,"2026-08-18 17:12:08.077",true,"[]",0,3
13387,6298,"2026-08-18 17:12:08.077",true,"[]",0,3
13388,7504,"2026-08-18 17:12:08.077",true,"[]",0,3
13389,2485,"2026-08-18 17:12:08.077",true,"[]",0,3
13390,8363,"2026-08-18 17:12:08.077",true,"[]",0,3
13391,4527,"2026-08-18 17:12:08.077",true,"[]",0,3
13392,5259,"2026-08-18 17:12:08.077",true,"[]",0,3
13393,3297,"2026-08-18 17:12:08.077",false,"[""RESTRICTED_HS_CODE"",""DANGEROUS_GOODS""]",50,3
13394,5644,"2026-08-18 17:12:08.077",true,"[]",0,3
13395,8991,"2026-08-18 17:12:08.077",true,"[]",0,3
13396,7429,"2026-08-18 17:12:08.077",true,"[]",0,3
13397,7817,"2026-08-18 17:12:08.077",false,"[""RESTRICTED_HS_CODE""]",30,3
13398,3337,"2026-08-18 17:12:08.077",false,"[""RESTRICTED_HS_CODE""]",30,3
13399,2959,"2026-08-18 17:12:08.077",true,"[]",0,3
13400,9349,"2026-08-18 17:12:08.077",true,"[]",0,3
13401,3908,"2026-08-18 17:12:08.077",true,"[]",0,3
13402,9718,"2026-08-18 17:12:08.077",false,"[""RESTRICTED_HS_CODE""]",30,3
13403,1836,"2026-08-18 17:12:08.077",true,"[]",0,3
13404,6459,"2026-08-18 17:12:08.077",false,"[""RESTRICTED_HS_CODE""]",30,3
13405,7846,"2026-08-18 17:12:08.077",true,"[]",0,3
13406,1812,"2026-08-18 17:12:08.077",false,"[""RESTRICTED_HS_CODE""]",30,3
13407,5999,"2026-08-18 17:12:08.077",true,"[]",0,3
13408,3776,"2026-08-18 17:12:08.077",true,"[]",0,3
13409,3555,"2026-08-18 17:12:08.077",true,"[]",0,3
13410,4057,"2026-08-18 17:12:08.077",true,"[]",0,3
13411,5264,"2026-08-18 17:12:08.077",true,"[]",0,3
13412,4228,"2026-08-18 17:12:08.077",true,"[]",0,3
13413,1219,"2026-08-18 17:12:08.077",true,"[]",0,3
13414,9613,"2026-08-18 17:12:08.077",false,"[""RESTRICTED_HS_CODE""]",30,3
13415,7,"2026-08-18 17:12:08.077",false,"[""RESTRICTED_HS_CODE""]",30,3
13416,1614,"2026-08-18 17:12:08.077",true,"[]",0,3
13417,5542,"2026-08-18 17:12:08.077",false,"[""RESTRICTED_HS_CODE""]",30,3
13418,5678,"2026-08-18 17:12:08.077",true,"[]",0,3
13419,8049,"2026-08-18 17:12:08.077",true,"[]",0,3
13420,5832,"2026-08-18 17:12:08.077",true,"[]",0,3
13421,2665,"2026-08-18 17:12:08.077",true,"[]",0,3
13422,189,"2026-08-18 17:12:08.077",true,"[]",0,3
13423,4314,"2026-08-18 17:12:08.077",true,"[]",0,3
13424,2957,"2026-08-18 17:12:08.077",true,"[]",0,3
13425,683,"2026-08-18 17:12:08.077",true,"[""DANGEROUS_GOODS""]",20,3
13426,9219,"2026-08-18 17:12:08.077",true,"[]",0,3
13427,4301,"2026-08-18 17:12:08.077",true,"[]",0,3
13428,2707,"2026-08-18 17:12:08.077",false,"[""RESTRICTED_HS_CODE""]",30,3
13429,9309,"2026-08-18 17:12:08.077",false,"[""RESTRICTED_HS_CODE""]",30,3
13430,9760,"2026-08-18 17:12:08.077",true,"[]",0,3
13431,8304,"2026-08-18 17:12:08.077",false,"[""RESTRICTED_HS_CODE""]",30,3
13432,3919,"2026-08-18 17:12:08.077",true,"[]",0,3
13433,4033,"2026-08-18 17:12:08.077",true,"[]",0,3
13434,7096,"2026-08-18 17:12:08.077",true,"[]",0,3
13435,2185,"2026-08-18 17:12:08.077",true,"[]",0,3
13436,7315,"2026-08-18 17:12:08.077",true,"[]",0,3
13437,3517,"2026-08-18 17:12:08.077",true,"[]",0,3
13438,7886,"2026-08-18 17:12:08.077",false,"[""RESTRICTED_HS_CODE""]",30,3
13439,8758,"2026-08-18 17:12:08.077",true,"[]",0,3
13440,8001,"2026-08-18 17:12:08.077",false,"[""RESTRICTED_HS_CODE""]",30,3
13441,4981,"2026-08-18 17:12:08.077",true,"[]",0,3
13442,861,"2026-08-18 17:12:08.077",false,"[""RESTRICTED_HS_CODE""]",30,3
13443,2539,"2026-08-18 17:12:08.077",false,"[""RESTRICTED_HS_CODE""]",30,3
13444,3007,"2026-08-18 17:12:08.077",true,"[]",0,3
13445,4767,"2026-08-18 17:12:08.077",true,"[]",0,3
13446,8243,"2026-08-18 17:12:08.077",false,"[""RESTRICTED_HS_CODE""]",30,3
13447,8844,"2026-08-18 17:12:08.077",true,"[]",0,3
13448,5087,"2026-08-18 17:12:08.077",true,"[]",0,3
13449,3880,"2026-08-18 17:12:08.077",true,"[]",0,3
13450,6325,"2026-08-18 17:12:08.077",true,"[]",0,3
13451,4292,"2026-08-18 17:12:08.077",true,"[]",0,3
13452,6227,"2026-08-18 17:12:08.077",true,"[]",0,3
13453,1503,"2026-08-18 17:12:08.077",true,"[]",0,3
13454,6855,"2026-08-18 17:12:08.077",false,"[""RESTRICTED_HS_CODE""]",30,3
13455,5368,"2026-08-18 17:12:08.077",true,"[]",0,3
13456,8458,"2026-08-18 17:12:08.077",true,"[]",0,3
13457,8803,"2026-08-18 17:12:08.077",true,"[]",0,3
13458,4452,"2026-08-18 17:12:08.077",true,"[]",0,3
13459,680,"2026-08-18 17:12:08.077",false,"[""RESTRICTED_HS_CODE""]",30,3
13460,5469,"2026-08-18 17:12:08.077",true,"[]",0,3
13461,8079,"2026-08-18 17:12:08.077",true,"[]",0,3
13462,5069,"2026-08-18 17:12:08.077",true,"[]",0,3
13463,8427,"2026-08-18 17:12:08.077",false,"[""RESTRICTED_HS_CODE""]",30,3
13464,3483,"2026-08-18 17:12:08.077",true,"[]",0,3
13465,1957,"2026-08-18 17:12:08.077",true,"[]",0,3
13466,1559,"2026-08-18 17:12:08.077",true,"[]",0,3
13467,8832,"2026-08-18 17:12:08.077",true,"[]",0,3
13468,9119,"2026-08-18 17:12:08.077",false,"[""RESTRICTED_HS_CODE""]",30,3
13469,8606,"2026-08-18 17:12:08.077",true,"[]",0,3
13470,3931,"2026-08-18 17:12:08.077",true,"[]",0,3
13471,3991,"2026-08-18 17:12:08.077",true,"[]",0,3
13472,3042,"2026-08-18 17:12:08.077",false,"[""RESTRICTED_HS_CODE""]",30,3
13473,8732,"2026-08-18 17:12:08.077",true,"[""DANGEROUS_GOODS""]",20,3
13474,2066,"2026-08-18 17:12:08.077",false,"[""RESTRICTED_HS_CODE""]",30,3
13475,7799,"2026-08-18 17:12:08.077",true,"[]",0,3
13476,5352,"2026-08-18 17:12:08.077",true,"[]",0,3
13477,9713,"2026-08-18 17:12:08.077",true,"[]",0,3
13478,7932,"2026-08-18 17:12:08.077",true,"[]",0,3
13479,6968,"2026-08-18 17:12:08.077",false,"[""RESTRICTED_HS_CODE""]",30,3
13480,208,"2026-08-18 17:12:08.077",false,"[""RESTRICTED_HS_CODE""]",30,3
13481,954,"2026-08-18 17:12:08.077",true,"[""DANGEROUS_GOODS""]",20,3
13482,5701,"2026-08-18 17:12:08.077",true,"[]",0,3
13483,6853,"2026-08-18 17:12:08.077",true,"[]",0,3
13484,8826,"2026-08-18 17:12:08.077",true,"[]",0,3
13485,9578,"2026-08-18 17:12:08.077",true,"[]",0,3
13486,3522,"2026-08-18 17:12:08.077",true,"[]",0,3
13487,147,"2026-08-18 17:12:08.077",true,"[]",0,3
13488,4475,"2026-08-18 17:12:08.077",false,"[""RESTRICTED_HS_CODE""]",30,3
13489,837,"2026-08-18 17:12:08.077",false,"[""RESTRICTED_HS_CODE""]",30,3
13490,9947,"2026-08-18 17:12:08.077",true,"[]",0,3
13491,4611,"2026-08-18 17:12:08.077",true,"[]",0,3
13492,8093,"2026-08-18 17:12:08.077",true,"[]",0,3
13493,6237,"2026-08-18 17:12:08.077",true,"[]",0,3
13494,3917,"2026-08-18 17:12:08.077",true,"[]",0,3
13495,5247,"2026-08-18 17:12:08.077",true,"[]",0,3
13496,1780,"2026-08-18 17:12:08.077",true,"[]",0,3
13497,9022,"2026-08-18 17:12:08.077",true,"[]",0,3
13498,5111,"2026-08-18 17:12:08.077",true,"[]",0,3
13499,6273,"2026-08-18 17:12:08.077",true,"[]",0,3
13500,4866,"2026-08-18 17:12:08.077",true,"[""DANGEROUS_GOODS""]",20,3
13501,9917,"2026-08-18 17:12:08.077",false,"[""RESTRICTED_HS_CODE""]",30,3
13502,6185,"2026-08-18 17:12:08.077",true,"[]",0,3
13503,5989,"2026-08-18 17:12:08.077",true,"[]",0,3
13504,2973,"2026-08-18 17:12:08.077",true,"[]",0,3
13505,942,"2026-08-18 17:12:08.077",false,"[""RESTRICTED_HS_CODE""]",30,3
13506,2980,"2026-08-18 17:12:08.077",true,"[]",0,3
13507,7225,"2026-08-18 17:12:08.077",true,"[]",0,3
13508,5449,"2026-08-18 17:12:08.077",true,"[]",0,3
13509,445,"2026-08-18 17:12:08.077",true,"[]",0,3
13510,899,"2026-08-18 17:12:08.077",true,"[""DANGEROUS_GOODS""]",20,3
13511,4323,"2026-08-18 17:12:08.077",true,"[]",0,3
13512,4458,"2026-08-18 17:12:08.077",false,"[""RESTRICTED_HS_CODE""]",30,3
13513,7452,"2026-08-18 17:12:08.077",true,"[]",0,3
13514,3859,"2026-08-18 17:12:08.077",true,"[]",0,3
13515,334,"2026-08-18 17:12:08.077",true,"[]",0,3
13516,6188,"2026-08-18 17:12:08.077",true,"[]",0,3
13517,9165,"2026-08-18 17:12:08.077",true,"[]",0,3
13518,4345,"2026-08-18 17:12:08.077",true,"[]",0,3
13519,4916,"2026-08-18 17:12:08.077",true,"[]",0,3
13520,8101,"2026-08-18 17:12:08.077",true,"[]",0,3
13521,6370,"2026-08-18 17:12:08.077",true,"[]",0,3
13522,9364,"2026-08-18 17:12:08.077",true,"[]",0,3
13523,4621,"2026-08-18 17:12:08.077",true,"[]",0,3
13524,186,"2026-08-18 17:12:08.077",true,"[]",0,3
13525,9332,"2026-08-18 17:12:08.077",true,"[]",0,3
13526,9394,"2026-08-18 17:12:08.077",true,"[]",0,3
13527,9133,"2026-08-18 17:12:08.077",true,"[]",0,3
13528,1854,"2026-08-18 17:12:08.077",true,"[]",0,3
13529,3729,"2026-08-18 17:12:08.077",true,"[]",0,3
13530,8411,"2026-08-18 17:12:08.077",false,"[""RESTRICTED_HS_CODE""]",30,3
13531,8872,"2026-08-18 17:12:08.077",true,"[]",0,3
13532,8208,"2026-08-18 17:12:08.077",true,"[""DANGEROUS_GOODS""]",20,3
13533,2122,"2026-08-18 17:12:08.077",true,"[]",0,3
13534,9015,"2026-08-18 17:12:08.077",true,"[]",0,3
13535,5700,"2026-08-18 17:12:08.077",false,"[""RESTRICTED_HS_CODE""]",30,3
13536,5448,"2026-08-18 17:12:08.077",true,"[]",0,3
13537,820,"2026-08-18 17:12:08.077",true,"[]",0,3
13538,7958,"2026-08-18 17:12:08.077",false,"[""RESTRICTED_HS_CODE""]",30,3
13539,8754,"2026-08-18 17:12:08.077",true,"[]",0,3
13540,2955,"2026-08-18 17:12:08.077",true,"[]",0,3
13541,3253,"2026-08-18 17:12:08.077",true,"[]",0,3
13542,5714,"2026-08-18 17:12:08.077",true,"[]",0,3
13543,2040,"2026-08-18 17:12:08.077",true,"[]",0,3
13544,1057,"2026-08-18 17:12:08.077",true,"[]",0,3
13545,2441,"2026-08-18 17:12:08.077",true,"[]",0,3
13546,9355,"2026-08-18 17:12:08.077",true,"[]",0,3
13547,2422,"2026-08-18 17:12:08.077",false,"[""RESTRICTED_HS_CODE""]",30,3
13548,923,"2026-08-18 17:12:08.077",true,"[]",0,3
13549,2351,"2026-08-18 17:12:08.077",true,"[]",0,3
13550,8131,"2026-08-18 17:12:08.077",true,"[]",0,3
13551,1848,"2026-08-18 17:12:08.077",false,"[""RESTRICTED_HS_CODE""]",30,3
13552,6900,"2026-08-18 17:12:08.077",true,"[]",0,3
13553,4494,"2026-08-18 17:12:08.077",true,"[]",0,3
13554,9966,"2026-08-18 17:12:08.077",true,"[]",0,3
13555,5115,"2026-08-18 17:12:08.077",false,"[""RESTRICTED_HS_CODE""]",30,3
13556,4465,"2026-08-18 17:12:08.077",true,"[]",0,3
13557,8236,"2026-08-18 17:12:08.077",true,"[""DANGEROUS_GOODS""]",20,3
13558,4842,"2026-08-18 17:12:08.077",true,"[]",0,3
13559,280,"2026-08-18 17:12:08.077",true,"[]",0,3
13560,936,"2026-08-18 17:12:08.077",true,"[]",0,3
13561,1976,"2026-08-18 17:12:08.077",true,"[]",0,3
13562,2641,"2026-08-18 17:12:08.077",true,"[]",0,3
13563,8307,"2026-08-18 17:12:08.077",true,"[""DANGEROUS_GOODS""]",20,3
13564,6575,"2026-08-18 17:12:08.077",true,"[]",0,3
13565,2660,"2026-08-18 17:12:08.077",false,"[""RESTRICTED_HS_CODE""]",30,3
13566,5085,"2026-08-18 17:12:08.077",true,"[]",0,3
13567,9098,"2026-08-18 17:12:08.077",true,"[]",0,3
13568,6265,"2026-08-18 17:12:08.077",true,"[]",0,3
13569,8526,"2026-08-18 17:12:08.077",true,"[]",0,3
13570,5774,"2026-08-18 17:12:08.077",false,"[""RESTRICTED_HS_CODE""]",30,3
13571,402,"2026-08-18 17:12:08.077",true,"[]",0,3
13572,6432,"2026-08-18 17:12:08.077",true,"[]",0,3
13573,7681,"2026-08-18 17:12:08.077",true,"[]",0,3
13574,3111,"2026-08-18 17:12:08.077",true,"[]",0,3
13575,9280,"2026-08-18 17:12:08.077",true,"[""DANGEROUS_GOODS""]",20,3
13576,2603,"2026-08-18 17:12:08.077",false,"[""RESTRICTED_HS_CODE""]",30,3
13577,6428,"2026-08-18 17:12:08.077",true,"[]",0,3
13578,8468,"2026-08-18 17:12:08.077",true,"[]",0,3
13579,7005,"2026-08-18 17:12:08.077",true,"[]",0,3
13580,3006,"2026-08-18 17:12:08.077",true,"[]",0,3
13581,8906,"2026-08-18 17:12:08.077",true,"[]",0,3
13582,6016,"2026-08-18 17:12:08.077",true,"[]",0,3
13583,7256,"2026-08-18 17:12:08.077",true,"[]",0,3
13584,629,"2026-08-18 17:12:08.077",true,"[]",0,3
13585,4471,"2026-08-18 17:12:08.077",false,"[""RESTRICTED_HS_CODE""]",30,3
13586,7201,"2026-08-18 17:12:08.077",true,"[]",0,3
13587,943,"2026-08-18 17:12:08.077",true,"[]",0,3
13588,1268,"2026-08-18 17:12:08.077",false,"[""RESTRICTED_HS_CODE""]",30,3
13589,5857,"2026-08-18 17:12:08.077",true,"[]",0,3
13590,9621,"2026-08-18 17:12:08.077",false,"[""RESTRICTED_HS_CODE""]",30,3
13591,885,"2026-08-18 17:12:08.077",true,"[]",0,3
13592,6089,"2026-08-18 17:12:08.077",true,"[]",0,3
13593,6080,"2026-08-18 17:12:08.077",true,"[]",0,3
13594,6085,"2026-08-18 17:12:08.077",true,"[]",0,3
13595,3745,"2026-08-18 17:12:08.077",false,"[""RESTRICTED_HS_CODE""]",30,3
13596,8056,"2026-08-18 17:12:08.077",true,"[]",0,3
13597,5643,"2026-08-18 17:12:08.077",true,"[]",0,3
13598,9617,"2026-08-18 17:12:08.077",true,"[]",0,3
13599,7417,"2026-08-18 17:12:08.077",true,"[]",0,3
13600,3054,"2026-08-18 17:12:08.077",true,"[]",0,3
13601,6093,"2026-08-18 17:12:08.077",true,"[]",0,3
13602,533,"2026-08-18 17:12:08.077",true,"[]",0,3
13603,1249,"2026-08-18 17:12:08.077",true,"[]",0,3
13604,9267,"2026-08-18 17:12:08.077",true,"[]",0,3
13605,33,"2026-08-18 17:12:08.077",true,"[]",0,3
13606,5477,"2026-08-18 17:12:08.077",true,"[]",0,3
13607,3065,"2026-08-18 17:12:08.077",true,"[""DANGEROUS_GOODS""]",20,3
13608,1656,"2026-08-18 17:12:08.077",true,"[""DANGEROUS_GOODS""]",20,3
13609,9521,"2026-08-18 17:12:08.077",true,"[]",0,3
13610,9727,"2026-08-18 17:12:08.077",false,"[""RESTRICTED_HS_CODE""]",30,3
13611,5203,"2026-08-18 17:12:08.077",false,"[""RESTRICTED_HS_CODE""]",30,3
13612,8941,"2026-08-18 17:12:08.077",true,"[]",0,3
13613,9115,"2026-08-18 17:12:08.077",true,"[]",0,3
13614,6687,"2026-08-18 17:12:08.077",true,"[]",0,3
13615,8921,"2026-08-18 17:12:08.077",false,"[""RESTRICTED_HS_CODE""]",30,3
13616,1997,"2026-08-18 17:12:08.077",true,"[]",0,3
13617,8258,"2026-08-18 17:12:08.077",true,"[]",0,3
13618,1928,"2026-08-18 17:12:08.077",false,"[""RESTRICTED_HS_CODE""]",30,3
13619,7955,"2026-08-18 17:12:08.077",true,"[]",0,3
13620,455,"2026-08-18 17:12:08.077",true,"[]",0,3
13621,3533,"2026-08-18 17:12:08.077",false,"[""RESTRICTED_HS_CODE""]",30,3
13622,801,"2026-08-18 17:12:08.077",true,"[]",0,3
13623,4101,"2026-08-18 17:12:08.077",true,"[]",0,3
13624,426,"2026-08-18 17:12:08.077",false,"[""RESTRICTED_HS_CODE""]",30,3
13625,1424,"2026-08-18 17:12:08.077",true,"[]",0,3
13626,6464,"2026-08-18 17:12:08.077",true,"[]",0,3
13627,1527,"2026-08-18 17:12:08.077",true,"[]",0,3
13628,9368,"2026-08-18 17:12:08.077",false,"[""RESTRICTED_HS_CODE""]",30,3
13629,3961,"2026-08-18 17:12:08.077",true,"[]",0,3
13630,177,"2026-08-18 17:12:08.077",true,"[]",0,3
13631,1930,"2026-08-18 17:12:08.077",false,"[""RESTRICTED_HS_CODE""]",30,3
13632,6012,"2026-08-18 17:12:08.077",true,"[]",0,3
13633,2790,"2026-08-18 17:12:08.077",true,"[]",0,3
13634,1507,"2026-08-18 17:12:08.077",true,"[]",0,3
13635,7666,"2026-08-18 17:12:08.077",false,"[""RESTRICTED_HS_CODE""]",30,3
13636,8320,"2026-08-18 17:12:08.077",true,"[]",0,3
13637,4747,"2026-08-18 17:12:08.077",false,"[""RESTRICTED_HS_CODE""]",30,3
13638,6681,"2026-08-18 17:12:08.077",true,"[]",0,3
13639,550,"2026-08-18 17:12:08.077",true,"[]",0,3
13640,1358,"2026-08-18 17:12:08.077",true,"[]",0,3
13641,7408,"2026-08-18 17:12:08.077",true,"[]",0,3
13642,4961,"2026-08-18 17:12:08.077",true,"[]",0,3
13643,4131,"2026-08-18 17:12:08.077",false,"[""RESTRICTED_HS_CODE""]",30,3
13644,5531,"2026-08-18 17:12:08.077",true,"[]",0,3
13645,2204,"2026-08-18 17:12:08.077",true,"[]",0,3
13646,383,"2026-08-18 17:12:08.077",true,"[]",0,3
13647,6488,"2026-08-18 17:12:08.077",false,"[""RESTRICTED_HS_CODE""]",30,3
13648,1779,"2026-08-18 17:12:08.077",true,"[]",0,3
13649,8358,"2026-08-18 17:12:08.077",true,"[]",0,3
13650,5773,"2026-08-18 17:12:08.077",true,"[]",0,3
13651,5077,"2026-08-18 17:12:08.077",true,"[]",0,3
13652,2395,"2026-08-18 17:12:08.077",true,"[""DANGEROUS_GOODS""]",20,3
13653,1390,"2026-08-18 17:12:08.077",true,"[]",0,3
13654,5491,"2026-08-18 17:12:08.077",false,"[""RESTRICTED_HS_CODE""]",30,3
13655,1567,"2026-08-18 17:12:08.077",true,"[]",0,3
13656,2271,"2026-08-18 17:12:08.077",true,"[]",0,3
13657,2349,"2026-08-18 17:12:08.077",false,"[""RESTRICTED_HS_CODE""]",30,3
13658,4283,"2026-08-18 17:12:08.077",true,"[]",0,3
13659,7930,"2026-08-18 17:12:08.077",true,"[]",0,3
13660,3375,"2026-08-18 17:12:08.077",true,"[]",0,3
13661,6208,"2026-08-18 17:12:08.077",true,"[]",0,3
13662,3044,"2026-08-18 17:12:08.077",true,"[]",0,3
13663,1290,"2026-08-18 17:12:08.077",true,"[]",0,3
13664,9894,"2026-08-18 17:12:08.077",true,"[]",0,3
13665,2769,"2026-08-18 17:12:08.077",true,"[]",0,3
13666,9021,"2026-08-18 17:12:08.077",true,"[]",0,3
13667,1260,"2026-08-18 17:12:08.077",true,"[]",0,3
13668,4195,"2026-08-18 17:12:08.077",true,"[]",0,3
13669,983,"2026-08-18 17:12:08.077",true,"[]",0,3
13670,7438,"2026-08-18 17:12:08.077",true,"[]",0,3
13671,3541,"2026-08-18 17:12:08.077",true,"[]",0,3
13672,7714,"2026-08-18 17:12:08.077",true,"[]",0,3
13673,8604,"2026-08-18 17:12:08.077",true,"[]",0,3
13674,9176,"2026-08-18 17:12:08.077",true,"[]",0,3
13675,8070,"2026-08-18 17:12:08.077",true,"[]",0,3
13676,1598,"2026-08-18 17:12:08.077",true,"[]",0,3
13677,3266,"2026-08-18 17:12:08.077",true,"[]",0,3
13678,7496,"2026-08-18 17:12:08.077",true,"[]",0,3
13679,8011,"2026-08-18 17:12:08.077",true,"[]",0,3
13680,8992,"2026-08-18 17:12:08.077",false,"[""RESTRICTED_HS_CODE""]",30,3
13681,2313,"2026-08-18 17:12:08.077",true,"[]",0,3
13682,3079,"2026-08-18 17:12:08.077",true,"[]",0,3
13683,933,"2026-08-18 17:12:08.077",true,"[]",0,3
13684,1218,"2026-08-18 17:12:08.077",true,"[]",0,3
13685,7720,"2026-08-18 17:12:08.077",true,"[]",0,3
13686,4420,"2026-08-18 17:12:08.077",true,"[]",0,3
13687,3346,"2026-08-18 17:12:08.077",true,"[]",0,3
13688,3046,"2026-08-18 17:12:08.077",true,"[]",0,3
13689,2082,"2026-08-18 17:12:08.077",true,"[]",0,3
13690,7383,"2026-08-18 17:12:08.077",true,"[]",0,3
13691,6392,"2026-08-18 17:12:08.077",true,"[]",0,3
13692,8108,"2026-08-18 17:12:08.077",true,"[]",0,3
13693,7465,"2026-08-18 17:12:08.077",true,"[]",0,3
13694,7768,"2026-08-18 17:12:08.077",true,"[]",0,3
13695,6295,"2026-08-18 17:12:08.077",true,"[]",0,3
13696,6381,"2026-08-18 17:12:08.077",true,"[]",0,3
13697,8240,"2026-08-18 17:12:08.077",true,"[]",0,3
13698,7991,"2026-08-18 17:12:08.077",false,"[""RESTRICTED_HS_CODE""]",30,3
13699,6467,"2026-08-18 17:12:08.077",true,"[]",0,3
13700,3244,"2026-08-18 17:12:08.077",false,"[""RESTRICTED_HS_CODE""]",30,3
13701,6311,"2026-08-18 17:12:08.077",true,"[]",0,3
13702,7598,"2026-08-18 17:12:08.077",false,"[""RESTRICTED_HS_CODE""]",30,3
13703,2538,"2026-08-18 17:12:08.077",true,"[]",0,3
13704,7786,"2026-08-18 17:12:08.077",true,"[]",0,3
13705,6987,"2026-08-18 17:12:08.077",true,"[]",0,3
13706,6421,"2026-08-18 17:12:08.077",true,"[]",0,3
13707,2007,"2026-08-18 17:12:08.077",true,"[]",0,3
13708,8828,"2026-08-18 17:12:08.077",true,"[]",0,3
13709,6245,"2026-08-18 17:12:08.077",true,"[]",0,3
13710,7699,"2026-08-18 17:12:08.077",true,"[]",0,3
13711,4624,"2026-08-18 17:12:08.077",false,"[""RESTRICTED_HS_CODE""]",30,3
13712,5127,"2026-08-18 17:12:08.077",true,"[]",0,3
13713,6917,"2026-08-18 17:12:08.077",true,"[]",0,3
13714,5210,"2026-08-18 17:12:08.077",true,"[]",0,3
13715,8702,"2026-08-18 17:12:08.077",true,"[]",0,3
13716,666,"2026-08-18 17:12:08.077",true,"[]",0,3
13717,1213,"2026-08-18 17:12:08.077",false,"[""RESTRICTED_HS_CODE""]",30,3
13718,2938,"2026-08-18 17:12:08.077",true,"[]",0,3
13719,4251,"2026-08-18 17:12:08.077",true,"[]",0,3
13720,3230,"2026-08-18 17:12:08.077",false,"[""RESTRICTED_HS_CODE""]",30,3
13721,3953,"2026-08-18 17:12:08.077",true,"[]",0,3
13722,5267,"2026-08-18 17:12:08.077",true,"[]",0,3
13723,9600,"2026-08-18 17:12:08.077",true,"[]",0,3
13724,2686,"2026-08-18 17:12:08.077",true,"[]",0,3
13725,8764,"2026-08-18 17:12:08.077",true,"[]",0,3
13726,163,"2026-08-18 17:12:08.077",true,"[]",0,3
13727,650,"2026-08-18 17:12:08.077",true,"[]",0,3
13728,1196,"2026-08-18 17:12:08.077",true,"[]",0,3
13729,7581,"2026-08-18 17:12:08.077",true,"[]",0,3
13730,6519,"2026-08-18 17:12:08.077",true,"[]",0,3
13731,4853,"2026-08-18 17:12:08.077",true,"[]",0,3
13732,7024,"2026-08-18 17:12:08.077",true,"[]",0,3
13733,2819,"2026-08-18 17:12:08.077",true,"[]",0,3
13734,2300,"2026-08-18 17:12:08.077",true,"[""DANGEROUS_GOODS""]",20,3
13735,9036,"2026-08-18 17:12:08.077",true,"[]",0,3
13736,160,"2026-08-18 17:12:08.077",false,"[""RESTRICTED_HS_CODE""]",30,3
13737,5713,"2026-08-18 17:12:08.077",false,"[""RESTRICTED_HS_CODE""]",30,3
13738,8338,"2026-08-18 17:12:08.077",true,"[]",0,3
13739,8356,"2026-08-18 17:12:08.077",true,"[]",0,3
13740,2259,"2026-08-18 17:12:08.077",true,"[]",0,3
13741,1936,"2026-08-18 17:12:08.077",true,"[]",0,3
13742,6083,"2026-08-18 17:12:08.077",true,"[]",0,3
13743,4344,"2026-08-18 17:12:08.077",true,"[]",0,3
13744,6538,"2026-08-18 17:12:08.077",true,"[]",0,3
13745,7591,"2026-08-18 17:12:08.077",false,"[""RESTRICTED_HS_CODE""]",30,3
13746,7821,"2026-08-18 17:12:08.077",true,"[]",0,3
13747,7482,"2026-08-18 17:12:08.077",true,"[]",0,3
13748,2467,"2026-08-18 17:12:08.077",true,"[]",0,3
13749,199,"2026-08-18 17:12:08.077",true,"[]",0,3
13750,6811,"2026-08-18 17:12:08.077",false,"[""RESTRICTED_HS_CODE""]",30,3
13751,6086,"2026-08-18 17:12:08.077",false,"[""RESTRICTED_HS_CODE""]",30,3
13752,3860,"2026-08-18 17:12:08.077",true,"[]",0,3
13753,2984,"2026-08-18 17:12:08.077",true,"[]",0,3
13754,7182,"2026-08-18 17:12:08.077",false,"[""RESTRICTED_HS_CODE""]",30,3
13755,7312,"2026-08-18 17:12:08.077",true,"[]",0,3
13756,9140,"2026-08-18 17:12:08.077",true,"[]",0,3
13757,2210,"2026-08-18 17:12:08.077",true,"[]",0,3
13758,4673,"2026-08-18 17:12:08.077",true,"[]",0,3
13759,3581,"2026-08-18 17:12:08.077",true,"[]",0,3
13760,1625,"2026-08-18 17:12:08.077",true,"[]",0,3
13761,8425,"2026-08-18 17:12:08.077",true,"[]",0,3
13762,4032,"2026-08-18 17:12:08.077",true,"[""DANGEROUS_GOODS""]",20,3
13763,6742,"2026-08-18 17:12:08.077",true,"[]",0,3
13764,5064,"2026-08-18 17:12:08.077",false,"[""RESTRICTED_HS_CODE""]",30,3
13765,9285,"2026-08-18 17:12:08.077",true,"[]",0,3
13766,9872,"2026-08-18 17:12:08.077",true,"[]",0,3
13767,7133,"2026-08-18 17:12:08.077",true,"[]",0,3
13768,5291,"2026-08-18 17:12:08.077",false,"[""RESTRICTED_HS_CODE""]",30,3
13769,7918,"2026-08-18 17:12:08.077",true,"[]",0,3
13770,8066,"2026-08-18 17:12:08.077",true,"[]",0,3
13771,3181,"2026-08-18 17:12:08.077",true,"[]",0,3
13772,4474,"2026-08-18 17:12:08.077",true,"[]",0,3
13773,9755,"2026-08-18 17:12:08.077",true,"[]",0,3
13774,5534,"2026-08-18 17:12:08.077",true,"[]",0,3
13775,3141,"2026-08-18 17:12:08.077",false,"[""RESTRICTED_HS_CODE""]",30,3
13776,6507,"2026-08-18 17:12:08.077",true,"[]",0,3
13777,2515,"2026-08-18 17:12:08.077",true,"[]",0,3
13778,7875,"2026-08-18 17:12:08.077",true,"[""DANGEROUS_GOODS""]",20,3
13779,7139,"2026-08-18 17:12:08.077",true,"[]",0,3
13780,6267,"2026-08-18 17:12:08.077",true,"[]",0,3
13781,4749,"2026-08-18 17:12:08.077",true,"[]",0,3
13782,4229,"2026-08-18 17:12:08.077",true,"[]",0,3
13783,8351,"2026-08-18 17:12:08.077",true,"[]",0,3
13784,2702,"2026-08-18 17:12:08.077",true,"[]",0,3
13785,15,"2026-08-18 17:12:08.077",true,"[]",0,3
13786,7531,"2026-08-18 17:12:08.077",true,"[]",0,3
13787,5743,"2026-08-18 17:12:08.077",false,"[""RESTRICTED_HS_CODE""]",30,3
13788,167,"2026-08-18 17:12:08.077",true,"[]",0,3
13789,9934,"2026-08-18 17:12:08.077",true,"[]",0,3
13790,8752,"2026-08-18 17:12:08.077",true,"[]",0,3
13791,8979,"2026-08-18 17:12:08.077",true,"[]",0,3
13792,107,"2026-08-18 17:12:08.077",true,"[]",0,3
13793,2781,"2026-08-18 17:12:08.077",true,"[]",0,3
13794,7982,"2026-08-18 17:12:08.077",true,"[]",0,3
13795,4279,"2026-08-18 17:12:08.077",true,"[]",0,3
13796,8248,"2026-08-18 17:12:08.077",false,"[""RESTRICTED_HS_CODE""]",30,3
13797,2333,"2026-08-18 17:12:08.077",true,"[]",0,3
13798,7248,"2026-08-18 17:12:08.077",true,"[]",0,3
13799,2925,"2026-08-18 17:12:08.077",true,"[]",0,3
13800,6338,"2026-08-18 17:12:08.077",true,"[]",0,3
13801,4023,"2026-08-18 17:12:08.077",false,"[""RESTRICTED_HS_CODE""]",30,3
13802,4217,"2026-08-18 17:12:08.077",false,"[""RESTRICTED_HS_CODE""]",30,3
13803,2469,"2026-08-18 17:12:08.077",true,"[]",0,3
13804,7908,"2026-08-18 17:12:08.077",true,"[]",0,3
13805,7652,"2026-08-18 17:12:08.077",true,"[]",0,3
13806,5822,"2026-08-18 17:12:08.077",true,"[]",0,3
13807,9298,"2026-08-18 17:12:08.077",true,"[]",0,3
13808,9726,"2026-08-18 17:12:08.077",true,"[]",0,3
13809,3982,"2026-08-18 17:12:08.077",true,"[""DANGEROUS_GOODS""]",20,3
13810,4796,"2026-08-18 17:12:08.077",true,"[]",0,3
13811,9747,"2026-08-18 17:12:08.077",true,"[]",0,3
13812,6348,"2026-08-18 17:12:08.077",true,"[]",0,3
13813,2221,"2026-08-18 17:12:08.077",true,"[]",0,3
13814,3452,"2026-08-18 17:12:08.077",false,"[""RESTRICTED_HS_CODE""]",30,3
13815,3479,"2026-08-18 17:12:08.077",true,"[]",0,3
13816,6252,"2026-08-18 17:12:08.077",true,"[]",0,3
13817,7775,"2026-08-18 17:12:08.077",true,"[]",0,3
13818,2006,"2026-08-18 17:12:08.077",true,"[]",0,3
13819,423,"2026-08-18 17:12:08.077",true,"[]",0,3
13820,1945,"2026-08-18 17:12:08.077",true,"[]",0,3
13821,8599,"2026-08-18 17:12:08.077",false,"[""RESTRICTED_HS_CODE""]",30,3
13822,8816,"2026-08-18 17:12:08.077",true,"[]",0,3
13823,4210,"2026-08-18 17:12:08.077",true,"[]",0,3
13824,2029,"2026-08-18 17:12:08.077",true,"[]",0,3
13825,8953,"2026-08-18 17:12:08.077",true,"[]",0,3
13826,7855,"2026-08-18 17:12:08.077",true,"[]",0,3
13827,3403,"2026-08-18 17:12:08.077",true,"[]",0,3
13828,3056,"2026-08-18 17:12:08.077",false,"[""RESTRICTED_HS_CODE""]",30,3
13829,4630,"2026-08-18 17:12:08.077",false,"[""RESTRICTED_HS_CODE""]",30,3
13830,8461,"2026-08-18 17:12:08.077",true,"[]",0,3
13831,3657,"2026-08-18 17:12:08.077",true,"[]",0,3
13832,9983,"2026-08-18 17:12:08.077",true,"[]",0,3
13833,7565,"2026-08-18 17:12:08.077",true,"[]",0,3
13834,1668,"2026-08-18 17:12:08.077",true,"[]",0,3
13835,5586,"2026-08-18 17:12:08.077",true,"[]",0,3
13836,3618,"2026-08-18 17:12:08.077",true,"[""DANGEROUS_GOODS""]",20,3
13837,3458,"2026-08-18 17:12:08.077",true,"[]",0,3
13838,5062,"2026-08-18 17:12:08.077",true,"[]",0,3
13839,2630,"2026-08-18 17:12:08.077",true,"[]",0,3
13840,8785,"2026-08-18 17:12:08.077",false,"[""RESTRICTED_HS_CODE""]",30,3
13841,5753,"2026-08-18 17:12:08.077",true,"[]",0,3
13842,6001,"2026-08-18 17:12:08.077",true,"[]",0,3
13843,8841,"2026-08-18 17:12:08.077",true,"[]",0,3
13844,6867,"2026-08-18 17:12:08.077",true,"[]",0,3
13845,2807,"2026-08-18 17:12:08.077",true,"[]",0,3
13846,7295,"2026-08-18 17:12:08.077",true,"[]",0,3
13847,2067,"2026-08-18 17:12:08.077",true,"[]",0,3
13848,9409,"2026-08-18 17:12:08.077",true,"[]",0,3
13849,9739,"2026-08-18 17:12:08.077",true,"[]",0,3
13850,8580,"2026-08-18 17:12:08.077",false,"[""RESTRICTED_HS_CODE""]",30,3
13851,2438,"2026-08-18 17:12:08.077",true,"[]",0,3
13852,5167,"2026-08-18 17:12:08.077",true,"[]",0,3
13853,1666,"2026-08-18 17:12:08.077",true,"[]",0,3
13854,3136,"2026-08-18 17:12:08.077",true,"[]",0,3
13855,1576,"2026-08-18 17:12:08.077",true,"[]",0,3
13856,9619,"2026-08-18 17:12:08.077",true,"[]",0,3
13857,9558,"2026-08-18 17:12:08.077",true,"[]",0,3
13858,5905,"2026-08-18 17:12:08.077",true,"[]",0,3
13859,9174,"2026-08-18 17:12:08.077",true,"[""DANGEROUS_GOODS""]",20,3
13860,4553,"2026-08-18 17:12:08.077",true,"[]",0,3
13861,3576,"2026-08-18 17:12:08.077",true,"[]",0,3
13862,6915,"2026-08-18 17:12:08.077",true,"[]",0,3
13863,8472,"2026-08-18 17:12:08.077",true,"[]",0,3
13864,1986,"2026-08-18 17:12:08.077",true,"[]",0,3
13865,2996,"2026-08-18 17:12:08.077",true,"[]",0,3
13866,7414,"2026-08-18 17:12:08.077",true,"[]",0,3
13867,2810,"2026-08-18 17:12:08.077",false,"[""RESTRICTED_HS_CODE""]",30,3
13868,5052,"2026-08-18 17:12:08.077",true,"[]",0,3
13869,6791,"2026-08-18 17:12:08.077",true,"[]",0,3
13870,9088,"2026-08-18 17:12:08.077",true,"[]",0,3
13871,7732,"2026-08-18 17:12:08.077",false,"[""RESTRICTED_HS_CODE""]",30,3
13872,4415,"2026-08-18 17:12:08.077",false,"[""RESTRICTED_HS_CODE""]",30,3
13873,9322,"2026-08-18 17:12:08.077",true,"[]",0,3
13874,4065,"2026-08-18 17:12:08.077",true,"[]",0,3
13875,9978,"2026-08-18 17:12:08.077",true,"[]",0,3
13876,5079,"2026-08-18 17:12:08.077",true,"[]",0,3
13877,5492,"2026-08-18 17:12:08.077",true,"[]",0,3
13878,1078,"2026-08-18 17:12:08.077",false,"[""RESTRICTED_HS_CODE""]",30,3
13879,5818,"2026-08-18 17:12:08.077",true,"[]",0,3
13880,5299,"2026-08-18 17:12:08.077",true,"[]",0,3
403,7565,"2026-08-18 17:14:02.484",true,"[]",0,3
404,7903,"2026-08-18 17:14:03.577",false,"[""RESTRICTED_HS_CODE""]",30,3
405,1,"2026-08-18 17:23:45.164",true,"[""OVERWEIGHT""]",10,3
