"ALERT_ID","ALERT_TYPE","SEVERITY","DESCRIPTION","DOCUMENT_IDS","STATUS","ASSIGNED_TO","CREATED_AT","RESOLVED_AT","RESOLUTION_NOTES","BL_ID","DETECTED_AT","AI_RISK_ASSESSMENT","AI_RECOMMENDED_ACTION","AI_DECISION_REASON","AI_ANALYZED_AT"
940,"COST_PER_KG_ANOMALY","MEDIUM","Cost/kg $2.3026 vs peer median $0.2558 (9x) on APZU04704","","ESCALATED","","2026-08-01 23:55:41.671","","ESCALATED to compliance team by AI decision. Reason: Cost per kg is $2.3026, 9x the peer median of $0.2558, falling into the ELEVATED_BETWEEN_5X_AND_10X_MEDIAN band.",4698,"2026-08-01 23:55:41.671","The key indicator is the cost per kg, which is $2.3026, 9x the peer median of $0.2558, placing it in the ELEVATED_BETWEEN_5X_AND_10X_MEDIAN band. Both counterparties are recognisable real businesses and there are no sanctions matches.","ESCALATE","Cost per kg is $2.3026, 9x the peer median of $0.2558, falling into the ELEVATED_BETWEEN_5X_AND_10X_MEDIAN band.","2026-08-02 00:23:22.520"
941,"COST_PER_KG_ANOMALY","MEDIUM","Cost/kg $2.3 vs peer median $0.2558 (9x) on APZU00644","","ESCALATED","","2026-08-01 23:55:41.671","","ESCALATED to compliance team by AI decision. Reason: Cost per kg is $2.3 (8.99x the peer median of $0.2558), placing it in the ELEVATED_BETWEEN_5X_AND_10X_MEDIAN band.",634,"2026-08-01 23:55:41.671","The key indicators are the cost per kg of $2.3, which is 8.99x the peer median of $0.2558, placing it in the ELEVATED_BETWEEN_5X_AND_10X_MEDIAN band, and the sanctions/export-restriction list matches for the counterparties is 0. The elevated cost per kg band mandates escalation for human judgment.","ESCALATE","Cost per kg is $2.3 (8.99x the peer median of $0.2558), placing it in the ELEVATED_BETWEEN_5X_AND_10X_MEDIAN band.","2026-08-02 00:23:30.610"
942,"COST_PER_KG_ANOMALY","MEDIUM","Cost/kg $2.2982 vs peer median $0.2558 (9x) on OOLU00910","","ESCALATED","","2026-08-01 23:55:41.671","","ESCALATED to compliance team by AI decision. Reason: Cost per kg is $2.2982, 8.98x the peer median of $0.2558, falling in the ELEVATED_BETWEEN_5X_AND_10X_MEDIAN band.",900,"2026-08-01 23:55:41.671","The key indicator is the cost per kg, which is $2.2982, 8.98x the peer median of $0.2558, placing it in the ELEVATED_BETWEEN_5X_AND_10X_MEDIAN band. Both counterparties are recognisable real businesses and there are no sanctions matches.","ESCALATE","Cost per kg is $2.2982, 8.98x the peer median of $0.2558, falling in the ELEVATED_BETWEEN_5X_AND_10X_MEDIAN band.","2026-08-02 00:23:49.378"
943,"COST_PER_KG_ANOMALY","MEDIUM","Cost/kg $2.2732 vs peer median $0.2558 (8.9x) on HLCU07260","","ESCALATED","","2026-08-01 23:55:41.671","","ESCALATED to compliance team by AI decision. Reason: Cost per kg is $2.2732, 8.89x the peer median of $0.2558, placing it in the ELEVATED_BETWEEN_5X_AND_10X_MEDIAN band.",7254,"2026-08-01 23:55:41.671","The key indicator is the cost per kg, which is $2.2732, 8.89 times the peer median of $0.2558, placing it in the ELEVATED_BETWEEN_5X_AND_10X_MEDIAN band. Both counterparties are recognizable real businesses, and there are no sanctions matches. The elevated cost per kg warrants further investigation.","ESCALATE","Cost per kg is $2.2732, 8.89x the peer median of $0.2558, placing it in the ELEVATED_BETWEEN_5X_AND_10X_MEDIAN band.","2026-08-02 00:23:58.381"
944,"COST_PER_KG_ANOMALY","MEDIUM","Cost/kg $2.2668 vs peer median $0.2558 (8.9x) on APZU08106","","ESCALATED","","2026-08-01 23:55:41.671","","ESCALATED to compliance team by AI decision. Reason: Cost per kg is $2.2668, 8.86x the peer median of $0.2558, falling in the ELEVATED_BETWEEN_5X_AND_10X_MEDIAN band.",8100,"2026-08-01 23:55:41.671","The key indicator is the cost per kg, which is $2.2668, 8.86 times the peer median of $0.2558, placing it in the ELEVATED_BETWEEN_5X_AND_10X_MEDIAN band. Both counterparties are recognizable real businesses, and there are no sanctions matches.","ESCALATE","Cost per kg is $2.2668, 8.86x the peer median of $0.2558, falling in the ELEVATED_BETWEEN_5X_AND_10X_MEDIAN band.","2026-08-02 00:24:07.655"
945,"COST_PER_KG_ANOMALY","MEDIUM","Cost/kg $2.261 vs peer median $0.2558 (8.8x) on MAEU03498","","ESCALATED","","2026-08-01 23:55:41.671","","ESCALATED to compliance team by AI decision. Reason: Cost per kg is $2.261, 8.84x the peer median of $0.2558, falling within the ELEVATED_BETWEEN_5X_AND_10X_MEDIAN band.",3488,"2026-08-01 23:55:41.671","The key indicator is the cost per kg, which is $2.261, 8.84x the peer median of $0.2558, placing it in the ELEVATED_BETWEEN_5X_AND_10X_MEDIAN band. Both counterparties are recognizable real businesses, and there are no sanctions matches.","ESCALATE","Cost per kg is $2.261, 8.84x the peer median of $0.2558, falling within the ELEVATED_BETWEEN_5X_AND_10X_MEDIAN band.","2026-08-02 00:24:16.059"
946,"COST_PER_KG_ANOMALY","MEDIUM","Cost/kg $2.2609 vs peer median $0.2558 (8.8x) on EGLV00925","","ESCALATED","","2026-08-01 23:55:41.671","","ESCALATED to compliance team by AI decision. Reason: Cost per kg is $2.2609, 8.84x the peer median of $0.2558, placing it in the ELEVATED_BETWEEN_5X_AND_10X_MEDIAN band.",915,"2026-08-01 23:55:41.671","The key indicator is the cost per kg, which is $2.2609, 8.84 times the peer median of $0.2558, placing it in the ELEVATED_BETWEEN_5X_AND_10X_MEDIAN band. Both counterparties are recognizable real businesses, and there are no sanctions matches. The elevated cost per kg warrants further investigation.","ESCALATE","Cost per kg is $2.2609, 8.84x the peer median of $0.2558, placing it in the ELEVATED_BETWEEN_5X_AND_10X_MEDIAN band.","2026-08-02 00:24:26.621"
947,"COST_PER_KG_ANOMALY","MEDIUM","Cost/kg $2.2519 vs peer median $0.2558 (8.8x) on MSKU07149","","ESCALATED","","2026-08-01 23:55:41.671","","ESCALATED to compliance team by AI decision. Reason: Cost per kg is $2.2519, 8.8x the peer median of $0.2558, falling in the ELEVATED_BETWEEN_5X_AND_10X_MEDIAN band.",7143,"2026-08-01 23:55:41.671","The key indicator is the cost per kg, which is $2.2519, 8.8 times the peer median of $0.2558, placing it in the ELEVATED_BETWEEN_5X_AND_10X_MEDIAN band. Both counterparties are recognizable real businesses, and there are no sanctions matches. The elevated cost per kg warrants further investigation.","ESCALATE","Cost per kg is $2.2519, 8.8x the peer median of $0.2558, falling in the ELEVATED_BETWEEN_5X_AND_10X_MEDIAN band.","2026-08-02 00:24:35.549"
924,"HIGH_VALUE_ANOMALY","MEDIUM","Charges $8601 exceed the 99th percentile $8409 on APZU00984","","RESOLVED","","2026-08-01 23:51:30.633","2026-08-02 00:26:01.414","CLEARED by AI decision - no fraud confirmed. Reason: Sanctions matches = 0, cost-per-kg band is NORMAL_AT_OR_BELOW_5X_MEDIAN, and both counterparties are recognisable real businesses.",974,"2026-08-01 23:51:30.633","The key indicators are the cost-per-kg band (NORMAL_AT_OR_BELOW_5X_MEDIAN) and sanctions matches (0). Both counterparties are recognisable real businesses, and the cost per kg is within the normal range.","CLEAR","Sanctions matches = 0, cost-per-kg band is NORMAL_AT_OR_BELOW_5X_MEDIAN, and both counterparties are recognisable real businesses.","2026-08-02 00:25:59.561"
925,"HIGH_VALUE_ANOMALY","MEDIUM","Charges $8598 exceed the 99th percentile $8409 on APZU01822","","RESOLVED","","2026-08-01 23:51:30.633","2026-08-02 00:26:12.437","CLEARED by AI decision - no fraud confirmed. Reason: Cost per kg is within normal range ($0.3144, 1.23x median), no sanctions matches (0), and both counterparties are recognizable real businesses.",1812,"2026-08-01 23:51:30.633","The alert indicates a high-value anomaly, but the cost per kg is within the normal range (1.23x the peer median of $0.2558), and there are no sanctions matches. Both counterparties are recognizable real businesses. The key indicators are cost per kg ($0.3144), sanctions matches (0), and recognizable counterparties (Panasonic Vietnam, Seven Eleven Japan).","CLEAR","Cost per kg is within normal range ($0.3144, 1.23x median), no sanctions matches (0), and both counterparties are recognizable real businesses.","2026-08-02 00:26:11.012"
926,"HIGH_VALUE_ANOMALY","MEDIUM","Charges $8595 exceed the 99th percentile $8409 on CMDU00988","","RESOLVED","","2026-08-01 23:51:30.633","2026-08-02 00:26:23.823","CLEARED by AI decision - no fraud confirmed. Reason: Sanctions matches = 0, cost-per-kg band is NORMAL_AT_OR_BELOW_5X_MEDIAN, and both counterparties are recognizable real businesses.",978,"2026-08-01 23:51:30.633","The key indicators are the cost-per-kg band (NORMAL_AT_OR_BELOW_5X_MEDIAN), sanctions matches (0), and recognizable counterparties (Nike Vietnam and Asian Foods LLC). The cost per kg is $0.5978, which is 2.34x the peer median of $0.2558, but still within the normal range. Both counterparties are recognizable real businesses, and there are no sanctions matches.","CLEAR","Sanctions matches = 0, cost-per-kg band is NORMAL_AT_OR_BELOW_5X_MEDIAN, and both counterparties are recognizable real businesses.","2026-08-02 00:26:22.373"
927,"HIGH_VALUE_ANOMALY","MEDIUM","Charges $8591 exceed the 99th percentile $8409 on CAXU08712","","RESOLVED","","2026-08-01 23:51:30.633","2026-08-02 00:26:32.392","CLEARED by AI decision - no fraud confirmed. Reason: Cost per kg is within the normal range (2.01x the peer median of $0.2558) and there are no sanctions matches (0).",8706,"2026-08-01 23:51:30.633","The alert indicates a high-value anomaly, but the cost per kg is within the normal range (2.01x the peer median of $0.2558), and there are no sanctions matches. Both counterparties are recognizable real businesses. The key indicators are cost per kg ($0.5149) and sanctions matches (0).","CLEAR","Cost per kg is within the normal range (2.01x the peer median of $0.2558) and there are no sanctions matches (0).","2026-08-02 00:26:30.904"
928,"HIGH_VALUE_ANOMALY","MEDIUM","Charges $8586 exceed the 99th percentile $8409 on EGLV04268","","RESOLVED","","2026-08-01 23:51:30.633","2026-08-02 00:26:40.184","CLEARED by AI decision - no fraud confirmed. Reason: Cost per kg is within the normal range (1.58x the peer median of $0.2558), and there are no sanctions matches.",4262,"2026-08-01 23:51:30.633","The alert indicates a high-value anomaly, but the cost per kg is within the normal range (1.58x the peer median of $0.2558), and there are no sanctions matches. Both counterparties are recognizable real businesses. The route and charges are consistent with normal operations.","CLEAR","Cost per kg is within the normal range (1.58x the peer median of $0.2558), and there are no sanctions matches.","2026-08-02 00:26:38.777"
929,"HIGH_VALUE_ANOMALY","MEDIUM","Charges $8583 exceed the 99th percentile $8409 on CMDU06970","","RESOLVED","","2026-08-01 23:51:30.633","2026-08-02 00:26:47.626","CLEARED by AI decision - no fraud confirmed. Reason: Sanctions matches = 0, cost-per-kg band is NORMAL_AT_OR_BELOW_5X_MEDIAN, and both counterparties are recognisable real businesses.",6964,"2026-08-01 23:51:30.633","The key indicators are the cost-per-kg band (NORMAL_AT_OR_BELOW_5X_MEDIAN) and sanctions matches (0). Both counterparties are recognisable real businesses, and the cost per kg is within the normal range.","CLEAR","Sanctions matches = 0, cost-per-kg band is NORMAL_AT_OR_BELOW_5X_MEDIAN, and both counterparties are recognisable real businesses.","2026-08-02 00:26:46.202"
930,"HIGH_VALUE_ANOMALY","MEDIUM","Charges $8579 exceed the 99th percentile $8409 on ONEY08907","","RESOLVED","","2026-08-01 23:51:30.633","2026-08-02 00:26:56.947","CLEARED by AI decision - no fraud confirmed. Reason: Sanctions matches = 0, cost-per-kg band is NORMAL_AT_OR_BELOW_5X_MEDIAN, and both counterparties are recognisable real businesses.",8901,"2026-08-01 23:51:30.633","The key indicators are the cost-per-kg band (NORMAL_AT_OR_BELOW_5X_MEDIAN) and sanctions matches (0). Both counterparties are recognisable real businesses, and the cost per kg is within normal limits.","CLEAR","Sanctions matches = 0, cost-per-kg band is NORMAL_AT_OR_BELOW_5X_MEDIAN, and both counterparties are recognisable real businesses.","2026-08-02 00:26:55.564"
931,"HIGH_VALUE_ANOMALY","MEDIUM","Charges $8578 exceed the 99th percentile $8409 on CMDU07843","","RESOLVED","","2026-08-01 23:51:30.633","2026-08-02 00:27:11.769","CLEARED by AI decision - no fraud confirmed. Reason: Cost per kg is within normal range (1.67x the peer median of $0.2558) and no sanctions matches (0).",7837,"2026-08-01 23:51:30.633","The alert indicates a high-value anomaly, but the cost per kg is within the normal range (1.67x the peer median of $0.2558), and there are no sanctions matches. Both counterparties are recognizable real businesses. The key indicators are the cost per kg band (NORMAL_AT_OR_BELOW_5X_MEDIAN) and sanctions matches (0).","CLEAR","Cost per kg is within normal range (1.67x the peer median of $0.2558) and no sanctions matches (0).","2026-08-02 00:27:10.262"
916,"COST_PER_KG_ANOMALY","MEDIUM","Cost/kg $2.3856 vs peer median $0.2558 (9.3x) on YMLU05411","","INVESTIGATING","","2026-08-01 23:51:30.218","","",5405,"2026-08-01 23:51:30.218","The shipment's cost per kg is significantly higher than the peer median, indicating a potential anomaly. The cost per kg is 9.33x the peer median cost per kg, which is above the threshold for blocking. No sanctions or export-restriction list matches were found for the counterparties.","BLOCK","Cost per kg is 9.33x the peer median cost per kg.","2026-08-02 00:02:01.500"
917,"COST_PER_KG_ANOMALY","MEDIUM","Cost/kg $2.3599 vs peer median $0.2558 (9.2x) on ONEY01910","","INVESTIGATING","","2026-08-01 23:51:30.218","","",1900,"2026-08-01 23:51:30.218","The key indicator is the cost per kg, which is $2.3599, 9.23 times the peer median of $0.2558, placing it in the ELEVATED_BETWEEN_5X_AND_10X_MEDIAN band. Both counterparties are recognizable real businesses, and there are no sanctions matches. The elevated cost per kg warrants further investigation.","ESCALATE","Cost per kg is $2.3599, 9.23x the peer median of $0.2558, placing it in the ELEVATED_BETWEEN_5X_AND_10X_MEDIAN band.","2026-08-02 00:04:07.758"
918,"COST_PER_KG_ANOMALY","MEDIUM","Cost/kg $2.3571 vs peer median $0.2558 (9.2x) on CMDU09798","","ESCALATED","","2026-08-01 23:51:30.218","","ESCALATED to compliance team by AI decision. Reason: Cost per kg is $2.3571, 9.21x the peer median of $0.2558, falling in the ELEVATED_BETWEEN_5X_AND_10X_MEDIAN band.",9792,"2026-08-01 23:51:30.218","The key indicator is the cost per kg, which is $2.3571, 9.21 times the peer median of $0.2558, placing it in the ELEVATED_BETWEEN_5X_AND_10X_MEDIAN band. Both counterparties are recognizable real businesses, and there are no sanctions matches. The elevated cost per kg warrants further investigation.","ESCALATE","Cost per kg is $2.3571, 9.21x the peer median of $0.2558, falling in the ELEVATED_BETWEEN_5X_AND_10X_MEDIAN band.","2026-08-02 00:27:20.814"
919,"COST_PER_KG_ANOMALY","MEDIUM","Cost/kg $2.3519 vs peer median $0.2558 (9.2x) on CMDU01854","","ESCALATED","","2026-08-01 23:51:30.218","","ESCALATED to compliance team by AI decision. Reason: Cost per kg is $2.3519, 9.19x the peer median of $0.2558, placing it in the ELEVATED_BETWEEN_5X_AND_10X_MEDIAN band.",1844,"2026-08-01 23:51:30.218","The key indicator is the cost per kg, which is $2.3519, 9.19 times the peer median of $0.2558, placing it in the ELEVATED_BETWEEN_5X_AND_10X_MEDIAN band. Both counterparties are recognizable real businesses, and there are no sanctions matches. The elevated cost per kg warrants further investigation.","ESCALATE","Cost per kg is $2.3519, 9.19x the peer median of $0.2558, placing it in the ELEVATED_BETWEEN_5X_AND_10X_MEDIAN band.","2026-08-02 00:27:31.034"
920,"COST_PER_KG_ANOMALY","MEDIUM","Cost/kg $2.3176 vs peer median $0.2558 (9.1x) on EGLV07994","","ESCALATED","","2026-08-01 23:51:30.218","","ESCALATED to compliance team by AI decision. Reason: Cost per kg is $2.3176, 9.06x the peer median of $0.2558, placing it in the ELEVATED_BETWEEN_5X_AND_10X_MEDIAN band.",7988,"2026-08-01 23:51:30.218","The key indicator is the cost per kg, which is $2.3176, 9.06 times the peer median of $0.2558, placing it in the ELEVATED_BETWEEN_5X_AND_10X_MEDIAN band. Both counterparties are recognizable real businesses, and there are no sanctions matches. The elevated cost per kg warrants further investigation.","ESCALATE","Cost per kg is $2.3176, 9.06x the peer median of $0.2558, placing it in the ELEVATED_BETWEEN_5X_AND_10X_MEDIAN band.","2026-08-02 00:27:39.194"
921,"COST_PER_KG_ANOMALY","MEDIUM","Cost/kg $2.3155 vs peer median $0.2558 (9.1x) on MSKU00457","","ESCALATED","","2026-08-01 23:51:30.218","","ESCALATED to compliance team by AI decision. Reason: Cost per kg is $2.3155, 9.05x the peer median of $0.2558, falling into the ELEVATED_BETWEEN_5X_AND_10X_MEDIAN band.",447,"2026-08-01 23:51:30.218","The key indicator is the cost per kg, which is $2.3155, 9.05 times the peer median of $0.2558. This falls into the ELEVATED_BETWEEN_5X_AND_10X_MEDIAN band, which mandates escalation for human judgment. Both counterparties are recognizable real businesses, and there are no sanctions matches.","ESCALATE","Cost per kg is $2.3155, 9.05x the peer median of $0.2558, falling into the ELEVATED_BETWEEN_5X_AND_10X_MEDIAN band.","2026-08-02 00:27:48.930"
922,"COST_PER_KG_ANOMALY","MEDIUM","Cost/kg $2.3099 vs peer median $0.2558 (9x) on MSKU00156","","ESCALATED","","2026-08-01 23:51:30.218","","ESCALATED to compliance team by AI decision. Reason: Cost per kg is $2.3099, 9.03x the peer median of $0.2558, placing it in the ELEVATED_BETWEEN_5X_AND_10X_MEDIAN band.",146,"2026-08-01 23:51:30.218","The key indicator is the cost per kg, which is $2.3099, 9.03 times the peer median of $0.2558, placing it in the ELEVATED_BETWEEN_5X_AND_10X_MEDIAN band. Both counterparties are recognizable real businesses, and there are no sanctions matches. The elevated cost per kg warrants further investigation.","ESCALATE","Cost per kg is $2.3099, 9.03x the peer median of $0.2558, placing it in the ELEVATED_BETWEEN_5X_AND_10X_MEDIAN band.","2026-08-02 00:27:59.524"
923,"COST_PER_KG_ANOMALY","MEDIUM","Cost/kg $2.3079 vs peer median $0.2558 (9x) on HLCU07242","","ESCALATED","","2026-08-01 23:51:30.218","","ESCALATED to compliance team by AI decision. Reason: Cost per kg is $2.3079, 9.02x the peer median of $0.2558, placing it in the ELEVATED_BETWEEN_5X_AND_10X_MEDIAN band.",7236,"2026-08-01 23:51:30.218","The key indicator is the cost per kg, which is $2.3079, 9.02 times the peer median of $0.2558, placing it in the ELEVATED_BETWEEN_5X_AND_10X_MEDIAN band. Both counterparties are recognizable real businesses, and there are no sanctions matches. The elevated cost per kg warrants further investigation.","ESCALATE","Cost per kg is $2.3079, 9.02x the peer median of $0.2558, placing it in the ELEVATED_BETWEEN_5X_AND_10X_MEDIAN band.","2026-08-02 00:28:08.748"
889,"COST_PER_KG_ANOMALY","HIGH","Cost/kg $2.6114 is more than 5x the peer median $0.2558 on MSKU05777","","RESOLVED","","2026-08-01 23:39:37.574","2026-08-01 23:40:06.375","AUTO-BLOCKED by AI decision. Reason: Cost per kg ($2.6114) exceeds 5x the peer median ($0.2558).",5771,"2026-08-01 23:39:37.574","The cost per kg of $2.6114 exceeds the peer median by more than 5x, which is a significant anomaly. Both counterparties are recognizable businesses, and there are no sanctions matches.","BLOCK","Cost per kg ($2.6114) exceeds 5x the peer median ($0.2558).","2026-08-01 23:40:04.560"
890,"COST_PER_KG_ANOMALY","HIGH","Cost/kg $2.5679 is more than 5x the peer median $0.2558 on MSKU02234","","RESOLVED","","2026-08-01 23:39:37.574","2026-08-01 23:40:13.005","AUTO-BLOCKED by AI decision. Reason: Cost per kg ($2.5679) exceeds 5x the peer median ($0.2558).",2224,"2026-08-01 23:39:37.574","The cost per kg of $2.5679 exceeds the peer median by more than 5 times, which is a significant anomaly. Both counterparties are recognizable real businesses, and there are no sanctions matches.","BLOCK","Cost per kg ($2.5679) exceeds 5x the peer median ($0.2558).","2026-08-01 23:40:11.252"
891,"COST_PER_KG_ANOMALY","HIGH","Cost/kg $2.5302 is more than 5x the peer median $0.2558 on HLCU03706","","RESOLVED","","2026-08-01 23:39:37.574","2026-08-01 23:40:19.474","AUTO-BLOCKED by AI decision. Reason: Cost per kg ($2.5302) exceeds 5x the peer median ($0.2558).",3696,"2026-08-01 23:39:37.574","The cost per kg ($2.5302) exceeds 5x the peer median ($0.2558), indicating a significant anomaly in pricing.","BLOCK","Cost per kg ($2.5302) exceeds 5x the peer median ($0.2558).","2026-08-01 23:40:17.687"
892,"COST_PER_KG_ANOMALY","HIGH","Cost/kg $2.5099 is more than 5x the peer median $0.2558 on MSKU06661","","RESOLVED","","2026-08-01 23:39:37.574","2026-08-01 23:40:25.877","AUTO-BLOCKED by AI decision. Reason: Cost per kg ($2.5099) exceeds 5x the peer median ($0.2558).",6655,"2026-08-01 23:39:37.574","The cost per kg of $2.5099 exceeds 5x the peer median of $0.2558, indicating a significant anomaly.","BLOCK","Cost per kg ($2.5099) exceeds 5x the peer median ($0.2558).","2026-08-01 23:40:24.060"
893,"COST_PER_KG_ANOMALY","HIGH","Cost/kg $2.4153 is more than 5x the peer median $0.2558 on CMDU01128","","RESOLVED","","2026-08-01 23:39:37.574","2026-08-01 23:40:32.476","AUTO-BLOCKED by AI decision. Reason: Cost per kg ($2.4153) exceeds 5x the peer median ($0.2558).",1118,"2026-08-01 23:39:37.574","The cost per kg of $2.4153 exceeds the peer median by more than 5 times, which is a significant anomaly. Both counterparties are recognizable real businesses, and there are no sanctions matches.","BLOCK","Cost per kg ($2.4153) exceeds 5x the peer median ($0.2558).","2026-08-01 23:40:30.811"
894,"COST_PER_KG_ANOMALY","HIGH","Cost/kg $2.4123 is more than 5x the peer median $0.2558 on ONEY07640","","RESOLVED","","2026-08-01 23:39:37.574","2026-08-01 23:40:39.311","AUTO-BLOCKED by AI decision. Reason: Cost per kg ($2.4123) exceeds 5x the peer median ($0.2558).",7634,"2026-08-01 23:39:37.574","The cost per kg of $2.4123 exceeds the peer median by more than 5 times, which is a significant anomaly. Both counterparties are recognizable real businesses, and there are no sanctions matches.","BLOCK","Cost per kg ($2.4123) exceeds 5x the peer median ($0.2558).","2026-08-01 23:40:37.380"
895,"COST_PER_KG_ANOMALY","HIGH","Cost/kg $2.4114 is more than 5x the peer median $0.2558 on OOLU06885","","RESOLVED","","2026-08-01 23:39:37.574","2026-08-01 23:40:45.974","AUTO-BLOCKED by AI decision. Reason: Cost per kg ($2.4114) exceeds 5x the peer median ($0.2558).",6879,"2026-08-01 23:39:37.574","The cost per kg of $2.4114 exceeds the peer median by more than 5 times, which is a significant anomaly. Both counterparties are recognizable real businesses, and there are no sanctions matches.","BLOCK","Cost per kg ($2.4114) exceeds 5x the peer median ($0.2558).","2026-08-01 23:40:44.134"
896,"COST_PER_KG_ANOMALY","HIGH","Cost/kg $2.3879 is more than 5x the peer median $0.2558 on EGLV03114","","RESOLVED","","2026-08-01 23:39:37.574","2026-08-01 23:40:52.543","AUTO-BLOCKED by AI decision. Reason: Cost per kg ($2.3879) exceeds 5x the peer median ($0.2558).",3104,"2026-08-01 23:39:37.574","The cost per kg ($2.3879) exceeds 5x the peer median ($0.2558), indicating a significant anomaly.","BLOCK","Cost per kg ($2.3879) exceeds 5x the peer median ($0.2558).","2026-08-01 23:40:50.704"
873,"HIGH_VALUE_ANOMALY","MEDIUM","Charges $8700 exceed the 99th percentile $8409 on EGLV03096","","RESOLVED","","2026-08-01 23:36:24.630","2026-08-02 00:31:56.396","CLEARED by AI decision - no fraud confirmed. Reason: Sanctions matches = 0, cost-per-kg band is NORMAL_AT_OR_BELOW_5X_MEDIAN, and both counterparties are recognizable real businesses.",3086,"2026-08-01 23:36:24.630","The key indicators are the cost-per-kg band (NORMAL_AT_OR_BELOW_5X_MEDIAN), sanctions matches (0), and recognizable counterparties (Vinamilk Co Ltd and Costco Wholesale). The cost per kg is $0.3346, which is 1.31x the peer median of $0.2558, and both counterparties are clear of sanctions.","CLEAR","Sanctions matches = 0, cost-per-kg band is NORMAL_AT_OR_BELOW_5X_MEDIAN, and both counterparties are recognizable real businesses.","2026-08-02 00:31:54.995"
874,"HIGH_VALUE_ANOMALY","MEDIUM","Charges $8692 exceed the 99th percentile $8409 on APZU04094","","RESOLVED","","2026-08-01 23:36:24.630","2026-08-02 00:32:04.171","CLEARED by AI decision - no fraud confirmed. Reason: Sanctions matches = 0, cost-per-kg band is NORMAL_AT_OR_BELOW_5X_MEDIAN, and both counterparties are recognisable real businesses.",4084,"2026-08-01 23:36:24.630","The key indicators are the cost-per-kg band (NORMAL_AT_OR_BELOW_5X_MEDIAN) and sanctions matches (0). Both counterparties are recognisable real businesses, and the cost per kg is within normal limits.","CLEAR","Sanctions matches = 0, cost-per-kg band is NORMAL_AT_OR_BELOW_5X_MEDIAN, and both counterparties are recognisable real businesses.","2026-08-02 00:32:02.802"
875,"HIGH_VALUE_ANOMALY","MEDIUM","Charges $8691 exceed the 99th percentile $8409 on ONEY03224","","RESOLVED","","2026-08-01 23:36:24.630","2026-08-02 00:32:12.870","CLEARED by AI decision - no fraud confirmed. Reason: Cost per kg is within normal range ($0.5496, 2.15x median), both counterparties are recognizable, and no sanctions matches (0).",3214,"2026-08-01 23:36:24.630","The key indicators are the cost-per-kg band (NORMAL_AT_OR_BELOW_5X_MEDIAN), sanctions matches (0), and recognizable counterparties (Tan Hiep Phat and Metro AG). The cost per kg is $0.5496, which is 2.15x the peer median of $0.2558, but still within the normal range. Both counterparties are recognizable real businesses, and there are no sanctions matches.","CLEAR","Cost per kg is within normal range ($0.5496, 2.15x median), both counterparties are recognizable, and no sanctions matches (0).","2026-08-02 00:32:11.443"
876,"HIGH_VALUE_ANOMALY","HIGH","Charges $8675 exceed the 99th percentile $8409 on OOLU06357","","RESOLVED","","2026-08-01 23:36:24.630","2026-08-01 23:36:33.182","AUTO-BLOCKED by AI decision. Reason: Cost per kg ($2.1956) exceeds 5x the peer median ($0.2558).",6351,"2026-08-01 23:36:24.630","The cost per kg of $2.1956 exceeds the peer median by more than 5 times, which is a significant anomaly. Both counterparties are recognizable real businesses, and there are no sanctions matches. The high cost per kg is the key indicator of potential risk.","BLOCK","Cost per kg ($2.1956) exceeds 5x the peer median ($0.2558).","2026-08-01 23:36:31.289"
877,"HIGH_VALUE_ANOMALY","MEDIUM","Charges $8673 exceed the 99th percentile $8409 on EGLV03986","","RESOLVED","","2026-08-01 23:36:24.630","2026-08-02 00:32:21.266","CLEARED by AI decision - no fraud confirmed. Reason: Sanctions matches = 0, cost-per-kg band is NORMAL_AT_OR_BELOW_5X_MEDIAN, and both counterparties are recognisable real businesses.",3976,"2026-08-01 23:36:24.630","The key indicators are the cost-per-kg band (NORMAL_AT_OR_BELOW_5X_MEDIAN) and sanctions matches (0). Both counterparties are recognisable real businesses, and the cost per kg is within the normal range.","CLEAR","Sanctions matches = 0, cost-per-kg band is NORMAL_AT_OR_BELOW_5X_MEDIAN, and both counterparties are recognisable real businesses.","2026-08-02 00:32:19.432"
878,"HIGH_VALUE_ANOMALY","MEDIUM","Charges $8668 exceed the 99th percentile $8409 on OOLU03528","","RESOLVED","","2026-08-01 23:36:24.630","2026-08-02 00:33:19.445","CLEARED by AI decision - no fraud confirmed. Reason: Cost per kg is within the normal band (4.04x the median), and there are no sanctions matches.",3518,"2026-08-01 23:36:24.630","The alert indicates a high-value anomaly with a cost per kg of $1.0322, which is 4.04x the peer median of $0.2558. However, the pre-computed cost-per-kg band is NORMAL_AT_OR_BELOW_5X_MEDIAN, and there are no sanctions matches. Both counterparties are recognizable real businesses. Therefore, the alert can be cleared.","CLEAR","Cost per kg is within the normal band (4.04x the median), and there are no sanctions matches.","2026-08-02 00:33:17.910"
879,"HIGH_VALUE_ANOMALY","HIGH","Charges $8666 exceed the 99th percentile $8409 on EGLV04225","","RESOLVED","","2026-08-01 23:36:24.630","2026-08-01 23:36:40.137","AUTO-BLOCKED by AI decision. Reason: Cost per kg ($2.0415) exceeds 5x the peer median ($0.2558).",4219,"2026-08-01 23:36:24.630","The cost per kg of $2.0415 exceeds the peer median by more than 5 times, which is a significant anomaly. Both counterparties are recognizable real businesses, and there are no sanctions matches.","BLOCK","Cost per kg ($2.0415) exceeds 5x the peer median ($0.2558).","2026-08-01 23:36:38.265"
880,"HIGH_VALUE_ANOMALY","MEDIUM","Charges $8664 exceed the 99th percentile $8409 on CAXU00472","","RESOLVED","","2026-08-01 23:36:24.630","2026-08-02 00:33:27.604","CLEARED by AI decision - no fraud confirmed. Reason: Sanctions matches = 0, cost-per-kg band is NORMAL_AT_OR_BELOW_5X_MEDIAN, and both counterparties are recognizable real businesses.",462,"2026-08-01 23:36:24.630","The key indicators are the cost-per-kg band (NORMAL_AT_OR_BELOW_5X_MEDIAN), sanctions matches (0), and recognizable counterparties (Toyota Vietnam and Asian Foods LLC). The cost per kg is $0.3102, which is 1.21x the peer median of $0.2558, and both counterparties are recognizable real businesses with no sanctions matches.","CLEAR","Sanctions matches = 0, cost-per-kg band is NORMAL_AT_OR_BELOW_5X_MEDIAN, and both counterparties are recognizable real businesses.","2026-08-02 00:33:26.260"
865,"COST_PER_KG_ANOMALY","HIGH","Cost/kg $2.755 is more than 5x the peer median $0.2558 on EGLV07578","","RESOLVED","","2026-08-01 23:36:24.242","2026-08-01 23:36:46.795","AUTO-BLOCKED by AI decision. Reason: Cost per kg ($2.755) exceeds 5x the peer median ($0.2558).",7572,"2026-08-01 23:36:24.242","The cost per kg of $2.755 exceeds the peer median by more than 5 times, which is a significant anomaly. The sanctions screening is clear, but the cost discrepancy is a major red flag.","BLOCK","Cost per kg ($2.755) exceeds 5x the peer median ($0.2558).","2026-08-01 23:36:45.060"
866,"COST_PER_KG_ANOMALY","HIGH","Cost/kg $2.7405 is more than 5x the peer median $0.2558 on OOLU03704","","RESOLVED","","2026-08-01 23:36:24.242","2026-08-01 23:36:53.619","AUTO-BLOCKED by AI decision. Reason: Cost per kg ($2.7405) exceeds 5x the peer median ($0.2558).",3694,"2026-08-01 23:36:24.242","The cost per kg of $2.7405 exceeds the peer median by more than 5 times, which is a significant anomaly. Both counterparties are recognizable real businesses, and there are no sanctions matches.","BLOCK","Cost per kg ($2.7405) exceeds 5x the peer median ($0.2558).","2026-08-01 23:36:51.874"
867,"COST_PER_KG_ANOMALY","HIGH","Cost/kg $2.7212 is more than 5x the peer median $0.2558 on OOLU02469","","RESOLVED","","2026-08-01 23:36:24.242","2026-08-01 23:37:00.518","AUTO-BLOCKED by AI decision. Reason: Cost per kg ($2.7212) exceeds 5x the peer median ($0.2558).",2459,"2026-08-01 23:36:24.242","The cost per kg of $2.7212 exceeds the peer median by more than 5 times, which is a significant anomaly. Both counterparties are recognizable real businesses, and there are no sanctions matches.","BLOCK","Cost per kg ($2.7212) exceeds 5x the peer median ($0.2558).","2026-08-01 23:36:58.716"
868,"COST_PER_KG_ANOMALY","HIGH","Cost/kg $2.7124 is more than 5x the peer median $0.2558 on MAEU09993","","RESOLVED","","2026-08-01 23:36:24.242","2026-08-01 23:37:07.429","AUTO-BLOCKED by AI decision. Reason: Cost per kg ($2.7124) exceeds 5x the peer median ($0.2558).",9987,"2026-08-01 23:36:24.242","The cost per kg of $2.7124 exceeds the peer median by more than 5x ($0.2558 * 5 = $1.279). Both counterparties are recognizable real businesses and there are no sanctions matches.","BLOCK","Cost per kg ($2.7124) exceeds 5x the peer median ($0.2558).","2026-08-01 23:37:05.700"
869,"COST_PER_KG_ANOMALY","HIGH","Cost/kg $2.6736 is more than 5x the peer median $0.2558 on EGLV01221","","RESOLVED","","2026-08-01 23:36:24.242","2026-08-01 23:41:01.510","AUTO-BLOCKED by AI decision. Reason: Cost per kg ($2.6736) exceeds 5x the peer median ($0.2558).",1211,"2026-08-01 23:36:24.242","The cost per kg ($2.6736) exceeds 5x the peer median ($0.2558), indicating a significant anomaly in pricing.","BLOCK","Cost per kg ($2.6736) exceeds 5x the peer median ($0.2558).","2026-08-01 23:40:59.596"
870,"COST_PER_KG_ANOMALY","HIGH","Cost/kg $2.6564 is more than 5x the peer median $0.2558 on YMLU03616","","RESOLVED","","2026-08-01 23:36:24.242","2026-08-01 23:41:08.488","AUTO-BLOCKED by AI decision. Reason: Cost per kg ($2.6564) exceeds 5x the peer median ($0.2558).",3606,"2026-08-01 23:36:24.242","The cost per kg ($2.6564) exceeds 5x the peer median ($0.2558), indicating a significant anomaly in pricing.","BLOCK","Cost per kg ($2.6564) exceeds 5x the peer median ($0.2558).","2026-08-01 23:41:06.666"
871,"COST_PER_KG_ANOMALY","HIGH","Cost/kg $2.6551 is more than 5x the peer median $0.2558 on EGLV02152","","RESOLVED","","2026-08-01 23:36:24.242","2026-08-01 23:41:16.753","AUTO-BLOCKED by AI decision. Reason: Cost per kg ($2.6551) exceeds 5x the peer median ($0.2558).",2142,"2026-08-01 23:36:24.242","The cost per kg of $2.6551 exceeds the peer median by more than 5x, which is a significant anomaly. Both counterparties are recognizable real businesses, and there are no sanctions matches.","BLOCK","Cost per kg ($2.6551) exceeds 5x the peer median ($0.2558).","2026-08-01 23:41:14.911"
872,"COST_PER_KG_ANOMALY","HIGH","Cost/kg $2.6344 is more than 5x the peer median $0.2558 on MAEU01757","","RESOLVED","","2026-08-01 23:36:24.242","2026-08-01 23:41:24.752","AUTO-BLOCKED by AI decision. Reason: Cost per kg ($2.6344) exceeds 5x the peer median ($0.2558).",1747,"2026-08-01 23:36:24.242","The cost per kg of $2.6344 exceeds the peer median by more than 5 times, which is a significant anomaly. Both counterparties are recognizable real businesses, and there are no sanctions matches.","BLOCK","Cost per kg ($2.6344) exceeds 5x the peer median ($0.2558).","2026-08-01 23:41:22.969"
849,"HIGH_VALUE_ANOMALY","HIGH","Charges $8774 exceed the 99th percentile $8409 on OOLU08503","","RESOLVED","","2026-08-01 23:34:16.662","2026-08-01 23:34:24.764","AUTO-BLOCKED by AI decision. Reason: Cost per kg ($1.4079) exceeds the 95th percentile ($1.0692).",8497,"2026-08-01 23:34:16.662","The cost per kg of $1.4079 exceeds the 95th percentile of $1.0692, indicating a significant anomaly in pricing. Both counterparties are recognizable real businesses, and there are no sanctions matches.","BLOCK","Cost per kg ($1.4079) exceeds the 95th percentile ($1.0692).","2026-08-01 23:34:23.146"
850,"HIGH_VALUE_ANOMALY","HIGH","Charges $8772 exceed the 99th percentile $8409 on MAEU03225","","RESOLVED","","2026-08-01 23:34:16.662","2026-08-01 23:34:32.439","AUTO-BLOCKED by AI decision. Reason: Cost per kg ($2.0524) exceeds 5x the peer median ($0.2558).",3215,"2026-08-01 23:34:16.662","The cost per kg ($2.0524) exceeds 5x the peer median ($0.2558), indicating a significant anomaly in pricing.","BLOCK","Cost per kg ($2.0524) exceeds 5x the peer median ($0.2558).","2026-08-01 23:34:30.754"
851,"HIGH_VALUE_ANOMALY","HIGH","Charges $8760 exceed the 99th percentile $8409 on CAXU01631","","RESOLVED","","2026-08-01 23:34:16.662","2026-08-01 23:34:39.375","AUTO-BLOCKED by AI decision. Reason: Cost per kg ($1.8159) exceeds 5x the peer median ($0.2558).",1621,"2026-08-01 23:34:16.662","The cost per kg of $1.8159 exceeds the 95th percentile of $1.0692, indicating a significant anomaly in pricing.","BLOCK","Cost per kg ($1.8159) exceeds 5x the peer median ($0.2558).","2026-08-01 23:34:37.608"
852,"HIGH_VALUE_ANOMALY","MEDIUM","Charges $8747 exceed the 99th percentile $8409 on OOLU07659","","RESOLVED","","2026-08-01 23:34:16.662","2026-08-02 00:34:46.267","CLEARED by AI decision - no fraud confirmed. Reason: Cost per kg is within the normal range (1.46x the peer median of $0.2558) and there are no sanctions matches (0).",7653,"2026-08-01 23:34:16.662","The alert indicates a high-value anomaly, but the cost per kg is within the normal range (1.46x the peer median of $0.2558), and there are no sanctions matches. Both counterparties are recognizable real businesses. The key indicators are cost per kg ($0.3726) and sanctions matches (0).","CLEAR","Cost per kg is within the normal range (1.46x the peer median of $0.2558) and there are no sanctions matches (0).","2026-08-02 00:34:44.815"
853,"HIGH_VALUE_ANOMALY","MEDIUM","Charges $8728 exceed the 99th percentile $8409 on APZU01278","","RESOLVED","","2026-08-01 23:34:16.662","2026-08-02 00:34:55.043","CLEARED by AI decision - no fraud confirmed. Reason: Sanctions matches = 0, cost-per-kg band is NORMAL_AT_OR_BELOW_5X_MEDIAN, and both counterparties are recognizable real businesses.",1268,"2026-08-01 23:34:16.662","The key indicators are the cost-per-kg band (NORMAL_AT_OR_BELOW_5X_MEDIAN), sanctions matches (0), and recognizable counterparties (Panasonic Vietnam and Seven Eleven Japan). The cost per kg is $0.7031, which is 2.75x the peer median of $0.2558, but still within the normal range. Both counterparties are recognizable real businesses, and there are no sanctions matches.","CLEAR","Sanctions matches = 0, cost-per-kg band is NORMAL_AT_OR_BELOW_5X_MEDIAN, and both counterparties are recognizable real businesses.","2026-08-02 00:34:53.585"
854,"HIGH_VALUE_ANOMALY","MEDIUM","Charges $8723 exceed the 99th percentile $8409 on MAEU06261","","RESOLVED","","2026-08-01 23:34:16.662","2026-08-02 00:35:03.180","CLEARED by AI decision - no fraud confirmed. Reason: Cost per kg is within the normal range (1.67x the peer median of $0.2558) and there are no sanctions matches (0).",6255,"2026-08-01 23:34:16.662","The alert indicates a high-value anomaly, but the cost per kg is within the normal range (1.67x the peer median of $0.2558), and there are no sanctions matches. Both counterparties are recognizable real businesses. The key indicators are cost per kg ($0.4263) and sanctions matches (0).","CLEAR","Cost per kg is within the normal range (1.67x the peer median of $0.2558) and there are no sanctions matches (0).","2026-08-02 00:35:01.780"
855,"HIGH_VALUE_ANOMALY","MEDIUM","Charges $8719 exceed the 99th percentile $8409 on MSKU05886","","RESOLVED","","2026-08-01 23:34:16.662","2026-08-02 00:35:12.739","CLEARED by AI decision - no fraud confirmed. Reason: Sanctions matches = 0, cost-per-kg band is NORMAL_AT_OR_BELOW_5X_MEDIAN, and both counterparties are recognisable real businesses.",5880,"2026-08-01 23:34:16.662","The key indicators are the cost-per-kg band (NORMAL_AT_OR_BELOW_5X_MEDIAN) and sanctions matches (0). Both counterparties are recognisable real businesses, and the cost per kg is within the normal range.","CLEAR","Sanctions matches = 0, cost-per-kg band is NORMAL_AT_OR_BELOW_5X_MEDIAN, and both counterparties are recognisable real businesses.","2026-08-02 00:35:11.244"
856,"HIGH_VALUE_ANOMALY","MEDIUM","Charges $8715 exceed the 99th percentile $8409 on MSKU08222","","RESOLVED","","2026-08-01 23:34:16.662","2026-08-02 00:35:34.766","CLEARED by AI decision - no fraud confirmed. Reason: Cost per kg is within the normal range ($0.307, 1.2x the peer median of $0.2558) and no sanctions matches (0).",8216,"2026-08-01 23:34:16.662","The alert indicates a high-value anomaly, but the cost per kg is within the normal range (1.2x the peer median of $0.2558), and there are no sanctions matches. Both counterparties are recognizable real businesses. The key indicators are the cost per kg ($0.307) and sanctions matches (0).","CLEAR","Cost per kg is within the normal range ($0.307, 1.2x the peer median of $0.2558) and no sanctions matches (0).","2026-08-02 00:35:33.269"
841,"COST_PER_KG_ANOMALY","HIGH","Cost/kg $3.2871 is more than 5x the peer median $0.2558 on CAXU04156","","RESOLVED","","2026-08-01 23:34:16.393","2026-08-01 23:34:46.516","AUTO-BLOCKED by AI decision. Reason: Cost per kg ($3.2871) exceeds 5x the peer median ($0.2558).",4150,"2026-08-01 23:34:16.393","The cost per kg ($3.2871) significantly exceeds the peer median ($0.2558) and the 95th percentile ($1.0692), indicating a potential anomaly. Both counterparties are recognizable real businesses, and there are no sanctions matches.","BLOCK","Cost per kg ($3.2871) exceeds 5x the peer median ($0.2558).","2026-08-01 23:34:44.785"
842,"COST_PER_KG_ANOMALY","HIGH","Cost/kg $3.0871 is more than 5x the peer median $0.2558 on APZU01579","","RESOLVED","","2026-08-01 23:34:16.393","2026-08-01 23:34:53.135","AUTO-BLOCKED by AI decision. Reason: Cost per kg ($3.0871) exceeds 5x the peer median ($0.2558).",1569,"2026-08-01 23:34:16.393","The cost per kg of $3.0871 significantly exceeds the peer median of $0.2558 and the 95th percentile of $1.0692, indicating a potential anomaly in pricing.","BLOCK","Cost per kg ($3.0871) exceeds 5x the peer median ($0.2558).","2026-08-01 23:34:51.448"
843,"COST_PER_KG_ANOMALY","HIGH","Cost/kg $3.0829 is more than 5x the peer median $0.2558 on EGLV03941","","RESOLVED","","2026-08-01 23:34:16.393","2026-08-01 23:41:33.318","AUTO-BLOCKED by AI decision. Reason: Cost per kg ($3.0829) exceeds 5x the peer median ($0.2558).",3931,"2026-08-01 23:34:16.393","The cost per kg ($3.0829) significantly exceeds the peer median ($0.2558) and the 95th percentile ($1.0692), indicating a potential anomaly in pricing.","BLOCK","Cost per kg ($3.0829) exceeds 5x the peer median ($0.2558).","2026-08-01 23:41:31.583"
844,"COST_PER_KG_ANOMALY","HIGH","Cost/kg $3.0646 is more than 5x the peer median $0.2558 on YMLU03136","","RESOLVED","","2026-08-01 23:34:16.393","2026-08-01 23:41:40.159","AUTO-BLOCKED by AI decision. Reason: Cost per kg ($3.0646) exceeds 5x the peer median ($0.2558).",3126,"2026-08-01 23:34:16.393","The cost per kg of $3.0646 significantly exceeds the peer median of $0.2558 and the 95th percentile of $1.0692, indicating a potential anomaly.","BLOCK","Cost per kg ($3.0646) exceeds 5x the peer median ($0.2558).","2026-08-01 23:41:38.285"
845,"COST_PER_KG_ANOMALY","HIGH","Cost/kg $3.032 is more than 5x the peer median $0.2558 on ONEY01940","","RESOLVED","","2026-08-01 23:34:16.393","2026-08-01 23:41:47.973","AUTO-BLOCKED by AI decision. Reason: Cost per kg ($3.032) exceeds 5x the peer median ($0.2558).",1930,"2026-08-01 23:34:16.393","The cost per kg of $3.032 significantly exceeds the peer median of $0.2558 and the 95th percentile of $1.0692, indicating a potential anomaly.","BLOCK","Cost per kg ($3.032) exceeds 5x the peer median ($0.2558).","2026-08-01 23:41:46.255"
846,"COST_PER_KG_ANOMALY","HIGH","Cost/kg $2.9497 is more than 5x the peer median $0.2558 on APZU07368","","RESOLVED","","2026-08-01 23:34:16.393","2026-08-01 23:42:01.585","AUTO-BLOCKED by AI decision. Reason: Cost per kg ($2.9497) exceeds 5x the peer median ($0.2558).",7362,"2026-08-01 23:34:16.393","The cost per kg of $2.9497 exceeds the peer median by more than 5 times, which is a significant anomaly. Both counterparties are recognizable real businesses, and there are no sanctions matches.","BLOCK","Cost per kg ($2.9497) exceeds 5x the peer median ($0.2558).","2026-08-01 23:41:59.188"
847,"COST_PER_KG_ANOMALY","HIGH","Cost/kg $2.9207 is more than 5x the peer median $0.2558 on CMDU06591","","RESOLVED","","2026-08-01 23:34:16.393","2026-08-01 23:42:08.454","AUTO-BLOCKED by AI decision. Reason: Cost per kg ($2.9207) exceeds 5x the peer median ($0.2558).",6585,"2026-08-01 23:34:16.393","The cost per kg of $2.9207 significantly exceeds the peer median of $0.2558 and the 95th percentile of $1.0692, indicating a potential anomaly in pricing.","BLOCK","Cost per kg ($2.9207) exceeds 5x the peer median ($0.2558).","2026-08-01 23:42:06.724"
848,"COST_PER_KG_ANOMALY","HIGH","Cost/kg $2.783 is more than 5x the peer median $0.2558 on MAEU07886","","RESOLVED","","2026-08-01 23:34:16.393","2026-08-01 23:42:16.102","AUTO-BLOCKED by AI decision. Reason: Cost per kg ($2.783) exceeds 5x the peer median ($0.2558).",7880,"2026-08-01 23:34:16.393","The cost per kg of $2.783 exceeds the peer median by more than 5 times, which is a significant anomaly. Both counterparties are recognizable real businesses, and there are no sanctions matches. The key indicator is the cost per kg, which is $2.783 compared to the peer median of $0.2558.","BLOCK","Cost per kg ($2.783) exceeds 5x the peer median ($0.2558).","2026-08-01 23:42:14.344"
817,"COST_PER_KG_ANOMALY","HIGH","Cost/kg $4.0411 is more than 5x the peer median $0.2558 on CMDU06733","","RESOLVED","","2026-08-01 23:33:58.618","2026-08-01 23:51:49.595","AUTO-BLOCKED by AI decision. Reason: Cost/kg is 15.8x the peer median.",6727,"2026-08-01 23:33:58.618","The key indicator is the cost per kg, which is 15.8x the peer median cost per kg. This is significantly higher than the threshold for blocking, indicating a high risk of fraud or non-compliance.","BLOCK","Cost/kg is 15.8x the peer median.","2026-08-01 23:51:47.867"
818,"COST_PER_KG_ANOMALY","HIGH","Cost/kg $3.697 is more than 5x the peer median $0.2558 on OOLU08621","","RESOLVED","","2026-08-01 23:33:58.618","2026-08-01 23:51:55.883","AUTO-BLOCKED by AI decision. Reason: Cost per kg is 14.45x the peer median.",8615,"2026-08-01 23:33:58.618","The key indicator is the cost per kg, which is 14.45x the peer median cost per kg. This is significantly higher than the threshold for blocking, indicating a high risk of fraud or non-compliance.","BLOCK","Cost per kg is 14.45x the peer median.","2026-08-01 23:51:54.210"
819,"COST_PER_KG_ANOMALY","HIGH","Cost/kg $3.6207 is more than 5x the peer median $0.2558 on EGLV08157","","RESOLVED","","2026-08-01 23:33:58.618","2026-08-01 23:52:06.310","AUTO-BLOCKED by AI decision. Reason: Cost per kg is 14.15x the peer median.",8151,"2026-08-01 23:33:58.618","The key indicator is the cost per kg, which is 14.15x the peer median cost per kg. This is significantly higher than the threshold for blocking, indicating a high risk of fraud or non-compliance.","BLOCK","Cost per kg is 14.15x the peer median.","2026-08-01 23:52:04.619"
820,"COST_PER_KG_ANOMALY","HIGH","Cost/kg $3.5997 is more than 5x the peer median $0.2558 on MAEU08129","","RESOLVED","","2026-08-01 23:33:58.618","2026-08-01 23:52:12.851","AUTO-BLOCKED by AI decision. Reason: Cost/kg is 14.07x the peer median.",8123,"2026-08-01 23:33:58.618","The key indicator is the cost per kg, which is 14.07x the peer median cost per kg. This is significantly higher than the threshold for blocking, indicating a high risk of fraud or non-compliance.","BLOCK","Cost/kg is 14.07x the peer median.","2026-08-01 23:52:11.098"
821,"COST_PER_KG_ANOMALY","HIGH","Cost/kg $3.5815 is more than 5x the peer median $0.2558 on CMDU09063","","RESOLVED","","2026-08-01 23:33:58.618","2026-08-01 23:52:19.397","AUTO-BLOCKED by AI decision. Reason: Cost/kg is MORE THAN 10x the peer median ($3.5815 vs $0.2558).",9057,"2026-08-01 23:33:58.618","The key indicator is the cost per kg, which is 14x the peer median cost per kg ($3.5815 vs $0.2558). This significant discrepancy raises concerns about potential fraud or overvaluation.","BLOCK","Cost/kg is MORE THAN 10x the peer median ($3.5815 vs $0.2558).","2026-08-01 23:52:17.768"
822,"COST_PER_KG_ANOMALY","HIGH","Cost/kg $3.4984 is more than 5x the peer median $0.2558 on CMDU01779","","RESOLVED","","2026-08-01 23:33:58.618","2026-08-01 23:52:25.531","AUTO-BLOCKED by AI decision. Reason: Cost per kg is 13.68x the peer median.",1769,"2026-08-01 23:33:58.618","The key indicator is the cost per kg, which is 13.68x the peer median cost per kg. This is significantly higher than the threshold for blocking, indicating a high risk of fraud or non-compliance.","BLOCK","Cost per kg is 13.68x the peer median.","2026-08-01 23:52:23.873"
823,"COST_PER_KG_ANOMALY","HIGH","Cost/kg $3.4695 is more than 5x the peer median $0.2558 on HLCU00344","","RESOLVED","","2026-08-01 23:33:58.618","2026-08-01 23:52:31.597","AUTO-BLOCKED by AI decision. Reason: Cost per kg is 13.56x the peer median.",334,"2026-08-01 23:33:58.618","The key indicator is the cost per kg, which is 13.56x the peer median cost per kg. This is significantly higher than the threshold for blocking, indicating a high risk of fraud or non-compliance.","BLOCK","Cost per kg is 13.56x the peer median.","2026-08-01 23:52:29.985"
824,"COST_PER_KG_ANOMALY","HIGH","Cost/kg $3.4662 is more than 5x the peer median $0.2558 on MAEU02771","","RESOLVED","","2026-08-01 23:33:58.618","2026-08-01 23:55:49.752","AUTO-BLOCKED by AI decision. Reason: Cost per kg is 13.55x the peer median.",2761,"2026-08-01 23:33:58.618","The key indicator is the cost per kg, which is 13.55x the peer median cost per kg. This is significantly higher than the threshold for blocking, indicating a high risk of fraud or non-compliance.","BLOCK","Cost per kg is 13.55x the peer median.","2026-08-01 23:55:47.876"
711,"DOCUMENT_QUALITY","HIGH","Workflow: EGLV2026015 AI extraction confidence 25/100 - Ingested from PDF bill_of_lading/BATCH_B_ERROR.pdf | AI extraction alert: ContainerNumber; VesselName; GrossWeightKg","","ESCALATED","","2026-07-31 20:16:05.891","","ESCALATED to compliance team by AI decision. Reason: Extraction confidence below 60/100 and failed validation, underlying data cannot be trusted.",14315,"2026-07-31 20:16:05.891"," **Risk Assessment:** HIGH

**Key Indicators:**
- Cost per kg: Not computable (due to weight being 0 kg)
- Weight: 0 kg
- Extraction confidence: 25/100
- Extraction validation result: Failed (ContainerNumber, VesselName, GrossWeightKg)

**Action:**

DECISION: ESCALATE
REASON: Extraction confidence below 60/100 and failed validation, underlying data cannot be trusted.","ESCALATE","Extraction confidence below 60/100 and failed validation, underlying data cannot be trusted.","2026-07-31 20:16:11.008"
709,"DOCUMENT_QUALITY","HIGH","Workflow: EGLV2026015 AI extraction confidence 25/100 - Ingested from PDF bill_of_lading/BL_EVERGREEN_EGLV2026015_ERROR.pdf | AI extraction alert: ContainerNumber; VesselName; GrossWeightKg","","ESCALATED","","2026-07-31 20:12:54.547","","ESCALATED to compliance team by AI decision. Reason: Extraction confidence below 60/100 and failed validation, requiring human judgment.",14303,"2026-07-31 20:12:54.547"," **Risk Assessment:** HIGH

**Key Indicators:**
- Sanctions matches: 0
- Cost/kg: Not computable (due to missing weight and charges)
- Document provenance extraction confidence: 25/100
- Extraction validation result: Failed (ContainerNumber, VesselName, GrossWeightKg)

**Action:**

DECISON: ESCALATE
REASON: Extraction confidence below 60/100 and failed validation, requiring human judgment.","ESCALATE","Extraction confidence below 60/100 and failed validation, requiring human judgment.","2026-07-31 20:12:59.758"
710,"DOCUMENT_QUALITY","MEDIUM","Workflow: HLCU2026014 AI extraction confidence 75/100 - Ingested from PDF bill_of_lading/BL_HAPAG_LLOYD_HLCU2026014_ERROR.pdf | AI extraction alert: GrossWeightKg","","INVESTIGATING","","2026-07-31 20:12:54.547","","",14307,"2026-07-31 20:12:54.547"," **Risk Assessment:** MEDIUM

**Key Indicators:**
- Sanctions matches: 0
- Cost/kg: Not computable (due to missing weight and charges)
- Document provenance: Extraction confidence 75/100, validation result: GrossWeightKg is invalid

**Action:**

DECISON: ESCALATE
REASON: Required commercial figures (weight and charges) are missing, necessitating human judgment.","ESCALATE","Required commercial figures (weight and charges) are missing, necessitating human judgment.","2026-08-01 22:31:05.900"
201,"COST_PER_KG_ANOMALY","MEDIUM","Scan: YMLU00427 | Carrier: YANG_MING | $7412","","ESCALATED","","2026-07-18 05:12:44.650","","Escalated to compliance team",417,"2026-07-17 22:15:44.650","","","",""
203,"WEIGHT_ANOMALY","LOW","Scan: MAEU00876 | Carrier: MAERSK | $2576","","DISMISSED","","2026-07-18 05:12:44.650","","",866,"2026-07-17 14:46:44.650","","","",""
204,"ROUTE_DEVIATION","MEDIUM","Scan: CMDU01074 | Carrier: CMA_CGM | $7842","","DISMISSED","","2026-07-18 05:12:44.650","","",1064,"2026-07-17 11:28:44.650","","","",""
207,"COST_PER_KG_ANOMALY","MEDIUM","Scan: CMDU01792 | Carrier: CMA_CGM | $5807","","RESOLVED","","2026-07-18 05:12:44.650","","",1782,"2026-07-17 23:30:44.650","","","",""
208,"DUPLICATE_BL","MEDIUM","Scan: CAXU02103 | Carrier: COSCO | $5716","","OPEN","","2026-07-18 05:12:44.650","","",2093,"2026-07-17 18:19:44.650","","","",""
209,"COST_PER_KG_ANOMALY","MEDIUM","Scan: CMDU02302 | Carrier: CMA_CGM | $6757","","RESOLVED","","2026-07-18 05:12:44.650","","",2292,"2026-07-17 15:00:44.650","","","",""
210,"WEIGHT_ANOMALY","MEDIUM","Scan: MSKU02416 | Carrier: MSC | $5494","","RESOLVED","","2026-07-18 05:12:44.650","","",2406,"2026-07-17 13:06:44.650","","","",""
211,"WEIGHT_ANOMALY","LOW","Scan: ONEY02926 | Carrier: ONE | $2117","","RESOLVED","","2026-07-18 05:12:44.650","","",2916,"2026-07-18 04:36:44.650","","","",""
212,"WEIGHT_ANOMALY","LOW","Scan: APZU03016 | Carrier: APL | $2468","","RESOLVED","","2026-07-18 05:12:44.650","","",3006,"2026-07-18 03:06:44.650","","","",""
213,"DUPLICATE_BL","LOW","Scan: OOLU03228 | Carrier: OOCL | $4614","","DISMISSED","","2026-07-18 05:12:44.650","","",3218,"2026-07-17 23:34:44.650","","","",""
214,"HIGH_VALUE_ANOMALY","MEDIUM","Scan: YMLU03675 | Carrier: YANG_MING | $5793","","OPEN","","2026-07-18 05:12:44.650","","",3665,"2026-07-17 16:07:44.650","","","",""
215,"WEIGHT_ANOMALY","MEDIUM","Scan: OOLU03761 | Carrier: OOCL | $6625","","INVESTIGATING","","2026-07-18 05:12:44.650","","",3751,"2026-07-17 14:41:44.650","","","",""
216,"COST_PER_KG_ANOMALY","MEDIUM","Scan: CMDU03877 | Carrier: CMA_CGM | $5101","","OPEN","","2026-07-18 05:12:44.650","","",3867,"2026-07-17 12:45:44.650","","","",""
217,"ROUTE_DEVIATION","MEDIUM","Scan: ONEY03959 | Carrier: ONE | $6206","","INVESTIGATING","","2026-07-18 05:12:44.650","","",3949,"2026-07-17 11:23:44.650","","","",""
218,"DUPLICATE_BL","LOW","Scan: OOLU04109 | Carrier: OOCL | $3030","","RESOLVED","","2026-07-18 05:12:44.650","2026-07-31 19:21:29.095","CLEARED by AI decision - no fraud confirmed. Reason: Normal economics, clear screening, recognizable counterparties.",4103,"2026-07-17 08:49:44.650"," **Risk Assessment:** LOW

**Key Indicators:**
- Sanctions matches: 0
- Cost/kg: $0.3959 (below 95th percentile of $1.0692)
- Total charges: $6681 (below 95th percentile of $7831)
- Counterparty names: Vinamilk Co Ltd (recognizable), Shopee Express (recognizable)

**Action:**
The alert is for a duplicate bill of lading, but the economics are normal and both counterparties are recognizable businesses with no sanctions matches.

DECISION: CLEAR
REASON: Normal economics, clear screening, recognizable counterparties.","CLEAR","Normal economics, clear screening, recognizable counterparties.","2026-07-31 19:20:25.418"
219,"WEIGHT_ANOMALY","LOW","Scan: CMDU04152 | Carrier: CMA_CGM | $2208","","RESOLVED","","2026-07-18 05:12:44.650","","",4146,"2026-07-17 08:06:44.650","","","",""
220,"COST_PER_KG_ANOMALY","LOW","Scan: CAXU04238 | Carrier: COSCO | $838","","DISMISSED","","2026-07-18 05:12:44.650","","",4232,"2026-07-17 06:40:44.650","","","",""
221,"HIGH_VALUE_ANOMALY","MEDIUM","Scan: YMLU04661 | Carrier: YANG_MING | $7134","","OPEN","","2026-07-18 05:12:44.650","","",4655,"2026-07-17 23:37:44.650","","","",""
222,"WEIGHT_ANOMALY","LOW","Scan: CMDU05187 | Carrier: CMA_CGM | $1573","","RESOLVED","","2026-07-18 05:12:44.650","2026-07-31 19:21:30.299","CLEARED by AI decision - no fraud confirmed. Reason: Cost/kg and total charges are below thresholds, no sanctions matches, and counterparties are recognizable.",5181,"2026-07-17 14:51:44.650"," **Risk Assessment:** LOW

**Key Indicators:**
- Sanctions matches: 0
- Cost/kg: $0.2044 (below the median of $0.2557 and well below the 95th percentile of $1.0692)
- Total charges: $5984 (below the 95th percentile of $7831)
- Counterparty names: Foxconn Vietnam (recognizable), Construction Supply Co. (generic but not explicitly suspicious)

**Action:**
DECISION: CLEAR
REASON: Cost/kg and total charges are below thresholds, no sanctions matches, and counterparties are recognizable.","CLEAR","Cost/kg and total charges are below thresholds, no sanctions matches, and counterparties are recognizable.","2026-07-31 19:20:30.691"
223,"DUPLICATE_BL","MEDIUM","Scan: OOLU05539 | Carrier: OOCL | $5382","","INVESTIGATING","","2026-07-18 05:12:44.650","","",5533,"2026-07-17 08:59:44.650","","","",""
224,"ROUTE_DEVIATION","MEDIUM","Scan: EGLV06490 | Carrier: EVERGREEN | $7788","","OPEN","","2026-07-18 05:12:44.650","","",6484,"2026-07-17 17:08:44.650","","","",""
226,"WEIGHT_ANOMALY","LOW","Scan: HLCU07022 | Carrier: HAPAG_LLOYD | $2319","","DISMISSED","","2026-07-18 05:12:44.650","","",7016,"2026-07-17 08:16:44.650","","","",""
227,"ROUTE_DEVIATION","LOW","Scan: MSKU07145 | Carrier: MSC | $4467","","OPEN","","2026-07-18 05:12:44.650","","",7139,"2026-07-17 06:13:44.650","","","",""
202,"HIGH_VALUE_ANOMALY","MEDIUM","Scan: APZU00435 | Carrier: APL | $3652","","OPEN","","2026-07-18 05:12:44.650","","",425,"2026-07-17 22:07:44.650","","","",""
205,"HIGH_VALUE_ANOMALY","MEDIUM","Scan: EGLV01515 | Carrier: EVERGREEN | $3496","","OPEN","","2026-07-18 05:12:44.650","","",1505,"2026-07-18 04:07:44.650","","","",""
206,"HIGH_VALUE_ANOMALY","MEDIUM","Scan: EGLV01610 | Carrier: EVERGREEN | $2329","","OPEN","","2026-07-18 05:12:44.650","","",1600,"2026-07-18 02:32:44.650","","","",""
225,"HIGH_VALUE_ANOMALY","MEDIUM","Scan: HLCU06941 | Carrier: HAPAG_LLOYD | $3598","","OPEN","","2026-07-18 05:12:44.650","","",6935,"2026-07-17 09:37:44.650","","","",""
228,"HIGH_VALUE_ANOMALY","MEDIUM","Scan: YMLU09196 | Carrier: YANG_MING | $3051","","OPEN","","2026-07-18 05:12:44.650","","",9190,"2026-07-17 20:02:44.650","","","",""
229,"WEIGHT_ANOMALY","LOW","Scan: MSKU09447 | Carrier: MSC | $3499","","RESOLVED","","2026-07-18 05:12:44.650","2026-07-31 19:21:31.306","CLEARED by AI decision - no fraud confirmed. Reason: Sanctions matches = 0, cost/kg and total charges below 95th percentile, recognizable counterparties.",9441,"2026-07-17 15:51:44.650"," **Risk Assessment:** LOW

**Key Indicators:**
- Sanctions matches: 0
- Cost/kg: $1.0027 (below 95th percentile of $1.0692)
- Total charges: $6211 (below 95th percentile of $7831)
- Counterparties: Honda Vietnam (recognizable), AEON Japan (recognizable)

**Action:**
DECISION: CLEAR
REASON: Sanctions matches = 0, cost/kg and total charges below 95th percentile, recognizable counterparties.","CLEAR","Sanctions matches = 0, cost/kg and total charges below 95th percentile, recognizable counterparties.","2026-07-31 19:20:37.627"
230,"WEIGHT_ANOMALY","LOW","Scan: YMLU09812 | Carrier: YANG_MING | $946","","DISMISSED","","2026-07-18 05:12:44.650","","",9806,"2026-07-17 09:46:44.650","","","",""
302,"WEIGHT_ANOMALY","MEDIUM","Workflow: APZU04887 weight 32851kg exceeds 30T","","RESOLVED","","2026-07-23 01:59:56.961","2026-08-02 00:39:58.857","CLEARED by AI decision - no fraud confirmed. Reason: Sanctions matches = 0, cost-per-kg band is NORMAL_AT_OR_BELOW_5X_MEDIAN, and both counterparties are recognisable real businesses.",4881,"2026-07-23 01:59:56.961","The key indicators are the cost-per-kg band (NORMAL_AT_OR_BELOW_5X_MEDIAN) and sanctions matches (0). Both counterparties are recognisable real businesses, and the cost per kg is economically ordinary.","CLEAR","Sanctions matches = 0, cost-per-kg band is NORMAL_AT_OR_BELOW_5X_MEDIAN, and both counterparties are recognisable real businesses.","2026-08-02 00:39:57.491"
303,"WEIGHT_ANOMALY","MEDIUM","Workflow: YMLU02805 weight 32536kg exceeds 30T","","RESOLVED","","2026-07-23 01:59:56.961","2026-08-02 00:40:08.030","CLEARED by AI decision - no fraud confirmed. Reason: Sanctions matches = 0, cost-per-kg band is NORMAL_AT_OR_BELOW_5X_MEDIAN, and both counterparties are recognisable real businesses.",2795,"2026-07-23 01:59:56.961","The key indicators are the cost-per-kg band (NORMAL_AT_OR_BELOW_5X_MEDIAN) and sanctions matches (0). Both counterparties are recognisable real businesses, and the cost per kg is economically ordinary.","CLEAR","Sanctions matches = 0, cost-per-kg band is NORMAL_AT_OR_BELOW_5X_MEDIAN, and both counterparties are recognisable real businesses.","2026-08-02 00:40:06.625"
304,"WEIGHT_ANOMALY","MEDIUM","Workflow: CMDU00522 weight 30392kg exceeds 30T","","RESOLVED","","2026-07-23 01:59:56.961","2026-08-02 00:40:15.859","CLEARED by AI decision - no fraud confirmed. Reason: Sanctions matches = 0, cost-per-kg band is NORMAL_AT_OR_BELOW_5X_MEDIAN, and both counterparties are recognisable real businesses.",512,"2026-07-23 01:59:56.961","The key indicators are the cost-per-kg band (NORMAL_AT_OR_BELOW_5X_MEDIAN) and sanctions matches (0). Both counterparties are recognisable real businesses, and the cost per kg is economically ordinary.","CLEAR","Sanctions matches = 0, cost-per-kg band is NORMAL_AT_OR_BELOW_5X_MEDIAN, and both counterparties are recognisable real businesses.","2026-08-02 00:40:14.470"
305,"WEIGHT_ANOMALY","MEDIUM","Workflow: OOLU09747 weight 33909kg exceeds 30T","","RESOLVED","","2026-07-23 01:59:56.961","2026-08-02 00:40:25.387","CLEARED by AI decision - no fraud confirmed. Reason: Sanctions matches = 0, cost-per-kg band is NORMAL_AT_OR_BELOW_5X_MEDIAN, and both counterparties are recognisable real businesses.",9741,"2026-07-23 01:59:56.961","The key indicators are the cost-per-kg band (NORMAL_AT_OR_BELOW_5X_MEDIAN) and sanctions matches (0). Both counterparties are recognisable real businesses, and the cost per kg is economically ordinary. There are no indications of fraud or compliance issues.","CLEAR","Sanctions matches = 0, cost-per-kg band is NORMAL_AT_OR_BELOW_5X_MEDIAN, and both counterparties are recognisable real businesses.","2026-08-02 00:40:23.988"
306,"WEIGHT_ANOMALY","MEDIUM","Workflow: YMLU09408 weight 38535kg exceeds 30T","","RESOLVED","","2026-07-23 01:59:56.961","2026-08-02 00:41:01.024","CLEARED by AI decision - no fraud confirmed. Reason: Sanctions matches = 0, cost-per-kg band is NORMAL_AT_OR_BELOW_5X_MEDIAN, and both counterparties are recognisable real businesses.",9402,"2026-07-23 01:59:56.961","The key indicators are the cost-per-kg band (NORMAL_AT_OR_BELOW_5X_MEDIAN) and sanctions matches (0). Both counterparties are recognisable real businesses, and the cost per kg is economically ordinary. There are no indications of fraud or compliance issues.","CLEAR","Sanctions matches = 0, cost-per-kg band is NORMAL_AT_OR_BELOW_5X_MEDIAN, and both counterparties are recognisable real businesses.","2026-08-02 00:40:59.310"
6,"WEIGHT_ANOMALY","MEDIUM","Workflow: MSKU09927 weight 33390kg exceeds 30T","","RESOLVED","","2026-07-23 01:59:56.961","2026-08-02 00:41:09.350","CLEARED by AI decision - no fraud confirmed. Reason: Sanctions matches = 0, cost-per-kg band is NORMAL_AT_OR_BELOW_5X_MEDIAN, and both counterparties are recognisable real businesses.",9921,"2026-07-23 01:59:56.961","The key indicators are the cost-per-kg band (NORMAL_AT_OR_BELOW_5X_MEDIAN) and sanctions matches (0). Both counterparties are recognisable real businesses, and the cost per kg is economically ordinary. There are no indications of fraud or compliance issues.","CLEAR","Sanctions matches = 0, cost-per-kg band is NORMAL_AT_OR_BELOW_5X_MEDIAN, and both counterparties are recognisable real businesses.","2026-08-02 00:41:07.996"
7,"WEIGHT_ANOMALY","MEDIUM","Workflow: YMLU09711 weight 40125kg exceeds 30T","","RESOLVED","","2026-07-23 01:59:56.961","2026-08-02 00:41:17.290","CLEARED by AI decision - no fraud confirmed. Reason: Sanctions matches = 0, cost-per-kg band is NORMAL_AT_OR_BELOW_5X_MEDIAN, and both counterparties are recognisable real businesses.",9705,"2026-07-23 01:59:56.961","The key indicators are the cost-per-kg band (NORMAL_AT_OR_BELOW_5X_MEDIAN) and sanctions matches (0). Both counterparties are recognisable real businesses, and the cost per kg is economically ordinary. There are no indications of fraud or compliance issues.","CLEAR","Sanctions matches = 0, cost-per-kg band is NORMAL_AT_OR_BELOW_5X_MEDIAN, and both counterparties are recognisable real businesses.","2026-08-02 00:41:15.952"
8,"WEIGHT_ANOMALY","MEDIUM","Workflow: EGLV04474 weight 36395kg exceeds 30T","","RESOLVED","","2026-07-23 01:59:56.961","2026-08-02 00:41:25.537","CLEARED by AI decision - no fraud confirmed. Reason: Sanctions matches = 0, cost-per-kg band is NORMAL_AT_OR_BELOW_5X_MEDIAN, and both counterparties are recognisable real businesses.",4468,"2026-07-23 01:59:56.961","The key indicators are the cost-per-kg band (NORMAL_AT_OR_BELOW_5X_MEDIAN) and sanctions matches (0). Both counterparties are recognisable real businesses, and the cost per kg is economically ordinary. There are no indicators of high risk.","CLEAR","Sanctions matches = 0, cost-per-kg band is NORMAL_AT_OR_BELOW_5X_MEDIAN, and both counterparties are recognisable real businesses.","2026-08-02 00:41:24.020"
9,"WEIGHT_ANOMALY","MEDIUM","Workflow: ONEY01176 weight 40288kg exceeds 30T","","RESOLVED","","2026-07-23 01:59:56.961","2026-08-02 00:41:36.121","CLEARED by AI decision - no fraud confirmed. Reason: Sanctions matches = 0, cost-per-kg band is NORMAL_AT_OR_BELOW_5X_MEDIAN, and both counterparties are recognisable real businesses.",1166,"2026-07-23 01:59:56.961","The key indicators are the cost-per-kg band (NORMAL_AT_OR_BELOW_5X_MEDIAN) and sanctions matches (0). Both counterparties are recognisable real businesses, and the cost per kg is economically ordinary. There are no indications of fraud or compliance issues.","CLEAR","Sanctions matches = 0, cost-per-kg band is NORMAL_AT_OR_BELOW_5X_MEDIAN, and both counterparties are recognisable real businesses.","2026-08-02 00:41:34.724"
10,"WEIGHT_ANOMALY","MEDIUM","Workflow: EGLV00879 weight 36501kg exceeds 30T","","RESOLVED","","2026-07-23 01:59:56.961","2026-08-02 00:42:32.029","CLEARED by AI decision - no fraud confirmed. Reason: Sanctions matches = 0, cost-per-kg band is NORMAL_AT_OR_BELOW_5X_MEDIAN, and both counterparties are recognisable real businesses.",869,"2026-07-23 01:59:56.961","The key indicators are the cost-per-kg band (NORMAL_AT_OR_BELOW_5X_MEDIAN) and sanctions matches (0). Both counterparties are recognisable real businesses, and the cost per kg is economically ordinary. There are no indications of shell/front companies or extraction issues.","CLEAR","Sanctions matches = 0, cost-per-kg band is NORMAL_AT_OR_BELOW_5X_MEDIAN, and both counterparties are recognisable real businesses.","2026-08-02 00:42:30.605"
11,"WEIGHT_ANOMALY","MEDIUM","Workflow: APZU00619 weight 32064kg exceeds 30T","","RESOLVED","","2026-07-23 01:59:56.961","2026-07-31 19:21:32.277","CLEARED by AI decision - no fraud confirmed. Reason: Cost/kg and total charges are within acceptable ranges, and no sanctions matches.",609,"2026-07-23 01:59:56.961"," **Risk Assessment:** LOW

**Key Indicators:**
- Sanctions matches: 0
- Cost per kg: $0.2662 (peer median: $0.2557, 95th percentile: $1.0692)
- Total charges: $8535 (95th percentile: $7831)
- Counterparty names: Panasonic Vietnam (recognizable), Construction Supply Co. (generic but not flagged as suspicious)

**Action:**
The cost per kg is slightly above the median but well below the 95th percentile. Total charges slightly exceed the 95th percentile, but both counterparties are recognizable businesses with no sanctions matches.

DECISION: CLEAR
REASON: Cost/kg and total charges are within acceptable ranges, and no sanctions matches.","CLEAR","Cost/kg and total charges are within acceptable ranges, and no sanctions matches.","2026-07-31 19:20:43.677"
12,"WEIGHT_ANOMALY","MEDIUM","Workflow: APZU00914 weight 42595kg exceeds 30T","","RESOLVED","","2026-07-23 01:59:56.961","2026-08-02 00:42:39.723","CLEARED by AI decision - no fraud confirmed. Reason: Sanctions matches = 0, cost-per-kg band is NORMAL_AT_OR_BELOW_5X_MEDIAN, and both counterparties are recognisable real businesses.",904,"2026-07-23 01:59:56.961","The key indicators are the cost-per-kg band (NORMAL_AT_OR_BELOW_5X_MEDIAN) and sanctions matches (0). Both counterparties are recognisable real businesses, and the cost per kg is economically ordinary. There are no indications of fraud or compliance issues.","CLEAR","Sanctions matches = 0, cost-per-kg band is NORMAL_AT_OR_BELOW_5X_MEDIAN, and both counterparties are recognisable real businesses.","2026-08-02 00:42:38.366"
13,"WEIGHT_ANOMALY","MEDIUM","Workflow: YMLU00041 weight 41715kg exceeds 30T","","RESOLVED","","2026-07-23 01:59:56.961","2026-08-02 00:43:02.039","CLEARED by AI decision - no fraud confirmed. Reason: Sanctions matches = 0, cost-per-kg band is NORMAL_AT_OR_BELOW_5X_MEDIAN, and both counterparties are recognisable real businesses.",31,"2026-07-23 01:59:56.961","The key indicators are the cost-per-kg band (NORMAL_AT_OR_BELOW_5X_MEDIAN) and sanctions matches (0). Both counterparties are recognisable real businesses, and the cost per kg is economically ordinary. There are no indications of shell/front companies or extraction issues.","CLEAR","Sanctions matches = 0, cost-per-kg band is NORMAL_AT_OR_BELOW_5X_MEDIAN, and both counterparties are recognisable real businesses.","2026-08-02 00:43:00.552"
14,"WEIGHT_ANOMALY","MEDIUM","Workflow: MSKU08079 weight 44344kg exceeds 30T","","RESOLVED","","2026-07-23 01:59:56.961","2026-08-02 00:43:10.132","CLEARED by AI decision - no fraud confirmed. Reason: Sanctions matches = 0, cost-per-kg band is NORMAL_AT_OR_BELOW_5X_MEDIAN, and both counterparties are recognisable real businesses.",8073,"2026-07-23 01:59:56.961","The key indicators are the cost-per-kg band (NORMAL_AT_OR_BELOW_5X_MEDIAN) and sanctions matches (0). Both counterparties are recognisable real businesses, and the cost per kg is economically ordinary.","CLEAR","Sanctions matches = 0, cost-per-kg band is NORMAL_AT_OR_BELOW_5X_MEDIAN, and both counterparties are recognisable real businesses.","2026-08-02 00:43:08.759"
15,"WEIGHT_ANOMALY","MEDIUM","Workflow: CMDU01062 weight 36740kg exceeds 30T","","RESOLVED","","2026-07-23 01:59:56.961","2026-08-02 00:43:17.992","CLEARED by AI decision - no fraud confirmed. Reason: Sanctions matches = 0, cost-per-kg band is NORMAL_AT_OR_BELOW_5X_MEDIAN, and both counterparties are recognisable real businesses.",1052,"2026-07-23 01:59:56.961","The key indicators are the cost-per-kg band (NORMAL_AT_OR_BELOW_5X_MEDIAN) and sanctions matches (0). Both counterparties are recognisable real businesses, and the cost per kg is economically ordinary. There are no indicators of high risk.","CLEAR","Sanctions matches = 0, cost-per-kg band is NORMAL_AT_OR_BELOW_5X_MEDIAN, and both counterparties are recognisable real businesses.","2026-08-02 00:43:16.665"
16,"WEIGHT_ANOMALY","MEDIUM","Workflow: OOLU01523 weight 40724kg exceeds 30T","","RESOLVED","","2026-07-23 01:59:56.961","2026-08-02 00:43:25.931","CLEARED by AI decision - no fraud confirmed. Reason: Sanctions matches = 0, cost-per-kg band is NORMAL_AT_OR_BELOW_5X_MEDIAN, and both counterparties are recognisable real businesses.",1513,"2026-07-23 01:59:56.961","The key indicators are the cost-per-kg band (NORMAL_AT_OR_BELOW_5X_MEDIAN) and sanctions matches (0). Both counterparties are recognisable real businesses, and the cost per kg is economically ordinary. There are no indications of fraud or compliance issues.","CLEAR","Sanctions matches = 0, cost-per-kg band is NORMAL_AT_OR_BELOW_5X_MEDIAN, and both counterparties are recognisable real businesses.","2026-08-02 00:43:24.570"
17,"WEIGHT_ANOMALY","MEDIUM","Workflow: CMDU05472 weight 39019kg exceeds 30T","","RESOLVED","","2026-07-23 01:59:56.961","2026-08-02 00:43:34.035","CLEARED by AI decision - no fraud confirmed. Reason: Sanctions matches = 0, cost-per-kg band is NORMAL_AT_OR_BELOW_5X_MEDIAN, and both counterparties are recognisable real businesses.",5466,"2026-07-23 01:59:56.961","The key indicators are the cost-per-kg band (NORMAL_AT_OR_BELOW_5X_MEDIAN) and sanctions matches (0). Both counterparties are recognisable real businesses, and the cost per kg is economically ordinary. There are no indicators of fraud or compliance issues.","CLEAR","Sanctions matches = 0, cost-per-kg band is NORMAL_AT_OR_BELOW_5X_MEDIAN, and both counterparties are recognisable real businesses.","2026-08-02 00:43:32.626"
18,"WEIGHT_ANOMALY","MEDIUM","Workflow: EGLV08780 weight 41912kg exceeds 30T","","RESOLVED","","2026-07-23 01:59:56.961","2026-08-02 00:43:42.670","CLEARED by AI decision - no fraud confirmed. Reason: Sanctions matches = 0, cost-per-kg band is NORMAL_AT_OR_BELOW_5X_MEDIAN, and both counterparties are recognizable real businesses.",8774,"2026-07-23 01:59:56.961","The key indicators are the cost-per-kg band (NORMAL_AT_OR_BELOW_5X_MEDIAN), sanctions matches (0), and recognizable counterparties. The cost per kg is $0.1967, which is 0.77x the peer median of $0.2558, indicating a normal economic range. Both counterparties are recognizable real businesses, and there are no sanctions matches.","CLEAR","Sanctions matches = 0, cost-per-kg band is NORMAL_AT_OR_BELOW_5X_MEDIAN, and both counterparties are recognizable real businesses.","2026-08-02 00:43:41.268"
19,"WEIGHT_ANOMALY","MEDIUM","Workflow: YMLU04100 weight 38897kg exceeds 30T","","RESOLVED","","2026-07-23 01:59:56.961","2026-08-02 00:43:51.017","CLEARED by AI decision - no fraud confirmed. Reason: Sanctions matches = 0, cost-per-kg band is NORMAL_AT_OR_BELOW_5X_MEDIAN, and both counterparties are recognisable real businesses.",4090,"2026-07-23 01:59:56.961","The key indicators are the cost-per-kg band (NORMAL_AT_OR_BELOW_5X_MEDIAN) and sanctions matches (0). Both counterparties are recognisable real businesses, and the cost per kg is economically ordinary. There are no indications of fraud or compliance issues.","CLEAR","Sanctions matches = 0, cost-per-kg band is NORMAL_AT_OR_BELOW_5X_MEDIAN, and both counterparties are recognisable real businesses.","2026-08-02 00:43:49.650"
20,"WEIGHT_ANOMALY","MEDIUM","Workflow: EGLV00364 weight 39203kg exceeds 30T","","RESOLVED","","2026-07-23 01:59:56.961","2026-08-02 00:44:22.277","CLEARED by AI decision - no fraud confirmed. Reason: Sanctions matches = 0, cost-per-kg band is NORMAL_AT_OR_BELOW_5X_MEDIAN, and both counterparties are recognisable real businesses.",354,"2026-07-23 01:59:56.961","The key indicators are the cost-per-kg band (NORMAL_AT_OR_BELOW_5X_MEDIAN) and sanctions matches (0). Both counterparties are recognisable real businesses, and the cost per kg is economically ordinary.","CLEAR","Sanctions matches = 0, cost-per-kg band is NORMAL_AT_OR_BELOW_5X_MEDIAN, and both counterparties are recognisable real businesses.","2026-08-02 00:44:20.817"
21,"WEIGHT_ANOMALY","MEDIUM","Workflow: OOLU01592 weight 40865kg exceeds 30T","","RESOLVED","","2026-07-23 01:59:56.961","2026-08-02 00:44:30.005","CLEARED by AI decision - no fraud confirmed. Reason: Sanctions matches = 0, cost-per-kg band is NORMAL_AT_OR_BELOW_5X_MEDIAN, and both counterparties are recognisable real businesses.",1582,"2026-07-23 01:59:56.961","The key indicators are the cost-per-kg band (NORMAL_AT_OR_BELOW_5X_MEDIAN) and sanctions matches (0). Both counterparties are recognisable real businesses, and the cost per kg is economically ordinary. There are no indications of fraud or compliance issues.","CLEAR","Sanctions matches = 0, cost-per-kg band is NORMAL_AT_OR_BELOW_5X_MEDIAN, and both counterparties are recognisable real businesses.","2026-08-02 00:44:28.635"
22,"WEIGHT_ANOMALY","MEDIUM","Workflow: CMDU09715 weight 33485kg exceeds 30T","","RESOLVED","","2026-07-23 01:59:56.961","2026-08-02 00:44:38.013","CLEARED by AI decision - no fraud confirmed. Reason: Sanctions matches = 0, cost-per-kg band is NORMAL_AT_OR_BELOW_5X_MEDIAN, and both counterparties are recognisable real businesses.",9709,"2026-07-23 01:59:56.961","The key indicators are the cost-per-kg band (NORMAL_AT_OR_BELOW_5X_MEDIAN) and sanctions matches (0). Both counterparties are recognisable real businesses, and the cost per kg is economically ordinary. There are no indications of fraud or compliance issues.","CLEAR","Sanctions matches = 0, cost-per-kg band is NORMAL_AT_OR_BELOW_5X_MEDIAN, and both counterparties are recognisable real businesses.","2026-08-02 00:44:36.618"
23,"WEIGHT_ANOMALY","MEDIUM","Workflow: CMDU44556 weight 32093kg exceeds 30T","","RESOLVED","","2026-07-23 01:59:56.961","2026-08-02 00:44:46.210","CLEARED by AI decision - no fraud confirmed. Reason: Sanctions matches = 0, cost-per-kg band is NORMAL_AT_OR_BELOW_5X_MEDIAN, and both counterparties are recognisable real businesses.",4,"2026-07-23 01:59:56.961","The key indicators are the cost-per-kg band (NORMAL_AT_OR_BELOW_5X_MEDIAN) and sanctions matches (0). Both counterparties are recognisable real businesses, and the cost per kg is economically ordinary. There are no indications of shell/front companies or extraction issues.","CLEAR","Sanctions matches = 0, cost-per-kg band is NORMAL_AT_OR_BELOW_5X_MEDIAN, and both counterparties are recognisable real businesses.","2026-08-02 00:44:44.519"
24,"WEIGHT_ANOMALY","MEDIUM","Workflow: MAEU09729 weight 41176kg exceeds 30T","","RESOLVED","","2026-07-23 01:59:56.961","2026-08-02 00:45:11.347","CLEARED by AI decision - no fraud confirmed. Reason: Sanctions matches = 0, cost-per-kg band is NORMAL_AT_OR_BELOW_5X_MEDIAN, and both counterparties are recognisable real businesses.",9723,"2026-07-23 01:59:56.961","The key indicators are the cost-per-kg band (NORMAL_AT_OR_BELOW_5X_MEDIAN) and sanctions matches (0). Both counterparties are recognisable real businesses, and the cost per kg is economically ordinary. There are no indicators of high risk.","CLEAR","Sanctions matches = 0, cost-per-kg band is NORMAL_AT_OR_BELOW_5X_MEDIAN, and both counterparties are recognisable real businesses.","2026-08-02 00:45:09.812"
25,"WEIGHT_ANOMALY","MEDIUM","Workflow: MSKU07212 weight 38622kg exceeds 30T","","RESOLVED","","2026-07-23 01:59:56.961","2026-08-02 00:45:19.884","CLEARED by AI decision - no fraud confirmed. Reason: Sanctions matches = 0, cost-per-kg band is NORMAL_AT_OR_BELOW_5X_MEDIAN, and both counterparties are recognisable real businesses.",7206,"2026-07-23 01:59:56.961","The key indicators are the cost-per-kg band (NORMAL_AT_OR_BELOW_5X_MEDIAN) and sanctions matches (0). Both counterparties are recognisable real businesses, and the cost per kg is economically ordinary. There are no indications of fraud or compliance issues.","CLEAR","Sanctions matches = 0, cost-per-kg band is NORMAL_AT_OR_BELOW_5X_MEDIAN, and both counterparties are recognisable real businesses.","2026-08-02 00:45:18.527"
26,"WEIGHT_ANOMALY","MEDIUM","Workflow: MSKU07223 weight 43866kg exceeds 30T","","RESOLVED","","2026-07-23 01:59:56.961","2026-08-02 00:45:28.039","CLEARED by AI decision - no fraud confirmed. Reason: Sanctions matches = 0, cost-per-kg band is NORMAL_AT_OR_BELOW_5X_MEDIAN, and both counterparties are recognisable real businesses.",7217,"2026-07-23 01:59:56.961","The key indicators are the cost-per-kg band (NORMAL_AT_OR_BELOW_5X_MEDIAN) and sanctions matches (0). Both counterparties are recognisable real businesses, and the cost per kg is economically ordinary. There are no indicators of high risk.","CLEAR","Sanctions matches = 0, cost-per-kg band is NORMAL_AT_OR_BELOW_5X_MEDIAN, and both counterparties are recognisable real businesses.","2026-08-02 00:45:26.638"
27,"WEIGHT_ANOMALY","MEDIUM","Workflow: APZU08273 weight 40906kg exceeds 30T","","RESOLVED","","2026-07-23 01:59:56.961","2026-08-02 00:45:35.751","CLEARED by AI decision - no fraud confirmed. Reason: Sanctions matches = 0, cost-per-kg band is NORMAL_AT_OR_BELOW_5X_MEDIAN, and both counterparties are recognisable real businesses.",8267,"2026-07-23 01:59:56.961","The key indicators are the cost-per-kg band (NORMAL_AT_OR_BELOW_5X_MEDIAN) and sanctions matches (0). Both counterparties are recognisable real businesses, and the cost per kg is economically ordinary.","CLEAR","Sanctions matches = 0, cost-per-kg band is NORMAL_AT_OR_BELOW_5X_MEDIAN, and both counterparties are recognisable real businesses.","2026-08-02 00:45:34.316"
28,"WEIGHT_ANOMALY","MEDIUM","Workflow: MAEU06640 weight 44693kg exceeds 30T","","RESOLVED","","2026-07-23 01:59:56.961","2026-08-02 00:45:43.985","CLEARED by AI decision - no fraud confirmed. Reason: Sanctions matches = 0, cost-per-kg band is NORMAL_AT_OR_BELOW_5X_MEDIAN, and both counterparties are recognisable real businesses.",6634,"2026-07-23 01:59:56.961","The key indicators are the cost-per-kg band (NORMAL_AT_OR_BELOW_5X_MEDIAN) and sanctions matches (0). Both counterparties are recognisable real businesses, and the cost per kg is economically ordinary.","CLEAR","Sanctions matches = 0, cost-per-kg band is NORMAL_AT_OR_BELOW_5X_MEDIAN, and both counterparties are recognisable real businesses.","2026-08-02 00:45:42.540"
29,"WEIGHT_ANOMALY","MEDIUM","Workflow: YMLU00384 weight 42797kg exceeds 30T","","RESOLVED","","2026-07-23 01:59:56.961","2026-08-02 00:45:51.660","CLEARED by AI decision - no fraud confirmed. Reason: Sanctions matches = 0, cost-per-kg band is NORMAL_AT_OR_BELOW_5X_MEDIAN, and both counterparties are recognisable real businesses.",374,"2026-07-23 01:59:56.961","The key indicators are the cost-per-kg band (NORMAL_AT_OR_BELOW_5X_MEDIAN) and sanctions matches (0). Both counterparties are recognisable real businesses, and the cost per kg is economically ordinary.","CLEAR","Sanctions matches = 0, cost-per-kg band is NORMAL_AT_OR_BELOW_5X_MEDIAN, and both counterparties are recognisable real businesses.","2026-08-02 00:45:50.265"
30,"WEIGHT_ANOMALY","MEDIUM","Workflow: OOLU55667 weight 30137kg exceeds 30T","","RESOLVED","","2026-07-23 01:59:56.961","2026-08-02 00:46:01.509","CLEARED by AI decision - no fraud confirmed. Reason: Sanctions matches = 0, cost-per-kg band is NORMAL_AT_OR_BELOW_5X_MEDIAN, and both counterparties are recognisable real businesses.",5,"2026-07-23 01:59:56.961","The key indicators are the cost-per-kg band (NORMAL_AT_OR_BELOW_5X_MEDIAN) and sanctions matches (0). Both counterparties are recognisable real businesses, and the cost per kg is economically ordinary. There are no indications of shell/front companies or extraction issues.","CLEAR","Sanctions matches = 0, cost-per-kg band is NORMAL_AT_OR_BELOW_5X_MEDIAN, and both counterparties are recognisable real businesses.","2026-08-02 00:46:00.007"
31,"WEIGHT_ANOMALY","MEDIUM","Workflow: CMDU02773 weight 31281kg exceeds 30T","","RESOLVED","","2026-07-23 01:59:56.961","2026-08-02 00:46:20.306","CLEARED by AI decision - no fraud confirmed. Reason: Sanctions matches = 0, cost-per-kg band is NORMAL_AT_OR_BELOW_5X_MEDIAN, and both counterparties are recognisable real businesses.",2763,"2026-07-23 01:59:56.961","The key indicators are the cost-per-kg band (NORMAL_AT_OR_BELOW_5X_MEDIAN) and sanctions matches (0). Both counterparties are recognisable real businesses, and the cost per kg is economically ordinary. There are no indications of shell/front companies or extraction issues.","CLEAR","Sanctions matches = 0, cost-per-kg band is NORMAL_AT_OR_BELOW_5X_MEDIAN, and both counterparties are recognisable real businesses.","2026-08-02 00:46:18.840"
32,"WEIGHT_ANOMALY","MEDIUM","Workflow: MAEU03907 weight 31214kg exceeds 30T","","RESOLVED","","2026-07-23 01:59:56.961","2026-08-02 00:46:36.657","CLEARED by AI decision - no fraud confirmed. Reason: Sanctions matches = 0, cost-per-kg band is NORMAL_AT_OR_BELOW_5X_MEDIAN, and both counterparties are recognisable real businesses.",3897,"2026-07-23 01:59:56.961","The key indicators are the cost-per-kg band (NORMAL_AT_OR_BELOW_5X_MEDIAN) and sanctions matches (0). Both counterparties are recognisable real businesses, and the cost per kg is economically ordinary. There are no indicators of fraud or compliance issues.","CLEAR","Sanctions matches = 0, cost-per-kg band is NORMAL_AT_OR_BELOW_5X_MEDIAN, and both counterparties are recognisable real businesses.","2026-08-02 00:46:35.242"
33,"WEIGHT_ANOMALY","MEDIUM","Workflow: OOLU00252 weight 35881kg exceeds 30T","","RESOLVED","","2026-07-23 01:59:56.961","2026-08-02 00:46:44.806","CLEARED by AI decision - no fraud confirmed. Reason: Sanctions matches = 0, cost-per-kg band is NORMAL_AT_OR_BELOW_5X_MEDIAN, and both counterparties are recognisable real businesses.",242,"2026-07-23 01:59:56.961","The key indicators are the cost-per-kg band (NORMAL_AT_OR_BELOW_5X_MEDIAN) and sanctions matches (0). Both counterparties are recognisable real businesses, and the cost per kg is economically ordinary. There are no indications of fraud or compliance issues.","CLEAR","Sanctions matches = 0, cost-per-kg band is NORMAL_AT_OR_BELOW_5X_MEDIAN, and both counterparties are recognisable real businesses.","2026-08-02 00:46:43.392"
34,"WEIGHT_ANOMALY","MEDIUM","Workflow: YMLU07387 weight 33178kg exceeds 30T","","RESOLVED","","2026-07-23 01:59:56.961","2026-08-02 00:47:28.265","CLEARED by AI decision - no fraud confirmed. Reason: Sanctions matches = 0, cost-per-kg band is NORMAL_AT_OR_BELOW_5X_MEDIAN, and both counterparties are recognisable real businesses.",7381,"2026-07-23 01:59:56.961","The key indicators are the cost-per-kg band (NORMAL_AT_OR_BELOW_5X_MEDIAN) and sanctions matches (0). Both counterparties are recognisable real businesses, and the cost per kg is economically ordinary. There are no indications of fraud or compliance issues.","CLEAR","Sanctions matches = 0, cost-per-kg band is NORMAL_AT_OR_BELOW_5X_MEDIAN, and both counterparties are recognisable real businesses.","2026-08-02 00:47:26.182"
35,"WEIGHT_ANOMALY","MEDIUM","Workflow: MAEU07519 weight 40933kg exceeds 30T","","RESOLVED","","2026-07-23 01:59:56.961","2026-08-02 00:48:51.785","CLEARED by AI decision - no fraud confirmed. Reason: Sanctions matches = 0, cost-per-kg band is NORMAL_AT_OR_BELOW_5X_MEDIAN, and both counterparties are recognisable real businesses.",7513,"2026-07-23 01:59:56.961","The key indicators are the cost-per-kg band (NORMAL_AT_OR_BELOW_5X_MEDIAN) and sanctions matches (0). Both counterparties are recognisable real businesses, and the cost per kg is economically ordinary. There are no indications of fraud or compliance issues.","CLEAR","Sanctions matches = 0, cost-per-kg band is NORMAL_AT_OR_BELOW_5X_MEDIAN, and both counterparties are recognisable real businesses.","2026-08-02 00:48:50.174"
36,"WEIGHT_ANOMALY","MEDIUM","Workflow: YMLU09730 weight 31312kg exceeds 30T","","RESOLVED","","2026-07-23 01:59:56.961","2026-08-02 00:49:01.377","CLEARED by AI decision - no fraud confirmed. Reason: Sanctions matches = 0, cost-per-kg band is NORMAL_AT_OR_BELOW_5X_MEDIAN, and both counterparties are recognisable real businesses.",9724,"2026-07-23 01:59:56.961","The key indicators are the cost-per-kg band (NORMAL_AT_OR_BELOW_5X_MEDIAN) and sanctions matches (0). Both counterparties are recognisable real businesses, and the cost per kg is economically ordinary. There are no indications of fraud or compliance issues.","CLEAR","Sanctions matches = 0, cost-per-kg band is NORMAL_AT_OR_BELOW_5X_MEDIAN, and both counterparties are recognisable real businesses.","2026-08-02 00:48:59.952"
37,"WEIGHT_ANOMALY","MEDIUM","Workflow: EGLV02144 weight 41217kg exceeds 30T","","RESOLVED","","2026-07-23 01:59:56.961","2026-08-02 00:49:10.886","CLEARED by AI decision - no fraud confirmed. Reason: Sanctions matches = 0, cost-per-kg band is NORMAL_AT_OR_BELOW_5X_MEDIAN, and both counterparties are recognisable real businesses.",2134,"2026-07-23 01:59:56.961","The key indicators are the cost-per-kg band (NORMAL_AT_OR_BELOW_5X_MEDIAN) and sanctions matches (0). Both counterparties are recognisable real businesses, and the cost per kg is economically ordinary. There are no indications of fraud or compliance issues.","CLEAR","Sanctions matches = 0, cost-per-kg band is NORMAL_AT_OR_BELOW_5X_MEDIAN, and both counterparties are recognisable real businesses.","2026-08-02 00:49:09.543"
38,"WEIGHT_ANOMALY","MEDIUM","Workflow: CMDU03742 weight 32111kg exceeds 30T","","RESOLVED","","2026-07-23 01:59:56.961","2026-08-02 00:51:30.706","CLEARED by AI decision - no fraud confirmed. Reason: Sanctions matches = 0, cost-per-kg band is NORMAL_AT_OR_BELOW_5X_MEDIAN, and both counterparties are recognisable real businesses.",3732,"2026-07-23 01:59:56.961","The key indicators are the cost-per-kg band (NORMAL_AT_OR_BELOW_5X_MEDIAN) and sanctions matches (0). Both counterparties are recognisable real businesses, and the cost per kg is economically ordinary. There are no indications of fraud or compliance issues.","CLEAR","Sanctions matches = 0, cost-per-kg band is NORMAL_AT_OR_BELOW_5X_MEDIAN, and both counterparties are recognisable real businesses.","2026-08-02 00:51:29.197"
39,"WEIGHT_ANOMALY","MEDIUM","Workflow: YMLU00231 weight 42020kg exceeds 30T","","RESOLVED","","2026-07-23 01:59:56.961","2026-08-02 00:51:38.266","CLEARED by AI decision - no fraud confirmed. Reason: Sanctions matches = 0, cost-per-kg band is NORMAL_AT_OR_BELOW_5X_MEDIAN, and both counterparties are recognisable real businesses.",221,"2026-07-23 01:59:56.961","The key indicators are the cost-per-kg band (NORMAL_AT_OR_BELOW_5X_MEDIAN) and sanctions matches (0). Both counterparties are recognisable real businesses, and the cost per kg is economically ordinary.","CLEAR","Sanctions matches = 0, cost-per-kg band is NORMAL_AT_OR_BELOW_5X_MEDIAN, and both counterparties are recognisable real businesses.","2026-08-02 00:51:36.933"
40,"WEIGHT_ANOMALY","MEDIUM","Workflow: CAXU06662 weight 33537kg exceeds 30T","","RESOLVED","","2026-07-23 01:59:56.961","2026-08-02 00:51:46.119","CLEARED by AI decision - no fraud confirmed. Reason: Sanctions matches = 0, cost-per-kg band is NORMAL_AT_OR_BELOW_5X_MEDIAN, and both counterparties are recognisable real businesses.",6656,"2026-07-23 01:59:56.961","The key indicators are the cost-per-kg band (NORMAL_AT_OR_BELOW_5X_MEDIAN) and sanctions matches (0). Both counterparties are recognisable real businesses, and the cost per kg is economically ordinary. There are no indicators of high risk.","CLEAR","Sanctions matches = 0, cost-per-kg band is NORMAL_AT_OR_BELOW_5X_MEDIAN, and both counterparties are recognisable real businesses.","2026-08-02 00:51:44.782"
41,"WEIGHT_ANOMALY","MEDIUM","Workflow: MSKU07483 weight 41217kg exceeds 30T","","RESOLVED","","2026-07-23 01:59:56.961","2026-08-02 00:51:53.984","CLEARED by AI decision - no fraud confirmed. Reason: Sanctions matches = 0, cost-per-kg band is NORMAL_AT_OR_BELOW_5X_MEDIAN, and both counterparties are recognisable real businesses.",7477,"2026-07-23 01:59:56.961","The key indicators are the cost-per-kg band (NORMAL_AT_OR_BELOW_5X_MEDIAN) and sanctions matches (0). Both counterparties are recognisable real businesses, and the cost per kg is economically ordinary. There are no indications of fraud or compliance issues.","CLEAR","Sanctions matches = 0, cost-per-kg band is NORMAL_AT_OR_BELOW_5X_MEDIAN, and both counterparties are recognisable real businesses.","2026-08-02 00:51:52.586"
42,"WEIGHT_ANOMALY","MEDIUM","Workflow: ONEY06829 weight 41264kg exceeds 30T","","RESOLVED","","2026-07-23 01:59:56.961","2026-08-02 00:52:03.370","CLEARED by AI decision - no fraud confirmed. Reason: Sanctions matches = 0, cost-per-kg band is NORMAL_AT_OR_BELOW_5X_MEDIAN, and both counterparties are recognisable real businesses.",6823,"2026-07-23 01:59:56.961","The key indicators are the cost-per-kg band (NORMAL_AT_OR_BELOW_5X_MEDIAN) and sanctions matches (0). Both counterparties are recognisable real businesses, and the cost per kg is economically ordinary. There are no indications of fraud or compliance issues.","CLEAR","Sanctions matches = 0, cost-per-kg band is NORMAL_AT_OR_BELOW_5X_MEDIAN, and both counterparties are recognisable real businesses.","2026-08-02 00:52:02.043"
43,"WEIGHT_ANOMALY","MEDIUM","Workflow: MSKU08549 weight 33894kg exceeds 30T","","RESOLVED","","2026-07-23 01:59:56.961","2026-08-02 00:52:11.231","CLEARED by AI decision - no fraud confirmed. Reason: Sanctions matches = 0, cost-per-kg band is NORMAL_AT_OR_BELOW_5X_MEDIAN, and both counterparties are recognisable real businesses.",8543,"2026-07-23 01:59:56.961","The key indicators are the cost-per-kg band (NORMAL_AT_OR_BELOW_5X_MEDIAN) and sanctions matches (0). Both counterparties are recognisable real businesses, and the cost per kg is economically ordinary.","CLEAR","Sanctions matches = 0, cost-per-kg band is NORMAL_AT_OR_BELOW_5X_MEDIAN, and both counterparties are recognisable real businesses.","2026-08-02 00:52:09.900"
44,"WEIGHT_ANOMALY","MEDIUM","Workflow: APZU07664 weight 30162kg exceeds 30T","","RESOLVED","","2026-07-23 01:59:56.961","2026-08-02 00:52:18.916","CLEARED by AI decision - no fraud confirmed. Reason: Sanctions matches = 0, cost-per-kg band is NORMAL_AT_OR_BELOW_5X_MEDIAN, and both counterparties are recognisable real businesses.",7658,"2026-07-23 01:59:56.961","The key indicators are the cost-per-kg band (NORMAL_AT_OR_BELOW_5X_MEDIAN) and sanctions matches (0). Both counterparties are recognisable real businesses, and the cost per kg is economically ordinary. There are no indicators of high risk.","CLEAR","Sanctions matches = 0, cost-per-kg band is NORMAL_AT_OR_BELOW_5X_MEDIAN, and both counterparties are recognisable real businesses.","2026-08-02 00:52:17.575"
45,"WEIGHT_ANOMALY","MEDIUM","Workflow: CAXU06559 weight 31622kg exceeds 30T","","RESOLVED","","2026-07-23 01:59:56.961","2026-08-02 00:52:26.909","CLEARED by AI decision - no fraud confirmed. Reason: Sanctions matches = 0, cost-per-kg band is NORMAL_AT_OR_BELOW_5X_MEDIAN, and both counterparties are recognisable real businesses.",6553,"2026-07-23 01:59:56.961","The key indicators are the cost-per-kg band (NORMAL_AT_OR_BELOW_5X_MEDIAN) and sanctions matches (0). Both counterparties are recognisable real businesses, and the cost per kg is economically ordinary. There are no indications of shell/front companies or extraction issues.","CLEAR","Sanctions matches = 0, cost-per-kg band is NORMAL_AT_OR_BELOW_5X_MEDIAN, and both counterparties are recognisable real businesses.","2026-08-02 00:52:25.586"
46,"WEIGHT_ANOMALY","MEDIUM","Workflow: ONEY00911 weight 30906kg exceeds 30T","","RESOLVED","","2026-07-23 01:59:56.961","2026-08-02 00:52:34.790","CLEARED by AI decision - no fraud confirmed. Reason: Sanctions matches = 0, cost-per-kg band is NORMAL_AT_OR_BELOW_5X_MEDIAN, and both counterparties are recognizable real businesses.",901,"2026-07-23 01:59:56.961","The key indicators are the cost-per-kg band (NORMAL_AT_OR_BELOW_5X_MEDIAN), sanctions matches (0), and recognizable counterparties (Vinamilk Co Ltd and Costco Wholesale). All indicators are within acceptable ranges, suggesting a low-risk transaction.","CLEAR","Sanctions matches = 0, cost-per-kg band is NORMAL_AT_OR_BELOW_5X_MEDIAN, and both counterparties are recognizable real businesses.","2026-08-02 00:52:33.480"
47,"WEIGHT_ANOMALY","MEDIUM","Workflow: MSKU07166 weight 33103kg exceeds 30T","","RESOLVED","","2026-07-23 01:59:56.961","2026-08-02 00:52:41.925","CLEARED by AI decision - no fraud confirmed. Reason: Sanctions matches = 0, cost-per-kg band is NORMAL_AT_OR_BELOW_5X_MEDIAN, and both counterparties are recognisable real businesses.",7160,"2026-07-23 01:59:56.961","The key indicators are the cost-per-kg band (NORMAL_AT_OR_BELOW_5X_MEDIAN) and sanctions matches (0). Both counterparties are recognisable real businesses, and the cost per kg is economically ordinary.","CLEAR","Sanctions matches = 0, cost-per-kg band is NORMAL_AT_OR_BELOW_5X_MEDIAN, and both counterparties are recognisable real businesses.","2026-08-02 00:52:40.637"
48,"WEIGHT_ANOMALY","MEDIUM","Workflow: ONEY04345 weight 34749kg exceeds 30T","","RESOLVED","","2026-07-23 01:59:56.961","2026-08-02 00:52:51.320","CLEARED by AI decision - no fraud confirmed. Reason: Sanctions matches = 0, cost-per-kg band is NORMAL_AT_OR_BELOW_5X_MEDIAN, and both counterparties are recognizable real businesses.",4339,"2026-07-23 01:59:56.961","The key indicators are the cost-per-kg band (NORMAL_AT_OR_BELOW_5X_MEDIAN), sanctions matches (0), and recognizable counterparties (Hoa Sen Group and Best Buy USA). All indicators are within acceptable ranges, suggesting a low-risk transaction.","CLEAR","Sanctions matches = 0, cost-per-kg band is NORMAL_AT_OR_BELOW_5X_MEDIAN, and both counterparties are recognizable real businesses.","2026-08-02 00:52:49.990"
49,"WEIGHT_ANOMALY","MEDIUM","Workflow: APZU99001 weight 33864kg exceeds 30T","","RESOLVED","","2026-07-23 01:59:56.961","2026-08-02 00:52:59.005","CLEARED by AI decision - no fraud confirmed. Reason: Sanctions matches = 0, cost-per-kg band is NORMAL_AT_OR_BELOW_5X_MEDIAN, and both counterparties are recognisable real businesses.",9,"2026-07-23 01:59:56.961","The key indicators are the cost-per-kg band (NORMAL_AT_OR_BELOW_5X_MEDIAN) and sanctions matches (0). Both counterparties are recognisable real businesses, and the cost per kg is economically ordinary. There are no indicators of high risk.","CLEAR","Sanctions matches = 0, cost-per-kg band is NORMAL_AT_OR_BELOW_5X_MEDIAN, and both counterparties are recognisable real businesses.","2026-08-02 00:52:57.640"
50,"WEIGHT_ANOMALY","MEDIUM","Workflow: CMDU06010 weight 31140kg exceeds 30T","","RESOLVED","","2026-07-23 01:59:56.961","2026-08-02 00:53:07.092","CLEARED by AI decision - no fraud confirmed. Reason: Sanctions matches = 0, cost-per-kg band is NORMAL_AT_OR_BELOW_5X_MEDIAN, and both counterparties are recognisable real businesses.",6004,"2026-07-23 01:59:56.961","The key indicators are the cost-per-kg band (NORMAL_AT_OR_BELOW_5X_MEDIAN) and sanctions matches (0). Both counterparties are recognisable real businesses, and the cost per kg is economically ordinary. There are no indications of shell/front companies or extraction issues.","CLEAR","Sanctions matches = 0, cost-per-kg band is NORMAL_AT_OR_BELOW_5X_MEDIAN, and both counterparties are recognisable real businesses.","2026-08-02 00:53:05.792"
51,"WEIGHT_ANOMALY","MEDIUM","Workflow: YMLU08709 weight 39745kg exceeds 30T","","RESOLVED","","2026-07-23 01:59:56.961","2026-08-02 00:53:14.814","CLEARED by AI decision - no fraud confirmed. Reason: Sanctions matches = 0, cost-per-kg band is NORMAL_AT_OR_BELOW_5X_MEDIAN, and both counterparties are recognisable real businesses.",8703,"2026-07-23 01:59:56.961","The key indicators are the cost-per-kg band (NORMAL_AT_OR_BELOW_5X_MEDIAN) and sanctions matches (0). Both counterparties are recognisable real businesses, and the cost per kg is economically ordinary. There are no indications of fraud or compliance issues.","CLEAR","Sanctions matches = 0, cost-per-kg band is NORMAL_AT_OR_BELOW_5X_MEDIAN, and both counterparties are recognisable real businesses.","2026-08-02 00:53:13.471"
52,"WEIGHT_ANOMALY","MEDIUM","Workflow: CAXU08154 weight 31469kg exceeds 30T","","RESOLVED","","2026-07-23 01:59:56.961","2026-08-02 00:53:22.985","CLEARED by AI decision - no fraud confirmed. Reason: Sanctions matches = 0, cost-per-kg band is NORMAL_AT_OR_BELOW_5X_MEDIAN, and both counterparties are recognisable real businesses.",8148,"2026-07-23 01:59:56.961","The key indicators are the cost-per-kg band (NORMAL_AT_OR_BELOW_5X_MEDIAN) and sanctions matches (0). Both counterparties are recognisable real businesses, and the cost per kg is economically ordinary. There are no indications of fraud or compliance issues.","CLEAR","Sanctions matches = 0, cost-per-kg band is NORMAL_AT_OR_BELOW_5X_MEDIAN, and both counterparties are recognisable real businesses.","2026-08-02 00:53:21.641"
53,"WEIGHT_ANOMALY","MEDIUM","Workflow: CMDU00278 weight 43672kg exceeds 30T","","RESOLVED","","2026-07-23 01:59:56.961","2026-08-02 00:54:34.625","CLEARED by AI decision - no fraud confirmed. Reason: Sanctions matches = 0, cost-per-kg band is NORMAL_AT_OR_BELOW_5X_MEDIAN, and both counterparties are recognisable real businesses.",268,"2026-07-23 01:59:56.961","The key indicators are the cost-per-kg band (NORMAL_AT_OR_BELOW_5X_MEDIAN) and sanctions matches (0). Both counterparties are recognisable real businesses, and the cost per kg is economically ordinary. There are no indications of shell/front companies or extraction issues.","CLEAR","Sanctions matches = 0, cost-per-kg band is NORMAL_AT_OR_BELOW_5X_MEDIAN, and both counterparties are recognisable real businesses.","2026-08-02 00:54:33.198"
54,"WEIGHT_ANOMALY","MEDIUM","Workflow: CMDU04252 weight 32113kg exceeds 30T","","RESOLVED","","2026-07-23 01:59:56.961","2026-08-02 00:55:23.713","CLEARED by AI decision - no fraud confirmed. Reason: Sanctions matches = 0, cost-per-kg band is NORMAL_AT_OR_BELOW_5X_MEDIAN, and both counterparties are recognizable real businesses.",4246,"2026-07-23 01:59:56.961","The key indicators are the cost-per-kg band (NORMAL_AT_OR_BELOW_5X_MEDIAN), sanctions matches (0), and recognizable counterparties (Panasonic Vietnam and Construction Supply Co.). The cost per kg is $0.246, which is 0.96x the peer median of $0.2558, indicating a normal economic transaction. Both counterparties are recognizable real businesses, and there are no sanctions matches.","CLEAR","Sanctions matches = 0, cost-per-kg band is NORMAL_AT_OR_BELOW_5X_MEDIAN, and both counterparties are recognizable real businesses.","2026-08-02 00:55:22.394"
55,"WEIGHT_ANOMALY","MEDIUM","Workflow: MAEU06745 weight 42509kg exceeds 30T","","RESOLVED","","2026-07-23 01:59:56.961","2026-08-02 00:55:31.987","CLEARED by AI decision - no fraud confirmed. Reason: Sanctions matches = 0, cost-per-kg band is NORMAL_AT_OR_BELOW_5X_MEDIAN, and both counterparties are recognisable real businesses.",6739,"2026-07-23 01:59:56.961","The key indicators are the cost-per-kg band (NORMAL_AT_OR_BELOW_5X_MEDIAN) and sanctions matches (0). Both counterparties are recognisable real businesses, and the cost per kg is economically ordinary.","CLEAR","Sanctions matches = 0, cost-per-kg band is NORMAL_AT_OR_BELOW_5X_MEDIAN, and both counterparties are recognisable real businesses.","2026-08-02 00:55:30.396"
56,"WEIGHT_ANOMALY","MEDIUM","Workflow: CMDU03859 weight 40072kg exceeds 30T","","RESOLVED","","2026-07-23 01:59:56.961","2026-08-02 00:56:44.340","CLEARED by AI decision - no fraud confirmed. Reason: Sanctions matches = 0, cost-per-kg band is NORMAL_AT_OR_BELOW_5X_MEDIAN, and both counterparties are recognisable real businesses.",3849,"2026-07-23 01:59:56.961","The key indicators are the cost-per-kg band (NORMAL_AT_OR_BELOW_5X_MEDIAN) and sanctions matches (0). Both counterparties are recognisable real businesses, and the cost per kg is economically ordinary. There are no indications of fraud or compliance issues.","CLEAR","Sanctions matches = 0, cost-per-kg band is NORMAL_AT_OR_BELOW_5X_MEDIAN, and both counterparties are recognisable real businesses.","2026-08-02 00:56:42.827"
57,"WEIGHT_ANOMALY","MEDIUM","Workflow: YMLU07627 weight 34321kg exceeds 30T","","RESOLVED","","2026-07-23 01:59:56.961","2026-08-02 00:57:26.607","CLEARED by AI decision - no fraud confirmed. Reason: Sanctions matches = 0, cost-per-kg band is NORMAL_AT_OR_BELOW_5X_MEDIAN, and both counterparties are recognisable real businesses.",7621,"2026-07-23 01:59:56.961","The key indicators are the cost-per-kg band (NORMAL_AT_OR_BELOW_5X_MEDIAN) and sanctions matches (0). Both counterparties are recognisable real businesses, and the cost per kg is economically ordinary. There are no indications of fraud or compliance issues.","CLEAR","Sanctions matches = 0, cost-per-kg band is NORMAL_AT_OR_BELOW_5X_MEDIAN, and both counterparties are recognisable real businesses.","2026-08-02 00:57:25.184"
58,"WEIGHT_ANOMALY","MEDIUM","Workflow: EGLV06238 weight 44521kg exceeds 30T","","RESOLVED","","2026-07-23 01:59:56.961","2026-08-02 00:57:50.333","CLEARED by AI decision - no fraud confirmed. Reason: Sanctions matches = 0, cost-per-kg band is NORMAL_AT_OR_BELOW_5X_MEDIAN, and both counterparties are recognisable real businesses.",6232,"2026-07-23 01:59:56.961","The key indicators are the cost-per-kg band (NORMAL_AT_OR_BELOW_5X_MEDIAN) and sanctions matches (0). Both counterparties are recognisable real businesses, and the cost per kg is economically ordinary. There are no indicators of high risk.","CLEAR","Sanctions matches = 0, cost-per-kg band is NORMAL_AT_OR_BELOW_5X_MEDIAN, and both counterparties are recognisable real businesses.","2026-08-02 00:57:48.906"
59,"WEIGHT_ANOMALY","MEDIUM","Workflow: EGLV07123 weight 34339kg exceeds 30T","","RESOLVED","","2026-07-23 01:59:56.961","2026-08-02 00:57:57.928","CLEARED by AI decision - no fraud confirmed. Reason: Sanctions matches = 0, cost-per-kg band is NORMAL_AT_OR_BELOW_5X_MEDIAN, and both counterparties are recognisable real businesses.",7117,"2026-07-23 01:59:56.961","The key indicators are the cost-per-kg band (NORMAL_AT_OR_BELOW_5X_MEDIAN) and sanctions matches (0). Both counterparties are recognisable real businesses, and the cost per kg is economically ordinary.","CLEAR","Sanctions matches = 0, cost-per-kg band is NORMAL_AT_OR_BELOW_5X_MEDIAN, and both counterparties are recognisable real businesses.","2026-08-02 00:57:56.579"
60,"WEIGHT_ANOMALY","MEDIUM","Workflow: MAEU09494 weight 30509kg exceeds 30T","","RESOLVED","","2026-07-23 01:59:56.961","2026-08-02 00:58:05.911","CLEARED by AI decision - no fraud confirmed. Reason: Sanctions matches = 0, cost-per-kg band is NORMAL_AT_OR_BELOW_5X_MEDIAN, and both counterparties are recognisable real businesses.",9488,"2026-07-23 01:59:56.961","The key indicators are the cost-per-kg band (NORMAL_AT_OR_BELOW_5X_MEDIAN) and sanctions matches (0). Both counterparties are recognisable real businesses, and the cost per kg is economically ordinary. There are no indicators of high risk.","CLEAR","Sanctions matches = 0, cost-per-kg band is NORMAL_AT_OR_BELOW_5X_MEDIAN, and both counterparties are recognisable real businesses.","2026-08-02 00:58:04.542"
61,"WEIGHT_ANOMALY","MEDIUM","Workflow: ONEY02278 weight 38669kg exceeds 30T","","RESOLVED","","2026-07-23 01:59:56.961","2026-08-02 00:58:21.894","CLEARED by AI decision - no fraud confirmed. Reason: Sanctions matches = 0, cost-per-kg band is NORMAL_AT_OR_BELOW_5X_MEDIAN, and both counterparties are recognisable real businesses.",2268,"2026-07-23 01:59:56.961","The key indicators are the cost-per-kg band (NORMAL_AT_OR_BELOW_5X_MEDIAN) and sanctions matches (0). Both counterparties are recognisable real businesses, and the cost per kg is economically ordinary. There are no indicators of high risk.","CLEAR","Sanctions matches = 0, cost-per-kg band is NORMAL_AT_OR_BELOW_5X_MEDIAN, and both counterparties are recognisable real businesses.","2026-08-02 00:58:20.456"
62,"WEIGHT_ANOMALY","MEDIUM","Workflow: MAEU05764 weight 35001kg exceeds 30T","","RESOLVED","","2026-07-23 01:59:56.961","2026-08-02 00:58:29.333","CLEARED by AI decision - no fraud confirmed. Reason: Sanctions matches = 0, cost-per-kg band is NORMAL_AT_OR_BELOW_5X_MEDIAN, and both counterparties are recognisable real businesses.",5758,"2026-07-23 01:59:56.961","The key indicators are the cost-per-kg band (NORMAL_AT_OR_BELOW_5X_MEDIAN) and sanctions matches (0). Both counterparties are recognisable real businesses, and the cost per kg is economically ordinary. There are no indications of fraud or compliance issues.","CLEAR","Sanctions matches = 0, cost-per-kg band is NORMAL_AT_OR_BELOW_5X_MEDIAN, and both counterparties are recognisable real businesses.","2026-08-02 00:58:27.962"
63,"WEIGHT_ANOMALY","MEDIUM","Workflow: ONEY00193 weight 41434kg exceeds 30T","","RESOLVED","","2026-07-23 01:59:56.961","2026-08-02 00:58:37.245","CLEARED by AI decision - no fraud confirmed. Reason: Sanctions matches = 0, cost-per-kg band is NORMAL_AT_OR_BELOW_5X_MEDIAN, and both counterparties are recognisable real businesses.",183,"2026-07-23 01:59:56.961","The key indicators are the cost-per-kg band (NORMAL_AT_OR_BELOW_5X_MEDIAN) and sanctions matches (0). Both counterparties are recognisable real businesses, and the cost per kg is economically ordinary. There are no indicators of high risk.","CLEAR","Sanctions matches = 0, cost-per-kg band is NORMAL_AT_OR_BELOW_5X_MEDIAN, and both counterparties are recognisable real businesses.","2026-08-02 00:58:35.872"
64,"WEIGHT_ANOMALY","MEDIUM","Workflow: APZU02476 weight 31151kg exceeds 30T","","RESOLVED","","2026-07-23 01:59:56.961","2026-08-02 00:58:46.974","CLEARED by AI decision - no fraud confirmed. Reason: Sanctions matches = 0, cost-per-kg band is NORMAL_AT_OR_BELOW_5X_MEDIAN, and both counterparties are recognisable real businesses.",2466,"2026-07-23 01:59:56.961","The key indicators are the cost-per-kg band (NORMAL_AT_OR_BELOW_5X_MEDIAN) and sanctions matches (0). Both counterparties are recognisable real businesses, and the cost per kg is economically ordinary. There are no indications of fraud or compliance issues.","CLEAR","Sanctions matches = 0, cost-per-kg band is NORMAL_AT_OR_BELOW_5X_MEDIAN, and both counterparties are recognisable real businesses.","2026-08-02 00:58:45.511"
65,"WEIGHT_ANOMALY","MEDIUM","Workflow: CMDU09967 weight 37306kg exceeds 30T","","RESOLVED","","2026-07-23 01:59:56.961","2026-08-02 01:02:11.600","CLEARED by AI decision - no fraud confirmed. Reason: Sanctions matches = 0, cost-per-kg band is NORMAL_AT_OR_BELOW_5X_MEDIAN, and both counterparties are recognisable real businesses.",9961,"2026-07-23 01:59:56.961","The key indicators are the cost-per-kg band (NORMAL_AT_OR_BELOW_5X_MEDIAN) and sanctions matches (0). Both counterparties are recognisable real businesses, and the cost per kg is economically ordinary. There are no indications of fraud or compliance issues.","CLEAR","Sanctions matches = 0, cost-per-kg band is NORMAL_AT_OR_BELOW_5X_MEDIAN, and both counterparties are recognisable real businesses.","2026-08-02 01:02:09.418"
66,"WEIGHT_ANOMALY","MEDIUM","Workflow: ONEY09487 weight 30673kg exceeds 30T","","RESOLVED","","2026-07-23 01:59:56.961","2026-08-02 01:02:20.062","CLEARED by AI decision - no fraud confirmed. Reason: Sanctions matches = 0, cost-per-kg band is NORMAL_AT_OR_BELOW_5X_MEDIAN, and both counterparties are recognisable real businesses.",9481,"2026-07-23 01:59:56.961","The key indicators are the cost-per-kg band (NORMAL_AT_OR_BELOW_5X_MEDIAN) and sanctions matches (0). Both counterparties are recognisable real businesses, and the cost per kg is economically ordinary. There are no indicators of high risk.","CLEAR","Sanctions matches = 0, cost-per-kg band is NORMAL_AT_OR_BELOW_5X_MEDIAN, and both counterparties are recognisable real businesses.","2026-08-02 01:02:18.624"
67,"WEIGHT_ANOMALY","MEDIUM","Workflow: ONEY03973 weight 33837kg exceeds 30T","","RESOLVED","","2026-07-23 01:59:56.961","2026-08-02 01:02:28.571","CLEARED by AI decision - no fraud confirmed. Reason: Sanctions matches = 0, cost-per-kg band is NORMAL_AT_OR_BELOW_5X_MEDIAN, and both counterparties are recognisable real businesses.",3963,"2026-07-23 01:59:56.961","The key indicators are the cost-per-kg band (NORMAL_AT_OR_BELOW_5X_MEDIAN) and sanctions matches (0). Both counterparties are recognisable real businesses, and the cost per kg is economically ordinary. There are no indications of fraud or compliance issues.","CLEAR","Sanctions matches = 0, cost-per-kg band is NORMAL_AT_OR_BELOW_5X_MEDIAN, and both counterparties are recognisable real businesses.","2026-08-02 01:02:27.126"
68,"WEIGHT_ANOMALY","MEDIUM","Workflow: MAEU02308 weight 39604kg exceeds 30T","","RESOLVED","","2026-07-23 01:59:56.961","2026-08-02 01:02:52.557","CLEARED by AI decision - no fraud confirmed. Reason: Sanctions matches = 0, cost-per-kg band is NORMAL_AT_OR_BELOW_5X_MEDIAN, and both counterparties are recognisable real businesses.",2298,"2026-07-23 01:59:56.961","The key indicators are the cost-per-kg band (NORMAL_AT_OR_BELOW_5X_MEDIAN) and sanctions matches (0). Both counterparties are recognisable real businesses, and the cost per kg is economically ordinary. There are no indicators of high risk.","CLEAR","Sanctions matches = 0, cost-per-kg band is NORMAL_AT_OR_BELOW_5X_MEDIAN, and both counterparties are recognisable real businesses.","2026-08-02 01:02:51.134"
69,"WEIGHT_ANOMALY","MEDIUM","Workflow: MSKU00084 weight 35459kg exceeds 30T","","RESOLVED","","2026-07-23 01:59:56.961","2026-08-02 01:03:01.064","CLEARED by AI decision - no fraud confirmed. Reason: Sanctions matches = 0, cost-per-kg band is NORMAL_AT_OR_BELOW_5X_MEDIAN, and both counterparties are recognisable real businesses.",74,"2026-07-23 01:59:56.961","The key indicators are the cost-per-kg band (NORMAL_AT_OR_BELOW_5X_MEDIAN) and sanctions matches (0). Both counterparties are recognisable real businesses, and the cost per kg is economically ordinary. There are no indications of fraud or compliance issues.","CLEAR","Sanctions matches = 0, cost-per-kg band is NORMAL_AT_OR_BELOW_5X_MEDIAN, and both counterparties are recognisable real businesses.","2026-08-02 01:02:59.577"
70,"WEIGHT_ANOMALY","MEDIUM","Workflow: APZU02173 weight 30925kg exceeds 30T","","RESOLVED","","2026-07-23 01:59:56.961","2026-08-02 01:03:09.809","CLEARED by AI decision - no fraud confirmed. Reason: Sanctions matches = 0, cost-per-kg band is NORMAL_AT_OR_BELOW_5X_MEDIAN, and both counterparties are recognisable real businesses.",2163,"2026-07-23 01:59:56.961","The key indicators are the cost-per-kg band (NORMAL_AT_OR_BELOW_5X_MEDIAN) and sanctions matches (0). Both counterparties are recognisable real businesses, and the cost per kg is economically ordinary. There are no indicators of high risk.","CLEAR","Sanctions matches = 0, cost-per-kg band is NORMAL_AT_OR_BELOW_5X_MEDIAN, and both counterparties are recognisable real businesses.","2026-08-02 01:03:08.219"
307,"WEIGHT_ANOMALY","MEDIUM","Workflow: YMLU03570 weight 33172kg exceeds 30T","","RESOLVED","","2026-07-23 01:59:56.961","2026-08-02 01:03:17.768","CLEARED by AI decision - no fraud confirmed. Reason: Sanctions matches = 0, cost-per-kg band is NORMAL_AT_OR_BELOW_5X_MEDIAN, and both counterparties are recognisable real businesses.",3560,"2026-07-23 01:59:56.961","The key indicators are the cost-per-kg band (NORMAL_AT_OR_BELOW_5X_MEDIAN) and sanctions matches (0). Both counterparties are recognisable real businesses, and the cost per kg is economically ordinary. There are no indications of fraud or compliance issues.","CLEAR","Sanctions matches = 0, cost-per-kg band is NORMAL_AT_OR_BELOW_5X_MEDIAN, and both counterparties are recognisable real businesses.","2026-08-02 01:03:16.356"
102,"WEIGHT_ANOMALY","MEDIUM","Workflow: MSKU06041 weight 30348kg exceeds 30T","","RESOLVED","","2026-07-23 01:59:56.961","2026-08-02 01:03:27.451","CLEARED by AI decision - no fraud confirmed. Reason: Sanctions matches = 0, cost-per-kg band is NORMAL_AT_OR_BELOW_5X_MEDIAN, and both counterparties are recognisable real businesses.",6035,"2026-07-23 01:59:56.961","The key indicators are the cost-per-kg band (NORMAL_AT_OR_BELOW_5X_MEDIAN) and sanctions matches (0). Both counterparties are recognisable real businesses, and the cost per kg is economically ordinary. There are no indications of fraud or compliance issues.","CLEAR","Sanctions matches = 0, cost-per-kg band is NORMAL_AT_OR_BELOW_5X_MEDIAN, and both counterparties are recognisable real businesses.","2026-08-02 01:03:26.080"
103,"WEIGHT_ANOMALY","MEDIUM","Workflow: MSKU02709 weight 39499kg exceeds 30T","","RESOLVED","","2026-07-23 01:59:56.961","2026-08-02 01:03:35.709","CLEARED by AI decision - no fraud confirmed. Reason: Sanctions matches = 0, cost-per-kg band is NORMAL_AT_OR_BELOW_5X_MEDIAN, and both counterparties are recognisable real businesses.",2699,"2026-07-23 01:59:56.961","The key indicators are the cost-per-kg band (NORMAL_AT_OR_BELOW_5X_MEDIAN) and sanctions matches (0). Both counterparties are recognisable real businesses, and the cost per kg is economically ordinary. There are no indicators of high risk.","CLEAR","Sanctions matches = 0, cost-per-kg band is NORMAL_AT_OR_BELOW_5X_MEDIAN, and both counterparties are recognisable real businesses.","2026-08-02 01:03:34.268"
104,"WEIGHT_ANOMALY","MEDIUM","Workflow: OOLU02390 weight 40806kg exceeds 30T","","RESOLVED","","2026-07-23 01:59:56.961","2026-08-02 01:03:45.354","CLEARED by AI decision - no fraud confirmed. Reason: Sanctions matches = 0, cost-per-kg band is NORMAL_AT_OR_BELOW_5X_MEDIAN, and both counterparties are recognisable real businesses.",2380,"2026-07-23 01:59:56.961","The key indicators are the cost-per-kg band (NORMAL_AT_OR_BELOW_5X_MEDIAN) and sanctions matches (0). Both counterparties are recognisable real businesses, and the cost per kg is economically ordinary. There are no indications of fraud or compliance issues.","CLEAR","Sanctions matches = 0, cost-per-kg band is NORMAL_AT_OR_BELOW_5X_MEDIAN, and both counterparties are recognisable real businesses.","2026-08-02 01:03:43.919"
105,"WEIGHT_ANOMALY","MEDIUM","Workflow: YMLU03100 weight 44293kg exceeds 30T","","RESOLVED","","2026-07-23 01:59:56.961","2026-08-02 01:03:54.938","CLEARED by AI decision - no fraud confirmed. Reason: Sanctions matches = 0, cost-per-kg band is NORMAL_AT_OR_BELOW_5X_MEDIAN, and both counterparties are recognisable real businesses.",3090,"2026-07-23 01:59:56.961","The key indicators are the cost-per-kg band (NORMAL_AT_OR_BELOW_5X_MEDIAN) and sanctions matches (0). Both counterparties are recognisable real businesses, and the cost per kg is economically ordinary. There are no indicators of high risk.","CLEAR","Sanctions matches = 0, cost-per-kg band is NORMAL_AT_OR_BELOW_5X_MEDIAN, and both counterparties are recognisable real businesses.","2026-08-02 01:03:53.548"
106,"WEIGHT_ANOMALY","MEDIUM","Workflow: YMLU00663 weight 42139kg exceeds 30T","","RESOLVED","","2026-07-23 01:59:56.961","2026-08-02 01:04:04.713","CLEARED by AI decision - no fraud confirmed. Reason: Sanctions matches = 0, cost-per-kg band is NORMAL_AT_OR_BELOW_5X_MEDIAN, and both counterparties are recognisable real businesses.",653,"2026-07-23 01:59:56.961","The key indicators are the cost-per-kg band (NORMAL_AT_OR_BELOW_5X_MEDIAN) and sanctions matches (0). Both counterparties are recognisable real businesses, and the cost per kg is economically ordinary. There are no indications of fraud or compliance issues.","CLEAR","Sanctions matches = 0, cost-per-kg band is NORMAL_AT_OR_BELOW_5X_MEDIAN, and both counterparties are recognisable real businesses.","2026-08-02 01:04:03.277"
107,"WEIGHT_ANOMALY","MEDIUM","Workflow: OOLU09036 weight 42235kg exceeds 30T","","RESOLVED","","2026-07-23 01:59:56.961","2026-08-02 01:04:12.433","CLEARED by AI decision - no fraud confirmed. Reason: Sanctions matches = 0, cost-per-kg band is NORMAL_AT_OR_BELOW_5X_MEDIAN, and both counterparties are recognisable real businesses.",9030,"2026-07-23 01:59:56.961","The key indicators are the cost-per-kg band (NORMAL_AT_OR_BELOW_5X_MEDIAN) and sanctions matches (0). Both counterparties are recognisable real businesses, and the cost per kg is economically ordinary.","CLEAR","Sanctions matches = 0, cost-per-kg band is NORMAL_AT_OR_BELOW_5X_MEDIAN, and both counterparties are recognisable real businesses.","2026-08-02 01:04:11.033"
108,"WEIGHT_ANOMALY","MEDIUM","Workflow: MSKU00872 weight 38449kg exceeds 30T","","RESOLVED","","2026-07-23 01:59:56.961","2026-08-02 01:04:20.441","CLEARED by AI decision - no fraud confirmed. Reason: Sanctions matches = 0, cost-per-kg band is NORMAL_AT_OR_BELOW_5X_MEDIAN, and both counterparties are recognisable real businesses.",862,"2026-07-23 01:59:56.961","The key indicators are the cost-per-kg band (NORMAL_AT_OR_BELOW_5X_MEDIAN) and sanctions matches (0). Both counterparties are recognisable real businesses, and the cost per kg is economically ordinary. There are no indicators of fraud or compliance issues.","CLEAR","Sanctions matches = 0, cost-per-kg band is NORMAL_AT_OR_BELOW_5X_MEDIAN, and both counterparties are recognisable real businesses.","2026-08-02 01:04:19.031"
109,"WEIGHT_ANOMALY","MEDIUM","Workflow: APZU08707 weight 30627kg exceeds 30T","","RESOLVED","","2026-07-23 01:59:56.961","2026-08-02 01:04:50.825","CLEARED by AI decision - no fraud confirmed. Reason: Sanctions matches = 0, cost-per-kg band is NORMAL_AT_OR_BELOW_5X_MEDIAN, and both counterparties are recognisable real businesses.",8701,"2026-07-23 01:59:56.961","The key indicators are the cost-per-kg band (NORMAL_AT_OR_BELOW_5X_MEDIAN) and sanctions matches (0). Both counterparties are recognisable real businesses, and the cost per kg is economically ordinary. There are no indicators of fraud or compliance issues.","CLEAR","Sanctions matches = 0, cost-per-kg band is NORMAL_AT_OR_BELOW_5X_MEDIAN, and both counterparties are recognisable real businesses.","2026-08-02 01:04:49.357"
110,"WEIGHT_ANOMALY","MEDIUM","Workflow: CMDU01661 weight 31369kg exceeds 30T","","RESOLVED","","2026-07-23 01:59:56.961","2026-08-02 01:04:58.639","CLEARED by AI decision - no fraud confirmed. Reason: Sanctions matches = 0, cost-per-kg band is NORMAL_AT_OR_BELOW_5X_MEDIAN, and both counterparties are recognisable real businesses.",1651,"2026-07-23 01:59:56.961","The key indicators are the cost-per-kg band (NORMAL_AT_OR_BELOW_5X_MEDIAN) and sanctions matches (0). Both counterparties are recognisable real businesses, and the cost per kg is economically ordinary. There are no indications of fraud or compliance issues.","CLEAR","Sanctions matches = 0, cost-per-kg band is NORMAL_AT_OR_BELOW_5X_MEDIAN, and both counterparties are recognisable real businesses.","2026-08-02 01:04:57.237"
111,"WEIGHT_ANOMALY","MEDIUM","Workflow: ONEY02488 weight 34966kg exceeds 30T","","RESOLVED","","2026-07-23 01:59:56.961","2026-08-02 01:05:09.760","CLEARED by AI decision - no fraud confirmed. Reason: Sanctions matches = 0, cost-per-kg band is NORMAL_AT_OR_BELOW_5X_MEDIAN, and both counterparties are recognisable real businesses.",2478,"2026-07-23 01:59:56.961","The key indicators are the cost-per-kg band (NORMAL_AT_OR_BELOW_5X_MEDIAN) and sanctions matches (0). Both counterparties are recognisable real businesses, and the cost per kg is economically ordinary. There are no indications of fraud or compliance issues.","CLEAR","Sanctions matches = 0, cost-per-kg band is NORMAL_AT_OR_BELOW_5X_MEDIAN, and both counterparties are recognisable real businesses.","2026-08-02 01:05:07.825"
112,"WEIGHT_ANOMALY","MEDIUM","Workflow: ONEY08618 weight 43150kg exceeds 30T","","RESOLVED","","2026-07-23 01:59:56.961","2026-08-02 01:05:19.684","CLEARED by AI decision - no fraud confirmed. Reason: Sanctions matches = 0, cost-per-kg band is NORMAL_AT_OR_BELOW_5X_MEDIAN, and both counterparties are recognisable real businesses.",8612,"2026-07-23 01:59:56.961","The key indicators are the cost-per-kg band (NORMAL_AT_OR_BELOW_5X_MEDIAN) and sanctions matches (0). Both counterparties are recognisable real businesses, and the cost per kg is economically ordinary. There are no indications of fraud or compliance issues.","CLEAR","Sanctions matches = 0, cost-per-kg band is NORMAL_AT_OR_BELOW_5X_MEDIAN, and both counterparties are recognisable real businesses.","2026-08-02 01:05:18.286"
113,"WEIGHT_ANOMALY","MEDIUM","Workflow: APZU09956 weight 32573kg exceeds 30T","","RESOLVED","","2026-07-23 01:59:56.961","2026-08-02 01:05:28.392","CLEARED by AI decision - no fraud confirmed. Reason: Sanctions matches = 0, cost-per-kg band is NORMAL_AT_OR_BELOW_5X_MEDIAN, and both counterparties are recognisable real businesses.",9950,"2026-07-23 01:59:56.961","The key indicators are the cost-per-kg band (NORMAL_AT_OR_BELOW_5X_MEDIAN) and sanctions matches (0). Both counterparties are recognisable real businesses, and the cost per kg is economically ordinary. There are no indications of fraud or compliance issues.","CLEAR","Sanctions matches = 0, cost-per-kg band is NORMAL_AT_OR_BELOW_5X_MEDIAN, and both counterparties are recognisable real businesses.","2026-08-02 01:05:26.528"
114,"WEIGHT_ANOMALY","MEDIUM","Workflow: HLCU08828 weight 31990kg exceeds 30T","","RESOLVED","","2026-07-23 01:59:56.961","2026-08-02 01:05:45.754","CLEARED by AI decision - no fraud confirmed. Reason: Sanctions matches = 0, cost-per-kg band is NORMAL_AT_OR_BELOW_5X_MEDIAN, and both counterparties are recognisable real businesses.",8822,"2026-07-23 01:59:56.961","The key indicators are the cost-per-kg band (NORMAL_AT_OR_BELOW_5X_MEDIAN) and sanctions matches (0). Both counterparties are recognisable real businesses, and the cost per kg is economically ordinary. There are no indicators of high risk.","CLEAR","Sanctions matches = 0, cost-per-kg band is NORMAL_AT_OR_BELOW_5X_MEDIAN, and both counterparties are recognisable real businesses.","2026-08-02 01:05:43.047"
115,"WEIGHT_ANOMALY","MEDIUM","Workflow: EGLV05869 weight 30964kg exceeds 30T","","RESOLVED","","2026-07-23 01:59:56.961","2026-08-02 01:06:26.925","CLEARED by AI decision - no fraud confirmed. Reason: Sanctions matches = 0, cost-per-kg band is NORMAL_AT_OR_BELOW_5X_MEDIAN, and both counterparties are recognisable real businesses.",5863,"2026-07-23 01:59:56.961","The key indicators are the cost-per-kg band (NORMAL_AT_OR_BELOW_5X_MEDIAN) and sanctions matches (0). Both counterparties are recognisable real businesses, and the cost per kg is economically ordinary. There are no indicators of high risk.","CLEAR","Sanctions matches = 0, cost-per-kg band is NORMAL_AT_OR_BELOW_5X_MEDIAN, and both counterparties are recognisable real businesses.","2026-08-02 01:06:25.452"
116,"WEIGHT_ANOMALY","MEDIUM","Workflow: ONEY02724 weight 33828kg exceeds 30T","","RESOLVED","","2026-07-23 01:59:56.961","2026-08-02 01:06:35.717","CLEARED by AI decision - no fraud confirmed. Reason: Sanctions matches = 0, cost-per-kg band is NORMAL_AT_OR_BELOW_5X_MEDIAN, and both counterparties are recognisable real businesses.",2714,"2026-07-23 01:59:56.961","The key indicators are the cost-per-kg band (NORMAL_AT_OR_BELOW_5X_MEDIAN) and sanctions matches (0). Both counterparties are recognisable real businesses, and the cost per kg is economically ordinary. There are no indications of fraud or compliance issues.","CLEAR","Sanctions matches = 0, cost-per-kg band is NORMAL_AT_OR_BELOW_5X_MEDIAN, and both counterparties are recognisable real businesses.","2026-08-02 01:06:34.328"
117,"WEIGHT_ANOMALY","MEDIUM","Workflow: HLCU01698 weight 30946kg exceeds 30T","","RESOLVED","","2026-07-23 01:59:56.961","2026-08-02 01:07:01.822","CLEARED by AI decision - no fraud confirmed. Reason: Sanctions matches = 0, cost-per-kg band is NORMAL_AT_OR_BELOW_5X_MEDIAN, and both counterparties are recognisable real businesses.",1688,"2026-07-23 01:59:56.961","The key indicators are the cost-per-kg band (NORMAL_AT_OR_BELOW_5X_MEDIAN) and sanctions matches (0). Both counterparties are recognisable real businesses, and the cost per kg is economically ordinary.","CLEAR","Sanctions matches = 0, cost-per-kg band is NORMAL_AT_OR_BELOW_5X_MEDIAN, and both counterparties are recognisable real businesses.","2026-08-02 01:06:59.794"
118,"WEIGHT_ANOMALY","MEDIUM","Workflow: APZU00885 weight 30017kg exceeds 30T","","RESOLVED","","2026-07-23 01:59:56.961","2026-08-02 01:07:10.512","CLEARED by AI decision - no fraud confirmed. Reason: Sanctions matches = 0, cost-per-kg band is NORMAL_AT_OR_BELOW_5X_MEDIAN, and both counterparties are recognisable real businesses.",875,"2026-07-23 01:59:56.961","The key indicators are the cost-per-kg band (NORMAL_AT_OR_BELOW_5X_MEDIAN) and sanctions matches (0). Both counterparties are recognisable real businesses, and the cost per kg is economically ordinary.","CLEAR","Sanctions matches = 0, cost-per-kg band is NORMAL_AT_OR_BELOW_5X_MEDIAN, and both counterparties are recognisable real businesses.","2026-08-02 01:07:08.888"
119,"WEIGHT_ANOMALY","MEDIUM","Workflow: HLCU09205 weight 39162kg exceeds 30T","","RESOLVED","","2026-07-23 01:59:56.961","2026-08-02 01:07:22.177","CLEARED by AI decision - no fraud confirmed. Reason: Sanctions matches = 0, cost-per-kg band is NORMAL_AT_OR_BELOW_5X_MEDIAN, and both counterparties are recognisable real businesses.",9199,"2026-07-23 01:59:56.961","The key indicators are the cost-per-kg band (NORMAL_AT_OR_BELOW_5X_MEDIAN) and sanctions matches (0). Both counterparties are recognisable real businesses, and the cost per kg is economically ordinary. There are no indicators of high risk.","CLEAR","Sanctions matches = 0, cost-per-kg band is NORMAL_AT_OR_BELOW_5X_MEDIAN, and both counterparties are recognisable real businesses.","2026-08-02 01:07:19.073"
120,"WEIGHT_ANOMALY","MEDIUM","Workflow: MAEU05237 weight 30693kg exceeds 30T","","RESOLVED","","2026-07-23 01:59:56.961","2026-08-02 01:07:50.346","CLEARED by AI decision - no fraud confirmed. Reason: Sanctions matches = 0, cost-per-kg band is NORMAL_AT_OR_BELOW_5X_MEDIAN, and both counterparties are recognisable real businesses.",5231,"2026-07-23 01:59:56.961","The key indicators are the cost-per-kg band (NORMAL_AT_OR_BELOW_5X_MEDIAN) and sanctions matches (0). Both counterparties are recognisable real businesses, and the cost per kg is economically ordinary. There are no indicators of high risk.","CLEAR","Sanctions matches = 0, cost-per-kg band is NORMAL_AT_OR_BELOW_5X_MEDIAN, and both counterparties are recognisable real businesses.","2026-08-02 01:07:48.880"
121,"WEIGHT_ANOMALY","MEDIUM","Workflow: ONEY01301 weight 38208kg exceeds 30T","","RESOLVED","","2026-07-23 01:59:56.961","2026-08-02 01:08:00.212","CLEARED by AI decision - no fraud confirmed. Reason: Sanctions matches = 0, cost-per-kg band is NORMAL_AT_OR_BELOW_5X_MEDIAN, and both counterparties are recognisable real businesses.",1291,"2026-07-23 01:59:56.961","The key indicators are the cost-per-kg band (NORMAL_AT_OR_BELOW_5X_MEDIAN) and sanctions matches (0). Both counterparties are recognisable real businesses, and the cost per kg is economically ordinary. There are no indications of shell/front companies or extraction issues.","CLEAR","Sanctions matches = 0, cost-per-kg band is NORMAL_AT_OR_BELOW_5X_MEDIAN, and both counterparties are recognisable real businesses.","2026-08-02 01:07:58.794"
122,"WEIGHT_ANOMALY","MEDIUM","Workflow: OOLU07206 weight 35536kg exceeds 30T","","RESOLVED","","2026-07-23 01:59:56.961","2026-08-02 01:08:27.340","CLEARED by AI decision - no fraud confirmed. Reason: Sanctions matches = 0, cost-per-kg band is NORMAL_AT_OR_BELOW_5X_MEDIAN, and both counterparties are recognisable real businesses.",7200,"2026-07-23 01:59:56.961","The key indicators are the cost-per-kg band (NORMAL_AT_OR_BELOW_5X_MEDIAN) and sanctions matches (0). Both counterparties are recognisable real businesses, and the cost per kg is economically ordinary. There are no indicators of fraud or compliance issues.","CLEAR","Sanctions matches = 0, cost-per-kg band is NORMAL_AT_OR_BELOW_5X_MEDIAN, and both counterparties are recognisable real businesses.","2026-08-02 01:08:25.935"
123,"WEIGHT_ANOMALY","MEDIUM","Workflow: HLCU09159 weight 38694kg exceeds 30T","","RESOLVED","","2026-07-23 01:59:56.961","2026-08-02 01:08:35.578","CLEARED by AI decision - no fraud confirmed. Reason: Sanctions matches = 0, cost-per-kg band is NORMAL_AT_OR_BELOW_5X_MEDIAN, and both counterparties are recognisable real businesses.",9153,"2026-07-23 01:59:56.961","The key indicators are the cost-per-kg band (NORMAL_AT_OR_BELOW_5X_MEDIAN) and sanctions matches (0). Both counterparties are recognisable real businesses, and the cost per kg is economically ordinary. There are no indications of fraud or compliance issues.","CLEAR","Sanctions matches = 0, cost-per-kg band is NORMAL_AT_OR_BELOW_5X_MEDIAN, and both counterparties are recognisable real businesses.","2026-08-02 01:08:34.243"
124,"WEIGHT_ANOMALY","MEDIUM","Workflow: YMLU03313 weight 40746kg exceeds 30T","","RESOLVED","","2026-07-23 01:59:56.961","2026-08-02 01:08:44.558","CLEARED by AI decision - no fraud confirmed. Reason: Sanctions matches = 0, cost-per-kg band is NORMAL_AT_OR_BELOW_5X_MEDIAN, and both counterparties are recognisable real businesses.",3303,"2026-07-23 01:59:56.961","The key indicators are the cost-per-kg band (NORMAL_AT_OR_BELOW_5X_MEDIAN) and sanctions matches (0). Both counterparties are recognisable real businesses, and the cost per kg is economically ordinary. There are no indications of fraud or compliance issues.","CLEAR","Sanctions matches = 0, cost-per-kg band is NORMAL_AT_OR_BELOW_5X_MEDIAN, and both counterparties are recognisable real businesses.","2026-08-02 01:08:43.204"
125,"WEIGHT_ANOMALY","MEDIUM","Workflow: MAEU05028 weight 31652kg exceeds 30T","","RESOLVED","","2026-07-23 01:59:56.961","2026-08-02 01:08:53.349","CLEARED by AI decision - no fraud confirmed. Reason: Sanctions matches = 0, cost-per-kg band is NORMAL_AT_OR_BELOW_5X_MEDIAN, and both counterparties are recognisable real businesses.",5022,"2026-07-23 01:59:56.961","The key indicators are the cost-per-kg band (NORMAL_AT_OR_BELOW_5X_MEDIAN) and sanctions matches (0). Both counterparties are recognisable real businesses, and the cost per kg is economically ordinary. There are no indications of fraud or compliance issues.","CLEAR","Sanctions matches = 0, cost-per-kg band is NORMAL_AT_OR_BELOW_5X_MEDIAN, and both counterparties are recognisable real businesses.","2026-08-02 01:08:51.974"
126,"WEIGHT_ANOMALY","MEDIUM","Workflow: EGLV05821 weight 39038kg exceeds 30T","","RESOLVED","","2026-07-23 01:59:56.961","2026-08-02 01:09:01.698","CLEARED by AI decision - no fraud confirmed. Reason: Sanctions matches = 0, cost-per-kg band is NORMAL_AT_OR_BELOW_5X_MEDIAN, and both counterparties are recognisable real businesses.",5815,"2026-07-23 01:59:56.961","The key indicators are the cost-per-kg band (NORMAL_AT_OR_BELOW_5X_MEDIAN) and sanctions matches (0). Both counterparties are recognisable real businesses, and the cost per kg is economically ordinary.","CLEAR","Sanctions matches = 0, cost-per-kg band is NORMAL_AT_OR_BELOW_5X_MEDIAN, and both counterparties are recognisable real businesses.","2026-08-02 01:08:59.982"
127,"WEIGHT_ANOMALY","MEDIUM","Workflow: OOLU03884 weight 43162kg exceeds 30T","","RESOLVED","","2026-07-23 01:59:56.961","2026-08-02 01:09:14.432","CLEARED by AI decision - no fraud confirmed. Reason: Sanctions matches = 0, cost-per-kg band is NORMAL_AT_OR_BELOW_5X_MEDIAN, and both counterparties are recognisable real businesses.",3874,"2026-07-23 01:59:56.961","The key indicators are the cost-per-kg band (NORMAL_AT_OR_BELOW_5X_MEDIAN) and sanctions matches (0). Both counterparties are recognisable real businesses, and the cost per kg is economically ordinary. There are no indications of fraud or compliance issues.","CLEAR","Sanctions matches = 0, cost-per-kg band is NORMAL_AT_OR_BELOW_5X_MEDIAN, and both counterparties are recognisable real businesses.","2026-08-02 01:09:12.998"
128,"WEIGHT_ANOMALY","MEDIUM","Workflow: MAEU22334 weight 31232kg exceeds 30T","","RESOLVED","","2026-07-23 01:59:56.961","2026-08-02 01:09:26.660","CLEARED by AI decision - no fraud confirmed. Reason: Sanctions matches = 0, cost-per-kg band is NORMAL_AT_OR_BELOW_5X_MEDIAN, and both counterparties are recognisable real businesses.",2,"2026-07-23 01:59:56.961","The key indicators are the cost-per-kg band (NORMAL_AT_OR_BELOW_5X_MEDIAN) and sanctions matches (0). Both counterparties are recognisable real businesses, and the cost per kg is economically ordinary. There are no indicators of high risk.","CLEAR","Sanctions matches = 0, cost-per-kg band is NORMAL_AT_OR_BELOW_5X_MEDIAN, and both counterparties are recognisable real businesses.","2026-08-02 01:09:25.293"
129,"WEIGHT_ANOMALY","MEDIUM","Workflow: CMDU03130 weight 44388kg exceeds 30T","","RESOLVED","","2026-07-23 01:59:56.961","2026-08-02 01:09:34.014","CLEARED by AI decision - no fraud confirmed. Reason: Sanctions matches = 0, cost-per-kg band is NORMAL_AT_OR_BELOW_5X_MEDIAN, and both counterparties are recognisable real businesses.",3120,"2026-07-23 01:59:56.961","The key indicators are the cost-per-kg band (NORMAL_AT_OR_BELOW_5X_MEDIAN) and sanctions matches (0). Both counterparties are recognisable real businesses, and the cost per kg is economically ordinary. There are no indications of fraud or compliance issues.","CLEAR","Sanctions matches = 0, cost-per-kg band is NORMAL_AT_OR_BELOW_5X_MEDIAN, and both counterparties are recognisable real businesses.","2026-08-02 01:09:32.733"
130,"WEIGHT_ANOMALY","MEDIUM","Workflow: APZU01994 weight 31967kg exceeds 30T","","RESOLVED","","2026-07-23 01:59:56.961","2026-08-02 01:10:09.593","CLEARED by AI decision - no fraud confirmed. Reason: Sanctions matches = 0, cost-per-kg band is NORMAL_AT_OR_BELOW_5X_MEDIAN, and both counterparties are recognisable real businesses.",1984,"2026-07-23 01:59:56.961","The key indicators are the cost-per-kg band (NORMAL_AT_OR_BELOW_5X_MEDIAN) and sanctions matches (0). Both counterparties are recognisable real businesses, and the cost per kg is economically ordinary. There are no indications of shell/front companies or extraction issues.","CLEAR","Sanctions matches = 0, cost-per-kg band is NORMAL_AT_OR_BELOW_5X_MEDIAN, and both counterparties are recognisable real businesses.","2026-08-02 01:10:08.127"
131,"WEIGHT_ANOMALY","MEDIUM","Workflow: MAEU00443 weight 33137kg exceeds 30T","","RESOLVED","","2026-07-23 01:59:56.961","2026-08-02 01:10:18.029","CLEARED by AI decision - no fraud confirmed. Reason: Cost per kg is within normal range ($0.1325, 0.52x the peer median) and no sanctions matches (0).",433,"2026-07-23 01:59:56.961","The alert indicates a normal cost-per-kg band and no sanctions matches, suggesting a low-risk transaction. Key indicators: Cost per kg = $0.1325 (0.52x the peer median of $0.2558), PRE-COMPUTED COST-PER-KG BAND = NORMAL_AT_OR_BELOW_5X_MEDIAN, Sanctions matches = 0.","CLEAR","Cost per kg is within normal range ($0.1325, 0.52x the peer median) and no sanctions matches (0).","2026-08-02 01:10:16.600"
132,"WEIGHT_ANOMALY","MEDIUM","Workflow: CAXU06463 weight 30492kg exceeds 30T","","RESOLVED","","2026-07-23 01:59:56.961","2026-08-02 01:10:27.228","CLEARED by AI decision - no fraud confirmed. Reason: Sanctions matches = 0, cost-per-kg band is NORMAL_AT_OR_BELOW_5X_MEDIAN, and both counterparties are recognizable real businesses.",6457,"2026-07-23 01:59:56.961","The alert indicates a normal cost-per-kg band (NORMAL_AT_OR_BELOW_5X_MEDIAN) with a cost per kg of $0.1448, which is 0.57x the peer median of $0.2558. Both counterparties are recognizable real businesses, and there are no sanctions or export-restriction list matches. The alert type is WEIGHT_ANOMALY, but the cost-per-kg band is within normal limits.","CLEAR","Sanctions matches = 0, cost-per-kg band is NORMAL_AT_OR_BELOW_5X_MEDIAN, and both counterparties are recognizable real businesses.","2026-08-02 01:10:25.816"
133,"WEIGHT_ANOMALY","MEDIUM","Workflow: CAXU03436 weight 33512kg exceeds 30T","","RESOLVED","","2026-07-23 01:59:56.961","2026-08-02 01:10:35.438","CLEARED by AI decision - no fraud confirmed. Reason: Sanctions matches = 0, cost-per-kg band is NORMAL_AT_OR_BELOW_5X_MEDIAN, and both counterparties are recognisable real businesses.",3426,"2026-07-23 01:59:56.961","The key indicators are the cost-per-kg band (NORMAL_AT_OR_BELOW_5X_MEDIAN) and sanctions matches (0). Both counterparties are recognisable real businesses, and the cost per kg is economically ordinary. There are no indicators of high risk.","CLEAR","Sanctions matches = 0, cost-per-kg band is NORMAL_AT_OR_BELOW_5X_MEDIAN, and both counterparties are recognisable real businesses.","2026-08-02 01:10:33.992"
134,"WEIGHT_ANOMALY","MEDIUM","Workflow: ONEY02415 weight 43305kg exceeds 30T","","RESOLVED","","2026-07-23 01:59:56.961","2026-08-02 01:10:43.378","CLEARED by AI decision - no fraud confirmed. Reason: Sanctions matches = 0, cost-per-kg band is NORMAL_AT_OR_BELOW_5X_MEDIAN, and both counterparties are recognizable real businesses.",2405,"2026-07-23 01:59:56.961","The key indicators are the cost-per-kg band (NORMAL_AT_OR_BELOW_5X_MEDIAN), sanctions matches (0), and recognizable counterparties (Trung Nguyen Coffee and Target Corp). All indicators are within acceptable ranges, suggesting a low-risk transaction.","CLEAR","Sanctions matches = 0, cost-per-kg band is NORMAL_AT_OR_BELOW_5X_MEDIAN, and both counterparties are recognizable real businesses.","2026-08-02 01:10:41.828"
135,"WEIGHT_ANOMALY","MEDIUM","Workflow: OOLU01367 weight 33889kg exceeds 30T","","RESOLVED","","2026-07-23 01:59:56.961","2026-08-02 01:10:51.525","CLEARED by AI decision - no fraud confirmed. Reason: Sanctions matches = 0, cost-per-kg band is NORMAL_AT_OR_BELOW_5X_MEDIAN, and both counterparties are recognisable real businesses.",1357,"2026-07-23 01:59:56.961","The key indicators are the cost-per-kg band (NORMAL_AT_OR_BELOW_5X_MEDIAN) and sanctions matches (0). Both counterparties are recognisable real businesses, and the cost per kg is economically ordinary. There are no indications of fraud or compliance issues.","CLEAR","Sanctions matches = 0, cost-per-kg band is NORMAL_AT_OR_BELOW_5X_MEDIAN, and both counterparties are recognisable real businesses.","2026-08-02 01:10:50.107"
136,"WEIGHT_ANOMALY","MEDIUM","Workflow: CAXU00337 weight 35872kg exceeds 30T","","RESOLVED","","2026-07-23 01:59:56.961","2026-08-02 01:10:59.028","CLEARED by AI decision - no fraud confirmed. Reason: Sanctions matches = 0, cost-per-kg band is NORMAL_AT_OR_BELOW_5X_MEDIAN, and both counterparties are recognisable real businesses.",327,"2026-07-23 01:59:56.961","The key indicators are the cost-per-kg band (NORMAL_AT_OR_BELOW_5X_MEDIAN) and sanctions matches (0). Both counterparties are recognisable real businesses, and the cost per kg is economically ordinary.","CLEAR","Sanctions matches = 0, cost-per-kg band is NORMAL_AT_OR_BELOW_5X_MEDIAN, and both counterparties are recognisable real businesses.","2026-08-02 01:10:57.610"
137,"WEIGHT_ANOMALY","MEDIUM","Workflow: ONEY09565 weight 40628kg exceeds 30T","","RESOLVED","","2026-07-23 01:59:56.961","2026-07-31 19:21:33.223","CLEARED by AI decision - no fraud confirmed. Reason: Sanctions matches = 0, cost/kg below median, recognizable counterparties, total charges slightly above 95th percentile but not excessively high.",9559,"2026-07-23 01:59:56.961"," **Risk Assessment:** LOW

**Key Indicators:**
- Sanctions matches: 0
- Cost/kg: $0.2066 (below peer median of $0.2557)
- Total charges: $8394 (above 95th percentile of $7831, but not significantly)
- Counterparty names: Trung Nguyen Coffee (recognizable), Target Corp (recognizable)

**Action:**
DECISION: CLEAR
REASON: Sanctions matches = 0, cost/kg below median, recognizable counterparties, total charges slightly above 95th percentile but not excessively high.","CLEAR","Sanctions matches = 0, cost/kg below median, recognizable counterparties, total charges slightly above 95th percentile but not excessively high.","2026-07-31 19:20:48.764"
138,"WEIGHT_ANOMALY","MEDIUM","Workflow: CAXU01653 weight 32572kg exceeds 30T","","RESOLVED","","2026-07-23 01:59:56.961","2026-08-02 01:11:09.191","CLEARED by AI decision - no fraud confirmed. Reason: Sanctions matches = 0, cost-per-kg band is NORMAL_AT_OR_BELOW_5X_MEDIAN, and both counterparties are recognisable real businesses.",1643,"2026-07-23 01:59:56.961","The key indicators are the cost-per-kg band (NORMAL_AT_OR_BELOW_5X_MEDIAN) and sanctions matches (0). Both counterparties are recognisable real businesses, and the cost per kg is economically ordinary. There are no indications of fraud or compliance issues.","CLEAR","Sanctions matches = 0, cost-per-kg band is NORMAL_AT_OR_BELOW_5X_MEDIAN, and both counterparties are recognisable real businesses.","2026-08-02 01:11:07.784"
139,"WEIGHT_ANOMALY","MEDIUM","Workflow: OOLU09558 weight 42328kg exceeds 30T","","RESOLVED","","2026-07-23 01:59:56.961","2026-07-31 19:21:34.205","CLEARED by AI decision - no fraud confirmed. Reason: Sanctions matches = 0, cost/kg below median, and recognizable counterparties.",9552,"2026-07-23 01:59:56.961"," **Risk Assessment:** LOW

**Key Indicators:**
- Sanctions matches: 0
- Cost/kg: $0.1983 (below peer median of $0.2557 and well below 95th percentile of $1.0692)
- Total charges: $8394 (slightly above 95th percentile of $7831, but not excessively)
- Counterparty names: Hoa Sen Group (recognizable), Lotte Corp (recognizable)

**Action:**
DECISION: CLEAR
REASON: Sanctions matches = 0, cost/kg below median, and recognizable counterparties.","CLEAR","Sanctions matches = 0, cost/kg below median, and recognizable counterparties.","2026-07-31 19:20:54.343"
140,"WEIGHT_ANOMALY","MEDIUM","Workflow: MSKU03418 weight 37676kg exceeds 30T","","RESOLVED","","2026-07-23 01:59:56.961","2026-08-02 01:11:17.200","CLEARED by AI decision - no fraud confirmed. Reason: Sanctions matches = 0, cost-per-kg band is NORMAL_AT_OR_BELOW_5X_MEDIAN, and both counterparties are recognisable real businesses.",3408,"2026-07-23 01:59:56.961","The key indicators are the cost-per-kg band (NORMAL_AT_OR_BELOW_5X_MEDIAN) and sanctions matches (0). Both counterparties are recognisable real businesses, and the cost per kg is economically ordinary. There are no indications of fraud or compliance issues.","CLEAR","Sanctions matches = 0, cost-per-kg band is NORMAL_AT_OR_BELOW_5X_MEDIAN, and both counterparties are recognisable real businesses.","2026-08-02 01:11:15.708"
141,"WEIGHT_ANOMALY","MEDIUM","Workflow: ONEY08036 weight 43182kg exceeds 30T","","RESOLVED","","2026-07-23 01:59:56.961","2026-08-02 01:11:26.439","CLEARED by AI decision - no fraud confirmed. Reason: Sanctions matches = 0, cost-per-kg band is NORMAL_AT_OR_BELOW_5X_MEDIAN, and both counterparties are recognisable real businesses.",8030,"2026-07-23 01:59:56.961","The key indicators are the cost-per-kg band (NORMAL_AT_OR_BELOW_5X_MEDIAN) and sanctions matches (0). Both counterparties are recognisable real businesses, and the cost per kg is economically ordinary. There are no indicators of high risk.","CLEAR","Sanctions matches = 0, cost-per-kg band is NORMAL_AT_OR_BELOW_5X_MEDIAN, and both counterparties are recognisable real businesses.","2026-08-02 01:11:24.694"
142,"WEIGHT_ANOMALY","MEDIUM","Workflow: ONEY08786 weight 33959kg exceeds 30T","","RESOLVED","","2026-07-23 01:59:56.961","2026-08-02 01:11:36.653","CLEARED by AI decision - no fraud confirmed. Reason: Sanctions matches = 0, cost-per-kg band is NORMAL_AT_OR_BELOW_5X_MEDIAN, and both counterparties are recognisable real businesses.",8780,"2026-07-23 01:59:56.961","The key indicators are the cost-per-kg band (NORMAL_AT_OR_BELOW_5X_MEDIAN) and sanctions matches (0). Both counterparties are recognisable real businesses, and the cost per kg is economically ordinary. There are no indications of fraud or compliance issues.","CLEAR","Sanctions matches = 0, cost-per-kg band is NORMAL_AT_OR_BELOW_5X_MEDIAN, and both counterparties are recognisable real businesses.","2026-08-02 01:11:35.094"
143,"WEIGHT_ANOMALY","MEDIUM","Workflow: APZU04890 weight 30530kg exceeds 30T","","RESOLVED","","2026-07-23 01:59:56.961","2026-08-02 01:12:29.300","CLEARED by AI decision - no fraud confirmed. Reason: Sanctions matches = 0, cost-per-kg band is NORMAL_AT_OR_BELOW_5X_MEDIAN, and both counterparties are recognisable real businesses.",4884,"2026-07-23 01:59:56.961","The key indicators are the cost-per-kg band (NORMAL_AT_OR_BELOW_5X_MEDIAN) and sanctions matches (0). Both counterparties are recognisable real businesses, and the cost per kg is economically ordinary. There are no indications of fraud or compliance issues.","CLEAR","Sanctions matches = 0, cost-per-kg band is NORMAL_AT_OR_BELOW_5X_MEDIAN, and both counterparties are recognisable real businesses.","2026-08-02 01:12:27.864"
144,"WEIGHT_ANOMALY","MEDIUM","Workflow: EGLV09866 weight 39433kg exceeds 30T","","RESOLVED","","2026-07-23 01:59:56.961","2026-08-02 01:12:59.309","CLEARED by AI decision - no fraud confirmed. Reason: Sanctions matches = 0, cost-per-kg band is NORMAL_AT_OR_BELOW_5X_MEDIAN, and both counterparties are recognisable real businesses.",9860,"2026-07-23 01:59:56.961","The key indicators are the cost-per-kg band (NORMAL_AT_OR_BELOW_5X_MEDIAN) and sanctions matches (0). Both counterparties are recognisable real businesses, and the cost per kg is economically ordinary. There are no indications of fraud or compliance issues.","CLEAR","Sanctions matches = 0, cost-per-kg band is NORMAL_AT_OR_BELOW_5X_MEDIAN, and both counterparties are recognisable real businesses.","2026-08-02 01:12:57.780"
145,"WEIGHT_ANOMALY","MEDIUM","Workflow: CAXU05434 weight 38379kg exceeds 30T","","RESOLVED","","2026-07-23 01:59:56.961","2026-08-02 01:13:07.755","CLEARED by AI decision - no fraud confirmed. Reason: Sanctions matches = 0, cost-per-kg band is NORMAL_AT_OR_BELOW_5X_MEDIAN, and both counterparties are recognisable real businesses.",5428,"2026-07-23 01:59:56.961","The key indicators are the cost-per-kg band (NORMAL_AT_OR_BELOW_5X_MEDIAN) and sanctions matches (0). Both counterparties are recognisable real businesses, and the cost per kg is economically ordinary. There are no indicators of high risk.","CLEAR","Sanctions matches = 0, cost-per-kg band is NORMAL_AT_OR_BELOW_5X_MEDIAN, and both counterparties are recognisable real businesses.","2026-08-02 01:13:06.322"
146,"WEIGHT_ANOMALY","MEDIUM","Workflow: MSKU01856 weight 40542kg exceeds 30T","","RESOLVED","","2026-07-23 01:59:56.961","2026-08-02 01:14:31.625","CLEARED by AI decision - no fraud confirmed. Reason: Sanctions matches = 0, cost-per-kg band is NORMAL_AT_OR_BELOW_5X_MEDIAN, and both counterparties are recognisable real businesses.",1846,"2026-07-23 01:59:56.961","The key indicators are the cost-per-kg band (NORMAL_AT_OR_BELOW_5X_MEDIAN) and sanctions matches (0). Both counterparties are recognisable real businesses, and the cost per kg is economically ordinary. There are no indications of fraud or compliance issues.","CLEAR","Sanctions matches = 0, cost-per-kg band is NORMAL_AT_OR_BELOW_5X_MEDIAN, and both counterparties are recognisable real businesses.","2026-08-02 01:14:29.623"
147,"WEIGHT_ANOMALY","MEDIUM","Workflow: MAEU04217 weight 37144kg exceeds 30T","","RESOLVED","","2026-07-23 01:59:56.961","2026-08-02 01:14:39.801","CLEARED by AI decision - no fraud confirmed. Reason: Sanctions matches = 0, cost-per-kg band is NORMAL_AT_OR_BELOW_5X_MEDIAN, and both counterparties are recognisable real businesses.",4211,"2026-07-23 01:59:56.961","The key indicators are the cost-per-kg band (NORMAL_AT_OR_BELOW_5X_MEDIAN) and sanctions matches (0). Both counterparties are recognisable real businesses, and the cost per kg is economically ordinary. There are no indications of fraud or compliance issues.","CLEAR","Sanctions matches = 0, cost-per-kg band is NORMAL_AT_OR_BELOW_5X_MEDIAN, and both counterparties are recognisable real businesses.","2026-08-02 01:14:38.405"
148,"WEIGHT_ANOMALY","MEDIUM","Workflow: EGLV01992 weight 32119kg exceeds 30T","","RESOLVED","","2026-07-23 01:59:56.961","2026-08-02 01:14:49.728","CLEARED by AI decision - no fraud confirmed. Reason: Sanctions matches = 0, cost-per-kg band is NORMAL_AT_OR_BELOW_5X_MEDIAN, and both counterparties are recognisable real businesses.",1982,"2026-07-23 01:59:56.961","The key indicators are the cost-per-kg band (NORMAL_AT_OR_BELOW_5X_MEDIAN) and sanctions matches (0). Both counterparties are recognisable real businesses, and the cost per kg is economically ordinary. There are no indications of fraud or compliance issues.","CLEAR","Sanctions matches = 0, cost-per-kg band is NORMAL_AT_OR_BELOW_5X_MEDIAN, and both counterparties are recognisable real businesses.","2026-08-02 01:14:48.152"
149,"WEIGHT_ANOMALY","MEDIUM","Workflow: APZU01129 weight 33307kg exceeds 30T","","RESOLVED","","2026-07-23 01:59:56.961","2026-08-02 01:14:57.397","CLEARED by AI decision - no fraud confirmed. Reason: Sanctions matches = 0, cost-per-kg band is NORMAL_AT_OR_BELOW_5X_MEDIAN, and both counterparties are recognisable real businesses.",1119,"2026-07-23 01:59:56.961","The key indicators are the cost-per-kg band (NORMAL_AT_OR_BELOW_5X_MEDIAN) and sanctions matches (0). Both counterparties are recognisable real businesses, and the cost per kg is economically ordinary. There are no indications of fraud or compliance issues.","CLEAR","Sanctions matches = 0, cost-per-kg band is NORMAL_AT_OR_BELOW_5X_MEDIAN, and both counterparties are recognisable real businesses.","2026-08-02 01:14:55.856"
150,"WEIGHT_ANOMALY","MEDIUM","Workflow: HLCU04519 weight 31566kg exceeds 30T","","RESOLVED","","2026-07-23 01:59:56.961","2026-08-02 01:15:05.332","CLEARED by AI decision - no fraud confirmed. Reason: Sanctions matches = 0, cost-per-kg band is NORMAL_AT_OR_BELOW_5X_MEDIAN, and both counterparties are recognisable real businesses.",4513,"2026-07-23 01:59:56.961","The key indicators are the cost-per-kg band (NORMAL_AT_OR_BELOW_5X_MEDIAN) and sanctions matches (0). Both counterparties are recognisable real businesses, and the cost per kg is economically ordinary. There are no indications of fraud or compliance issues.","CLEAR","Sanctions matches = 0, cost-per-kg band is NORMAL_AT_OR_BELOW_5X_MEDIAN, and both counterparties are recognisable real businesses.","2026-08-02 01:15:03.867"
151,"WEIGHT_ANOMALY","MEDIUM","Workflow: ONEY05098 weight 36065kg exceeds 30T","","RESOLVED","","2026-07-23 01:59:56.961","2026-08-02 01:15:55.129","CLEARED by AI decision - no fraud confirmed. Reason: Sanctions matches = 0, cost-per-kg band is NORMAL_AT_OR_BELOW_5X_MEDIAN, and both counterparties are recognisable real businesses.",5092,"2026-07-23 01:59:56.961","The key indicators are the cost-per-kg band (NORMAL_AT_OR_BELOW_5X_MEDIAN) and sanctions matches (0). Both counterparties are recognisable real businesses, and the cost per kg is economically ordinary.","CLEAR","Sanctions matches = 0, cost-per-kg band is NORMAL_AT_OR_BELOW_5X_MEDIAN, and both counterparties are recognisable real businesses.","2026-08-02 01:15:53.423"
152,"WEIGHT_ANOMALY","MEDIUM","Workflow: ONEY02010 weight 40149kg exceeds 30T","","RESOLVED","","2026-07-23 01:59:56.961","2026-08-02 01:16:15.913","CLEARED by AI decision - no fraud confirmed. Reason: Sanctions matches = 0, cost-per-kg band is NORMAL_AT_OR_BELOW_5X_MEDIAN, and both counterparties are recognisable real businesses.",2000,"2026-07-23 01:59:56.961","The key indicators are the cost-per-kg band (NORMAL_AT_OR_BELOW_5X_MEDIAN) and sanctions matches (0). Both counterparties are recognisable real businesses, and the cost per kg is economically ordinary.","CLEAR","Sanctions matches = 0, cost-per-kg band is NORMAL_AT_OR_BELOW_5X_MEDIAN, and both counterparties are recognisable real businesses.","2026-08-02 01:16:14.397"
153,"WEIGHT_ANOMALY","MEDIUM","Workflow: APZU02596 weight 35694kg exceeds 30T","","RESOLVED","","2026-07-23 01:59:56.961","2026-08-02 01:16:23.709","CLEARED by AI decision - no fraud confirmed. Reason: Sanctions matches = 0, cost-per-kg band is NORMAL_AT_OR_BELOW_5X_MEDIAN, and both counterparties are recognisable real businesses.",2586,"2026-07-23 01:59:56.961","The key indicators are the cost-per-kg band (NORMAL_AT_OR_BELOW_5X_MEDIAN) and sanctions matches (0). Both counterparties are recognisable real businesses, and the cost per kg is economically ordinary. There are no indications of fraud or compliance issues.","CLEAR","Sanctions matches = 0, cost-per-kg band is NORMAL_AT_OR_BELOW_5X_MEDIAN, and both counterparties are recognisable real businesses.","2026-08-02 01:16:22.229"
154,"WEIGHT_ANOMALY","MEDIUM","Workflow: ONEY06899 weight 43064kg exceeds 30T","","RESOLVED","","2026-07-23 01:59:56.961","2026-08-02 01:16:32.037","CLEARED by AI decision - no fraud confirmed. Reason: Sanctions matches = 0, cost-per-kg band is NORMAL_AT_OR_BELOW_5X_MEDIAN, and both counterparties are recognisable real businesses.",6893,"2026-07-23 01:59:56.961","The key indicators are the cost-per-kg band (NORMAL_AT_OR_BELOW_5X_MEDIAN) and sanctions matches (0). Both counterparties are recognisable real businesses, and the cost per kg is economically ordinary. There are no indicators of high risk.","CLEAR","Sanctions matches = 0, cost-per-kg band is NORMAL_AT_OR_BELOW_5X_MEDIAN, and both counterparties are recognisable real businesses.","2026-08-02 01:16:30.556"
155,"WEIGHT_ANOMALY","MEDIUM","Workflow: ONEY06897 weight 31218kg exceeds 30T","","RESOLVED","","2026-07-23 01:59:56.961","2026-08-02 01:16:42.545","CLEARED by AI decision - no fraud confirmed. Reason: Sanctions matches = 0, cost-per-kg band is NORMAL_AT_OR_BELOW_5X_MEDIAN, and both counterparties are recognisable real businesses.",6891,"2026-07-23 01:59:56.961","The key indicators are the cost-per-kg band (NORMAL_AT_OR_BELOW_5X_MEDIAN) and sanctions matches (0). Both counterparties are recognisable real businesses, and the cost per kg is economically ordinary. There are no indications of shell/front companies or extraction issues.","CLEAR","Sanctions matches = 0, cost-per-kg band is NORMAL_AT_OR_BELOW_5X_MEDIAN, and both counterparties are recognisable real businesses.","2026-08-02 01:16:41.167"
156,"WEIGHT_ANOMALY","MEDIUM","Workflow: HLCU00335 weight 33656kg exceeds 30T","","RESOLVED","","2026-07-23 01:59:56.961","2026-08-02 01:16:49.601","CLEARED by AI decision - no fraud confirmed. Reason: Cost per kg is within normal range ($0.1911, 0.75x median) and no sanctions matches (0).",325,"2026-07-23 01:59:56.961","The alert indicates a normal cost-per-kg band and no sanctions matches, suggesting a low-risk transaction. Key indicators: Cost per kg = $0.1911 (0.75x median), Sanctions matches = 0.","CLEAR","Cost per kg is within normal range ($0.1911, 0.75x median) and no sanctions matches (0).","2026-08-02 01:16:48.225"
157,"WEIGHT_ANOMALY","MEDIUM","Workflow: MAEU08818 weight 42053kg exceeds 30T","","RESOLVED","","2026-07-23 01:59:56.961","2026-08-02 01:16:57.149","CLEARED by AI decision - no fraud confirmed. Reason: Sanctions matches = 0, cost-per-kg band is NORMAL_AT_OR_BELOW_5X_MEDIAN, and both counterparties are recognisable real businesses.",8812,"2026-07-23 01:59:56.961","The key indicators are the cost-per-kg band (NORMAL_AT_OR_BELOW_5X_MEDIAN) and sanctions matches (0). Both counterparties are recognisable real businesses, and the cost per kg is economically ordinary. There are no indications of fraud or compliance issues.","CLEAR","Sanctions matches = 0, cost-per-kg band is NORMAL_AT_OR_BELOW_5X_MEDIAN, and both counterparties are recognisable real businesses.","2026-08-02 01:16:55.694"
158,"WEIGHT_ANOMALY","MEDIUM","Workflow: EGLV01169 weight 43354kg exceeds 30T","","RESOLVED","","2026-07-23 01:59:56.961","2026-08-02 01:17:10.076","CLEARED by AI decision - no fraud confirmed. Reason: Sanctions matches = 0, cost-per-kg band is NORMAL_AT_OR_BELOW_5X_MEDIAN, and both counterparties are recognisable real businesses.",1159,"2026-07-23 01:59:56.961","The key indicators are the cost-per-kg band (NORMAL_AT_OR_BELOW_5X_MEDIAN) and sanctions matches (0). Both counterparties are recognisable real businesses, and the cost per kg is economically ordinary.","CLEAR","Sanctions matches = 0, cost-per-kg band is NORMAL_AT_OR_BELOW_5X_MEDIAN, and both counterparties are recognisable real businesses.","2026-08-02 01:17:08.349"
159,"WEIGHT_ANOMALY","MEDIUM","Workflow: HLCU00442 weight 35512kg exceeds 30T","","RESOLVED","","2026-07-23 01:59:56.961","2026-08-02 01:17:17.604","CLEARED by AI decision - no fraud confirmed. Reason: Sanctions matches = 0, cost-per-kg band is NORMAL_AT_OR_BELOW_5X_MEDIAN, and both counterparties are recognisable real businesses.",432,"2026-07-23 01:59:56.961","The key indicators are the cost-per-kg band (NORMAL_AT_OR_BELOW_5X_MEDIAN) and sanctions matches (0). Both counterparties are recognisable real businesses, and the cost per kg is economically ordinary. There are no indications of fraud or compliance issues.","CLEAR","Sanctions matches = 0, cost-per-kg band is NORMAL_AT_OR_BELOW_5X_MEDIAN, and both counterparties are recognisable real businesses.","2026-08-02 01:17:16.250"
160,"WEIGHT_ANOMALY","MEDIUM","Workflow: YMLU06773 weight 35722kg exceeds 30T","","RESOLVED","","2026-07-23 01:59:56.961","2026-08-02 01:17:27.334","CLEARED by AI decision - no fraud confirmed. Reason: Sanctions matches = 0, cost-per-kg band is NORMAL_AT_OR_BELOW_5X_MEDIAN, and both counterparties are recognisable real businesses.",6767,"2026-07-23 01:59:56.961","The key indicators are the cost-per-kg band (NORMAL_AT_OR_BELOW_5X_MEDIAN) and sanctions matches (0). Both counterparties are recognisable real businesses, and the cost per kg is economically ordinary. There are no indications of fraud or compliance issues.","CLEAR","Sanctions matches = 0, cost-per-kg band is NORMAL_AT_OR_BELOW_5X_MEDIAN, and both counterparties are recognisable real businesses.","2026-08-02 01:17:25.996"
161,"WEIGHT_ANOMALY","MEDIUM","Workflow: APZU05833 weight 35722kg exceeds 30T","","RESOLVED","","2026-07-23 01:59:56.961","2026-08-02 01:17:35.227","CLEARED by AI decision - no fraud confirmed. Reason: Sanctions matches = 0, cost-per-kg band is NORMAL_AT_OR_BELOW_5X_MEDIAN, and both counterparties are recognisable real businesses.",5827,"2026-07-23 01:59:56.961","The key indicators are the cost-per-kg band (NORMAL_AT_OR_BELOW_5X_MEDIAN) and sanctions matches (0). Both counterparties are recognisable real businesses, and the cost per kg is economically ordinary. There are no indicators of high risk.","CLEAR","Sanctions matches = 0, cost-per-kg band is NORMAL_AT_OR_BELOW_5X_MEDIAN, and both counterparties are recognisable real businesses.","2026-08-02 01:17:33.854"
162,"WEIGHT_ANOMALY","MEDIUM","Workflow: MAEU05015 weight 31152kg exceeds 30T","","RESOLVED","","2026-07-23 01:59:56.961","2026-08-02 01:17:43.255","CLEARED by AI decision - no fraud confirmed. Reason: Sanctions matches = 0, cost-per-kg band is NORMAL_AT_OR_BELOW_5X_MEDIAN, and both counterparties are recognisable real businesses.",5009,"2026-07-23 01:59:56.961","The key indicators are the cost-per-kg band (NORMAL_AT_OR_BELOW_5X_MEDIAN) and sanctions matches (0). Both counterparties are recognisable real businesses, and the cost per kg is economically ordinary. There are no indications of fraud or compliance issues.","CLEAR","Sanctions matches = 0, cost-per-kg band is NORMAL_AT_OR_BELOW_5X_MEDIAN, and both counterparties are recognisable real businesses.","2026-08-02 01:17:41.872"
163,"WEIGHT_ANOMALY","MEDIUM","Workflow: EGLV03046 weight 36970kg exceeds 30T","","RESOLVED","","2026-07-23 01:59:56.961","2026-08-02 01:17:51.255","CLEARED by AI decision - no fraud confirmed. Reason: Sanctions matches = 0, cost-per-kg band is NORMAL_AT_OR_BELOW_5X_MEDIAN, and both counterparties are recognisable real businesses.",3036,"2026-07-23 01:59:56.961","The key indicators are the cost-per-kg band (NORMAL_AT_OR_BELOW_5X_MEDIAN) and sanctions matches (0). Both counterparties are recognisable real businesses, and the cost per kg is economically ordinary. There are no indications of fraud or compliance issues.","CLEAR","Sanctions matches = 0, cost-per-kg band is NORMAL_AT_OR_BELOW_5X_MEDIAN, and both counterparties are recognisable real businesses.","2026-08-02 01:17:49.844"
164,"WEIGHT_ANOMALY","MEDIUM","Workflow: OOLU00428 weight 44301kg exceeds 30T","","RESOLVED","","2026-07-23 01:59:56.961","2026-08-02 01:17:59.029","CLEARED by AI decision - no fraud confirmed. Reason: Sanctions matches = 0, cost-per-kg band is NORMAL_AT_OR_BELOW_5X_MEDIAN, and both counterparties are recognisable real businesses.",418,"2026-07-23 01:59:56.961","The key indicators are the cost-per-kg band (NORMAL_AT_OR_BELOW_5X_MEDIAN) and sanctions matches (0). Both counterparties are recognisable real businesses, and the cost per kg is economically ordinary. There are no indicators of high risk.","CLEAR","Sanctions matches = 0, cost-per-kg band is NORMAL_AT_OR_BELOW_5X_MEDIAN, and both counterparties are recognisable real businesses.","2026-08-02 01:17:57.700"
165,"WEIGHT_ANOMALY","MEDIUM","Workflow: CMDU09869 weight 35785kg exceeds 30T","","RESOLVED","","2026-07-23 01:59:56.961","2026-08-02 01:18:06.679","CLEARED by AI decision - no fraud confirmed. Reason: Sanctions matches = 0, cost-per-kg band is NORMAL_AT_OR_BELOW_5X_MEDIAN, and both counterparties are recognisable real businesses.",9863,"2026-07-23 01:59:56.961","The key indicators are the cost-per-kg band (NORMAL_AT_OR_BELOW_5X_MEDIAN) and sanctions matches (0). Both counterparties are recognisable real businesses, and the cost per kg is economically ordinary.","CLEAR","Sanctions matches = 0, cost-per-kg band is NORMAL_AT_OR_BELOW_5X_MEDIAN, and both counterparties are recognisable real businesses.","2026-08-02 01:18:05.277"
166,"WEIGHT_ANOMALY","MEDIUM","Workflow: MAEU07229 weight 32806kg exceeds 30T","","RESOLVED","","2026-07-23 01:59:56.961","2026-08-02 01:18:16.286","CLEARED by AI decision - no fraud confirmed. Reason: Sanctions matches = 0, cost-per-kg band is NORMAL_AT_OR_BELOW_5X_MEDIAN, and both counterparties are recognisable real businesses.",7223,"2026-07-23 01:59:56.961","The key indicators are the cost-per-kg band (NORMAL_AT_OR_BELOW_5X_MEDIAN) and sanctions matches (0). Both counterparties are recognisable real businesses, and the cost per kg is economically ordinary. There are no indications of fraud or compliance issues.","CLEAR","Sanctions matches = 0, cost-per-kg band is NORMAL_AT_OR_BELOW_5X_MEDIAN, and both counterparties are recognisable real businesses.","2026-08-02 01:18:14.884"
167,"WEIGHT_ANOMALY","MEDIUM","Workflow: OOLU09456 weight 33462kg exceeds 30T","","OPEN","","2026-07-23 01:59:56.961","","",9450,"2026-07-23 01:59:56.961","","","",""
168,"WEIGHT_ANOMALY","MEDIUM","Workflow: EGLV07227 weight 44848kg exceeds 30T","","OPEN","","2026-07-23 01:59:56.961","","",7221,"2026-07-23 01:59:56.961","","","",""
169,"WEIGHT_ANOMALY","MEDIUM","Workflow: APZU04740 weight 30549kg exceeds 30T","","OPEN","","2026-07-23 01:59:56.961","","",4734,"2026-07-23 01:59:56.961","","","",""
170,"WEIGHT_ANOMALY","MEDIUM","Workflow: APZU05420 weight 40119kg exceeds 30T","","OPEN","","2026-07-23 01:59:56.961","","",5414,"2026-07-23 01:59:56.961","","","",""
171,"WEIGHT_ANOMALY","MEDIUM","Workflow: OOLU04638 weight 44075kg exceeds 30T","","OPEN","","2026-07-23 01:59:56.961","","",4632,"2026-07-23 01:59:56.961","","","",""
172,"WEIGHT_ANOMALY","MEDIUM","Workflow: CAXU08339 weight 33960kg exceeds 30T","","OPEN","","2026-07-23 01:59:56.961","","",8333,"2026-07-23 01:59:56.961","","","",""
173,"WEIGHT_ANOMALY","MEDIUM","Workflow: CMDU03837 weight 31216kg exceeds 30T","","OPEN","","2026-07-23 01:59:56.961","","",3827,"2026-07-23 01:59:56.961","","","",""
174,"WEIGHT_ANOMALY","MEDIUM","Workflow: CMDU04598 weight 37175kg exceeds 30T","","OPEN","","2026-07-23 01:59:56.961","","",4592,"2026-07-23 01:59:56.961","","","",""
175,"WEIGHT_ANOMALY","MEDIUM","Workflow: MSKU04374 weight 30350kg exceeds 30T","","OPEN","","2026-07-23 01:59:56.961","","",4368,"2026-07-23 01:59:56.961","","","",""
176,"WEIGHT_ANOMALY","MEDIUM","Workflow: CAXU02538 weight 43990kg exceeds 30T","","OPEN","","2026-07-23 01:59:56.961","","",2528,"2026-07-23 01:59:56.961","","","",""
177,"WEIGHT_ANOMALY","MEDIUM","Workflow: CAXU04705 weight 34589kg exceeds 30T","","OPEN","","2026-07-23 01:59:56.961","","",4699,"2026-07-23 01:59:56.961","","","",""
178,"WEIGHT_ANOMALY","MEDIUM","Workflow: CMDU07598 weight 36569kg exceeds 30T","","OPEN","","2026-07-23 01:59:56.961","","",7592,"2026-07-23 01:59:56.961","","","",""
179,"WEIGHT_ANOMALY","MEDIUM","Workflow: APZU02912 weight 37254kg exceeds 30T","","OPEN","","2026-07-23 01:59:56.961","","",2902,"2026-07-23 01:59:56.961","","","",""
180,"WEIGHT_ANOMALY","MEDIUM","Workflow: MAEU05201 weight 40929kg exceeds 30T","","OPEN","","2026-07-23 01:59:56.961","","",5195,"2026-07-23 01:59:56.961","","","",""
181,"WEIGHT_ANOMALY","MEDIUM","Workflow: OOLU00899 weight 35427kg exceeds 30T","","OPEN","","2026-07-23 01:59:56.961","","",889,"2026-07-23 01:59:56.961","","","",""
182,"WEIGHT_ANOMALY","MEDIUM","Workflow: ONEY02733 weight 42493kg exceeds 30T","","OPEN","","2026-07-23 01:59:56.961","","",2723,"2026-07-23 01:59:56.961","","","",""
183,"WEIGHT_ANOMALY","MEDIUM","Workflow: YMLU06069 weight 32057kg exceeds 30T","","OPEN","","2026-07-23 01:59:56.961","","",6063,"2026-07-23 01:59:56.961","","","",""
184,"WEIGHT_ANOMALY","MEDIUM","Workflow: MSKU04009 weight 39444kg exceeds 30T","","OPEN","","2026-07-23 01:59:56.961","","",3999,"2026-07-23 01:59:56.961","","","",""
185,"WEIGHT_ANOMALY","MEDIUM","Workflow: EGLV09079 weight 31310kg exceeds 30T","","OPEN","","2026-07-23 01:59:56.961","","",9073,"2026-07-23 01:59:56.961","","","",""
186,"WEIGHT_ANOMALY","MEDIUM","Workflow: MAEU03684 weight 33750kg exceeds 30T","","OPEN","","2026-07-23 01:59:56.961","","",3674,"2026-07-23 01:59:56.961","","","",""
187,"WEIGHT_ANOMALY","MEDIUM","Workflow: HLCU04999 weight 31939kg exceeds 30T","","OPEN","","2026-07-23 01:59:56.961","","",4993,"2026-07-23 01:59:56.961","","","",""
188,"WEIGHT_ANOMALY","MEDIUM","Workflow: YMLU05492 weight 32433kg exceeds 30T","","OPEN","","2026-07-23 01:59:56.961","","",5486,"2026-07-23 01:59:56.961","","","",""
189,"WEIGHT_ANOMALY","MEDIUM","Workflow: APZU01214 weight 38373kg exceeds 30T","","OPEN","","2026-07-23 01:59:56.961","","",1204,"2026-07-23 01:59:56.961","","","",""
190,"WEIGHT_ANOMALY","MEDIUM","Workflow: APZU09680 weight 32226kg exceeds 30T","","OPEN","","2026-07-23 01:59:56.961","","",9674,"2026-07-23 01:59:56.961","","","",""
191,"WEIGHT_ANOMALY","MEDIUM","Workflow: YMLU08197 weight 38745kg exceeds 30T","","OPEN","","2026-07-23 01:59:56.961","","",8191,"2026-07-23 01:59:56.961","","","",""
192,"WEIGHT_ANOMALY","MEDIUM","Workflow: APZU08615 weight 43545kg exceeds 30T","","OPEN","","2026-07-23 01:59:56.961","","",8609,"2026-07-23 01:59:56.961","","","",""
193,"WEIGHT_ANOMALY","MEDIUM","Workflow: MAEU06340 weight 43746kg exceeds 30T","","OPEN","","2026-07-23 01:59:56.961","","",6334,"2026-07-23 01:59:56.961","","","",""
194,"WEIGHT_ANOMALY","MEDIUM","Workflow: OOLU01711 weight 44937kg exceeds 30T","","OPEN","","2026-07-23 01:59:56.961","","",1701,"2026-07-23 01:59:56.961","","","",""
408,"HIGH_VALUE_ANOMALY","HIGH","Workflow: DEMO063120 charges $75000 exceed $50K","","RESOLVED","","2026-07-23 06:31:31.429","2026-08-02 03:23:50.710","AUTO-BLOCKED by AI decision. Reason: BLOCK due to suspicious counterparty names: SUSPICIOUS TRADING CO and SHELL CORP INTL.",1,"2026-07-23 06:31:31.429","The key indicators are the suspicious names of the shipper and consignee, which suggest potential shell companies. The cost per kg is within the normal band and there are no sanctions matches.","BLOCK","BLOCK due to suspicious counterparty names: SUSPICIOUS TRADING CO and SHELL CORP INTL.","2026-08-02 03:23:48.791"
310,"HIGH_VALUE_ANOMALY","HIGH","Pipeline: Auto-detected $75K + 95T anomaly on BL_ID=14000","","RESOLVED","","2026-07-23 06:42:05.743","2026-08-02 03:23:43.823","AUTO-BLOCKED by AI decision. Reason: BLOCK due to suspicious counterparty names: 'SUSPICIOUS TRADING CO' and 'SHELL CORP INTL'.",14000,"2026-07-23 06:42:05.743","The key indicators are the counterparty names and the sanctions matches. The shipper name 'SUSPICIOUS TRADING CO' and the consignee name 'SHELL CORP INTL' both indicate potential shell/front companies. Sanctions matches are 0, but the suspicious names warrant a block.","BLOCK","BLOCK due to suspicious counterparty names: 'SUSPICIOUS TRADING CO' and 'SHELL CORP INTL'.","2026-08-02 03:23:41.904"
508,"HIGH_VALUE_ANOMALY","HIGH","Auto-detected by DAG on new BL: TESTSTREAM-001 | $75000 | 12000kg","","ESCALATED","","2026-07-25 20:08:12.140","","Escalated to compliance team",14100,"2026-07-25 20:08:12.140","","","",""
708,"DOCUMENT_QUALITY","MEDIUM","Workflow: MAEU2026011 AI extraction confidence 75/100 - Ingested from PDF bill_of_lading/BL_MAERSK_MAEU2026011_ERROR.pdf | AI extraction alert: ContainerNumber","","ESCALATED","","2026-07-31 20:12:54.547","","ESCALATED to compliance team by AI decision. Reason: Cost per kg is not computable and the container number contains prohibited characters.",14302,"2026-07-31 20:12:54.547","The key indicators are the non-computable cost per kg and the invalid container number. The cost per kg is not computable, and the container number 'MSK@#$%789' contains prohibited characters, which raises concerns about the document's validity.","ESCALATE","Cost per kg is not computable and the container number contains prohibited characters.","2026-08-02 00:39:50.454"
800,"DUPLICATE_BL_NUMBER","HIGH","Duplicate BL number detected: EGLV2026015","14315,14303","ESCALATED","","2026-08-01 21:46:23.988","","ESCALATED to compliance team by AI decision. Reason: AI did not return a structured reason; defaulted to human review.","","","","ESCALATE","AI did not return a structured reason; defaulted to human review.","2026-08-01 21:47:26.604"
801,"DUPLICATE_BL_NUMBER","HIGH","Duplicate BL number detected: MAEU2026001","14314,14304","ESCALATED","","2026-08-01 21:46:23.988","","ESCALATED to compliance team by AI decision. Reason: AI did not return a structured reason; defaulted to human review.","","","","ESCALATE","AI did not return a structured reason; defaulted to human review.","2026-08-01 22:06:16.809"
803,"DUPLICATE_BL_NUMBER","HIGH","Duplicate BL number detected: MAEU2026001","14314,14304","ESCALATED","","2026-08-01 22:16:40.385","","ESCALATED to compliance team by AI decision. Reason: AI did not return a structured reason; defaulted to human review.","","","","ESCALATE","AI did not return a structured reason; defaulted to human review.","2026-08-01 22:16:58.100"
804,"DUPLICATE_BL_NUMBER","HIGH","Duplicate BL number detected: EGLV2026015","14315,14303","ESCALATED","","2026-08-01 22:16:40.385","","ESCALATED to compliance team by AI decision. Reason: AI did not return a structured reason; defaulted to human review.","","","","ESCALATE","AI did not return a structured reason; defaulted to human review.","2026-08-01 22:17:14.900"
825,"HIGH_VALUE_ANOMALY","MEDIUM","Charges $8800 exceed the 99th percentile $8409 on EGLV04388","","RESOLVED","","2026-08-01 23:33:58.952","2026-08-02 00:38:11.332","CLEARED by AI decision - no fraud confirmed. Reason: Sanctions matches = 0, cost-per-kg band is NORMAL_AT_OR_BELOW_5X_MEDIAN, and both counterparties are recognizable real businesses.",4382,"2026-08-01 23:33:58.952","The key indicators are the cost-per-kg band (NORMAL_AT_OR_BELOW_5X_MEDIAN), sanctions matches (0), and recognizable counterparties (Phong Phu Garment and Carrefour SA). All indicators are within acceptable ranges, suggesting low risk.","CLEAR","Sanctions matches = 0, cost-per-kg band is NORMAL_AT_OR_BELOW_5X_MEDIAN, and both counterparties are recognizable real businesses.","2026-08-02 00:38:09.982"
826,"HIGH_VALUE_ANOMALY","MEDIUM","Charges $8796 exceed the 99th percentile $8409 on YMLU05105","","RESOLVED","","2026-08-01 23:33:58.952","2026-08-02 00:38:21.241","CLEARED by AI decision - no fraud confirmed. Reason: Cost per kg is within the normal range (1.58x the peer median of $0.2558) and no sanctions matches (0).",5099,"2026-08-01 23:33:58.952","The alert indicates a high-value anomaly, but the cost per kg is within the normal range (1.58x the peer median of $0.2558), and there are no sanctions matches. Both counterparties are recognizable real businesses. The key indicators are cost per kg ($0.4031) and sanctions matches (0).","CLEAR","Cost per kg is within the normal range (1.58x the peer median of $0.2558) and no sanctions matches (0).","2026-08-02 00:38:19.816"
827,"HIGH_VALUE_ANOMALY","MEDIUM","Charges $8793 exceed the 99th percentile $8409 on YMLU08220","","RESOLVED","","2026-08-01 23:33:58.952","2026-08-02 00:38:51.787","CLEARED by AI decision - no fraud confirmed. Reason: Sanctions matches = 0, cost-per-kg band is NORMAL_AT_OR_BELOW_5X_MEDIAN, and both counterparties are recognisable real businesses.",8214,"2026-08-01 23:33:58.952","The key indicators are the cost-per-kg band (NORMAL_AT_OR_BELOW_5X_MEDIAN) and sanctions matches (0). Both counterparties are recognisable real businesses, and the cost per kg is economically ordinary. The high-value anomaly flag alone does not warrant escalation or blocking.","CLEAR","Sanctions matches = 0, cost-per-kg band is NORMAL_AT_OR_BELOW_5X_MEDIAN, and both counterparties are recognisable real businesses.","2026-08-02 00:38:50.373"
828,"HIGH_VALUE_ANOMALY","MEDIUM","Charges $8788 exceed the 99th percentile $8409 on MAEU08256","","RESOLVED","","2026-08-01 23:33:58.952","2026-08-02 00:38:59.953","CLEARED by AI decision - no fraud confirmed. Reason: Sanctions matches = 0, cost-per-kg band is NORMAL_AT_OR_BELOW_5X_MEDIAN, and both counterparties are recognisable real businesses.",8250,"2026-08-01 23:33:58.952","The key indicators are the cost-per-kg band (NORMAL_AT_OR_BELOW_5X_MEDIAN) and sanctions matches (0). Both counterparties are recognisable real businesses, and the cost per kg is economically ordinary. The high-value anomaly flag alone does not warrant escalation or blocking.","CLEAR","Sanctions matches = 0, cost-per-kg band is NORMAL_AT_OR_BELOW_5X_MEDIAN, and both counterparties are recognisable real businesses.","2026-08-02 00:38:58.545"
829,"HIGH_VALUE_ANOMALY","MEDIUM","Charges $8786 exceed the 99th percentile $8409 on ONEY05998","","RESOLVED","","2026-08-01 23:33:58.952","2026-08-02 00:39:10.439","CLEARED by AI decision - no fraud confirmed. Reason: Cost per kg is within the normal range (1.69x the peer median of $0.2558) and there are no sanctions matches (0).",5992,"2026-08-01 23:33:58.952","The alert indicates a high-value anomaly, but the cost per kg is within the normal range (1.69x the peer median of $0.2558), and there are no sanctions matches. Both counterparties are recognizable real businesses. The key indicators are cost per kg ($0.4334) and sanctions matches (0).","CLEAR","Cost per kg is within the normal range (1.69x the peer median of $0.2558) and there are no sanctions matches (0).","2026-08-02 00:39:09.043"
830,"HIGH_VALUE_ANOMALY","HIGH","Charges $8786 exceed the 99th percentile $8409 on APZU09208","","RESOLVED","","2026-08-01 23:33:58.952","2026-08-01 23:51:41.121","AUTO-BLOCKED by AI decision. Reason: Cost/kg is MORE THAN 10x the peer median ($2.6665 vs $0.2558).",9202,"2026-08-01 23:33:58.952","The shipment is flagged due to the cost per kg being significantly higher than the peer median. The cost per kg is $2.6665, which is 10.42x the peer median cost of $0.2558. No sanctions or export-restriction list matches were found for the counterparties.","BLOCK","Cost/kg is MORE THAN 10x the peer median ($2.6665 vs $0.2558).","2026-08-01 23:51:39.332"
831,"HIGH_VALUE_ANOMALY","MEDIUM","Charges $8781 exceed the 99th percentile $8409 on CMDU07126","","RESOLVED","","2026-08-01 23:33:58.952","2026-08-02 00:39:18.652","CLEARED by AI decision - no fraud confirmed. Reason: Sanctions matches = 0, cost-per-kg band is NORMAL_AT_OR_BELOW_5X_MEDIAN, and both counterparties are recognisable real businesses.",7120,"2026-08-01 23:33:58.952","The key indicators are the cost-per-kg band (NORMAL_AT_OR_BELOW_5X_MEDIAN) and sanctions matches (0). Both counterparties are recognisable real businesses, and the cost per kg is economically ordinary. The high-value anomaly flag alone does not warrant escalation or blocking.","CLEAR","Sanctions matches = 0, cost-per-kg band is NORMAL_AT_OR_BELOW_5X_MEDIAN, and both counterparties are recognisable real businesses.","2026-08-02 00:39:17.336"
832,"HIGH_VALUE_ANOMALY","MEDIUM","Charges $8780 exceed the 99th percentile $8409 on MSKU04701","","RESOLVED","","2026-08-01 23:33:58.952","2026-08-02 00:39:43.279","CLEARED by AI decision - no fraud confirmed. Reason: Cost per kg is within the normal range (1.14x the peer median of $0.2558), no sanctions matches, and both counterparties are recognizable real businesses.",4695,"2026-08-01 23:33:58.952","The alert indicates a high-value anomaly, but the cost per kg is within the normal range (1.14x the peer median of $0.2558), and there are no sanctions matches. Both counterparties are recognizable real businesses. The extraction validated cleanly.","CLEAR","Cost per kg is within the normal range (1.14x the peer median of $0.2558), no sanctions matches, and both counterparties are recognizable real businesses.","2026-08-02 00:39:41.862"
833,"WEIGHT_ANOMALY","MEDIUM","Gross weight 44998kg exceeds the 99th percentile 44223kg on MSKU03842","","RESOLVED","","2026-08-01 23:33:59.232","2026-08-02 00:35:42.732","CLEARED by AI decision - no fraud confirmed. Reason: Sanctions matches = 0, cost-per-kg band is NORMAL_AT_OR_BELOW_5X_MEDIAN, and both counterparties are recognisable real businesses.",3832,"2026-08-01 23:33:59.232","The key indicators are the cost-per-kg band (NORMAL_AT_OR_BELOW_5X_MEDIAN) and sanctions matches (0). Both counterparties are recognisable real businesses, and the cost per kg is economically ordinary. There are no indications of fraud or compliance issues.","CLEAR","Sanctions matches = 0, cost-per-kg band is NORMAL_AT_OR_BELOW_5X_MEDIAN, and both counterparties are recognisable real businesses.","2026-08-02 00:35:41.360"
834,"WEIGHT_ANOMALY","MEDIUM","Gross weight 44972kg exceeds the 99th percentile 44223kg on MAEU04790","","RESOLVED","","2026-08-01 23:33:59.232","2026-08-02 00:36:40.822","CLEARED by AI decision - no fraud confirmed. Reason: Sanctions matches = 0, cost-per-kg band is NORMAL_AT_OR_BELOW_5X_MEDIAN, and both counterparties are recognisable real businesses.",4784,"2026-08-01 23:33:59.232","The key indicators are the cost-per-kg band (NORMAL_AT_OR_BELOW_5X_MEDIAN) and sanctions matches (0). Both counterparties are recognisable real businesses, and the cost per kg is economically ordinary.","CLEAR","Sanctions matches = 0, cost-per-kg band is NORMAL_AT_OR_BELOW_5X_MEDIAN, and both counterparties are recognisable real businesses.","2026-08-02 00:36:38.512"
835,"WEIGHT_ANOMALY","MEDIUM","Gross weight 44965kg exceeds the 99th percentile 44223kg on HLCU03978","","RESOLVED","","2026-08-01 23:33:59.232","2026-08-02 00:36:49.636","CLEARED by AI decision - no fraud confirmed. Reason: Sanctions matches = 0, cost-per-kg band is NORMAL_AT_OR_BELOW_5X_MEDIAN, and both counterparties are recognisable real businesses.",3968,"2026-08-01 23:33:59.232","The key indicators are the cost-per-kg band (NORMAL_AT_OR_BELOW_5X_MEDIAN) and sanctions matches (0). Both counterparties are recognisable real businesses, and the cost per kg is economically ordinary.","CLEAR","Sanctions matches = 0, cost-per-kg band is NORMAL_AT_OR_BELOW_5X_MEDIAN, and both counterparties are recognisable real businesses.","2026-08-02 00:36:47.860"
836,"WEIGHT_ANOMALY","MEDIUM","Gross weight 44961kg exceeds the 99th percentile 44223kg on MSKU07933","","RESOLVED","","2026-08-01 23:33:59.232","2026-08-02 00:37:31.768","CLEARED by AI decision - no fraud confirmed. Reason: Sanctions matches = 0, cost-per-kg band is NORMAL_AT_OR_BELOW_5X_MEDIAN, and both counterparties are recognisable real businesses.",7927,"2026-08-01 23:33:59.232","The key indicators are the cost-per-kg band (NORMAL_AT_OR_BELOW_5X_MEDIAN) and sanctions matches (0). Both counterparties are recognisable real businesses, and the cost per kg is economically ordinary. There are no indications of fraud or compliance issues.","CLEAR","Sanctions matches = 0, cost-per-kg band is NORMAL_AT_OR_BELOW_5X_MEDIAN, and both counterparties are recognisable real businesses.","2026-08-02 00:37:30.212"
837,"WEIGHT_ANOMALY","MEDIUM","Gross weight 44957kg exceeds the 99th percentile 44223kg on CMDU01638","","RESOLVED","","2026-08-01 23:33:59.232","2026-08-02 00:37:39.941","CLEARED by AI decision - no fraud confirmed. Reason: Sanctions matches = 0, cost-per-kg band is NORMAL_AT_OR_BELOW_5X_MEDIAN, and both counterparties are recognisable real businesses.",1628,"2026-08-01 23:33:59.232","The key indicators are the cost-per-kg band (NORMAL_AT_OR_BELOW_5X_MEDIAN) and sanctions matches (0). Both counterparties are recognisable real businesses, and the cost per kg is economically ordinary.","CLEAR","Sanctions matches = 0, cost-per-kg band is NORMAL_AT_OR_BELOW_5X_MEDIAN, and both counterparties are recognisable real businesses.","2026-08-02 00:37:38.587"
838,"WEIGHT_ANOMALY","MEDIUM","Gross weight 44947kg exceeds the 99th percentile 44223kg on YMLU06644","","RESOLVED","","2026-08-01 23:33:59.232","2026-08-02 00:37:47.597","CLEARED by AI decision - no fraud confirmed. Reason: Sanctions matches = 0, cost-per-kg band is NORMAL_AT_OR_BELOW_5X_MEDIAN, and both counterparties are recognisable real businesses.",6638,"2026-08-01 23:33:59.232","The key indicators are the cost-per-kg band (NORMAL_AT_OR_BELOW_5X_MEDIAN) and sanctions matches (0). Both counterparties are recognisable real businesses, and the cost per kg is economically ordinary.","CLEAR","Sanctions matches = 0, cost-per-kg band is NORMAL_AT_OR_BELOW_5X_MEDIAN, and both counterparties are recognisable real businesses.","2026-08-02 00:37:46.191"
839,"WEIGHT_ANOMALY","MEDIUM","Gross weight 44937kg exceeds the 99th percentile 44223kg on CAXU02831","","RESOLVED","","2026-08-01 23:33:59.232","2026-08-02 00:37:55.617","CLEARED by AI decision - no fraud confirmed. Reason: Sanctions matches = 0, cost-per-kg band is NORMAL_AT_OR_BELOW_5X_MEDIAN, and both counterparties are recognisable real businesses.",2821,"2026-08-01 23:33:59.232","The key indicators are the cost-per-kg band (NORMAL_AT_OR_BELOW_5X_MEDIAN) and sanctions matches (0). Both counterparties are recognisable real businesses, and the cost per kg is economically ordinary. There are no indicators of high risk.","CLEAR","Sanctions matches = 0, cost-per-kg band is NORMAL_AT_OR_BELOW_5X_MEDIAN, and both counterparties are recognisable real businesses.","2026-08-02 00:37:54.239"
840,"WEIGHT_ANOMALY","MEDIUM","Gross weight 44932kg exceeds the 99th percentile 44223kg on EGLV05711","","RESOLVED","","2026-08-01 23:33:59.232","2026-08-02 00:38:03.506","CLEARED by AI decision - no fraud confirmed. Reason: Sanctions matches = 0, cost-per-kg band is NORMAL_AT_OR_BELOW_5X_MEDIAN, and both counterparties are recognisable real businesses.",5705,"2026-08-01 23:33:59.232","The key indicators are the cost-per-kg band (NORMAL_AT_OR_BELOW_5X_MEDIAN) and sanctions matches (0). Both counterparties are recognisable real businesses, and the cost per kg is economically ordinary. There are no indications of fraud or compliance issues.","CLEAR","Sanctions matches = 0, cost-per-kg band is NORMAL_AT_OR_BELOW_5X_MEDIAN, and both counterparties are recognisable real businesses.","2026-08-02 00:38:02.033"
857,"WEIGHT_ANOMALY","MEDIUM","Gross weight 44915kg exceeds the 99th percentile 44223kg on HLCU03853","","RESOLVED","","2026-08-01 23:34:16.976","2026-08-02 00:33:37.670","CLEARED by AI decision - no fraud confirmed. Reason: Sanctions matches = 0, cost-per-kg band is NORMAL_AT_OR_BELOW_5X_MEDIAN, and both counterparties are recognisable real businesses.",3843,"2026-08-01 23:34:16.976","The key indicators are the cost-per-kg band (NORMAL_AT_OR_BELOW_5X_MEDIAN) and sanctions matches (0). Both counterparties are recognisable real businesses, and the cost per kg is economically ordinary. There are no indications of fraud or compliance issues.","CLEAR","Sanctions matches = 0, cost-per-kg band is NORMAL_AT_OR_BELOW_5X_MEDIAN, and both counterparties are recognisable real businesses.","2026-08-02 00:33:35.858"
858,"WEIGHT_ANOMALY","MEDIUM","Gross weight 44915kg exceeds the 99th percentile 44223kg on ONEY08744","","RESOLVED","","2026-08-01 23:34:16.976","2026-08-02 00:33:45.771","CLEARED by AI decision - no fraud confirmed. Reason: Sanctions matches = 0, cost-per-kg band is NORMAL_AT_OR_BELOW_5X_MEDIAN, and both counterparties are recognisable real businesses.",8738,"2026-08-01 23:34:16.976","The key indicators are the cost-per-kg band (NORMAL_AT_OR_BELOW_5X_MEDIAN) and sanctions matches (0). Both counterparties are recognisable real businesses, and the cost per kg is economically ordinary. There are no indications of fraud or compliance issues.","CLEAR","Sanctions matches = 0, cost-per-kg band is NORMAL_AT_OR_BELOW_5X_MEDIAN, and both counterparties are recognisable real businesses.","2026-08-02 00:33:44.340"
859,"WEIGHT_ANOMALY","MEDIUM","Gross weight 44912kg exceeds the 99th percentile 44223kg on MSKU02669","","RESOLVED","","2026-08-01 23:34:16.976","2026-08-02 00:33:53.827","CLEARED by AI decision - no fraud confirmed. Reason: Sanctions matches = 0, cost-per-kg band is NORMAL_AT_OR_BELOW_5X_MEDIAN, and both counterparties are recognisable real businesses.",2659,"2026-08-01 23:34:16.976","The key indicators are the cost-per-kg band (NORMAL_AT_OR_BELOW_5X_MEDIAN) and sanctions matches (0). Both counterparties are recognisable real businesses, and the cost per kg is economically ordinary. There are no indications of fraud or compliance issues.","CLEAR","Sanctions matches = 0, cost-per-kg band is NORMAL_AT_OR_BELOW_5X_MEDIAN, and both counterparties are recognisable real businesses.","2026-08-02 00:33:52.398"
860,"WEIGHT_ANOMALY","MEDIUM","Gross weight 44910kg exceeds the 99th percentile 44223kg on HLCU00557","","RESOLVED","","2026-08-01 23:34:16.976","2026-08-02 00:34:01.392","CLEARED by AI decision - no fraud confirmed. Reason: Sanctions matches = 0, cost-per-kg band is NORMAL_AT_OR_BELOW_5X_MEDIAN, and both counterparties are recognisable real businesses.",547,"2026-08-01 23:34:16.976","The key indicators are the cost-per-kg band (NORMAL_AT_OR_BELOW_5X_MEDIAN) and sanctions matches (0). Both counterparties are recognisable real businesses, and the cost per kg is economically ordinary.","CLEAR","Sanctions matches = 0, cost-per-kg band is NORMAL_AT_OR_BELOW_5X_MEDIAN, and both counterparties are recognisable real businesses.","2026-08-02 00:33:59.998"
861,"WEIGHT_ANOMALY","MEDIUM","Gross weight 44900kg exceeds the 99th percentile 44223kg on CMDU04400","","RESOLVED","","2026-08-01 23:34:16.976","2026-08-02 00:34:09.492","CLEARED by AI decision - no fraud confirmed. Reason: Sanctions matches = 0, cost-per-kg band is NORMAL_AT_OR_BELOW_5X_MEDIAN, and both counterparties are recognisable real businesses.",4394,"2026-08-01 23:34:16.976","The key indicators are the cost-per-kg band (NORMAL_AT_OR_BELOW_5X_MEDIAN) and sanctions matches (0). Both counterparties are recognisable real businesses, and the cost per kg is economically ordinary. There are no indicators of high risk.","CLEAR","Sanctions matches = 0, cost-per-kg band is NORMAL_AT_OR_BELOW_5X_MEDIAN, and both counterparties are recognisable real businesses.","2026-08-02 00:34:08.132"
862,"WEIGHT_ANOMALY","MEDIUM","Gross weight 44888kg exceeds the 99th percentile 44223kg on MAEU03741","","RESOLVED","","2026-08-01 23:34:16.976","2026-08-02 00:34:19.024","CLEARED by AI decision - no fraud confirmed. Reason: Sanctions matches = 0, cost-per-kg band is NORMAL_AT_OR_BELOW_5X_MEDIAN, and both counterparties are recognisable real businesses.",3731,"2026-08-01 23:34:16.976","The key indicators are the cost-per-kg band (NORMAL_AT_OR_BELOW_5X_MEDIAN) and sanctions matches (0). Both counterparties are recognisable real businesses, and the cost per kg is economically ordinary. There are no indications of fraud or compliance issues.","CLEAR","Sanctions matches = 0, cost-per-kg band is NORMAL_AT_OR_BELOW_5X_MEDIAN, and both counterparties are recognisable real businesses.","2026-08-02 00:34:17.644"
863,"WEIGHT_ANOMALY","MEDIUM","Gross weight 44876kg exceeds the 99th percentile 44223kg on ONEY08324","","RESOLVED","","2026-08-01 23:34:16.976","2026-08-02 00:34:27.158","CLEARED by AI decision - no fraud confirmed. Reason: Sanctions matches = 0, cost-per-kg band is NORMAL_AT_OR_BELOW_5X_MEDIAN, and both counterparties are recognisable real businesses.",8318,"2026-08-01 23:34:16.976","The key indicators are the cost-per-kg band (NORMAL_AT_OR_BELOW_5X_MEDIAN) and sanctions matches (0). Both counterparties are recognisable real businesses, and the cost per kg is economically ordinary. There are no indications of fraud or compliance issues.","CLEAR","Sanctions matches = 0, cost-per-kg band is NORMAL_AT_OR_BELOW_5X_MEDIAN, and both counterparties are recognisable real businesses.","2026-08-02 00:34:25.770"
864,"WEIGHT_ANOMALY","MEDIUM","Gross weight 44876kg exceeds the 99th percentile 44223kg on YMLU07743","","RESOLVED","","2026-08-01 23:34:16.976","2026-08-02 00:34:35.698","CLEARED by AI decision - no fraud confirmed. Reason: Sanctions matches = 0, cost-per-kg band is NORMAL_AT_OR_BELOW_5X_MEDIAN, and both counterparties are recognisable real businesses.",7737,"2026-08-01 23:34:16.976","The key indicators are the cost-per-kg band (NORMAL_AT_OR_BELOW_5X_MEDIAN) and sanctions matches (0). Both counterparties are recognisable real businesses, and the cost per kg is economically ordinary. There are no indicators of high risk.","CLEAR","Sanctions matches = 0, cost-per-kg band is NORMAL_AT_OR_BELOW_5X_MEDIAN, and both counterparties are recognisable real businesses.","2026-08-02 00:34:34.307"
881,"WEIGHT_ANOMALY","MEDIUM","Gross weight 44856kg exceeds the 99th percentile 44223kg on CAXU06519","","RESOLVED","","2026-08-01 23:36:24.931","2026-08-02 00:30:30.078","CLEARED by AI decision - no fraud confirmed. Reason: Sanctions matches = 0, cost-per-kg band is NORMAL_AT_OR_BELOW_5X_MEDIAN, and both counterparties are recognisable real businesses.",6513,"2026-08-01 23:36:24.931","The key indicators are the cost-per-kg band (NORMAL_AT_OR_BELOW_5X_MEDIAN) and sanctions matches (0). Both counterparties are recognisable real businesses, and the cost per kg is economically ordinary.","CLEAR","Sanctions matches = 0, cost-per-kg band is NORMAL_AT_OR_BELOW_5X_MEDIAN, and both counterparties are recognisable real businesses.","2026-08-02 00:30:28.432"
882,"WEIGHT_ANOMALY","MEDIUM","Gross weight 44853kg exceeds the 99th percentile 44223kg on CAXU04758","","RESOLVED","","2026-08-01 23:36:24.931","2026-08-02 00:30:45.410","CLEARED by AI decision - no fraud confirmed. Reason: Sanctions matches = 0, cost-per-kg band is NORMAL_AT_OR_BELOW_5X_MEDIAN, and both counterparties are recognisable real businesses.",4752,"2026-08-01 23:36:24.931","The key indicators are the cost-per-kg band (NORMAL_AT_OR_BELOW_5X_MEDIAN) and sanctions matches (0). Both counterparties are recognisable real businesses, and the cost per kg is economically ordinary. There are no indicators of high risk.","CLEAR","Sanctions matches = 0, cost-per-kg band is NORMAL_AT_OR_BELOW_5X_MEDIAN, and both counterparties are recognisable real businesses.","2026-08-02 00:30:43.852"
883,"WEIGHT_ANOMALY","MEDIUM","Gross weight 44848kg exceeds the 99th percentile 44223kg on EGLV07085","","RESOLVED","","2026-08-01 23:36:24.931","2026-08-02 00:31:09.389","CLEARED by AI decision - no fraud confirmed. Reason: Sanctions matches = 0, cost-per-kg band is NORMAL_AT_OR_BELOW_5X_MEDIAN, and both counterparties are recognisable real businesses.",7079,"2026-08-01 23:36:24.931","The key indicators are the cost-per-kg band (NORMAL_AT_OR_BELOW_5X_MEDIAN) and sanctions matches (0). Both counterparties are recognisable real businesses, and the cost per kg is economically ordinary. There are no indicators of high risk.","CLEAR","Sanctions matches = 0, cost-per-kg band is NORMAL_AT_OR_BELOW_5X_MEDIAN, and both counterparties are recognisable real businesses.","2026-08-02 00:31:07.770"
884,"WEIGHT_ANOMALY","MEDIUM","Gross weight 44847kg exceeds the 99th percentile 44223kg on MAEU01012","","RESOLVED","","2026-08-01 23:36:24.931","2026-08-02 00:31:21.114","CLEARED by AI decision - no fraud confirmed. Reason: Sanctions matches = 0, cost-per-kg band is NORMAL_AT_OR_BELOW_5X_MEDIAN, and both counterparties are recognisable real businesses.",1002,"2026-08-01 23:36:24.931","The key indicators are the cost-per-kg band (NORMAL_AT_OR_BELOW_5X_MEDIAN) and sanctions matches (0). Both counterparties are recognisable real businesses, and the cost per kg is economically ordinary. There are no indications of fraud or compliance issues.","CLEAR","Sanctions matches = 0, cost-per-kg band is NORMAL_AT_OR_BELOW_5X_MEDIAN, and both counterparties are recognisable real businesses.","2026-08-02 00:31:19.513"
885,"WEIGHT_ANOMALY","MEDIUM","Gross weight 44847kg exceeds the 99th percentile 44223kg on OOLU01556","","RESOLVED","","2026-08-01 23:36:24.931","2026-08-02 00:31:30.218","CLEARED by AI decision - no fraud confirmed. Reason: Sanctions matches = 0, cost-per-kg band is NORMAL_AT_OR_BELOW_5X_MEDIAN, and both counterparties are recognisable real businesses.",1546,"2026-08-01 23:36:24.931","The key indicators are the cost-per-kg band (NORMAL_AT_OR_BELOW_5X_MEDIAN) and sanctions matches (0). Both counterparties are recognisable real businesses, and the cost per kg is economically ordinary. There are no indications of fraud or compliance issues.","CLEAR","Sanctions matches = 0, cost-per-kg band is NORMAL_AT_OR_BELOW_5X_MEDIAN, and both counterparties are recognisable real businesses.","2026-08-02 00:31:28.522"
886,"WEIGHT_ANOMALY","MEDIUM","Gross weight 44844kg exceeds the 99th percentile 44223kg on APZU06252","","INVESTIGATING","","2026-08-01 23:36:24.931","","",6246,"2026-08-01 23:36:24.931","The cost per kg ($0.1124) is significantly below the peer median ($0.2558) and the 95th percentile ($1.0692). Both counterparties are recognizable real businesses, and there are no sanctions matches. The weight anomaly alone does not warrant blocking or escalation.","CLEAR","Cost per kg ($0.1124) is below the peer median ($0.2558) and 95th percentile ($1.0692), with no sanctions matches and recognizable counterparties.","2026-08-01 23:39:09.829"
887,"WEIGHT_ANOMALY","MEDIUM","Gross weight 44843kg exceeds the 99th percentile 44223kg on HLCU07296","","RESOLVED","","2026-08-01 23:36:24.931","2026-08-02 00:31:38.924","CLEARED by AI decision - no fraud confirmed. Reason: Cost per kg is within normal range and no sanctions matches found.",7290,"2026-08-01 23:36:24.931","The alert indicates a normal cost-per-kg band and no sanctions matches, suggesting a low-risk transaction. Key indicators: Cost per kg = $0.102 (0.4x the peer median of $0.2558), PRE-COMPUTED COST-PER-KG BAND = NORMAL_AT_OR_BELOW_5X_MEDIAN, Sanctions matches = 0.","CLEAR","Cost per kg is within normal range and no sanctions matches found.","2026-08-02 00:31:37.400"
888,"WEIGHT_ANOMALY","MEDIUM","Gross weight 44836kg exceeds the 99th percentile 44223kg on EGLV02405","","RESOLVED","","2026-08-01 23:36:24.931","2026-08-02 00:31:47.200","CLEARED by AI decision - no fraud confirmed. Reason: Sanctions matches = 0, cost-per-kg band is NORMAL_AT_OR_BELOW_5X_MEDIAN, and both counterparties are recognisable real businesses.",2395,"2026-08-01 23:36:24.931","The key indicators are the cost-per-kg band (NORMAL_AT_OR_BELOW_5X_MEDIAN) and sanctions matches (0). Both counterparties are recognisable real businesses, and the cost per kg is economically ordinary. There are no indicators of high risk.","CLEAR","Sanctions matches = 0, cost-per-kg band is NORMAL_AT_OR_BELOW_5X_MEDIAN, and both counterparties are recognisable real businesses.","2026-08-02 00:31:45.730"
903,"HIGH_VALUE_ANOMALY","HIGH","Charges $8632 exceed the 99th percentile $8409 on MAEU01374","","RESOLVED","","2026-08-01 23:39:37.993","2026-08-01 23:39:52.935","AUTO-BLOCKED by AI decision. Reason: Cost per kg ($1.1954) exceeds the 95th percentile ($1.0692).",1364,"2026-08-01 23:39:37.993","The cost per kg of $1.1954 exceeds the 95th percentile of $1.0692, indicating a significant anomaly in pricing.","BLOCK","Cost per kg ($1.1954) exceeds the 95th percentile ($1.0692).","2026-08-01 23:39:51.143"
904,"HIGH_VALUE_ANOMALY","HIGH","Charges $8631 exceed the 99th percentile $8409 on EGLV04067","","RESOLVED","","2026-08-01 23:39:37.993","2026-08-01 23:39:59.596","AUTO-BLOCKED by AI decision. Reason: Cost per kg ($1.7098) exceeds 5x the peer median ($0.2558).",4057,"2026-08-01 23:39:37.993","The cost per kg of $1.7098 exceeds the peer median by more than 5x ($0.2558). Both counterparties are recognizable businesses, and there are no sanctions matches.","BLOCK","Cost per kg ($1.7098) exceeds 5x the peer median ($0.2558).","2026-08-01 23:39:57.899"
905,"HIGH_VALUE_ANOMALY","MEDIUM","Charges $8611 exceed the 99th percentile $8409 on CMDU02285","","RESOLVED","","2026-08-01 23:39:37.993","2026-08-02 00:30:03.632","CLEARED by AI decision - no fraud confirmed. Reason: Sanctions matches = 0, cost-per-kg band is NORMAL_AT_OR_BELOW_5X_MEDIAN, and both counterparties are recognizable real businesses.",2275,"2026-08-01 23:39:37.993","The key indicators are the cost-per-kg band (NORMAL_AT_OR_BELOW_5X_MEDIAN), sanctions matches (0), and recognizable counterparties (Vinamilk Co Ltd and Shopee Express). The cost per kg is $0.3807, which is 1.49x the peer median of $0.2558, but still within the normal range. Both counterparties are recognizable real businesses, and there are no sanctions matches.","CLEAR","Sanctions matches = 0, cost-per-kg band is NORMAL_AT_OR_BELOW_5X_MEDIAN, and both counterparties are recognizable real businesses.","2026-08-02 00:30:01.849"
906,"HIGH_VALUE_ANOMALY","MEDIUM","Charges $8610 exceed the 99th percentile $8409 on APZU05021","","RESOLVED","","2026-08-01 23:39:37.993","2026-08-02 00:30:12.832","CLEARED by AI decision - no fraud confirmed. Reason: Sanctions matches = 0, cost-per-kg band is NORMAL_AT_OR_BELOW_5X_MEDIAN, and both counterparties are recognizable real businesses.",5015,"2026-08-01 23:39:37.993","The key indicators are the cost-per-kg band (NORMAL_AT_OR_BELOW_5X_MEDIAN), sanctions matches (0), and recognizable counterparties (Tan Hiep Phat and Shopee Express). The cost per kg is $0.8081, which is 3.16x the peer median of $0.2558, but still within the normal range. Both counterparties are recognizable real businesses, and there are no sanctions matches.","CLEAR","Sanctions matches = 0, cost-per-kg band is NORMAL_AT_OR_BELOW_5X_MEDIAN, and both counterparties are recognizable real businesses.","2026-08-02 00:30:11.325"
907,"HIGH_VALUE_ANOMALY","MEDIUM","Charges $8609 exceed the 99th percentile $8409 on ONEY06068","","RESOLVED","","2026-08-01 23:39:37.993","2026-08-02 00:30:21.878","CLEARED by AI decision - no fraud confirmed. Reason: Cost per kg is within the normal range (1.53x the peer median of $0.2558) and there are no sanctions matches (0).",6062,"2026-08-01 23:39:37.993","The alert indicates a high-value anomaly, but the cost per kg is within the normal range (1.53x the peer median of $0.2558), and there are no sanctions matches. Both counterparties are recognizable real businesses. The key indicators are cost per kg ($0.3913) and sanctions matches (0).","CLEAR","Cost per kg is within the normal range (1.53x the peer median of $0.2558) and there are no sanctions matches (0).","2026-08-02 00:30:20.331"
908,"WEIGHT_ANOMALY","MEDIUM","Gross weight 44825kg exceeds the 99th percentile 44223kg on HLCU06723","","RESOLVED","","2026-08-01 23:39:38.347","2026-08-02 00:28:17.110","CLEARED by AI decision - no fraud confirmed. Reason: Sanctions matches = 0, cost-per-kg band is NORMAL_AT_OR_BELOW_5X_MEDIAN, and both counterparties are recognisable real businesses.",6717,"2026-08-01 23:39:38.347","The key indicators are the cost-per-kg band (NORMAL_AT_OR_BELOW_5X_MEDIAN) and sanctions matches (0). Both counterparties are recognisable real businesses, and the cost per kg is economically ordinary. There are no indications of fraud or compliance issues.","CLEAR","Sanctions matches = 0, cost-per-kg band is NORMAL_AT_OR_BELOW_5X_MEDIAN, and both counterparties are recognisable real businesses.","2026-08-02 00:28:15.676"
909,"WEIGHT_ANOMALY","MEDIUM","Gross weight 44817kg exceeds the 99th percentile 44223kg on APZU07184","","RESOLVED","","2026-08-01 23:39:38.347","2026-08-02 00:28:26.237","CLEARED by AI decision - no fraud confirmed. Reason: Sanctions matches = 0, cost-per-kg band is NORMAL_AT_OR_BELOW_5X_MEDIAN, and both counterparties are recognisable real businesses.",7178,"2026-08-01 23:39:38.347","The key indicators are the cost-per-kg band (NORMAL_AT_OR_BELOW_5X_MEDIAN) and sanctions matches (0). Both counterparties are recognisable real businesses, and the cost per kg is economically ordinary.","CLEAR","Sanctions matches = 0, cost-per-kg band is NORMAL_AT_OR_BELOW_5X_MEDIAN, and both counterparties are recognisable real businesses.","2026-08-02 00:28:24.855"
910,"WEIGHT_ANOMALY","MEDIUM","Gross weight 44810kg exceeds the 99th percentile 44223kg on HLCU09182","","RESOLVED","","2026-08-01 23:39:38.347","2026-08-02 00:28:34.147","CLEARED by AI decision - no fraud confirmed. Reason: Sanctions matches = 0, cost-per-kg band is NORMAL_AT_OR_BELOW_5X_MEDIAN, and both counterparties are recognisable real businesses.",9176,"2026-08-01 23:39:38.347","The key indicators are the cost-per-kg band (NORMAL_AT_OR_BELOW_5X_MEDIAN) and sanctions matches (0). Both counterparties are recognisable real businesses, and the cost per kg is economically ordinary. There are no indications of fraud or compliance issues.","CLEAR","Sanctions matches = 0, cost-per-kg band is NORMAL_AT_OR_BELOW_5X_MEDIAN, and both counterparties are recognisable real businesses.","2026-08-02 00:28:32.772"
911,"WEIGHT_ANOMALY","MEDIUM","Gross weight 44809kg exceeds the 99th percentile 44223kg on YMLU09791","","RESOLVED","","2026-08-01 23:39:38.347","2026-08-02 00:28:43.855","CLEARED by AI decision - no fraud confirmed. Reason: Sanctions matches = 0, cost-per-kg band is NORMAL_AT_OR_BELOW_5X_MEDIAN, and both counterparties are recognisable real businesses.",9785,"2026-08-01 23:39:38.347","The key indicators are the cost-per-kg band (NORMAL_AT_OR_BELOW_5X_MEDIAN) and sanctions matches (0). Both counterparties are recognisable real businesses, and the cost per kg is economically ordinary. There are no indicators of high risk.","CLEAR","Sanctions matches = 0, cost-per-kg band is NORMAL_AT_OR_BELOW_5X_MEDIAN, and both counterparties are recognisable real businesses.","2026-08-02 00:28:42.377"
912,"WEIGHT_ANOMALY","MEDIUM","Gross weight 44795kg exceeds the 99th percentile 44223kg on MSKU07256","","RESOLVED","","2026-08-01 23:39:38.347","2026-08-02 00:28:53.723","CLEARED by AI decision - no fraud confirmed. Reason: Sanctions matches = 0, cost-per-kg band is NORMAL_AT_OR_BELOW_5X_MEDIAN, and both counterparties are recognisable real businesses.",7250,"2026-08-01 23:39:38.347","The key indicators are the cost-per-kg band (NORMAL_AT_OR_BELOW_5X_MEDIAN) and sanctions matches (0). Both counterparties are recognisable real businesses, and the cost per kg is economically ordinary. There are no indications of fraud or compliance issues.","CLEAR","Sanctions matches = 0, cost-per-kg band is NORMAL_AT_OR_BELOW_5X_MEDIAN, and both counterparties are recognisable real businesses.","2026-08-02 00:28:52.380"
913,"WEIGHT_ANOMALY","MEDIUM","Gross weight 44789kg exceeds the 99th percentile 44223kg on CMDU00400","","RESOLVED","","2026-08-01 23:39:38.347","2026-08-02 00:29:05.971","CLEARED by AI decision - no fraud confirmed. Reason: Sanctions matches = 0, cost-per-kg band is NORMAL_AT_OR_BELOW_5X_MEDIAN, and both counterparties are recognisable real businesses.",390,"2026-08-01 23:39:38.347","The key indicators are the cost-per-kg band (NORMAL_AT_OR_BELOW_5X_MEDIAN) and sanctions matches (0). Both counterparties are recognisable real businesses, and the cost per kg is economically ordinary. There are no indications of shell/front companies or extraction issues.","CLEAR","Sanctions matches = 0, cost-per-kg band is NORMAL_AT_OR_BELOW_5X_MEDIAN, and both counterparties are recognisable real businesses.","2026-08-02 00:29:04.547"
914,"WEIGHT_ANOMALY","MEDIUM","Gross weight 44770kg exceeds the 99th percentile 44223kg on MAEU02529","","RESOLVED","","2026-08-01 23:39:38.347","2026-08-02 00:29:14.012","CLEARED by AI decision - no fraud confirmed. Reason: Sanctions matches = 0, cost-per-kg band is NORMAL_AT_OR_BELOW_5X_MEDIAN, and both counterparties are recognisable real businesses.",2519,"2026-08-01 23:39:38.347","The key indicators are the cost-per-kg band (NORMAL_AT_OR_BELOW_5X_MEDIAN) and sanctions matches (0). Both counterparties are recognisable real businesses, and the cost per kg is economically ordinary.","CLEAR","Sanctions matches = 0, cost-per-kg band is NORMAL_AT_OR_BELOW_5X_MEDIAN, and both counterparties are recognisable real businesses.","2026-08-02 00:29:12.624"
915,"WEIGHT_ANOMALY","MEDIUM","Gross weight 44769kg exceeds the 99th percentile 44223kg on EGLV01948","","RESOLVED","","2026-08-01 23:39:38.347","2026-08-02 00:29:22.766","CLEARED by AI decision - no fraud confirmed. Reason: Sanctions matches = 0, cost-per-kg band is NORMAL_AT_OR_BELOW_5X_MEDIAN, and both counterparties are recognisable real businesses.",1938,"2026-08-01 23:39:38.347","The key indicators are the cost-per-kg band (NORMAL_AT_OR_BELOW_5X_MEDIAN) and sanctions matches (0). Both counterparties are recognisable real businesses, and the cost per kg is economically ordinary. There are no indications of shell/front companies or extraction issues.","CLEAR","Sanctions matches = 0, cost-per-kg band is NORMAL_AT_OR_BELOW_5X_MEDIAN, and both counterparties are recognisable real businesses.","2026-08-02 00:29:21.241"
932,"WEIGHT_ANOMALY","MEDIUM","Gross weight 44764kg exceeds the 99th percentile 44223kg on APZU02040","","RESOLVED","","2026-08-01 23:51:30.932","2026-08-02 00:24:46.010","CLEARED by AI decision - no fraud confirmed. Reason: Sanctions matches = 0, cost-per-kg band is NORMAL_AT_OR_BELOW_5X_MEDIAN, and both counterparties are recognisable real businesses.",2030,"2026-08-01 23:51:30.932","The key indicators are the cost-per-kg band (NORMAL_AT_OR_BELOW_5X_MEDIAN) and sanctions matches (0). Both counterparties are recognisable real businesses, and the cost per kg is economically ordinary. There are no indications of fraud or compliance issues.","CLEAR","Sanctions matches = 0, cost-per-kg band is NORMAL_AT_OR_BELOW_5X_MEDIAN, and both counterparties are recognisable real businesses.","2026-08-02 00:24:44.642"
933,"WEIGHT_ANOMALY","MEDIUM","Gross weight 44763kg exceeds the 99th percentile 44223kg on CAXU08188","","RESOLVED","","2026-08-01 23:51:30.932","2026-08-02 00:24:59.033","CLEARED by AI decision - no fraud confirmed. Reason: Sanctions matches = 0, cost-per-kg band is NORMAL_AT_OR_BELOW_5X_MEDIAN, and both counterparties are recognisable real businesses.",8182,"2026-08-01 23:51:30.932","The key indicators are the cost-per-kg band (NORMAL_AT_OR_BELOW_5X_MEDIAN) and sanctions matches (0). Both counterparties are recognisable real businesses, and the cost per kg is economically ordinary. There are no indications of fraud or compliance issues.","CLEAR","Sanctions matches = 0, cost-per-kg band is NORMAL_AT_OR_BELOW_5X_MEDIAN, and both counterparties are recognisable real businesses.","2026-08-02 00:24:57.667"
934,"WEIGHT_ANOMALY","MEDIUM","Gross weight 44759kg exceeds the 99th percentile 44223kg on MAEU07612","","RESOLVED","","2026-08-01 23:51:30.932","2026-08-02 00:25:07.051","CLEARED by AI decision - no fraud confirmed. Reason: Sanctions matches = 0, cost-per-kg band is NORMAL_AT_OR_BELOW_5X_MEDIAN, and both counterparties are recognisable real businesses.",7606,"2026-08-01 23:51:30.932","The key indicators are the cost-per-kg band (NORMAL_AT_OR_BELOW_5X_MEDIAN) and sanctions matches (0). Both counterparties are recognisable real businesses, and the cost per kg is economically ordinary. There are no indications of fraud or compliance issues.","CLEAR","Sanctions matches = 0, cost-per-kg band is NORMAL_AT_OR_BELOW_5X_MEDIAN, and both counterparties are recognisable real businesses.","2026-08-02 00:25:05.687"
935,"WEIGHT_ANOMALY","MEDIUM","Gross weight 44758kg exceeds the 99th percentile 44223kg on HLCU08433","","RESOLVED","","2026-08-01 23:51:30.932","2026-08-02 00:25:15.642","CLEARED by AI decision - no fraud confirmed. Reason: Sanctions matches = 0, cost-per-kg band is NORMAL_AT_OR_BELOW_5X_MEDIAN, and both counterparties are recognisable real businesses.",8427,"2026-08-01 23:51:30.932","The key indicators are the cost-per-kg band (NORMAL_AT_OR_BELOW_5X_MEDIAN) and sanctions matches (0). Both counterparties are recognisable real businesses, and the cost per kg is economically ordinary. There are no indicators of high risk.","CLEAR","Sanctions matches = 0, cost-per-kg band is NORMAL_AT_OR_BELOW_5X_MEDIAN, and both counterparties are recognisable real businesses.","2026-08-02 00:25:14.262"
936,"WEIGHT_ANOMALY","MEDIUM","Gross weight 44754kg exceeds the 99th percentile 44223kg on HLCU08408","","RESOLVED","","2026-08-01 23:51:30.932","2026-08-02 00:25:25.665","CLEARED by AI decision - no fraud confirmed. Reason: Sanctions matches = 0, cost-per-kg band is NORMAL_AT_OR_BELOW_5X_MEDIAN, and both counterparties are recognisable real businesses.",8402,"2026-08-01 23:51:30.932","The key indicators are the cost-per-kg band (NORMAL_AT_OR_BELOW_5X_MEDIAN) and sanctions matches (0). Both counterparties are recognisable real businesses, and the cost per kg is economically ordinary. There are no indications of fraud or compliance issues.","CLEAR","Sanctions matches = 0, cost-per-kg band is NORMAL_AT_OR_BELOW_5X_MEDIAN, and both counterparties are recognisable real businesses.","2026-08-02 00:25:24.218"
937,"WEIGHT_ANOMALY","MEDIUM","Gross weight 44752kg exceeds the 99th percentile 44223kg on YMLU00629","","RESOLVED","","2026-08-01 23:51:30.932","2026-08-02 00:25:35.251","CLEARED by AI decision - no fraud confirmed. Reason: Sanctions matches = 0, cost-per-kg band is NORMAL_AT_OR_BELOW_5X_MEDIAN, and both counterparties are recognisable real businesses.",619,"2026-08-01 23:51:30.932","The key indicators are the cost-per-kg band (NORMAL_AT_OR_BELOW_5X_MEDIAN) and sanctions matches (0). Both counterparties are recognisable real businesses, and the cost per kg is economically ordinary. There are no indications of fraud or compliance issues.","CLEAR","Sanctions matches = 0, cost-per-kg band is NORMAL_AT_OR_BELOW_5X_MEDIAN, and both counterparties are recognisable real businesses.","2026-08-02 00:25:33.852"
938,"WEIGHT_ANOMALY","MEDIUM","Gross weight 44745kg exceeds the 99th percentile 44223kg on HLCU04601","","RESOLVED","","2026-08-01 23:51:30.932","2026-08-02 00:25:42.918","CLEARED by AI decision - no fraud confirmed. Reason: Cost per kg is 0.49x the peer median of $0.2558, sanctions matches = 0, and both counterparties are recognizable real businesses.",4595,"2026-08-01 23:51:30.932","The alert indicates a normal cost-per-kg band (0.49x the peer median of $0.2558) and no sanctions matches. Both counterparties are recognizable real businesses. The weight anomaly alone does not justify escalation or blocking.","CLEAR","Cost per kg is 0.49x the peer median of $0.2558, sanctions matches = 0, and both counterparties are recognizable real businesses.","2026-08-02 00:25:41.554"
939,"WEIGHT_ANOMALY","MEDIUM","Gross weight 44743kg exceeds the 99th percentile 44223kg on APZU01551","","RESOLVED","","2026-08-01 23:51:30.932","2026-08-02 00:25:52.495","CLEARED by AI decision - no fraud confirmed. Reason: Sanctions matches = 0, cost-per-kg band is NORMAL_AT_OR_BELOW_5X_MEDIAN, and both counterparties are recognisable real businesses.",1541,"2026-08-01 23:51:30.932","The key indicators are the cost-per-kg band (NORMAL_AT_OR_BELOW_5X_MEDIAN) and sanctions matches (0). Both counterparties are recognisable real businesses, and the cost per kg is economically ordinary.","CLEAR","Sanctions matches = 0, cost-per-kg band is NORMAL_AT_OR_BELOW_5X_MEDIAN, and both counterparties are recognisable real businesses.","2026-08-02 00:25:51.070"
948,"HIGH_VALUE_ANOMALY","MEDIUM","Charges $8577 exceed the 99th percentile $8409 on HLCU07969","","RESOLVED","","2026-08-01 23:55:42.033","2026-08-02 00:22:07.063","CLEARED by AI decision - no fraud confirmed. Reason: Sanctions matches = 0, cost-per-kg band is NORMAL_AT_OR_BELOW_5X_MEDIAN, and both counterparties are recognizable real businesses.",7963,"2026-08-01 23:55:42.033","The key indicators are the cost-per-kg band (NORMAL_AT_OR_BELOW_5X_MEDIAN), sanctions matches (0), and recognizable counterparties (FPT Software and Tesco PLC). The cost per kg is $0.8074, which is 3.16x the peer median of $0.2558, but still within the normal range. Both counterparties are recognizable real businesses, and there are no sanctions matches.","CLEAR","Sanctions matches = 0, cost-per-kg band is NORMAL_AT_OR_BELOW_5X_MEDIAN, and both counterparties are recognizable real businesses.","2026-08-02 00:22:05.712"
949,"HIGH_VALUE_ANOMALY","MEDIUM","Charges $8567 exceed the 99th percentile $8409 on MAEU00833","","RESOLVED","","2026-08-01 23:55:42.033","2026-08-02 00:22:16.887","CLEARED by AI decision - no fraud confirmed. Reason: Cost per kg is within normal range (1.06x the peer median of $0.2558) and no sanctions matches (0).",823,"2026-08-01 23:55:42.033","The alert indicates a high-value anomaly, but the cost per kg is within the normal range (1.06x the peer median of $0.2558), and there are no sanctions matches. Both counterparties are recognizable real businesses. The key indicators are the cost per kg ($0.2699) and sanctions matches (0).","CLEAR","Cost per kg is within normal range (1.06x the peer median of $0.2558) and no sanctions matches (0).","2026-08-02 00:22:15.476"
950,"HIGH_VALUE_ANOMALY","MEDIUM","Charges $8566 exceed the 99th percentile $8409 on HLCU01813","","RESOLVED","","2026-08-01 23:55:42.033","2026-08-02 00:22:24.813","CLEARED by AI decision - no fraud confirmed. Reason: Sanctions matches = 0, cost-per-kg band is NORMAL_AT_OR_BELOW_5X_MEDIAN, and both counterparties are recognisable real businesses.",1803,"2026-08-01 23:55:42.033","The key indicators are the cost-per-kg band (NORMAL_AT_OR_BELOW_5X_MEDIAN) and sanctions matches (0). Both counterparties are recognisable real businesses, and the cost per kg is within the normal range.","CLEAR","Sanctions matches = 0, cost-per-kg band is NORMAL_AT_OR_BELOW_5X_MEDIAN, and both counterparties are recognisable real businesses.","2026-08-02 00:22:23.346"
951,"HIGH_VALUE_ANOMALY","MEDIUM","Charges $8563 exceed the 99th percentile $8409 on APZU04110","","RESOLVED","","2026-08-01 23:55:42.033","2026-08-02 00:22:32.624","CLEARED by AI decision - no fraud confirmed. Reason: Sanctions matches = 0, cost-per-kg band is NORMAL_AT_OR_BELOW_5X_MEDIAN, and both counterparties are recognizable real businesses.",4104,"2026-08-01 23:55:42.033","The key indicators are the cost-per-kg band (NORMAL_AT_OR_BELOW_5X_MEDIAN), sanctions matches (0), and recognizable counterparties (Nike Vietnam and Carrefour SA). All indicators are within acceptable ranges, suggesting a low-risk transaction.","CLEAR","Sanctions matches = 0, cost-per-kg band is NORMAL_AT_OR_BELOW_5X_MEDIAN, and both counterparties are recognizable real businesses.","2026-08-02 00:22:31.179"
952,"HIGH_VALUE_ANOMALY","MEDIUM","Charges $8559 exceed the 99th percentile $8409 on OOLU07921","","RESOLVED","","2026-08-01 23:55:42.033","2026-08-02 00:22:40.448","CLEARED by AI decision - no fraud confirmed. Reason: Sanctions matches = 0, cost-per-kg band is NORMAL_AT_OR_BELOW_5X_MEDIAN, and both counterparties are recognisable real businesses.",7915,"2026-08-01 23:55:42.033","The key indicators are the cost-per-kg band (NORMAL_AT_OR_BELOW_5X_MEDIAN) and sanctions matches (0). Both counterparties are recognisable real businesses, and the cost per kg is within normal limits.","CLEAR","Sanctions matches = 0, cost-per-kg band is NORMAL_AT_OR_BELOW_5X_MEDIAN, and both counterparties are recognisable real businesses.","2026-08-02 00:22:39.001"
953,"HIGH_VALUE_ANOMALY","MEDIUM","Charges $8540 exceed the 99th percentile $8409 on HLCU06362","","RESOLVED","","2026-08-01 23:55:42.033","2026-08-02 00:22:50.213","CLEARED by AI decision - no fraud confirmed. Reason: Cost per kg is within the normal band (1.95x the peer median of $0.2558) and no sanctions matches (0).",6356,"2026-08-01 23:55:42.033","The alert indicates a high-value anomaly, but the cost per kg is within the normal band (1.95x the peer median of $0.2558), and there are no sanctions matches. Both counterparties are recognizable real businesses. The key indicators are cost per kg ($0.4978) and sanctions matches (0).","CLEAR","Cost per kg is within the normal band (1.95x the peer median of $0.2558) and no sanctions matches (0).","2026-08-02 00:22:48.818"
954,"HIGH_VALUE_ANOMALY","MEDIUM","Charges $8540 exceed the 99th percentile $8409 on ONEY02411","","RESOLVED","","2026-08-01 23:55:42.033","2026-08-02 00:22:58.169","CLEARED by AI decision - no fraud confirmed. Reason: Cost per kg is within normal range (4.2x the peer median of $0.2558), sanctions matches = 0, and both counterparties are recognizable real businesses.",2401,"2026-08-01 23:55:42.033","The key indicators are the cost-per-kg band (NORMAL_AT_OR_BELOW_5X_MEDIAN), sanctions matches (0), and recognizable counterparties. The cost per kg is $1.0741, which is 4.2x the peer median of $0.2558, but still within the normal range. Both counterparties are recognizable real businesses, and there are no sanctions matches.","CLEAR","Cost per kg is within normal range (4.2x the peer median of $0.2558), sanctions matches = 0, and both counterparties are recognizable real businesses.","2026-08-02 00:22:56.817"
955,"HIGH_VALUE_ANOMALY","MEDIUM","Charges $8539 exceed the 99th percentile $8409 on YMLU09717","","RESOLVED","","2026-08-01 23:55:42.033","2026-08-02 00:23:15.211","CLEARED by AI decision - no fraud confirmed. Reason: Sanctions matches = 0 and the band is NORMAL_AT_OR_BELOW_5X_MEDIAN.",9711,"2026-08-01 23:55:42.033","The key indicators are the cost-per-kg band (NORMAL_AT_OR_BELOW_5X_MEDIAN) and sanctions matches (0). The cost per kg is $1.0378, which is 4.06x the peer median of $0.2558, but still within the normal range. Both counterparties are recognizable real businesses, and there are no sanctions matches.","CLEAR","Sanctions matches = 0 and the band is NORMAL_AT_OR_BELOW_5X_MEDIAN.","2026-08-02 00:23:13.705"
956,"WEIGHT_ANOMALY","MEDIUM","Gross weight 44742kg exceeds the 99th percentile 44223kg on YMLU01558","","RESOLVED","","2026-08-01 23:55:42.312","2026-08-01 23:55:55.898","CLEARED by AI decision - no fraud confirmed. Reason: Cost per kg is 0.22x the peer median, and sanctions matches = 0.",1548,"2026-08-01 23:55:42.312","The shipment's cost per kg is significantly below the peer median, and there are no sanctions matches. Both counterparties are recognizable real businesses.","CLEAR","Cost per kg is 0.22x the peer median, and sanctions matches = 0.","2026-08-01 23:55:54.393"
957,"WEIGHT_ANOMALY","MEDIUM","Gross weight 44721kg exceeds the 99th percentile 44223kg on OOLU00419","","RESOLVED","","2026-08-01 23:55:42.312","2026-08-01 23:56:03.964","CLEARED by AI decision - no fraud confirmed. Reason: Cost per kg is 0.44x the peer median, and sanctions matches = 0.",409,"2026-08-01 23:55:42.312","The shipment's cost per kg is significantly below the peer median, and there are no sanctions matches. Both counterparties are recognizable real businesses.","CLEAR","Cost per kg is 0.44x the peer median, and sanctions matches = 0.","2026-08-01 23:56:02.498"
958,"WEIGHT_ANOMALY","MEDIUM","Gross weight 44706kg exceeds the 99th percentile 44223kg on CMDU09790","","RESOLVED","","2026-08-01 23:55:42.312","2026-08-01 23:56:10.803","CLEARED by AI decision - no fraud confirmed. Reason: Cost/kg is 0.31x the peer median, and sanctions matches = 0.",9784,"2026-08-01 23:55:42.312","The shipment's cost per kg is significantly below the peer median, and there are no sanctions matches. Both counterparties are recognizable real businesses.","CLEAR","Cost/kg is 0.31x the peer median, and sanctions matches = 0.","2026-08-01 23:56:09.409"
959,"WEIGHT_ANOMALY","MEDIUM","Gross weight 44699kg exceeds the 99th percentile 44223kg on CAXU08547","","RESOLVED","","2026-08-01 23:55:42.312","2026-08-01 23:56:18.273","CLEARED by AI decision - no fraud confirmed. Reason: Cost/kg is 0.41x the peer median and sanctions matches = 0.",8541,"2026-08-01 23:55:42.312","The shipment is well below the peer median cost per kg and both counterparties are recognizable real businesses with no sanctions matches.","CLEAR","Cost/kg is 0.41x the peer median and sanctions matches = 0.","2026-08-01 23:56:16.947"
960,"WEIGHT_ANOMALY","MEDIUM","Gross weight 44696kg exceeds the 99th percentile 44223kg on CAXU08941","","RESOLVED","","2026-08-01 23:55:42.312","2026-08-01 23:56:25.829","CLEARED by AI decision - no fraud confirmed. Reason: Cost per kg is 0.67x the peer median, and both counterparties are clear of sanctions.",8935,"2026-08-01 23:55:42.312","The shipment's cost per kg is 0.67x the peer median, which is well below the threshold for concern. Both counterparties are recognizable real businesses, and there are no sanctions matches. The weight anomaly alone is not sufficient to warrant a block or escalation.","CLEAR","Cost per kg is 0.67x the peer median, and both counterparties are clear of sanctions.","2026-08-01 23:56:24.368"
961,"WEIGHT_ANOMALY","MEDIUM","Gross weight 44695kg exceeds the 99th percentile 44223kg on YMLU09216","","RESOLVED","","2026-08-01 23:55:42.312","2026-08-01 23:56:32.771","CLEARED by AI decision - no fraud confirmed. Reason: Cost per kg is 0.47x the peer median, and sanctions matches = 0.",9210,"2026-08-01 23:55:42.312","The shipment's cost per kg is significantly below the peer median, and there are no sanctions matches. Both counterparties are recognizable real businesses.","CLEAR","Cost per kg is 0.47x the peer median, and sanctions matches = 0.","2026-08-01 23:56:31.392"
962,"WEIGHT_ANOMALY","MEDIUM","Gross weight 44679kg exceeds the 99th percentile 44223kg on MAEU00828","","RESOLVED","","2026-08-01 23:55:42.312","2026-08-01 23:56:41.217","CLEARED by AI decision - no fraud confirmed. Reason: Cost/kg is 0.48x the peer median, sanctions matches = 0, and both counterparties are recognizable real businesses.",818,"2026-08-01 23:55:42.312","The shipment's cost per kg is significantly below the peer median, and there are no sanctions matches. Both counterparties are recognizable real businesses. The weight anomaly alone does not warrant blocking or escalation.","CLEAR","Cost/kg is 0.48x the peer median, sanctions matches = 0, and both counterparties are recognizable real businesses.","2026-08-01 23:56:39.860"
963,"WEIGHT_ANOMALY","MEDIUM","Gross weight 44677kg exceeds the 99th percentile 44223kg on CAXU04673","","RESOLVED","","2026-08-01 23:55:42.312","2026-08-02 00:21:56.066","CLEARED by AI decision - no fraud confirmed. Reason: Sanctions matches = 0, cost-per-kg band is NORMAL_AT_OR_BELOW_5X_MEDIAN, and both counterparties are recognisable real businesses.",4667,"2026-08-01 23:55:42.312","The key indicators are the cost-per-kg band (NORMAL_AT_OR_BELOW_5X_MEDIAN) and sanctions matches (0). Both counterparties are recognisable real businesses, and the cost per kg is economically ordinary. There are no indications of fraud or compliance issues.","CLEAR","Sanctions matches = 0, cost-per-kg band is NORMAL_AT_OR_BELOW_5X_MEDIAN, and both counterparties are recognisable real businesses.","2026-08-02 00:21:54.675"
964,"COST_PER_KG_ANOMALY","MEDIUM","Cost/kg $2.2507 vs peer median $0.2558 (8.8x) on ONEY08053","","ESCALATED","","2026-08-01 23:57:41.656","","ESCALATED to compliance team by AI decision. Reason: Cost per kg is $2.2507, 8.8x the peer median of $0.2558, falling into the ELEVATED_BETWEEN_5X_AND_10X_MEDIAN band.",8047,"2026-08-01 23:57:41.656","The key indicator is the cost per kg, which is $2.2507, 8.8 times the peer median of $0.2558. This falls into the ELEVATED_BETWEEN_5X_AND_10X_MEDIAN band, which mandates escalation for human judgment. There are no sanctions or export-restriction list matches for the counterparties.","ESCALATE","Cost per kg is $2.2507, 8.8x the peer median of $0.2558, falling into the ELEVATED_BETWEEN_5X_AND_10X_MEDIAN band.","2026-08-02 00:10:32.524"
965,"COST_PER_KG_ANOMALY","MEDIUM","Cost/kg $2.2488 vs peer median $0.2558 (8.8x) on OOLU08350","","ESCALATED","","2026-08-01 23:57:41.656","","ESCALATED to compliance team by AI decision. Reason: Cost per kg is $2.2488, 8.79x the peer median of $0.2558, falling in the ELEVATED_BETWEEN_5X_AND_10X_MEDIAN band.",8344,"2026-08-01 23:57:41.656","The key indicator is the cost per kg, which is $2.2488, 8.79 times the peer median of $0.2558, placing it in the ELEVATED_BETWEEN_5X_AND_10X_MEDIAN band. Both counterparties are recognizable real businesses, and there are no sanctions matches.","ESCALATE","Cost per kg is $2.2488, 8.79x the peer median of $0.2558, falling in the ELEVATED_BETWEEN_5X_AND_10X_MEDIAN band.","2026-08-02 00:10:41.133"
966,"COST_PER_KG_ANOMALY","MEDIUM","Cost/kg $2.239 vs peer median $0.2558 (8.8x) on YMLU04126","","ESCALATED","","2026-08-01 23:57:41.656","","ESCALATED to compliance team by AI decision. Reason: Cost per kg is $2.239, 8.75x the peer median of $0.2558, placing it in the ELEVATED_BETWEEN_5X_AND_10X_MEDIAN band.",4120,"2026-08-01 23:57:41.656","The key indicator is the cost per kg, which is $2.239, 8.75 times the peer median of $0.2558, placing it in the ELEVATED_BETWEEN_5X_AND_10X_MEDIAN band. Both counterparties are recognizable real businesses, and there are no sanctions matches.","ESCALATE","Cost per kg is $2.239, 8.75x the peer median of $0.2558, placing it in the ELEVATED_BETWEEN_5X_AND_10X_MEDIAN band.","2026-08-02 00:10:49.230"
967,"COST_PER_KG_ANOMALY","MEDIUM","Cost/kg $2.2261 vs peer median $0.2558 (8.7x) on OOLU02377","","ESCALATED","","2026-08-01 23:57:41.656","","ESCALATED to compliance team by AI decision. Reason: Cost per kg is 8.7x the peer median ($2.2261 vs $0.2558), falling into the ELEVATED_BETWEEN_5X_AND_10X_MEDIAN band.",2367,"2026-08-01 23:57:41.656","The key indicators are the cost per kg ($2.2261), which is 8.7x the peer median ($0.2558), and the sanctions/export-restriction list matches (0). The cost per kg is elevated but not extreme, and there are no sanctions matches.","ESCALATE","Cost per kg is 8.7x the peer median ($2.2261 vs $0.2558), falling into the ELEVATED_BETWEEN_5X_AND_10X_MEDIAN band.","2026-08-02 00:10:57.297"
968,"COST_PER_KG_ANOMALY","MEDIUM","Cost/kg $2.2189 vs peer median $0.2558 (8.7x) on MAEU04434","","ESCALATED","","2026-08-01 23:57:41.656","","ESCALATED to compliance team by AI decision. Reason: Cost per kg is $2.2189, 8.67x the peer median of $0.2558, placing it in the ELEVATED_BETWEEN_5X_AND_10X_MEDIAN band.",4428,"2026-08-01 23:57:41.656","The key indicator is the cost per kg, which is $2.2189, 8.67 times the peer median of $0.2558, placing it in the ELEVATED_BETWEEN_5X_AND_10X_MEDIAN band. Both counterparties are recognizable real businesses, and there are no sanctions matches.","ESCALATE","Cost per kg is $2.2189, 8.67x the peer median of $0.2558, placing it in the ELEVATED_BETWEEN_5X_AND_10X_MEDIAN band.","2026-08-02 00:11:06.301"
969,"COST_PER_KG_ANOMALY","MEDIUM","Cost/kg $2.1955 vs peer median $0.2558 (8.6x) on CMDU01888","","ESCALATED","","2026-08-01 23:57:41.656","","ESCALATED to compliance team by AI decision. Reason: Cost per kg is $2.1955, 8.58x the peer median of $0.2558, placing it in the ELEVATED_BETWEEN_5X_AND_10X_MEDIAN band.",1878,"2026-08-01 23:57:41.656","The key indicator is the cost per kg, which is $2.1955, 8.58x the peer median of $0.2558, placing it in the ELEVATED_BETWEEN_5X_AND_10X_MEDIAN band. Both counterparties are recognizable real businesses, and there are no sanctions matches.","ESCALATE","Cost per kg is $2.1955, 8.58x the peer median of $0.2558, placing it in the ELEVATED_BETWEEN_5X_AND_10X_MEDIAN band.","2026-08-02 00:11:14.481"
970,"COST_PER_KG_ANOMALY","MEDIUM","Cost/kg $2.1653 vs peer median $0.2558 (8.5x) on OOLU05815","","ESCALATED","","2026-08-01 23:57:41.656","","ESCALATED to compliance team by AI decision. Reason: Cost per kg is $2.1653, 8.46x the median of $0.2558, falling in the ELEVATED band.",5809,"2026-08-01 23:57:41.656","The key indicator is the cost per kg, which is $2.1653, 8.46 times the peer median of $0.2558, placing it in the ELEVATED_BETWEEN_5X_AND_10X_MEDIAN band. Both counterparties are clear of sanctions.","ESCALATE","Cost per kg is $2.1653, 8.46x the median of $0.2558, falling in the ELEVATED band.","2026-08-02 00:21:32.153"
971,"COST_PER_KG_ANOMALY","MEDIUM","Cost/kg $2.1577 vs peer median $0.2558 (8.4x) on HLCU08119","","ESCALATED","","2026-08-01 23:57:41.656","","ESCALATED to compliance team by AI decision. Reason: Cost per kg is $2.1577, 8.44x the peer median of $0.2558, placing it in the ELEVATED_BETWEEN_5X_AND_10X_MEDIAN band.",8113,"2026-08-01 23:57:41.656","The key indicator is the cost per kg, which is $2.1577, 8.44 times the peer median of $0.2558, placing it in the ELEVATED_BETWEEN_5X_AND_10X_MEDIAN band. Both counterparties are recognizable real businesses, and there are no sanctions matches. The elevated cost per kg warrants further investigation.","ESCALATE","Cost per kg is $2.1577, 8.44x the peer median of $0.2558, placing it in the ELEVATED_BETWEEN_5X_AND_10X_MEDIAN band.","2026-08-02 00:21:42.893"
972,"HIGH_VALUE_ANOMALY","MEDIUM","Charges $8536 exceed the 99th percentile $8409 on EGLV05264","","ESCALATED","","2026-08-01 23:57:41.972","","ESCALATED to compliance team by AI decision. Reason: Cost per kg is 5.96x the peer median, falling into the ELEVATED_BETWEEN_5X_AND_10X_MEDIAN band.",5258,"2026-08-01 23:57:41.972","The key indicators are the cost-per-kg band (ELEVATED_BETWEEN_5X_AND_10X_MEDIAN) and the sanctions matches (0). The cost per kg is $1.5243, which is 5.96x the peer median of $0.2558. Both counterparties are recognisable real businesses and there are no sanctions matches.","ESCALATE","Cost per kg is 5.96x the peer median, falling into the ELEVATED_BETWEEN_5X_AND_10X_MEDIAN band.","2026-08-02 00:09:20.107"
973,"HIGH_VALUE_ANOMALY","MEDIUM","Charges $8511 exceed the 99th percentile $8409 on CMDU07837","","RESOLVED","","2026-08-01 23:57:41.972","2026-08-02 00:09:34.661","CLEARED by AI decision - no fraud confirmed. Reason: Cost per kg is within normal range (1.51x the peer median of $0.2558) and no sanctions matches (0).",7831,"2026-08-01 23:57:41.972","The alert indicates a high-value anomaly, but the cost per kg is within the normal range (1.51x the peer median of $0.2558), and there are no sanctions matches. Both counterparties are recognizable real businesses. The key indicators are the cost per kg band (NORMAL_AT_OR_BELOW_5X_MEDIAN) and sanctions matches (0).","CLEAR","Cost per kg is within normal range (1.51x the peer median of $0.2558) and no sanctions matches (0).","2026-08-02 00:09:33.223"
974,"HIGH_VALUE_ANOMALY","MEDIUM","Charges $8506 exceed the 99th percentile $8409 on APZU04176","","ESCALATED","","2026-08-01 23:57:41.972","","ESCALATED to compliance team by AI decision. Reason: Cost per kg is $1.5861 (6.2x the peer median of $0.2558), placing it in the ELEVATED_BETWEEN_5X_AND_10X_MEDIAN band, which mandates escalation for human judgment.",4170,"2026-08-01 23:57:41.972","The key indicators are the cost per kg of $1.5861, which is 6.2x the peer median of $0.2558, placing it in the ELEVATED_BETWEEN_5X_AND_10X_MEDIAN band, and the sanctions/export-restriction list matches for the counterparties is 0. The elevated cost per kg band mandates escalation for human judgment.","ESCALATE","Cost per kg is $1.5861 (6.2x the peer median of $0.2558), placing it in the ELEVATED_BETWEEN_5X_AND_10X_MEDIAN band, which mandates escalation for human judgment.","2026-08-02 00:09:42.020"
975,"HIGH_VALUE_ANOMALY","MEDIUM","Charges $8504 exceed the 99th percentile $8409 on APZU05811","","RESOLVED","","2026-08-01 23:57:41.972","2026-08-02 00:09:51.521","CLEARED by AI decision - no fraud confirmed. Reason: Cost per kg is within the normal range (0.96x the peer median of $0.2558) and there are no sanctions matches (0).",5805,"2026-08-01 23:57:41.972","The alert indicates a high-value anomaly, but the cost per kg is within the normal range (0.96x the peer median of $0.2558), and there are no sanctions matches. Both counterparties are recognizable real businesses. The key indicators are the cost per kg ($0.2446) and sanctions matches (0).","CLEAR","Cost per kg is within the normal range (0.96x the peer median of $0.2558) and there are no sanctions matches (0).","2026-08-02 00:09:50.037"
976,"HIGH_VALUE_ANOMALY","MEDIUM","Charges $8502 exceed the 99th percentile $8409 on APZU01763","","RESOLVED","","2026-08-01 23:57:41.972","2026-08-02 00:09:58.996","CLEARED by AI decision - no fraud confirmed. Reason: Sanctions matches = 0, cost-per-kg band is NORMAL_AT_OR_BELOW_5X_MEDIAN, and both counterparties are recognisable real businesses.",1753,"2026-08-01 23:57:41.972","The key indicators are the cost-per-kg band (NORMAL_AT_OR_BELOW_5X_MEDIAN) and sanctions matches (0). Both counterparties are recognisable real businesses, and the cost per kg is within the normal range.","CLEAR","Sanctions matches = 0, cost-per-kg band is NORMAL_AT_OR_BELOW_5X_MEDIAN, and both counterparties are recognisable real businesses.","2026-08-02 00:09:57.490"
977,"HIGH_VALUE_ANOMALY","MEDIUM","Charges $8501 exceed the 99th percentile $8409 on HLCU01560","","RESOLVED","","2026-08-01 23:57:41.972","2026-08-02 00:10:08.440","CLEARED by AI decision - no fraud confirmed. Reason: Sanctions matches = 0, cost-per-kg band is NORMAL_AT_OR_BELOW_5X_MEDIAN, and both counterparties are recognizable real businesses.",1550,"2026-08-01 23:57:41.972","The key indicators are the cost-per-kg band (NORMAL_AT_OR_BELOW_5X_MEDIAN), sanctions matches (0), and recognizable counterparties (Canon Vietnam, Metro AG). The cost per kg is $0.3387, which is 1.32x the peer median of $0.2558, but still within the normal range. Both counterparties are recognizable real businesses, and there are no sanctions matches.","CLEAR","Sanctions matches = 0, cost-per-kg band is NORMAL_AT_OR_BELOW_5X_MEDIAN, and both counterparties are recognizable real businesses.","2026-08-02 00:10:06.982"
978,"HIGH_VALUE_ANOMALY","MEDIUM","Charges $8500 exceed the 99th percentile $8409 on YMLU00588","","ESCALATED","","2026-08-01 23:57:41.972","","ESCALATED to compliance team by AI decision. Reason: Cost per kg is 6.54x the peer median, placing it in the ELEVATED_BETWEEN_5X_AND_10X_MEDIAN band.",578,"2026-08-01 23:57:41.972","The key indicators are the cost per kg of $1.6722, which is 6.54x the peer median of $0.2558, placing it in the ELEVATED_BETWEEN_5X_AND_10X_MEDIAN band, and the sanctions/export-restriction list matches for the counterparties is 0. Both counterparties are recognisable real businesses.","ESCALATE","Cost per kg is 6.54x the peer median, placing it in the ELEVATED_BETWEEN_5X_AND_10X_MEDIAN band.","2026-08-02 00:10:15.311"
979,"HIGH_VALUE_ANOMALY","MEDIUM","Charges $8498 exceed the 99th percentile $8409 on CMDU07958","","RESOLVED","","2026-08-01 23:57:41.972","2026-08-02 00:10:24.557","CLEARED by AI decision - no fraud confirmed. Reason: Cost per kg is within the normal range (1.12x the peer median of $0.2558) and no sanctions matches (0).",7952,"2026-08-01 23:57:41.972","The alert indicates a high-value anomaly, but the cost per kg is within the normal range (1.12x the peer median of $0.2558), and there are no sanctions matches. Both counterparties are recognizable real businesses. The key indicators are cost per kg ($0.2853) and sanctions matches (0).","CLEAR","Cost per kg is within the normal range (1.12x the peer median of $0.2558) and no sanctions matches (0).","2026-08-02 00:10:23.084"
980,"WEIGHT_ANOMALY","MEDIUM","Gross weight 44657kg exceeds the 99th percentile 44223kg on YMLU04544","","RESOLVED","","2026-08-01 23:57:42.269","2026-08-01 23:57:48.950","CLEARED by AI decision - no fraud confirmed. Reason: Cost/kg is 0.65x the peer median and sanctions matches = 0.",4538,"2026-08-01 23:57:42.269","The shipment is well below the peer median cost per kg and both counterparties are recognizable real businesses with no sanctions matches.","CLEAR","Cost/kg is 0.65x the peer median and sanctions matches = 0.","2026-08-01 23:57:47.265"
981,"WEIGHT_ANOMALY","MEDIUM","Gross weight 44644kg exceeds the 99th percentile 44223kg on YMLU04644","","RESOLVED","","2026-08-01 23:57:42.269","2026-08-01 23:57:56.478","CLEARED by AI decision - no fraud confirmed. Reason: Cost per kg is 0.55x the peer median, and no sanctions matches.",4638,"2026-08-01 23:57:42.269","The shipment's cost per kg is significantly below the peer median, and there are no sanctions matches. The counterparties are recognizable businesses. The weight anomaly alone is not a sufficient reason to block or escalate.","CLEAR","Cost per kg is 0.55x the peer median, and no sanctions matches.","2026-08-01 23:57:54.812"
982,"WEIGHT_ANOMALY","MEDIUM","Gross weight 44631kg exceeds the 99th percentile 44223kg on EGLV06637","","RESOLVED","","2026-08-01 23:57:42.269","2026-08-01 23:58:03.675","CLEARED by AI decision - no fraud confirmed. Reason: Cost per kg is 0.62x the peer median, both counterparties are recognizable, and no sanctions matches.",6631,"2026-08-01 23:57:42.269","The shipment's cost per kg is 0.62x the peer median, which is well below the threshold for concern. Both counterparties are recognizable real businesses, and there are no sanctions matches. The weight anomaly alone is not sufficient to warrant a block or escalation.","CLEAR","Cost per kg is 0.62x the peer median, both counterparties are recognizable, and no sanctions matches.","2026-08-01 23:58:02.255"
983,"WEIGHT_ANOMALY","MEDIUM","Gross weight 44628kg exceeds the 99th percentile 44223kg on MAEU05457","","RESOLVED","","2026-08-01 23:57:42.269","2026-08-01 23:58:12.272","CLEARED by AI decision - no fraud confirmed. Reason: Cost per kg is 0.59x the peer median, both counterparties are recognizable, and no sanctions matches.",5451,"2026-08-01 23:57:42.269","The shipment's cost per kg is 0.59x the peer median, which is well below the threshold for concern. Both counterparties are recognizable real businesses, and there are no sanctions matches. The weight anomaly alone is not sufficient to raise a flag given the normal cost per kg.","CLEAR","Cost per kg is 0.59x the peer median, both counterparties are recognizable, and no sanctions matches.","2026-08-01 23:58:10.850"
984,"WEIGHT_ANOMALY","MEDIUM","Gross weight 44625kg exceeds the 99th percentile 44223kg on ONEY05334","","RESOLVED","","2026-08-01 23:57:42.269","2026-08-01 23:58:21.351","CLEARED by AI decision - no fraud confirmed. Reason: Cost/kg is 0.71x the peer median, both counterparties are recognizable, and no sanctions matches.",5328,"2026-08-01 23:57:42.269","The shipment's cost per kg is 0.71x the peer median, which is well below the threshold for concern. Both counterparties are recognizable real businesses, and there are no sanctions matches. The weight anomaly alone does not warrant blocking or escalation.","CLEAR","Cost/kg is 0.71x the peer median, both counterparties are recognizable, and no sanctions matches.","2026-08-01 23:58:19.975"
985,"WEIGHT_ANOMALY","MEDIUM","Gross weight 44614kg exceeds the 99th percentile 44223kg on YMLU08066","","RESOLVED","","2026-08-01 23:57:42.269","2026-08-01 23:58:29.562","CLEARED by AI decision - no fraud confirmed. Reason: Cost/kg is 0.54x the peer median, and sanctions matches = 0.",8060,"2026-08-01 23:57:42.269","The shipment's cost per kg is significantly below the peer median, and there are no sanctions matches. Both counterparties are recognizable businesses. The weight anomaly alone does not warrant blocking or escalation.","CLEAR","Cost/kg is 0.54x the peer median, and sanctions matches = 0.","2026-08-01 23:58:28.148"
986,"WEIGHT_ANOMALY","MEDIUM","Gross weight 44607kg exceeds the 99th percentile 44223kg on CAXU03487","","RESOLVED","","2026-08-01 23:57:42.269","2026-08-02 00:08:56.116","CLEARED by AI decision - no fraud confirmed. Reason: Sanctions matches = 0, cost-per-kg band is NORMAL_AT_OR_BELOW_5X_MEDIAN, and both counterparties are recognisable real businesses.",3477,"2026-08-01 23:57:42.269","The key indicators are the cost-per-kg band (NORMAL_AT_OR_BELOW_5X_MEDIAN) and sanctions matches (0). Both counterparties are recognisable real businesses, and the cost per kg is economically ordinary. There are no indications of shell/front companies or extraction issues.","CLEAR","Sanctions matches = 0, cost-per-kg band is NORMAL_AT_OR_BELOW_5X_MEDIAN, and both counterparties are recognisable real businesses.","2026-08-02 00:08:54.484"
987,"WEIGHT_ANOMALY","MEDIUM","Gross weight 44598kg exceeds the 99th percentile 44223kg on MAEU06161","","RESOLVED","","2026-08-01 23:57:42.269","2026-08-02 00:09:06.055","CLEARED by AI decision - no fraud confirmed. Reason: Sanctions matches = 0, cost-per-kg band is NORMAL_AT_OR_BELOW_5X_MEDIAN, and both counterparties are recognisable real businesses.",6155,"2026-08-01 23:57:42.269","The key indicators are the cost-per-kg band (NORMAL_AT_OR_BELOW_5X_MEDIAN) and sanctions matches (0). Both counterparties are recognisable real businesses, and the cost per kg is economically ordinary. There are no indications of fraud or compliance issues.","CLEAR","Sanctions matches = 0, cost-per-kg band is NORMAL_AT_OR_BELOW_5X_MEDIAN, and both counterparties are recognisable real businesses.","2026-08-02 00:09:03.371"
988,"COST_PER_KG_ANOMALY","MEDIUM","Cost/kg $2.1421 vs peer median $0.2558 (8.4x) on YMLU03250","","ESCALATED","","2026-08-02 00:04:37.652","","ESCALATED to compliance team by AI decision. Reason: Cost per kg is $2.1421, 8.37x the peer median of $0.2558, placing it in the ELEVATED_BETWEEN_5X_AND_10X_MEDIAN band.",3240,"2026-08-02 00:04:37.652","The key indicator is the cost per kg, which is $2.1421, 8.37 times the peer median of $0.2558, placing it in the ELEVATED_BETWEEN_5X_AND_10X_MEDIAN band. Both counterparties are recognizable real businesses, and there are no sanctions matches. The elevated cost per kg warrants further investigation.","ESCALATE","Cost per kg is $2.1421, 8.37x the peer median of $0.2558, placing it in the ELEVATED_BETWEEN_5X_AND_10X_MEDIAN band.","2026-08-02 00:07:39.261"
989,"COST_PER_KG_ANOMALY","MEDIUM","Cost/kg $2.1375 vs peer median $0.2558 (8.4x) on CMDU07060","","ESCALATED","","2026-08-02 00:04:37.652","","ESCALATED to compliance team by AI decision. Reason: Cost per kg is $2.1375, 8.36x the peer median of $0.2558, placing it in the ELEVATED_BETWEEN_5X_AND_10X_MEDIAN band.",7054,"2026-08-02 00:04:37.652","The key indicator is the cost per kg, which is $2.1375, 8.36x the peer median of $0.2558, placing it in the ELEVATED_BETWEEN_5X_AND_10X_MEDIAN band. Both counterparties are clear of sanctions.","ESCALATE","Cost per kg is $2.1375, 8.36x the peer median of $0.2558, placing it in the ELEVATED_BETWEEN_5X_AND_10X_MEDIAN band.","2026-08-02 00:07:50.352"
990,"COST_PER_KG_ANOMALY","MEDIUM","Cost/kg $2.1258 vs peer median $0.2558 (8.3x) on MAEU07710","","ESCALATED","","2026-08-02 00:04:37.652","","ESCALATED to compliance team by AI decision. Reason: Cost per kg is $2.1258, 8.31x the peer median of $0.2558, falling in the ELEVATED_BETWEEN_5X_AND_10X_MEDIAN band.",7704,"2026-08-02 00:04:37.652","The key indicator is the cost per kg, which is $2.1258, 8.31 times the peer median of $0.2558, placing it in the ELEVATED_BETWEEN_5X_AND_10X_MEDIAN band. Both counterparties are clear of sanctions.","ESCALATE","Cost per kg is $2.1258, 8.31x the peer median of $0.2558, falling in the ELEVATED_BETWEEN_5X_AND_10X_MEDIAN band.","2026-08-02 00:07:58.412"
991,"COST_PER_KG_ANOMALY","MEDIUM","Cost/kg $2.1011 vs peer median $0.2558 (8.2x) on MSKU05116","","ESCALATED","","2026-08-02 00:04:37.652","","ESCALATED to compliance team by AI decision. Reason: Cost per kg is $2.1011, 8.21x the peer median of $0.2558, placing it in the ELEVATED_BETWEEN_5X_AND_10X_MEDIAN band.",5110,"2026-08-02 00:04:37.652","The key indicator is the cost per kg, which is $2.1011, 8.21 times the peer median of $0.2558, placing it in the ELEVATED_BETWEEN_5X_AND_10X_MEDIAN band. Both counterparties are recognizable real businesses, and there are no sanctions matches.","ESCALATE","Cost per kg is $2.1011, 8.21x the peer median of $0.2558, placing it in the ELEVATED_BETWEEN_5X_AND_10X_MEDIAN band.","2026-08-02 00:08:07.014"
992,"COST_PER_KG_ANOMALY","MEDIUM","Cost/kg $2.0953 vs peer median $0.2558 (8.2x) on MAEU04318","","ESCALATED","","2026-08-02 00:04:37.652","","ESCALATED to compliance team by AI decision. Reason: Cost per kg is $2.0953, 8.19x the median of $0.2558, falling in the ELEVATED band.",4312,"2026-08-02 00:04:37.652","The key indicator is the cost per kg, which is $2.0953, 8.19 times the peer median of $0.2558, placing it in the ELEVATED_BETWEEN_5X_AND_10X_MEDIAN band. Both counterparties are clear of sanctions.","ESCALATE","Cost per kg is $2.0953, 8.19x the median of $0.2558, falling in the ELEVATED band.","2026-08-02 00:08:14.557"
993,"COST_PER_KG_ANOMALY","MEDIUM","Cost/kg $2.0949 vs peer median $0.2558 (8.2x) on MSKU05348","","ESCALATED","","2026-08-02 00:04:37.652","","ESCALATED to compliance team by AI decision. Reason: Cost per kg is $2.0949, 8.19x the peer median of $0.2558, falling in the ELEVATED_BETWEEN_5X_AND_10X_MEDIAN band.",5342,"2026-08-02 00:04:37.652","The key indicator is the cost per kg, which is $2.0949, 8.19 times the peer median of $0.2558, placing it in the ELEVATED_BETWEEN_5X_AND_10X_MEDIAN band. Both counterparties are recognizable real businesses, and there are no sanctions matches. The elevated cost per kg warrants further investigation.","ESCALATE","Cost per kg is $2.0949, 8.19x the peer median of $0.2558, falling in the ELEVATED_BETWEEN_5X_AND_10X_MEDIAN band.","2026-08-02 00:08:23.853"
994,"COST_PER_KG_ANOMALY","MEDIUM","Cost/kg $2.0865 vs peer median $0.2558 (8.2x) on EGLV03327","","ESCALATED","","2026-08-02 00:04:37.652","","ESCALATED to compliance team by AI decision. Reason: Cost per kg is $2.0865, 8.16x the peer median of $0.2558, placing it in the ELEVATED_BETWEEN_5X_AND_10X_MEDIAN band.",3317,"2026-08-02 00:04:37.652","The key indicator is the cost per kg, which is $2.0865, 8.16x the peer median of $0.2558, placing it in the ELEVATED_BETWEEN_5X_AND_10X_MEDIAN band. Both counterparties are recognizable real businesses, and there are no sanctions matches.","ESCALATE","Cost per kg is $2.0865, 8.16x the peer median of $0.2558, placing it in the ELEVATED_BETWEEN_5X_AND_10X_MEDIAN band.","2026-08-02 00:08:31.952"
995,"COST_PER_KG_ANOMALY","MEDIUM","Cost/kg $2.0696 vs peer median $0.2558 (8.1x) on APZU06186","","ESCALATED","","2026-08-02 00:04:37.652","","ESCALATED to compliance team by AI decision. Reason: Cost per kg is $2.0696, 8.09x the peer median of $0.2558, placing it in the ELEVATED_BETWEEN_5X_AND_10X_MEDIAN band.",6180,"2026-08-02 00:04:37.652","The key indicator is the cost per kg, which is $2.0696, 8.09 times the peer median of $0.2558, placing it in the ELEVATED_BETWEEN_5X_AND_10X_MEDIAN band. Both counterparties are recognizable real businesses, and there are no sanctions matches.","ESCALATE","Cost per kg is $2.0696, 8.09x the peer median of $0.2558, placing it in the ELEVATED_BETWEEN_5X_AND_10X_MEDIAN band.","2026-08-02 00:08:42.534"
1004,"HIGH_VALUE_ANOMALY","MEDIUM","Charges $8482 exceed the 99th percentile $8409 on YMLU00346","","RESOLVED","","2026-08-02 00:04:38.024","2026-08-02 00:07:00.257","CLEARED by AI decision - no fraud confirmed. Reason: Sanctions matches = 0, cost-per-kg band is NORMAL_AT_OR_BELOW_5X_MEDIAN ($1.2339, 4.82x the peer median of $0.2558), and both counterparties are recognisable real businesses.",336,"2026-08-02 00:04:38.024","The key indicators are the cost-per-kg band (NORMAL_AT_OR_BELOW_5X_MEDIAN, $1.2339, 4.82x the peer median of $0.2558) and sanctions matches (0). Both counterparties are recognisable real businesses.","CLEAR","Sanctions matches = 0, cost-per-kg band is NORMAL_AT_OR_BELOW_5X_MEDIAN ($1.2339, 4.82x the peer median of $0.2558), and both counterparties are recognisable real businesses.","2026-08-02 00:06:58.755"
1005,"HIGH_VALUE_ANOMALY","MEDIUM","Charges $8480 exceed the 99th percentile $8409 on EGLV06499","","RESOLVED","","2026-08-02 00:04:38.024","2026-08-02 00:07:09.597","CLEARED by AI decision - no fraud confirmed. Reason: Cost per kg is within the normal range (1.82x the peer median of $0.2558) and there are no sanctions matches (0).",6493,"2026-08-02 00:04:38.024","The alert indicates a high-value anomaly, but the cost per kg is within the normal range (1.82x the peer median of $0.2558), and there are no sanctions matches. Both counterparties are recognizable real businesses. The key indicators are cost per kg ($0.465) and sanctions matches (0).","CLEAR","Cost per kg is within the normal range (1.82x the peer median of $0.2558) and there are no sanctions matches (0).","2026-08-02 00:07:08.139"
1006,"HIGH_VALUE_ANOMALY","MEDIUM","Charges $8474 exceed the 99th percentile $8409 on CMDU02566","","RESOLVED","","2026-08-02 00:04:38.024","2026-08-02 00:07:17.796","CLEARED by AI decision - no fraud confirmed. Reason: Sanctions matches = 0, cost-per-kg band is NORMAL_AT_OR_BELOW_5X_MEDIAN, and both counterparties are recognisable real businesses.",2556,"2026-08-02 00:04:38.024","The key indicators are the cost-per-kg band (NORMAL_AT_OR_BELOW_5X_MEDIAN) and sanctions matches (0). Both counterparties are recognisable real businesses, and the cost per kg is within normal limits.","CLEAR","Sanctions matches = 0, cost-per-kg band is NORMAL_AT_OR_BELOW_5X_MEDIAN, and both counterparties are recognisable real businesses.","2026-08-02 00:07:16.353"
1007,"HIGH_VALUE_ANOMALY","MEDIUM","Charges $8474 exceed the 99th percentile $8409 on CAXU02545","","RESOLVED","","2026-08-02 00:04:38.024","2026-08-02 00:07:25.908","CLEARED by AI decision - no fraud confirmed. Reason: Sanctions matches = 0, cost-per-kg band is NORMAL_AT_OR_BELOW_5X_MEDIAN, and both counterparties are recognisable real businesses.",2535,"2026-08-02 00:04:38.024","The key indicators are the cost-per-kg band (NORMAL_AT_OR_BELOW_5X_MEDIAN) and sanctions matches (0). Both counterparties are recognisable real businesses, and the cost per kg is within the normal range.","CLEAR","Sanctions matches = 0, cost-per-kg band is NORMAL_AT_OR_BELOW_5X_MEDIAN, and both counterparties are recognisable real businesses.","2026-08-02 00:07:24.437"
1008,"WEIGHT_ANOMALY","MEDIUM","Gross weight 44551kg exceeds the 99th percentile 44223kg on APZU04944","","RESOLVED","","2026-08-02 00:04:38.362","2026-08-02 00:04:46.485","CLEARED by AI decision - no fraud confirmed. Reason: Sanctions matches = 0, cost-per-kg band is NORMAL_AT_OR_BELOW_5X_MEDIAN, and both counterparties are recognisable real businesses.",4938,"2026-08-02 00:04:38.362","The key indicators are the cost-per-kg band (NORMAL_AT_OR_BELOW_5X_MEDIAN) and sanctions matches (0). Both counterparties are recognisable real businesses, and the cost per kg is economically ordinary. There are no indications of fraud or compliance issues.","CLEAR","Sanctions matches = 0, cost-per-kg band is NORMAL_AT_OR_BELOW_5X_MEDIAN, and both counterparties are recognisable real businesses.","2026-08-02 00:04:44.995"
1009,"WEIGHT_ANOMALY","MEDIUM","Gross weight 44498kg exceeds the 99th percentile 44223kg on CAXU03479","","RESOLVED","","2026-08-02 00:04:38.362","2026-08-02 00:04:54.563","CLEARED by AI decision - no fraud confirmed. Reason: Sanctions matches = 0, cost-per-kg band is NORMAL_AT_OR_BELOW_5X_MEDIAN, and both counterparties are recognisable real businesses.",3469,"2026-08-02 00:04:38.362","The key indicators are the cost-per-kg band (NORMAL_AT_OR_BELOW_5X_MEDIAN) and sanctions matches (0). Both counterparties are recognisable real businesses, and the cost per kg is economically ordinary.","CLEAR","Sanctions matches = 0, cost-per-kg band is NORMAL_AT_OR_BELOW_5X_MEDIAN, and both counterparties are recognisable real businesses.","2026-08-02 00:04:53.099"
1010,"WEIGHT_ANOMALY","MEDIUM","Gross weight 44493kg exceeds the 99th percentile 44223kg on YMLU01406","","RESOLVED","","2026-08-02 00:04:38.362","2026-08-02 00:05:06.890","CLEARED by AI decision - no fraud confirmed. Reason: Sanctions matches = 0, cost-per-kg band is NORMAL_AT_OR_BELOW_5X_MEDIAN, and both counterparties are recognisable real businesses.",1396,"2026-08-02 00:04:38.362","The key indicators are the cost-per-kg band (NORMAL_AT_OR_BELOW_5X_MEDIAN) and sanctions matches (0). Both counterparties are recognisable real businesses, and the cost per kg is economically ordinary. There are no indicators of high risk.","CLEAR","Sanctions matches = 0, cost-per-kg band is NORMAL_AT_OR_BELOW_5X_MEDIAN, and both counterparties are recognisable real businesses.","2026-08-02 00:05:05.482"
1011,"WEIGHT_ANOMALY","MEDIUM","Gross weight 44492kg exceeds the 99th percentile 44223kg on CMDU05001","","RESOLVED","","2026-08-02 00:04:38.362","2026-08-02 00:05:15.383","CLEARED by AI decision - no fraud confirmed. Reason: Sanctions matches = 0, cost-per-kg band is NORMAL_AT_OR_BELOW_5X_MEDIAN, and both counterparties are recognisable real businesses.",4995,"2026-08-02 00:04:38.362","The key indicators are the cost-per-kg band (NORMAL_AT_OR_BELOW_5X_MEDIAN) and sanctions matches (0). Both counterparties are recognisable real businesses, and the cost per kg is economically ordinary. There are no indicators of high risk.","CLEAR","Sanctions matches = 0, cost-per-kg band is NORMAL_AT_OR_BELOW_5X_MEDIAN, and both counterparties are recognisable real businesses.","2026-08-02 00:05:13.936"
1012,"WEIGHT_ANOMALY","MEDIUM","Gross weight 44481kg exceeds the 99th percentile 44223kg on OOLU09982","","RESOLVED","","2026-08-02 00:04:38.362","2026-08-02 00:05:25.694","CLEARED by AI decision - no fraud confirmed. Reason: Sanctions matches = 0, cost-per-kg band is NORMAL_AT_OR_BELOW_5X_MEDIAN, and both counterparties are recognisable real businesses.",9976,"2026-08-02 00:04:38.362","The key indicators are the cost-per-kg band (NORMAL_AT_OR_BELOW_5X_MEDIAN) and sanctions matches (0). Both counterparties are recognisable real businesses, and the cost per kg is economically ordinary. There are no indications of fraud or compliance issues.","CLEAR","Sanctions matches = 0, cost-per-kg band is NORMAL_AT_OR_BELOW_5X_MEDIAN, and both counterparties are recognisable real businesses.","2026-08-02 00:05:24.210"
1013,"WEIGHT_ANOMALY","MEDIUM","Gross weight 44477kg exceeds the 99th percentile 44223kg on APZU06965","","RESOLVED","","2026-08-02 00:04:38.362","2026-08-02 00:05:33.884","CLEARED by AI decision - no fraud confirmed. Reason: Sanctions matches = 0, cost-per-kg band is NORMAL_AT_OR_BELOW_5X_MEDIAN, and both counterparties are recognisable real businesses.",6959,"2026-08-02 00:04:38.362","The key indicators are the cost-per-kg band (NORMAL_AT_OR_BELOW_5X_MEDIAN) and sanctions matches (0). Both counterparties are recognisable real businesses, and the cost per kg is economically ordinary. There are no indications of fraud or compliance issues.","CLEAR","Sanctions matches = 0, cost-per-kg band is NORMAL_AT_OR_BELOW_5X_MEDIAN, and both counterparties are recognisable real businesses.","2026-08-02 00:05:32.391"
1014,"WEIGHT_ANOMALY","MEDIUM","Gross weight 44466kg exceeds the 99th percentile 44223kg on CMDU05604","","RESOLVED","","2026-08-02 00:04:38.362","2026-08-02 00:05:42.108","CLEARED by AI decision - no fraud confirmed. Reason: Sanctions matches = 0, cost-per-kg band is NORMAL_AT_OR_BELOW_5X_MEDIAN, and both counterparties are recognisable real businesses.",5598,"2026-08-02 00:04:38.362","The key indicators are the cost-per-kg band (NORMAL_AT_OR_BELOW_5X_MEDIAN) and sanctions matches (0). Both counterparties are recognisable real businesses, and the cost per kg is economically ordinary. There are no indications of fraud or compliance issues.","CLEAR","Sanctions matches = 0, cost-per-kg band is NORMAL_AT_OR_BELOW_5X_MEDIAN, and both counterparties are recognisable real businesses.","2026-08-02 00:05:40.569"
1015,"WEIGHT_ANOMALY","MEDIUM","Gross weight 44464kg exceeds the 99th percentile 44223kg on MAEU07970","","RESOLVED","","2026-08-02 00:04:38.362","2026-08-02 00:05:54.318","CLEARED by AI decision - no fraud confirmed. Reason: Sanctions matches = 0, cost-per-kg band is NORMAL_AT_OR_BELOW_5X_MEDIAN, and both counterparties are recognisable real businesses.",7964,"2026-08-02 00:04:38.362","The key indicators are the cost-per-kg band (NORMAL_AT_OR_BELOW_5X_MEDIAN) and sanctions matches (0). Both counterparties are recognisable real businesses, and the cost per kg is economically ordinary.","CLEAR","Sanctions matches = 0, cost-per-kg band is NORMAL_AT_OR_BELOW_5X_MEDIAN, and both counterparties are recognisable real businesses.","2026-08-02 00:05:52.770"
1016,"COST_PER_KG_ANOMALY","MEDIUM","Cost/kg $2.0672 vs peer median $0.2557 (8.1x) on HLCU06352","","OPEN","","2026-08-02 01:36:28.353","","",6346,"2026-08-02 01:36:28.353","","","",""
1017,"COST_PER_KG_ANOMALY","MEDIUM","Cost/kg $2.067 vs peer median $0.2557 (8.1x) on YMLU02229","","OPEN","","2026-08-02 01:36:28.353","","",2219,"2026-08-02 01:36:28.353","","","",""
1018,"COST_PER_KG_ANOMALY","MEDIUM","Cost/kg $2.0629 vs peer median $0.2557 (8.1x) on MSKU05224","","OPEN","","2026-08-02 01:36:28.353","","",5218,"2026-08-02 01:36:28.353","","","",""
1019,"COST_PER_KG_ANOMALY","MEDIUM","Cost/kg $2.0585 vs peer median $0.2557 (8.1x) on OOLU02034","","OPEN","","2026-08-02 01:36:28.353","","",2024,"2026-08-02 01:36:28.353","","","",""
1020,"COST_PER_KG_ANOMALY","MEDIUM","Cost/kg $2.0525 vs peer median $0.2557 (8x) on OOLU01853","","OPEN","","2026-08-02 01:36:28.353","","",1843,"2026-08-02 01:36:28.353","","","",""
1021,"COST_PER_KG_ANOMALY","MEDIUM","Cost/kg $2.0503 vs peer median $0.2557 (8x) on EGLV00292","","OPEN","","2026-08-02 01:36:28.353","","",282,"2026-08-02 01:36:28.353","","","",""
1022,"COST_PER_KG_ANOMALY","MEDIUM","Cost/kg $2.044 vs peer median $0.2557 (8x) on YMLU06846","","OPEN","","2026-08-02 01:36:28.353","","",6840,"2026-08-02 01:36:28.353","","","",""
1023,"COST_PER_KG_ANOMALY","MEDIUM","Cost/kg $2.0367 vs peer median $0.2557 (8x) on APZU09126","","OPEN","","2026-08-02 01:36:28.353","","",9120,"2026-08-02 01:36:28.353","","","",""
1024,"HIGH_VALUE_ANOMALY","MEDIUM","Charges $8473 exceed the 99th percentile $8406 on CAXU03075","","OPEN","","2026-08-02 01:36:28.673","","",3065,"2026-08-02 01:36:28.673","","","",""
1025,"HIGH_VALUE_ANOMALY","MEDIUM","Charges $8468 exceed the 99th percentile $8406 on HLCU07193","","OPEN","","2026-08-02 01:36:28.673","","",7187,"2026-08-02 01:36:28.673","","","",""
1026,"HIGH_VALUE_ANOMALY","MEDIUM","Charges $8466 exceed the 99th percentile $8406 on CAXU06051","","OPEN","","2026-08-02 01:36:28.673","","",6045,"2026-08-02 01:36:28.673","","","",""
1027,"HIGH_VALUE_ANOMALY","MEDIUM","Charges $8461 exceed the 99th percentile $8406 on ONEY03798","","OPEN","","2026-08-02 01:36:28.673","","",3788,"2026-08-02 01:36:28.673","","","",""
1028,"HIGH_VALUE_ANOMALY","MEDIUM","Charges $8454 exceed the 99th percentile $8406 on OOLU01619","","OPEN","","2026-08-02 01:36:28.673","","",1609,"2026-08-02 01:36:28.673","","","",""
1029,"HIGH_VALUE_ANOMALY","MEDIUM","Charges $8453 exceed the 99th percentile $8406 on ONEY01059","","OPEN","","2026-08-02 01:36:28.673","","",1049,"2026-08-02 01:36:28.673","","","",""
1030,"HIGH_VALUE_ANOMALY","MEDIUM","Charges $8453 exceed the 99th percentile $8406 on ONEY04052","","OPEN","","2026-08-02 01:36:28.673","","",4042,"2026-08-02 01:36:28.673","","","",""
1031,"HIGH_VALUE_ANOMALY","MEDIUM","Charges $8451 exceed the 99th percentile $8406 on YMLU08425","","OPEN","","2026-08-02 01:36:28.673","","",8419,"2026-08-02 01:36:28.673","","","",""
1032,"WEIGHT_ANOMALY","MEDIUM","Gross weight 44463kg exceeds the 99th percentile 44202kg on OOLU05060","","RESOLVED","","2026-08-02 01:36:28.985","2026-08-02 01:36:36.702","CLEARED by AI decision - no fraud confirmed. Reason: Sanctions matches = 0, cost-per-kg band is NORMAL_AT_OR_BELOW_5X_MEDIAN, and both counterparties are recognisable real businesses.",5054,"2026-08-02 01:36:28.985","The key indicators are the cost-per-kg band (NORMAL_AT_OR_BELOW_5X_MEDIAN) and sanctions matches (0). Both counterparties are recognisable real businesses, and the cost per kg is economically ordinary. There are no indications of fraud or compliance issues.","CLEAR","Sanctions matches = 0, cost-per-kg band is NORMAL_AT_OR_BELOW_5X_MEDIAN, and both counterparties are recognisable real businesses.","2026-08-02 01:36:35.200"
1033,"WEIGHT_ANOMALY","MEDIUM","Gross weight 44461kg exceeds the 99th percentile 44202kg on ONEY09879","","RESOLVED","","2026-08-02 01:36:28.985","2026-08-02 01:37:48.379","CLEARED by AI decision - no fraud confirmed. Reason: Sanctions matches = 0, cost-per-kg band is NORMAL_AT_OR_BELOW_5X_MEDIAN, and both counterparties are recognisable real businesses.",9873,"2026-08-02 01:36:28.985","The key indicators are the cost-per-kg band (NORMAL_AT_OR_BELOW_5X_MEDIAN) and sanctions matches (0). Both counterparties are recognisable real businesses, and the cost per kg is economically ordinary. There are no indicators of high risk.","CLEAR","Sanctions matches = 0, cost-per-kg band is NORMAL_AT_OR_BELOW_5X_MEDIAN, and both counterparties are recognisable real businesses.","2026-08-02 01:37:46.946"
1034,"WEIGHT_ANOMALY","MEDIUM","Gross weight 44456kg exceeds the 99th percentile 44202kg on HLCU05481","","RESOLVED","","2026-08-02 01:36:28.985","2026-08-02 03:23:58.644","CLEARED by AI decision - no fraud confirmed. Reason: Sanctions matches = 0, cost-per-kg band is NORMAL_AT_OR_BELOW_5X_MEDIAN, and both counterparties are recognisable real businesses.",5475,"2026-08-02 01:36:28.985","The key indicators are the cost-per-kg band (NORMAL_AT_OR_BELOW_5X_MEDIAN) and sanctions matches (0). Both counterparties are recognisable real businesses, and the cost per kg is economically ordinary. There are no indicators of high risk.","CLEAR","Sanctions matches = 0, cost-per-kg band is NORMAL_AT_OR_BELOW_5X_MEDIAN, and both counterparties are recognisable real businesses.","2026-08-02 03:23:57.097"
1035,"WEIGHT_ANOMALY","MEDIUM","Gross weight 44454kg exceeds the 99th percentile 44202kg on MAEU02172","","OPEN","","2026-08-02 01:36:28.985","","",2162,"2026-08-02 01:36:28.985","","","",""
1036,"WEIGHT_ANOMALY","MEDIUM","Gross weight 44439kg exceeds the 99th percentile 44202kg on EGLV06226","","OPEN","","2026-08-02 01:36:28.985","","",6220,"2026-08-02 01:36:28.985","","","",""
1037,"WEIGHT_ANOMALY","MEDIUM","Gross weight 44412kg exceeds the 99th percentile 44202kg on YMLU02836","","OPEN","","2026-08-02 01:36:28.985","","",2826,"2026-08-02 01:36:28.985","","","",""
1038,"WEIGHT_ANOMALY","MEDIUM","Gross weight 44401kg exceeds the 99th percentile 44202kg on HLCU05678","","OPEN","","2026-08-02 01:36:28.985","","",5672,"2026-08-02 01:36:28.985","","","",""
1039,"WEIGHT_ANOMALY","MEDIUM","Gross weight 44400kg exceeds the 99th percentile 44202kg on HLCU09524","","OPEN","","2026-08-02 01:36:28.985","","",9518,"2026-08-02 01:36:28.985","","","",""
1200,"COST_PER_KG_ANOMALY","MEDIUM","Cost/kg $2.0365 vs peer median $0.2557 (8x) on MAEU05473","","OPEN","","2026-08-16 21:34:23.351","","",5467,"2026-08-16 21:34:23.351","","","",""
1201,"COST_PER_KG_ANOMALY","MEDIUM","Cost/kg $2.0342 vs peer median $0.2557 (8x) on ONEY02104","","OPEN","","2026-08-16 21:34:23.351","","",2094,"2026-08-16 21:34:23.351","","","",""
1202,"COST_PER_KG_ANOMALY","MEDIUM","Cost/kg $2.0324 vs peer median $0.2557 (7.9x) on MSKU02484","","OPEN","","2026-08-16 21:34:23.351","","",2474,"2026-08-16 21:34:23.351","","","",""
1203,"COST_PER_KG_ANOMALY","MEDIUM","Cost/kg $2.026 vs peer median $0.2557 (7.9x) on HLCU09829","","OPEN","","2026-08-16 21:34:23.351","","",9823,"2026-08-16 21:34:23.351","","","",""
1204,"COST_PER_KG_ANOMALY","MEDIUM","Cost/kg $2.0173 vs peer median $0.2557 (7.9x) on CMDU02896","","OPEN","","2026-08-16 21:34:23.351","","",2886,"2026-08-16 21:34:23.351","","","",""
1205,"COST_PER_KG_ANOMALY","MEDIUM","Cost/kg $2.0129 vs peer median $0.2557 (7.9x) on CAXU05183","","OPEN","","2026-08-16 21:34:23.351","","",5177,"2026-08-16 21:34:23.351","","","",""
1206,"COST_PER_KG_ANOMALY","MEDIUM","Cost/kg $2.0047 vs peer median $0.2557 (7.8x) on CAXU03087","","OPEN","","2026-08-16 21:34:23.351","","",3077,"2026-08-16 21:34:23.351","","","",""
1207,"COST_PER_KG_ANOMALY","MEDIUM","Cost/kg $2 vs peer median $0.2557 (7.8x) on OOLU01754","","OPEN","","2026-08-16 21:34:23.351","","",1744,"2026-08-16 21:34:23.351","","","",""
1208,"HIGH_VALUE_ANOMALY","MEDIUM","Charges $8450 exceed the 99th percentile $8406 on HLCU06469","","OPEN","","2026-08-16 21:34:23.753","","",6463,"2026-08-16 21:34:23.753","","","",""
1209,"HIGH_VALUE_ANOMALY","MEDIUM","Charges $8446 exceed the 99th percentile $8406 on MAEU06467","","OPEN","","2026-08-16 21:34:23.753","","",6461,"2026-08-16 21:34:23.753","","","",""
1210,"HIGH_VALUE_ANOMALY","MEDIUM","Charges $8446 exceed the 99th percentile $8406 on MAEU01699","","OPEN","","2026-08-16 21:34:23.753","","",1689,"2026-08-16 21:34:23.753","","","",""
1211,"HIGH_VALUE_ANOMALY","MEDIUM","Charges $8446 exceed the 99th percentile $8406 on EGLV02857","","OPEN","","2026-08-16 21:34:23.753","","",2847,"2026-08-16 21:34:23.753","","","",""
1212,"HIGH_VALUE_ANOMALY","MEDIUM","Charges $8446 exceed the 99th percentile $8406 on OOLU00768","","OPEN","","2026-08-16 21:34:23.753","","",758,"2026-08-16 21:34:23.753","","","",""
1213,"HIGH_VALUE_ANOMALY","MEDIUM","Charges $8443 exceed the 99th percentile $8406 on CMDU02922","","OPEN","","2026-08-16 21:34:23.753","","",2912,"2026-08-16 21:34:23.753","","","",""
1214,"HIGH_VALUE_ANOMALY","MEDIUM","Charges $8442 exceed the 99th percentile $8406 on HLCU05226","","OPEN","","2026-08-16 21:34:23.753","","",5220,"2026-08-16 21:34:23.753","","","",""
1215,"HIGH_VALUE_ANOMALY","MEDIUM","Charges $8436 exceed the 99th percentile $8406 on APZU00733","","OPEN","","2026-08-16 21:34:23.753","","",723,"2026-08-16 21:34:23.753","","","",""
1216,"WEIGHT_ANOMALY","MEDIUM","Gross weight 44387kg exceeds the 99th percentile 44202kg on HLCU00205","","RESOLVED","","2026-08-16 21:34:24.083","2026-08-16 21:34:33.373","CLEARED by AI decision - no fraud confirmed. Reason: Sanctions matches = 0, cost-per-kg band is NORMAL_AT_OR_BELOW_5X_MEDIAN, and both counterparties are recognisable real businesses.",195,"2026-08-16 21:34:24.083","The key indicators are the cost-per-kg band (NORMAL_AT_OR_BELOW_5X_MEDIAN) and sanctions matches (0). Both counterparties are recognisable real businesses, and the cost per kg is economically ordinary. There are no indications of fraud or compliance issues.","CLEAR","Sanctions matches = 0, cost-per-kg band is NORMAL_AT_OR_BELOW_5X_MEDIAN, and both counterparties are recognisable real businesses.","2026-08-16 21:34:31.720"
1217,"WEIGHT_ANOMALY","MEDIUM","Gross weight 44378kg exceeds the 99th percentile 44202kg on ONEY09742","","RESOLVED","","2026-08-16 21:34:24.083","2026-08-16 22:55:55.285","CLEARED by AI decision - no fraud confirmed. Reason: Sanctions matches = 0, cost-per-kg band is NORMAL_AT_OR_BELOW_5X_MEDIAN, and both counterparties are recognisable real businesses.",9736,"2026-08-16 21:34:24.083","The key indicators are the cost-per-kg band (NORMAL_AT_OR_BELOW_5X_MEDIAN) and sanctions matches (0). Both counterparties are recognisable real businesses, and the cost per kg is economically ordinary. There are no indications of fraud or compliance issues.","CLEAR","Sanctions matches = 0, cost-per-kg band is NORMAL_AT_OR_BELOW_5X_MEDIAN, and both counterparties are recognisable real businesses.","2026-08-16 22:55:52.784"
1218,"WEIGHT_ANOMALY","MEDIUM","Gross weight 44376kg exceeds the 99th percentile 44202kg on ONEY09918","","RESOLVED","","2026-08-16 21:34:24.083","2026-08-16 23:22:27.415","CLEARED by AI decision - no fraud confirmed. Reason: Sanctions matches = 0, cost-per-kg band is NORMAL_AT_OR_BELOW_5X_MEDIAN, and both counterparties are recognisable real businesses.",9912,"2026-08-16 21:34:24.083","The key indicators are the cost-per-kg band (NORMAL_AT_OR_BELOW_5X_MEDIAN) and sanctions matches (0). Both counterparties are recognisable real businesses, and the cost per kg is economically ordinary. There are no indications of fraud or compliance issues.","CLEAR","Sanctions matches = 0, cost-per-kg band is NORMAL_AT_OR_BELOW_5X_MEDIAN, and both counterparties are recognisable real businesses.","2026-08-16 23:22:25.248"
1219,"WEIGHT_ANOMALY","MEDIUM","Gross weight 44375kg exceeds the 99th percentile 44202kg on MAEU03298","","OPEN","","2026-08-16 21:34:24.083","","",3288,"2026-08-16 21:34:24.083","","","",""
1220,"WEIGHT_ANOMALY","MEDIUM","Gross weight 44375kg exceeds the 99th percentile 44202kg on HLCU01450","","OPEN","","2026-08-16 21:34:24.083","","",1440,"2026-08-16 21:34:24.083","","","",""
1221,"WEIGHT_ANOMALY","MEDIUM","Gross weight 44374kg exceeds the 99th percentile 44202kg on MSKU07172","","OPEN","","2026-08-16 21:34:24.083","","",7166,"2026-08-16 21:34:24.083","","","",""
1222,"WEIGHT_ANOMALY","MEDIUM","Gross weight 44351kg exceeds the 99th percentile 44202kg on OOLU08463","","OPEN","","2026-08-16 21:34:24.083","","",8457,"2026-08-16 21:34:24.083","","","",""
1223,"WEIGHT_ANOMALY","MEDIUM","Gross weight 44301kg exceeds the 99th percentile 44202kg on APZU09938","","OPEN","","2026-08-16 21:34:24.083","","",9932,"2026-08-16 21:34:24.083","","","",""
802,"COST_PER_KG_ANOMALY","MEDIUM","Cost/kg $1.9778 vs median $0.2547 on APZU08259","","OPEN","","2026-08-17 22:32:03.318","","",8253,"2026-08-17 22:32:03.318","","","",""
805,"COST_PER_KG_ANOMALY","MEDIUM","Cost/kg $1.9439 vs median $0.2547 on CAXU00274","","OPEN","","2026-08-17 22:32:03.318","","",264,"2026-08-17 22:32:03.318","","","",""
806,"COST_PER_KG_ANOMALY","MEDIUM","Cost/kg $1.9374 vs median $0.2547 on CAXU01304","","OPEN","","2026-08-17 22:32:03.318","","",1294,"2026-08-17 22:32:03.318","","","",""
807,"COST_PER_KG_ANOMALY","MEDIUM","Cost/kg $1.9308 vs median $0.2547 on HLCU05171","","OPEN","","2026-08-17 22:32:03.318","","",5165,"2026-08-17 22:32:03.318","","","",""
808,"HIGH_VALUE_ANOMALY","MEDIUM","Charges $8435 exceed p99 $8421 on CMDU09173","","RESOLVED","","2026-08-17 22:32:03.716","2026-08-17 22:32:15.178","CLEARED by AI - no fraud. Reason: Sanctions=0, band is NORMAL, and counterparties are real businesses.",9167,"2026-08-17 22:32:03.716","The shipment from Phong Phu Garment to Home Depot, with a cost per kg of $0.578, falls within the NORMAL_AT_OR_BELOW_5X_MEDIAN band. There are no sanctions matches, and both the shipper and consignee are known businesses.","CLEAR","Sanctions=0, band is NORMAL, and counterparties are real businesses.","2026-08-17 22:32:12.913"
809,"HIGH_VALUE_ANOMALY","MEDIUM","Charges $8435 exceed p99 $8421 on HLCU00486","","OPEN","","2026-08-17 22:32:03.716","","",476,"2026-08-17 22:32:03.716","","","",""
810,"HIGH_VALUE_ANOMALY","MEDIUM","Charges $8433 exceed p99 $8421 on EGLV03171","","OPEN","","2026-08-17 22:32:03.716","","",3161,"2026-08-17 22:32:03.716","","","",""
811,"HIGH_VALUE_ANOMALY","MEDIUM","Charges $8432 exceed p99 $8421 on ONEY02274","","OPEN","","2026-08-17 22:32:03.716","","",2264,"2026-08-17 22:32:03.716","","","",""
812,"HIGH_VALUE_ANOMALY","MEDIUM","Charges $8426 exceed p99 $8421 on HLCU00449","","OPEN","","2026-08-17 22:32:03.716","","",439,"2026-08-17 22:32:03.716","","","",""
813,"HIGH_VALUE_ANOMALY","MEDIUM","Charges $8425 exceed p99 $8421 on APZU03147","","OPEN","","2026-08-17 22:32:03.716","","",3137,"2026-08-17 22:32:03.716","","","",""
814,"HIGH_VALUE_ANOMALY","MEDIUM","Charges $8421 exceed p99 $8421 on CAXU08527","","OPEN","","2026-08-17 22:32:03.716","","",8521,"2026-08-17 22:32:03.716","","","",""
900,"HIGH_VALUE_ANOMALY","MEDIUM","Charges $8664 exceed the 99th percentile $8409 on EGLV00261","","INVESTIGATING","","2026-08-01 23:39:37.993","2026-08-02 00:29:30.344","CLEARED by AI decision - no fraud confirmed. Reason: Cost per kg is within normal range ($0.333, 1.3x median), no sanctions matches, and both counterparties are recognizable real businesses.",251,"2026-08-01 23:39:37.993","The shipment from Binh Tien Consumer to Target Corp. has a cost per kg of $0.333, which is within the NORMAL_AT_OR_BELOW_5X_MEDIAN band. There are no sanctions matches, and both the shipper and consignee are real businesses. The cost per kg does not justify a BLOCK or ESCALATE decision on its own.","CLEAR","Sanctions=0, band is NORMAL, and counterparties are real businesses.","2026-08-18 06:51:20.014"
901,"HIGH_VALUE_ANOMALY","MEDIUM","Charges $8648 exceed the 99th percentile $8409 on YMLU07775","","INVESTIGATING","","2026-08-01 23:39:37.993","2026-08-02 00:29:39.685","CLEARED by AI decision - no fraud confirmed. Reason: Cost per kg is within the normal range (1.1x the peer median of $0.2558) and there are no sanctions matches (0).",7769,"2026-08-01 23:39:37.993","The shipment from Viettel Electronics to Fashion Retail Inc. via route JPYOK -> AEJEA has a cost per kg of $0.2807, which is within the NORMAL_AT_OR_BELOW_5X_MEDIAN band. There are no sanctions matches, and both the shipper and consignee are real businesses. The cost per kg does not justify a BLOCK or ESCALATE decision alone.","CLEAR","Sanctions matches are 0, the cost per kg band is NORMAL, and both the shipper and consignee are real businesses.","2026-08-18 06:56:21.075"
902,"HIGH_VALUE_ANOMALY","MEDIUM","Charges $8641 exceed the 99th percentile $8409 on APZU02868","","INVESTIGATING","","2026-08-01 23:39:37.993","2026-08-02 00:29:48.292","CLEARED by AI decision - no fraud confirmed. Reason: Sanctions matches = 0, cost-per-kg band is NORMAL_AT_OR_BELOW_5X_MEDIAN, and both counterparties are recognizable real businesses.",2858,"2026-08-01 23:39:37.993","The shipment from Samsung Vietnam to Fashion Retail Inc. has a cost per kg of $0.5457, which is 2.13 times the median of $0.2557. This falls within the NORMAL_AT_OR_BELOW_5X_MEDIAN band. There are no sanctions matches, and both the shipper and consignee are known businesses. The route from MYPKG to DEHAM is economically ordinary and does not justify a BLOCK or ESCALATE decision alone.","CLEAR","Sanctions=0, band is NORMAL, and counterparties are real businesses.","2026-08-18 07:01:22.594"
1000,"HIGH_VALUE_ANOMALY","MEDIUM","Charges $8493 exceed the 99th percentile $8409 on APZU09883","","INVESTIGATING","","2026-08-02 00:04:38.024","2026-08-02 00:06:03.563","CLEARED by AI decision - no fraud confirmed. Reason: Sanctions matches = 0, cost-per-kg band is NORMAL_AT_OR_BELOW_5X_MEDIAN, and both counterparties are recognizable real businesses.",9877,"2026-08-02 00:04:38.024","The shipment from Phong Phu Garment to JD Logistics via route HKHKG -> CNNGB has a cost per kg of $0.3623, which is 1.42 times the median of $0.2557. This falls within the NORMAL_AT_OR_BELOW_5X_MEDIAN band. There are no sanctions matches, and both the shipper and consignee are known businesses. The cost per kg is economically ordinary and does not justify a BLOCK or ESCALATE decision alone.","CLEAR","Sanctions matches are 0, the cost per kg band is NORMAL, and the counterparties are real businesses.","2026-08-18 07:06:23.149"
1001,"HIGH_VALUE_ANOMALY","MEDIUM","Charges $8491 exceed the 99th percentile $8409 on MAEU01232","","INVESTIGATING","","2026-08-02 00:04:38.024","2026-08-02 00:06:12.507","CLEARED by AI decision - no fraud confirmed. Reason: Sanctions matches = 0, cost-per-kg band is NORMAL_AT_OR_BELOW_5X_MEDIAN, and both counterparties are recognizable real businesses.",1222,"2026-08-02 00:04:38.024","The shipment from Nike Vietnam to Target Corp. has a cost per kg of $0.2645, which is within the normal band (1.03x median $0.2557). There are no sanctions matches, and both the shipper and consignee are well-known businesses. The route from USLAX to INMUN is economically ordinary and does not justify a block or escalation alone.","CLEAR","Sanctions=0 AND band is NORMAL AND counterparties are real businesses.","2026-08-18 07:11:19.382"
1002,"HIGH_VALUE_ANOMALY","MEDIUM","Charges $8489 exceed the 99th percentile $8409 on EGLV09230","","INVESTIGATING","","2026-08-02 00:04:38.024","2026-08-02 00:06:27.964","CLEARED by AI decision - no fraud confirmed. Reason: Sanctions matches = 0, cost-per-kg band is NORMAL_AT_OR_BELOW_5X_MEDIAN, and both counterparties are recognizable real businesses.",9224,"2026-08-02 00:04:38.024","The shipment from Hoa Sen Group to Tesco PLC via route USNYC to THLCH has a cost per kg of $0.2986, which is 1.17 times the median of $0.2557. This falls within the NORMAL_AT_OR_BELOW_5X_MEDIAN band. There are no sanctions matches, and both the shipper and consignee are known businesses. The cost per kg is economically ordinary and does not justify a BLOCK or ESCALATE decision on its own.","CLEAR","Sanctions matches are 0, the cost per kg band is NORMAL, and both the shipper and consignee are real businesses.","2026-08-18 07:16:22.063"
1003,"HIGH_VALUE_ANOMALY","MEDIUM","Charges $8484 exceed the 99th percentile $8409 on ONEY05824","","INVESTIGATING","","2026-08-02 00:04:38.024","2026-08-02 00:06:42.340","CLEARED by AI decision - no fraud confirmed. Reason: Sanctions matches = 0, cost-per-kg band is NORMAL_AT_OR_BELOW_5X_MEDIAN, and both counterparties are recognisable real businesses.",5818,"2026-08-02 00:04:38.024","The shipment from Toyota Vietnam to Lazada Group has a cost per kg of $0.8491, which is 3.32 times the median of $0.2557. This falls within the NORMAL_AT_OR_BELOW_5X_MEDIAN band. There are no sanctions matches. Both the shipper and consignee are known businesses.","CLEAR","The cost per kg is within the normal band, there are no sanctions, and both counterparties are real businesses.","2026-08-18 07:21:19.423"
1224,"COST_PER_KG_ANOMALY","MEDIUM","Cost/kg $1.9979 vs median $0.2547 on CAXU05905","","OPEN","","2026-08-17 22:32:03.318","","",5899,"2026-08-17 22:32:03.318","","","",""
1225,"COST_PER_KG_ANOMALY","MEDIUM","Cost/kg $1.9902 vs median $0.2547 on YMLU07393","","OPEN","","2026-08-17 22:32:03.318","","",7387,"2026-08-17 22:32:03.318","","","",""
1226,"COST_PER_KG_ANOMALY","MEDIUM","Cost/kg $1.9545 vs median $0.2547 on OOLU02815","","OPEN","","2026-08-17 22:32:03.318","","",2805,"2026-08-17 22:32:03.318","","","",""
1227,"COST_PER_KG_ANOMALY","MEDIUM","Cost/kg $1.9506 vs median $0.2547 on EGLV08107","","OPEN","","2026-08-17 22:32:03.318","","",8101,"2026-08-17 22:32:03.318","","","",""
1228,"COST_PER_KG_ANOMALY","MEDIUM","Cost/kg $1.9246 vs median $0.2547 on CMDU03432","","INVESTIGATING","","2026-08-18 06:48:17.750","","",3422,"2026-08-18 06:48:17.750","The shipment from Binh Tien Consumer to Target Corp. has a cost per kg of $0.333, which is within the NORMAL_AT_OR_BELOW_5X_MEDIAN band. There are no sanctions matches, and both the shipper and consignee are real businesses. The cost per kg does not justify a BLOCK or ESCALATE decision on its own.","CLEAR","Sanctions=0, band is NORMAL, and counterparties are real businesses.","2026-08-18 06:51:20.014"
1229,"COST_PER_KG_ANOMALY","MEDIUM","Cost/kg $1.9172 vs median $0.2547 on YMLU08870","","INVESTIGATING","","2026-08-18 06:48:17.750","","",8864,"2026-08-18 06:48:17.750","The shipment from Viettel Electronics to Fashion Retail Inc. via route JPYOK -> AEJEA has a cost per kg of $0.2807, which is within the NORMAL_AT_OR_BELOW_5X_MEDIAN band. There are no sanctions matches, and both the shipper and consignee are real businesses. The cost per kg does not justify a BLOCK or ESCALATE decision alone.","CLEAR","Sanctions matches are 0, the cost per kg band is NORMAL, and both the shipper and consignee are real businesses.","2026-08-18 06:56:21.075"
1230,"COST_PER_KG_ANOMALY","MEDIUM","Cost/kg $1.9121 vs median $0.2547 on CMDU01427","","INVESTIGATING","","2026-08-18 06:48:17.750","","",1417,"2026-08-18 06:48:17.750","The shipment from Samsung Vietnam to Fashion Retail Inc. has a cost per kg of $0.5457, which is 2.13 times the median of $0.2557. This falls within the NORMAL_AT_OR_BELOW_5X_MEDIAN band. There are no sanctions matches, and both the shipper and consignee are known businesses. The route from MYPKG to DEHAM is economically ordinary and does not justify a BLOCK or ESCALATE decision alone.","CLEAR","Sanctions=0, band is NORMAL, and counterparties are real businesses.","2026-08-18 07:01:22.594"
1231,"COST_PER_KG_ANOMALY","MEDIUM","Cost/kg $1.905 vs median $0.2547 on HLCU04964","","OPEN","","2026-08-18 06:48:17.750","","",4958,"2026-08-18 06:48:17.750","","","",""
1232,"COST_PER_KG_ANOMALY","MEDIUM","Cost/kg $1.9032 vs median $0.2547 on EGLV00894","","OPEN","","2026-08-18 06:48:17.750","","",884,"2026-08-18 06:48:17.750","","","",""
1233,"COST_PER_KG_ANOMALY","MEDIUM","Cost/kg $1.8986 vs median $0.2547 on EGLV02515","","OPEN","","2026-08-18 06:48:17.750","","",2505,"2026-08-18 06:48:17.750","","","",""
1234,"COST_PER_KG_ANOMALY","MEDIUM","Cost/kg $1.8816 vs median $0.2547 on CAXU00800","","OPEN","","2026-08-18 06:48:17.750","","",790,"2026-08-18 06:48:17.750","","","",""
1235,"COST_PER_KG_ANOMALY","MEDIUM","Cost/kg $1.8714 vs median $0.2547 on CMDU05999","","OPEN","","2026-08-18 06:48:17.750","","",5993,"2026-08-18 06:48:17.750","","","",""
1236,"COST_PER_KG_ANOMALY","MEDIUM","Cost/kg $1.8656 vs median $0.2547 on CMDU00615","","INVESTIGATING","","2026-08-18 07:06:13.812","","",605,"2026-08-18 07:06:13.812","The shipment from Phong Phu Garment to JD Logistics via route HKHKG -> CNNGB has a cost per kg of $0.3623, which is 1.42 times the median of $0.2557. This falls within the NORMAL_AT_OR_BELOW_5X_MEDIAN band. There are no sanctions matches, and both the shipper and consignee are known businesses. The cost per kg is economically ordinary and does not justify a BLOCK or ESCALATE decision alone.","CLEAR","Sanctions matches are 0, the cost per kg band is NORMAL, and the counterparties are real businesses.","2026-08-18 07:06:23.149"
1237,"COST_PER_KG_ANOMALY","MEDIUM","Cost/kg $1.8645 vs median $0.2547 on MAEU00710","","INVESTIGATING","","2026-08-18 07:06:13.812","","",700,"2026-08-18 07:06:13.812","The shipment from Nike Vietnam to Target Corp. has a cost per kg of $0.2645, which is within the normal band (1.03x median $0.2557). There are no sanctions matches, and both the shipper and consignee are well-known businesses. The route from USLAX to INMUN is economically ordinary and does not justify a block or escalation alone.","CLEAR","Sanctions=0 AND band is NORMAL AND counterparties are real businesses.","2026-08-18 07:11:19.382"
1238,"COST_PER_KG_ANOMALY","MEDIUM","Cost/kg $1.8579 vs median $0.2547 on MSKU00289","","INVESTIGATING","","2026-08-18 07:06:13.812","","",279,"2026-08-18 07:06:13.812","The shipment from Hoa Sen Group to Tesco PLC via route USNYC to THLCH has a cost per kg of $0.2986, which is 1.17 times the median of $0.2557. This falls within the NORMAL_AT_OR_BELOW_5X_MEDIAN band. There are no sanctions matches, and both the shipper and consignee are known businesses. The cost per kg is economically ordinary and does not justify a BLOCK or ESCALATE decision on its own.","CLEAR","Sanctions matches are 0, the cost per kg band is NORMAL, and both the shipper and consignee are real businesses.","2026-08-18 07:16:22.063"
1239,"COST_PER_KG_ANOMALY","MEDIUM","Cost/kg $1.8467 vs median $0.2547 on EGLV08034","","INVESTIGATING","","2026-08-18 07:06:13.812","","",8028,"2026-08-18 07:06:13.812","The shipment from Toyota Vietnam to Lazada Group has a cost per kg of $0.8491, which is 3.32 times the median of $0.2557. This falls within the NORMAL_AT_OR_BELOW_5X_MEDIAN band. There are no sanctions matches. Both the shipper and consignee are known businesses.","CLEAR","The cost per kg is within the normal band, there are no sanctions, and both counterparties are real businesses.","2026-08-18 07:21:19.423"
1240,"COST_PER_KG_ANOMALY","MEDIUM","Cost/kg $1.8349 vs median $0.2547 on OOLU03753","","ESCALATED","","2026-08-18 07:06:13.812","","ESCALATED by AI decision. Reason: The cost per kg band is ELEVATED_BETWEEN_5X_AND_10X_MEDIAN, which mandates escalation for human judgment.",3743,"2026-08-18 07:06:13.812","The cost per kg is elevated, being 7.18 times the median, which falls into the ELEVATED_BETWEEN_5X_AND_10X_MEDIAN band. There are no sanctions matches, and both the shipper and consignee are well-known businesses.","ESCALATE","The cost per kg band is ELEVATED_BETWEEN_5X_AND_10X_MEDIAN, which mandates escalation for human judgment.","2026-08-18 07:26:28.318"
1241,"COST_PER_KG_ANOMALY","MEDIUM","Cost/kg $1.8345 vs median $0.2547 on HLCU07804","","ESCALATED","","2026-08-18 07:06:13.812","","ESCALATED by AI decision. Reason: Cost per kg is elevated and falls within the ELEVATED_BETWEEN_5X_AND_10X_MEDIAN band.",7798,"2026-08-18 07:06:13.812","The cost per kg is elevated, being 7.17 times the median, which mandates escalation for human judgment. There are no sanctions matches.","ESCALATE","Cost per kg is elevated and falls within the ELEVATED_BETWEEN_5X_AND_10X_MEDIAN band.","2026-08-18 07:27:36.017"
1242,"COST_PER_KG_ANOMALY","MEDIUM","Cost/kg $1.81 vs median $0.2547 on OOLU00187","","ESCALATED","","2026-08-18 07:06:13.812","","ESCALATED by AI decision. Reason: ELEVATED_BETWEEN_5X_AND_10X_MEDIAN cost band",177,"2026-08-18 07:06:13.812","The cost per kg is elevated, being 7.08 times the median, which mandates escalation for human judgment. There are no sanctions matches.","ESCALATE","ELEVATED_BETWEEN_5X_AND_10X_MEDIAN cost band","2026-08-18 07:31:21.108"
1243,"COST_PER_KG_ANOMALY","MEDIUM","Cost/kg $1.8036 vs median $0.2547 on YMLU08226","","ESCALATED","","2026-08-18 07:06:13.812","","ESCALATED by AI decision. Reason: Cost per kg is ELEVATED_BETWEEN_5X_AND_10X_MEDIAN",8220,"2026-08-18 07:06:13.812","The cost per kg is elevated, being 7.05 times the median, which mandates escalation for human judgment. There are no sanctions matches.","ESCALATE","Cost per kg is ELEVATED_BETWEEN_5X_AND_10X_MEDIAN","2026-08-18 07:36:19.463"
1400,"COST_PER_KG_ANOMALY","MEDIUM","Cost/kg $1.8004 vs median $0.2546 on EGLV08541","","ESCALATED","","2026-08-18 07:41:15.067","","ESCALATED by AI decision. Reason: The cost per kg band is ELEVATED, which mandates escalation for human judgment.",8535,"2026-08-18 07:41:15.067","The cost per kg is elevated, being 7.04 times the median, which falls into the ELEVATED_BETWEEN_5X_AND_10X_MEDIAN band. There are no sanctions matches, and both the shipper (Panasonic Vietnam) and consignee (Best Buy USA) are known, legitimate businesses.","ESCALATE","The cost per kg band is ELEVATED, which mandates escalation for human judgment.","2026-08-18 07:41:24.099"
1401,"COST_PER_KG_ANOMALY","MEDIUM","Cost/kg $1.7883 vs median $0.2546 on ONEY09472","","ESCALATED","","2026-08-18 07:41:15.067","","ESCALATED by AI decision. Reason: Cost per kg is elevated and requires human judgment.",9466,"2026-08-18 07:41:15.067","The cost per kg is elevated, being between 5x and 10x the median, which mandates escalation for human judgment. There are no sanctions matches.","ESCALATE","Cost per kg is elevated and requires human judgment.","2026-08-18 07:46:25.443"
1402,"COST_PER_KG_ANOMALY","MEDIUM","Cost/kg $1.7865 vs median $0.2546 on EGLV07306","","ESCALATED","","2026-08-18 07:41:15.067","","ESCALATED by AI decision. Reason: Cost per kg is elevated and requires human judgment.",7300,"2026-08-18 07:41:15.067","The cost per kg is elevated, being between 5x and 10x the median, which mandates escalation for human judgment. There are no sanctions matches.","ESCALATE","Cost per kg is elevated and requires human judgment.","2026-08-18 07:51:18.352"
1403,"COST_PER_KG_ANOMALY","MEDIUM","Cost/kg $1.7846 vs median $0.2546 on MAEU01432","","ESCALATED","","2026-08-18 07:41:15.067","","ESCALATED by AI decision. Reason: Cost per kg is elevated and requires human judgment.",1422,"2026-08-18 07:41:15.067","The cost per kg is elevated, being between 5x and 10x the median, which mandates escalation for human judgment. There are no sanctions matches.","ESCALATE","Cost per kg is elevated and requires human judgment.","2026-08-18 07:56:37.225"
1404,"COST_PER_KG_ANOMALY","MEDIUM","Cost/kg $1.7839 vs median $0.2546 on CMDU09820","","ESCALATED","","2026-08-18 07:41:15.067","","ESCALATED by AI decision. Reason: ELEVATED_BETWEEN_5X_AND_10X_MEDIAN",9814,"2026-08-18 07:41:15.067","The cost per kg is elevated, being between 5x and 10x the median, which mandates escalation for human judgment. There are no sanctions matches.","ESCALATE","ELEVATED_BETWEEN_5X_AND_10X_MEDIAN","2026-08-18 08:03:38.466"
1405,"COST_PER_KG_ANOMALY","MEDIUM","Cost/kg $1.7665 vs median $0.2546 on OOLU00878","","ESCALATED","","2026-08-18 07:41:15.067","","ESCALATED by AI decision. Reason: ELEVATED_BETWEEN_5X_AND_10X_MEDIAN",868,"2026-08-18 07:41:15.067","The cost per kg is elevated, being between 5x and 10x the median, which mandates escalation for human judgment. There are no sanctions matches.","ESCALATE","ELEVATED_BETWEEN_5X_AND_10X_MEDIAN","2026-08-18 08:06:19.889"
1406,"COST_PER_KG_ANOMALY","MEDIUM","Cost/kg $1.7665 vs median $0.2546 on HLCU04594","","ESCALATED","","2026-08-18 07:41:15.067","","ESCALATED by AI decision. Reason: The cost per kg is elevated, requiring human judgement.",4588,"2026-08-18 07:41:15.067","The cost per kg is elevated, being 6.91 times the median, which falls into the ELEVATED_BETWEEN_5X_AND_10X_MEDIAN band. There are no sanctions matches, and the shipper and consignee are known businesses.","ESCALATE","The cost per kg is elevated, requiring human judgement.","2026-08-18 08:11:30.449"
1407,"COST_PER_KG_ANOMALY","MEDIUM","Cost/kg $1.7579 vs median $0.2546 on EGLV07522","","ESCALATED","","2026-08-18 07:41:15.067","","ESCALATED by AI decision. Reason: The cost per kg band is ELEVATED_BETWEEN_5X_AND_10X_MEDIAN, which mandates escalation for human judgment.",7516,"2026-08-18 07:41:15.067","The cost per kg is elevated, being 6.87 times the median, which falls into the ELEVATED_BETWEEN_5X_AND_10X_MEDIAN band. There are no sanctions matches, and the counterparties (Trung Nguyen Coffee and Alibaba Trade) are real businesses.","ESCALATE","The cost per kg band is ELEVATED_BETWEEN_5X_AND_10X_MEDIAN, which mandates escalation for human judgment.","2026-08-18 08:16:19.977"
1350,"DUPLICATE_BL_NUMBER","HIGH","Duplicate BL number detected: MAEU2026001","14314,14304","OPEN","","2026-08-18 07:51:00.018","","","","","","","",""
1351,"DUPLICATE_BL_NUMBER","HIGH","Duplicate BL number detected: EGLV2026015","14315,14303","OPEN","","2026-08-18 07:51:00.018","","","","","","","",""
1408,"COST_PER_KG_ANOMALY","MEDIUM","Cost/kg $1.7576 vs median $0.2545 on OOLU00578","","ESCALATED","","2026-08-18 08:22:02.570","","ESCALATED by AI decision. Reason: Cost per kg is elevated and falls between 5x and 10x the median.",568,"2026-08-18 08:22:02.570","The cost per kg is elevated, being 6.87 times the median, which mandates escalation for human judgment. There are no sanctions matches.","ESCALATE","Cost per kg is elevated and falls between 5x and 10x the median.","2026-08-18 08:22:09.833"
1409,"COST_PER_KG_ANOMALY","MEDIUM","Cost/kg $1.7563 vs median $0.2545 on APZU05203","","OPEN","","2026-08-18 08:22:02.570","","",5197,"2026-08-18 08:22:02.570","","","",""
1410,"COST_PER_KG_ANOMALY","MEDIUM","Cost/kg $1.7345 vs median $0.2545 on YMLU07150","","OPEN","","2026-08-18 08:22:02.570","","",7144,"2026-08-18 08:22:02.570","","","",""
1411,"COST_PER_KG_ANOMALY","MEDIUM","Cost/kg $1.7207 vs median $0.2545 on CAXU03276","","OPEN","","2026-08-18 08:22:02.570","","",3266,"2026-08-18 08:22:02.570","","","",""
1412,"COST_PER_KG_ANOMALY","MEDIUM","Cost/kg $1.7197 vs median $0.2545 on EGLV05156","","OPEN","","2026-08-18 08:22:02.570","","",5150,"2026-08-18 08:22:02.570","","","",""
1413,"COST_PER_KG_ANOMALY","MEDIUM","Cost/kg $1.718 vs median $0.2545 on CAXU05629","","OPEN","","2026-08-18 08:22:02.570","","",5623,"2026-08-18 08:22:02.570","","","",""
1414,"COST_PER_KG_ANOMALY","MEDIUM","Cost/kg $1.7145 vs median $0.2545 on MSKU01396","","OPEN","","2026-08-18 08:22:02.570","","",1386,"2026-08-18 08:22:02.570","","","",""
1415,"COST_PER_KG_ANOMALY","MEDIUM","Cost/kg $1.7132 vs median $0.2545 on MAEU04511","","OPEN","","2026-08-18 08:22:02.570","","",4505,"2026-08-18 08:22:02.570","","","",""
1352,"DUPLICATE_BL_NUMBER","HIGH","Duplicate BL number detected: EGLV2026015","14315,14303","OPEN","","2026-08-18 17:47:20.084","","","","","","","",""
1353,"DUPLICATE_BL_NUMBER","HIGH","Duplicate BL number detected: MAEU2026001","14304,14314","OPEN","","2026-08-18 17:47:20.084","","","","","","","",""
1709,"COST_PER_KG_ANOMALY","MEDIUM","Cost/kg $1.7104 vs median $0.2545 on HLCU01706","","OPEN","","2026-08-18 22:10:02.703","","",1696,"2026-08-18 22:10:02.703","","","",""
1710,"COST_PER_KG_ANOMALY","MEDIUM","Cost/kg $1.7022 vs median $0.2545 on EGLV07895","","OPEN","","2026-08-18 22:10:02.703","","",7889,"2026-08-18 22:10:02.703","","","",""
1711,"COST_PER_KG_ANOMALY","MEDIUM","Cost/kg $1.701 vs median $0.2545 on OOLU06546","","OPEN","","2026-08-18 22:10:02.703","","",6540,"2026-08-18 22:10:02.703","","","",""
1712,"COST_PER_KG_ANOMALY","MEDIUM","Cost/kg $1.7008 vs median $0.2545 on YMLU00860","","OPEN","","2026-08-18 22:10:02.703","","",850,"2026-08-18 22:10:02.703","","","",""
1713,"COST_PER_KG_ANOMALY","MEDIUM","Cost/kg $1.6982 vs median $0.2545 on APZU07299","","OPEN","","2026-08-18 22:10:02.703","","",7293,"2026-08-18 22:10:02.703","","","",""
1714,"COST_PER_KG_ANOMALY","MEDIUM","Cost/kg $1.6954 vs median $0.2545 on MAEU09470","","OPEN","","2026-08-18 22:10:02.703","","",9464,"2026-08-18 22:10:02.703","","","",""
1715,"COST_PER_KG_ANOMALY","MEDIUM","Cost/kg $1.6939 vs median $0.2545 on YMLU08437","","OPEN","","2026-08-18 22:10:02.703","","",8431,"2026-08-18 22:10:02.703","","","",""
1716,"COST_PER_KG_ANOMALY","MEDIUM","Cost/kg $1.6858 vs median $0.2545 on OOLU00772","","OPEN","","2026-08-18 22:10:02.703","","",762,"2026-08-18 22:10:02.703","","","",""
