"AUDIT_ID","WORKFLOW_NAME","STEP_NAME","STEP_ORDER","INPUT_PARAMS","OUTPUT_RESULT","EXECUTION_TIME_MS","STATUS","EXECUTED_BY","EXECUTED_AT"
1402,"TASK_NOTIFY_HIGH_FRAUD","CONSUME_FRAUD_NOTIFY_STREAM",0,"changed_alerts=8","stream offset advanced",0,"SUCCESS","SYSTEM","2026-08-19 00:10:02.630"
1126,"TASK_AI_EXPLAIN_ANOMALY","CONSUME_FRAUD_EXPLAIN_STREAM",0,"changed_alerts=8","stream offset advanced",0,"SUCCESS","SYSTEM","2026-08-19 00:10:02.518"
1401,"TASK_AI_EXPLAIN_ANOMALY","CONSUME_FRAUD_EXPLAIN_STREAM",0,"changed_alerts=0","stream offset advanced",0,"SUCCESS","SYSTEM","2026-08-18 22:10:01.859"
1124,"TASK_FRAUD_SCAN","CONSUME_BL_CHANGE_STREAM",0,"changed_rows=0","stream offset advanced",0,"SUCCESS","SYSTEM","2026-08-18 19:27:27.024"
973,"TASK_FRAUD_SCAN","CONSUME_BL_CHANGE_STREAM",0,"changed_rows=0","stream offset advanced",0,"SUCCESS","SYSTEM","2026-08-18 18:27:26.422"
1200,"TASK_FRAUD_SCAN","CONSUME_BL_CHANGE_STREAM",0,"changed_rows=0","stream offset advanced",0,"SUCCESS","SYSTEM","2026-08-18 17:27:26.755"
1118,"FULL_PIPELINE_V2","AI_INVESTIGATE",2,"alert=1408","decision=ESCALATE",4170,"SUCCESS","SYSTEM","2026-08-18 08:22:10.347"
1119,"FULL_PIPELINE_V2","SANCTIONS_SCREEN",3,"Phong Phu Garment","Completed",559,"SUCCESS","SYSTEM","2026-08-18 08:22:11.366"
1024,"TASK_FRAUD_SCAN","CONSUME_BL_CHANGE_STREAM",0,"changed_rows=0","stream offset advanced",0,"SUCCESS","SYSTEM","2026-08-18 08:22:09.896"
1,"FULL_PIPELINE_V2","DETECT_ANOMALIES",1,"AUTO","Scan completed","","SUCCESS","HOACHAU","2026-07-23 06:31:33.849"
2,"FULL_PIPELINE_V2","AI_INVESTIGATE",2,"alert_id=408","AI analysis completed","","SUCCESS","HOACHAU","2026-07-23 06:31:39.252"
101,"FULL_PIPELINE_V2","DETECT_ANOMALIES",1,"AUTO","Scan completed","","SUCCESS","HOACHAU","2026-07-23 06:34:02.949"
102,"FULL_PIPELINE_V2","AI_INVESTIGATE",2,"alert_id=308","AI analysis completed","","SUCCESS","HOACHAU","2026-07-23 06:34:08.873"
3,"FULL_PIPELINE_V2","DETECT_ANOMALIES",1,"AUTO","Scan completed","","SUCCESS","HOACHAU","2026-07-23 06:35:57.507"
4,"FULL_PIPELINE_V2","AI_INVESTIGATE",2,"alert_id=301","AI analysis completed","","SUCCESS","HOACHAU","2026-07-23 06:35:58.615"
5,"FULL_PIPELINE_V2","SANCTIONS_SCREEN",3,"SUSPICIOUS TRADING CO","Marketplace screening completed","","SUCCESS","HOACHAU","2026-07-23 06:35:59.718"
6,"FULL_PIPELINE_V2","AUTO_REMEDIATE",4,"alert_id=301,action=ESCALATE","Action executed","","SUCCESS","HOACHAU","2026-07-23 06:36:01.322"
103,"FULL_PIPELINE_V2","DETECT_ANOMALIES",1,"AUTO","Scan completed","","SUCCESS","HOACHAU","2026-07-23 06:42:18.181"
104,"FULL_PIPELINE_V2","AI_INVESTIGATE",2,"alert_id=311","AI analysis completed","","SUCCESS","HOACHAU","2026-07-23 06:42:23.296"
105,"FULL_PIPELINE_V2","SANCTIONS_SCREEN",3,"SUSPICIOUS TRADING CO","Marketplace screening completed","","SUCCESS","HOACHAU","2026-07-23 06:42:24.095"
106,"FULL_PIPELINE_V2","AUTO_REMEDIATE",4,"alert_id=311,action=ESCALATE","Action executed","","SUCCESS","HOACHAU","2026-07-23 06:42:25.451"
7,"FULL_PIPELINE_V2","DETECT_ANOMALIES",1,"AUTO","Scan completed","","SUCCESS","HOACHAU","2026-07-23 06:55:33.799"
8,"FULL_PIPELINE_V2","AI_INVESTIGATE",2,"alert_id=312","AI analysis completed","","SUCCESS","HOACHAU","2026-07-23 06:55:39.025"
9,"FULL_PIPELINE_V2","SANCTIONS_SCREEN",3,"SUSPICIOUS TRADING CO","Marketplace screening completed","","SUCCESS","HOACHAU","2026-07-23 06:55:39.690"
10,"FULL_PIPELINE_V2","AUTO_REMEDIATE",4,"alert_id=312,action=ESCALATE","Action executed","","SUCCESS","HOACHAU","2026-07-23 06:55:41.171"
11,"FULL_PIPELINE_V2","DETECT_ANOMALIES",1,"AUTO","Scan completed","","SUCCESS","HOACHAU","2026-07-23 07:09:01.573"
12,"FULL_PIPELINE_V2","AI_INVESTIGATE",2,"alert_id=310","AI analysis completed","","SUCCESS","HOACHAU","2026-07-23 07:09:11.289"
13,"FULL_PIPELINE_V2","SANCTIONS_SCREEN",3,"SUSPICIOUS TRADING CO","Marketplace screening completed","","SUCCESS","HOACHAU","2026-07-23 07:09:12.216"
14,"FULL_PIPELINE_V2","AUTO_REMEDIATE",4,"alert_id=310,action=ESCALATE","Action executed","","SUCCESS","HOACHAU","2026-07-23 07:09:13.647"
201,"FULL_PIPELINE_V2","DETECT_ANOMALIES",1,"AUTO","Scan completed","","SUCCESS","HOACHAU","2026-07-25 19:53:55.679"
202,"FULL_PIPELINE_V2","AI_INVESTIGATE",2,"alert_id=309","AI analysis completed","","SUCCESS","HOACHAU","2026-07-25 19:54:46.483"
203,"FULL_PIPELINE_V2","SANCTIONS_SCREEN",3,"SUSPICIOUS TRADING CO","Marketplace screening completed","","SUCCESS","HOACHAU","2026-07-25 19:54:47.280"
204,"FULL_PIPELINE_V2","AUTO_REMEDIATE",4,"alert_id=309,action=ESCALATE","Action executed","","SUCCESS","HOACHAU","2026-07-25 19:54:48.696"
205,"FULL_PIPELINE_V2","SAP_POST",5,"bl_id=7","{""status"":""SUCCESS"",""sap_document"":""5000000007"",""bl_id"":7}","","SUCCESS","HOACHAU","2026-07-25 19:54:49.820"
301,"FULL_PIPELINE_V2","DETECT_ANOMALIES",1,"AUTO","Scan completed","","SUCCESS","MENDIX_SERVICE_USER","2026-07-29 08:29:48.155"
302,"FULL_PIPELINE_V2","AI_INVESTIGATE",2,"alert_id=608","AI analysis completed","","SUCCESS","MENDIX_SERVICE_USER","2026-07-29 08:29:53.320"
303,"FULL_PIPELINE_V2","SANCTIONS_SCREEN",3,"SUSPICIOUS TRADING CO","Marketplace screening completed","","SUCCESS","MENDIX_SERVICE_USER","2026-07-29 08:29:54.272"
304,"FULL_PIPELINE_V2","AUTO_REMEDIATE",4,"alert_id=608,action=ESCALATE","Action executed","","SUCCESS","MENDIX_SERVICE_USER","2026-07-29 08:29:55.453"
305,"FULL_PIPELINE_V2","SAP_POST",5,"bl_id=16","{""status"":""SUCCESS"",""sap_document"":""5000000016"",""bl_id"":16}","","SUCCESS","MENDIX_SERVICE_USER","2026-07-29 08:29:56.851"
401,"FULL_PIPELINE_V2","DETECT_ANOMALIES",1,"AUTO","Scan completed","","SUCCESS","MENDIX_SERVICE_USER","2026-07-29 08:44:17.508"
402,"FULL_PIPELINE_V2","AI_INVESTIGATE",2,"alert_id=508","AI analysis completed","","SUCCESS","MENDIX_SERVICE_USER","2026-07-29 08:44:18.524"
403,"FULL_PIPELINE_V2","SANCTIONS_SCREEN",3,"","Marketplace screening completed","","SUCCESS","MENDIX_SERVICE_USER","2026-07-29 08:44:19.368"
404,"FULL_PIPELINE_V2","AUTO_REMEDIATE",4,"alert_id=508,action=ESCALATE","Action executed","","SUCCESS","MENDIX_SERVICE_USER","2026-07-29 08:44:20.606"
405,"FULL_PIPELINE_V2","SAP_POST",5,"bl_id=19","{""status"":""SUCCESS"",""sap_document"":""5000000019"",""bl_id"":19}","","SUCCESS","MENDIX_SERVICE_USER","2026-07-29 08:44:22.155"
306,"FULL_PIPELINE_V2","DETECT_ANOMALIES",1,"AUTO","Scan completed","","SUCCESS","MENDIX_SERVICE_USER","2026-07-29 08:50:39.043"
307,"FULL_PIPELINE_V2","AI_INVESTIGATE",2,"alert_id=2","AI analysis completed","","SUCCESS","MENDIX_SERVICE_USER","2026-07-29 08:51:13.720"
308,"FULL_PIPELINE_V2","SANCTIONS_SCREEN",3,"SUSPICIOUS TRADING CO","Marketplace screening completed","","SUCCESS","MENDIX_SERVICE_USER","2026-07-29 08:51:14.357"
309,"FULL_PIPELINE_V2","AUTO_REMEDIATE",4,"alert_id=2,action=ESCALATE","Action executed","","SUCCESS","MENDIX_SERVICE_USER","2026-07-29 08:51:15.711"
310,"FULL_PIPELINE_V2","SAP_POST",5,"bl_id=21","{""status"":""SUCCESS"",""sap_document"":""5000000021"",""bl_id"":21}","","SUCCESS","MENDIX_SERVICE_USER","2026-07-29 08:51:16.905"
311,"FULL_PIPELINE_V2","DETECT_ANOMALIES",1,"AUTO","Scan completed","","SUCCESS","MENDIX_SERVICE_USER","2026-07-29 08:51:26.785"
312,"FULL_PIPELINE_V2","AI_INVESTIGATE",2,"alert_id=4","AI analysis completed","","SUCCESS","MENDIX_SERVICE_USER","2026-07-29 08:51:32.316"
313,"FULL_PIPELINE_V2","SANCTIONS_SCREEN",3,"SUSPICIOUS TRADING CO","Marketplace screening completed","","SUCCESS","MENDIX_SERVICE_USER","2026-07-29 08:51:32.914"
314,"FULL_PIPELINE_V2","AUTO_REMEDIATE",4,"alert_id=4,action=ESCALATE","Action executed","","SUCCESS","MENDIX_SERVICE_USER","2026-07-29 08:51:34.260"
315,"FULL_PIPELINE_V2","SAP_POST",5,"bl_id=33","{""status"":""SUCCESS"",""sap_document"":""5000000033"",""bl_id"":33}","","SUCCESS","MENDIX_SERVICE_USER","2026-07-29 08:51:35.442"
406,"FULL_PIPELINE_V2","DETECT_ANOMALIES",1,"AUTO","Scan completed","","SUCCESS","MENDIX_SERVICE_USER","2026-07-29 08:53:24.026"
407,"FULL_PIPELINE_V2","AI_INVESTIGATE",2,"alert_id=5","AI analysis completed","","SUCCESS","MENDIX_SERVICE_USER","2026-07-29 08:53:29.599"
408,"FULL_PIPELINE_V2","SANCTIONS_SCREEN",3,"SUSPICIOUS TRADING CO","Marketplace screening completed","","SUCCESS","MENDIX_SERVICE_USER","2026-07-29 08:53:30.265"
409,"FULL_PIPELINE_V2","AUTO_REMEDIATE",4,"alert_id=5,action=ESCALATE","Action executed","","SUCCESS","MENDIX_SERVICE_USER","2026-07-29 08:53:31.968"
410,"FULL_PIPELINE_V2","SAP_POST",5,"bl_id=35","{""status"":""SUCCESS"",""sap_document"":""5000000035"",""bl_id"":35}","","SUCCESS","MENDIX_SERVICE_USER","2026-07-29 08:53:33.323"
411,"FULL_PIPELINE_V2","DETECT_ANOMALIES",1,"AUTO","Scan completed","","SUCCESS","MENDIX_SERVICE_USER","2026-07-29 08:54:56.517"
412,"FULL_PIPELINE_V2","AI_INVESTIGATE",2,"","AI analysis completed","","SUCCESS","MENDIX_SERVICE_USER","2026-07-29 08:54:57.322"
413,"FULL_PIPELINE_V2","SANCTIONS_SCREEN",3,"","Marketplace screening completed","","SUCCESS","MENDIX_SERVICE_USER","2026-07-29 08:54:58.186"
414,"FULL_PIPELINE_V2","AUTO_REMEDIATE",4,"","Action executed","","SUCCESS","MENDIX_SERVICE_USER","2026-07-29 08:54:59.265"
415,"FULL_PIPELINE_V2","SAP_POST",5,"bl_id=39","{""status"":""SUCCESS"",""sap_document"":""5000000039"",""bl_id"":39}","","SUCCESS","MENDIX_SERVICE_USER","2026-07-29 08:55:00.641"
316,"FULL_PIPELINE_V2","DETECT_ANOMALIES",1,"AUTO","Scan completed","","SUCCESS","MENDIX_SERVICE_USER","2026-07-29 08:57:39.719"
317,"FULL_PIPELINE_V2","AI_INVESTIGATE",2,"","AI analysis completed","","SUCCESS","MENDIX_SERVICE_USER","2026-07-29 08:57:40.515"
318,"FULL_PIPELINE_V2","SANCTIONS_SCREEN",3,"","Marketplace screening completed","","SUCCESS","MENDIX_SERVICE_USER","2026-07-29 08:57:41.048"
319,"FULL_PIPELINE_V2","AUTO_REMEDIATE",4,"","Action executed","","SUCCESS","MENDIX_SERVICE_USER","2026-07-29 08:57:42.048"
320,"FULL_PIPELINE_V2","SAP_POST",5,"bl_id=46","{""status"":""SUCCESS"",""sap_document"":""5000000046"",""bl_id"":46}","","SUCCESS","MENDIX_SERVICE_USER","2026-07-29 08:57:43.201"
321,"FULL_PIPELINE_V2","DETECT_ANOMALIES",1,"AUTO","Scan completed","","SUCCESS","MENDIX_SERVICE_USER","2026-07-29 09:02:24.270"
322,"FULL_PIPELINE_V2","AI_INVESTIGATE",2,"","AI analysis completed","","SUCCESS","MENDIX_SERVICE_USER","2026-07-29 09:02:25.031"
323,"FULL_PIPELINE_V2","SANCTIONS_SCREEN",3,"","Marketplace screening completed","","SUCCESS","MENDIX_SERVICE_USER","2026-07-29 09:02:25.561"
324,"FULL_PIPELINE_V2","AUTO_REMEDIATE",4,"","Action executed","","SUCCESS","MENDIX_SERVICE_USER","2026-07-29 09:02:26.716"
325,"FULL_PIPELINE_V2","SAP_POST",5,"bl_id=51","{""status"":""SUCCESS"",""sap_document"":""5000000051"",""bl_id"":51}","","SUCCESS","MENDIX_SERVICE_USER","2026-07-29 09:02:28.323"
416,"FULL_PIPELINE_V2","DETECT_ANOMALIES",1,"AUTO","Scan completed","","SUCCESS","MENDIX_SERVICE_USER","2026-07-29 09:07:12.308"
417,"FULL_PIPELINE_V2","AI_INVESTIGATE",2,"alert_id=608","AI analysis completed","","SUCCESS","MENDIX_SERVICE_USER","2026-07-29 09:07:17.437"
418,"FULL_PIPELINE_V2","SANCTIONS_SCREEN",3,"SUSPICIOUS TRADING CO","Marketplace screening completed","","SUCCESS","MENDIX_SERVICE_USER","2026-07-29 09:07:18.135"
419,"FULL_PIPELINE_V2","AUTO_REMEDIATE",4,"alert_id=608,action=ESCALATE","Action executed","","SUCCESS","MENDIX_SERVICE_USER","2026-07-29 09:07:19.716"
420,"FULL_PIPELINE_V2","SAP_POST",5,"bl_id=56","{""status"":""SUCCESS"",""sap_document"":""5000000056"",""bl_id"":56}","","SUCCESS","MENDIX_SERVICE_USER","2026-07-29 09:07:21.125"
421,"FULL_PIPELINE_V2","DETECT_ANOMALIES",1,"AUTO","Scan completed","","SUCCESS","MENDIX_SERVICE_USER","2026-07-29 23:13:17.755"
422,"FULL_PIPELINE_V2","AI_INVESTIGATE",2,"alert_id=508","AI analysis completed","","SUCCESS","MENDIX_SERVICE_USER","2026-07-29 23:13:18.742"
423,"FULL_PIPELINE_V2","SANCTIONS_SCREEN",3,"","Marketplace screening completed","","SUCCESS","MENDIX_SERVICE_USER","2026-07-29 23:13:19.515"
424,"FULL_PIPELINE_V2","AUTO_REMEDIATE",4,"alert_id=508,action=ESCALATE","Action executed","","SUCCESS","MENDIX_SERVICE_USER","2026-07-29 23:13:20.790"
425,"FULL_PIPELINE_V2","SAP_POST",5,"bl_id=60","{""status"":""SUCCESS"",""sap_document"":""5000000060"",""bl_id"":60}","","SUCCESS","MENDIX_SERVICE_USER","2026-07-29 23:13:22.391"
426,"FULL_PIPELINE_V2","DETECT_ANOMALIES",1,"AUTO","Scan completed","","SUCCESS","MENDIX_SERVICE_USER","2026-07-29 23:13:55.894"
427,"FULL_PIPELINE_V2","AI_INVESTIGATE",2,"alert_id=312","AI analysis completed","","SUCCESS","MENDIX_SERVICE_USER","2026-07-29 23:14:00.838"
428,"FULL_PIPELINE_V2","SANCTIONS_SCREEN",3,"SUSPICIOUS TRADING CO","Marketplace screening completed","","SUCCESS","MENDIX_SERVICE_USER","2026-07-29 23:14:01.526"
429,"FULL_PIPELINE_V2","AUTO_REMEDIATE",4,"alert_id=312,action=ESCALATE","Action executed","","SUCCESS","MENDIX_SERVICE_USER","2026-07-29 23:14:03.111"
430,"FULL_PIPELINE_V2","SAP_POST",5,"bl_id=66","{""status"":""SUCCESS"",""sap_document"":""5000000066"",""bl_id"":66}","","SUCCESS","MENDIX_SERVICE_USER","2026-07-29 23:14:04.385"
501,"FULL_PIPELINE_V2","DETECT_ANOMALIES",1,"AUTO","Scan completed","","SUCCESS","MENDIX_SERVICE_USER","2026-07-30 14:57:57.812"
502,"FULL_PIPELINE_V2","AI_INVESTIGATE",2,"alert_id=311","AI analysis completed","","SUCCESS","MENDIX_SERVICE_USER","2026-07-30 14:58:08.450"
503,"FULL_PIPELINE_V2","SANCTIONS_SCREEN",3,"SUSPICIOUS TRADING CO","Marketplace screening completed","","SUCCESS","MENDIX_SERVICE_USER","2026-07-30 14:58:09.710"
504,"FULL_PIPELINE_V2","AUTO_REMEDIATE",4,"alert_id=311,action=ESCALATE","Action executed","","SUCCESS","MENDIX_SERVICE_USER","2026-07-30 14:58:11.318"
505,"FULL_PIPELINE_V2","SAP_POST",5,"bl_id=76","{""status"":""SUCCESS"",""sap_document"":""5000000076"",""bl_id"":76}","","SUCCESS","MENDIX_SERVICE_USER","2026-07-30 14:58:12.760"
601,"FULL_PIPELINE_V2","DETECT_ANOMALIES",1,"AUTO","Scan completed","","SUCCESS","HOACHAU","2026-07-31 08:11:55.075"
602,"FULL_PIPELINE_V2","AI_INVESTIGATE",2,"alert_id=310","AI analysis completed","","SUCCESS","HOACHAU","2026-07-31 08:12:06.488"
603,"FULL_PIPELINE_V2","SANCTIONS_SCREEN",3,"SUSPICIOUS TRADING CO","Marketplace screening completed","","SUCCESS","HOACHAU","2026-07-31 08:12:07.281"
604,"FULL_PIPELINE_V2","AUTO_REMEDIATE",4,"alert_id=310,action=ESCALATE","Action executed","","SUCCESS","HOACHAU","2026-07-31 08:12:08.721"
605,"FULL_PIPELINE_V2","SAP_POST",5,"bl_id=88","{""status"":""SUCCESS"",""sap_document"":""5000000088"",""bl_id"":88}","","SUCCESS","HOACHAU","2026-07-31 08:12:10.072"
701,"FULL_PIPELINE_V2","DETECT_ANOMALIES",1,"AUTO","Scan completed","","SUCCESS","MENDIX_SERVICE_USER","2026-07-31 17:40:20.552"
702,"FULL_PIPELINE_V2","AI_INVESTIGATE",2,"","AI analysis completed","","SUCCESS","MENDIX_SERVICE_USER","2026-07-31 17:40:21.619"
703,"FULL_PIPELINE_V2","SANCTIONS_SCREEN",3,"","Marketplace screening completed","","SUCCESS","MENDIX_SERVICE_USER","2026-07-31 17:40:22.582"
704,"FULL_PIPELINE_V2","AUTO_REMEDIATE",4,"","Action executed","","SUCCESS","MENDIX_SERVICE_USER","2026-07-31 17:40:23.727"
705,"FULL_PIPELINE_V2","SAP_POST",5,"bl_id=97","{""status"":""SUCCESS"",""sap_document"":""5000000097"",""bl_id"":97}","","SUCCESS","MENDIX_SERVICE_USER","2026-07-31 17:40:25.246"
606,"FULL_PIPELINE_V2","DETECT_ANOMALIES",1,"AUTO","Scan completed","","SUCCESS","HOACHAU","2026-07-31 19:15:55.912"
607,"FULL_PIPELINE_V2","AI_INVESTIGATE",2,"alert_id=310","AI decision=ESCALATE | reason=High value, suspicious shipper name, and high-risk route require further investigation.","","SUCCESS","HOACHAU","2026-07-31 19:16:01.644"
608,"FULL_PIPELINE_V2","SANCTIONS_SCREEN",3,"SUSPICIOUS TRADING CO","Marketplace screening completed","","SUCCESS","HOACHAU","2026-07-31 19:16:03.336"
609,"FULL_PIPELINE_V2","AUTO_REMEDIATE",4,"alert_id=310,action=ESCALATE (decided by AI)","Action executed: ESCALATE | reason=High value, suspicious shipper name, and high-risk route require further investigation.","","SUCCESS","HOACHAU","2026-07-31 19:16:05.303"
610,"FULL_PIPELINE_V2","SAP_POST",5,"bl_id=98","{""status"":""SUCCESS"",""sap_document"":""5000000098"",""bl_id"":98}","","SUCCESS","HOACHAU","2026-07-31 19:16:07.050"
611,"INGEST_AND_DECIDE","EXTRACT_DOCUMENTS",1,"@LOGISTICS_STAGE","Complete. Processed: 0 | Errors: 0","","SUCCESS","HOACHAU","2026-07-31 20:12:43.840"
612,"INGEST_AND_DECIDE","PROMOTE_TO_OPERATIONAL",2,"BILL_OF_LADING_EXTRACTED","{""procedure"":""SYNC_EXTRACTED_TO_BILL_OF_LADING"",""documents_promoted"":13,""target"":""MENDIX_APP.AGENTS.BILL_OF_LADING""}","","SUCCESS","HOACHAU","2026-07-31 20:12:52.917"
613,"FULL_PIPELINE_V2","DETECT_ANOMALIES",1,"AUTO","Scan completed","","SUCCESS","HOACHAU","2026-07-31 20:12:55.611"
614,"FULL_PIPELINE_V2","AI_INVESTIGATE",2,"alert_id=709","AI decision=ESCALATE | reason=Extraction confidence below 60/100 and failed validation, requiring human judgment.","","SUCCESS","HOACHAU","2026-07-31 20:13:00.135"
615,"FULL_PIPELINE_V2","SANCTIONS_SCREEN",3,"","Marketplace screening completed","","SUCCESS","HOACHAU","2026-07-31 20:13:00.770"
616,"FULL_PIPELINE_V2","AUTO_REMEDIATE",4,"alert_id=709,action=ESCALATE (decided by AI)","Action executed: ESCALATE | reason=Extraction confidence below 60/100 and failed validation, requiring human judgment.","","SUCCESS","HOACHAU","2026-07-31 20:13:02.250"
617,"FULL_PIPELINE_V2","SAP_POST",5,"bl_id=102","{""status"":""SUCCESS"",""sap_document"":""5000000102"",""bl_id"":102}","","SUCCESS","HOACHAU","2026-07-31 20:13:03.839"
618,"INGEST_AND_DECIDE","FRAUD_PIPELINE",3,"AUTO","{""workflow"":""FULL_PIPELINE_V2"",""status"":""COMPLETED"",""steps"":5,""alert_id"":709,""ai_decision"":""ESCALATE"",""ai_reason"":""Extraction confidence below 60/100 and failed validation, requiring human judgment."",""shipper_screened"":""n/a"",""sap_posting"":{""status"":""SUCCESS"",""sap_document"":""5000000102"",""bl_id"":102},""execution_time_ms"":10806,""audit_trail"":""WORKFLOW_AUDIT_LOG""}","","SUCCESS","HOACHAU","2026-07-31 20:13:04.136"
619,"INGEST_AND_DECIDE","EXTRACT_DOCUMENTS",1,"@LOGISTICS_STAGE","Complete. Processed: 2 | Errors: 0","","SUCCESS","HOACHAU","2026-07-31 20:14:54.433"
620,"INGEST_AND_DECIDE","EXTRACT_DOCUMENTS",1,"@LOGISTICS_STAGE","Complete. Processed: 0 | Errors: 0","","SUCCESS","HOACHAU","2026-07-31 20:16:02.429"
621,"INGEST_AND_DECIDE","PROMOTE_TO_OPERATIONAL",2,"BILL_OF_LADING_EXTRACTED","{""procedure"":""SYNC_EXTRACTED_TO_BILL_OF_LADING"",""documents_promoted"":2,""target"":""MENDIX_APP.AGENTS.BILL_OF_LADING""}","","SUCCESS","HOACHAU","2026-07-31 20:16:04.401"
622,"FULL_PIPELINE_V2","DETECT_ANOMALIES",1,"AUTO","Scan completed","","SUCCESS","HOACHAU","2026-07-31 20:16:06.928"
623,"FULL_PIPELINE_V2","AI_INVESTIGATE",2,"alert_id=711","AI decision=ESCALATE | reason=Extraction confidence below 60/100 and failed validation, underlying data cannot be trusted.","","SUCCESS","HOACHAU","2026-07-31 20:16:11.516"
624,"FULL_PIPELINE_V2","SANCTIONS_SCREEN",3,"LONG AN GARMENT FACTORY CO., LTD","Marketplace screening completed","","SUCCESS","HOACHAU","2026-07-31 20:16:12.343"
625,"FULL_PIPELINE_V2","AUTO_REMEDIATE",4,"alert_id=711,action=ESCALATE (decided by AI)","Action executed: ESCALATE | reason=Extraction confidence below 60/100 and failed validation, underlying data cannot be trusted.","","SUCCESS","HOACHAU","2026-07-31 20:16:14.216"
626,"FULL_PIPELINE_V2","SAP_POST",5,"bl_id=107","{""status"":""SUCCESS"",""sap_document"":""5000000107"",""bl_id"":107}","","SUCCESS","HOACHAU","2026-07-31 20:16:15.774"
627,"INGEST_AND_DECIDE","FRAUD_PIPELINE",3,"AUTO","{""workflow"":""FULL_PIPELINE_V2"",""status"":""COMPLETED"",""steps"":5,""alert_id"":711,""ai_decision"":""ESCALATE"",""ai_reason"":""Extraction confidence below 60/100 and failed validation, underlying data cannot be trusted."",""shipper_screened"":""LONG AN GARMENT FACTORY CO., LTD"",""sap_posting"":{""status"":""SUCCESS"",""sap_document"":""5000000107"",""bl_id"":107},""execution_time_ms"":11259,""audit_trail"":""WORKFLOW_AUDIT_LOG""}","","SUCCESS","HOACHAU","2026-07-31 20:16:16.105"
801,"INGEST_AND_DECIDE","EXTRACT_DOCUMENTS",1,"@LOGISTICS_STAGE","Complete. Processed: 0 | Errors: 0","","SUCCESS","CPH","2026-07-31 22:17:10.477"
802,"INGEST_AND_DECIDE","PROMOTE_TO_OPERATIONAL",2,"BILL_OF_LADING_EXTRACTED","{""procedure"":""SYNC_EXTRACTED_TO_BILL_OF_LADING"",""documents_promoted"":0,""target"":""MENDIX_APP.AGENTS.BILL_OF_LADING""}","","SUCCESS","CPH","2026-07-31 22:17:10.914"
803,"FULL_PIPELINE_V2","DETECT_ANOMALIES",1,"AUTO","Scan completed","","SUCCESS","CPH","2026-07-31 22:17:13.283"
804,"FULL_PIPELINE_V2","AI_INVESTIGATE",2,"no_open_high_alert","SKIPPED: no new HIGH-severity OPEN alert to investigate","","SKIPPED","CPH","2026-07-31 22:17:13.569"
805,"FULL_PIPELINE_V2","SAP_POST",5,"bl_id=111","{""status"":""SUCCESS"",""sap_document"":""5000000111"",""bl_id"":111}","","SUCCESS","CPH","2026-07-31 22:17:14.613"
806,"INGEST_AND_DECIDE","FRAUD_PIPELINE",3,"AUTO","{""workflow"":""FULL_PIPELINE_V2"",""status"":""COMPLETED"",""steps"":3,""alert_id"":null,""ai_decision"":""NONE"",""ai_reason"":""No open HIGH-severity alert required a decision in this run."",""shipper_screened"":""n/a"",""sap_posting"":{""status"":""SUCCESS"",""sap_document"":""5000000111"",""bl_id"":111},""execution_time_ms"":3556,""audit_trail"":""WORKFLOW_AUDIT_LOG""}","","SUCCESS","CPH","2026-07-31 22:17:14.892"
900,"FULL_PIPELINE_V2","DETECT_ANOMALIES",1,"AUTO","Scan completed","","SUCCESS","MENDIX_SERVICE_USER","2026-08-01 13:30:13.051"
901,"FULL_PIPELINE_V2","AI_INVESTIGATE",2,"no_open_high_alert","SKIPPED: no new HIGH-severity OPEN alert to investigate","","SKIPPED","MENDIX_SERVICE_USER","2026-08-01 13:30:13.508"
902,"FULL_PIPELINE_V2","SAP_POST",5,"bl_id=116","{""status"":""SUCCESS"",""sap_document"":""5000000116"",""bl_id"":116}","","SUCCESS","MENDIX_SERVICE_USER","2026-08-01 13:30:15.031"
903,"FULL_PIPELINE_V2","DETECT_ANOMALIES",1,"AUTO","Scan completed","","SUCCESS","MENDIX_SERVICE_USER","2026-07-31 23:47:27.367"
904,"FULL_PIPELINE_V2","AI_INVESTIGATE",2,"no_open_high_alert","SKIPPED: no new HIGH-severity OPEN alert to investigate","","SKIPPED","MENDIX_SERVICE_USER","2026-07-31 23:47:27.757"
905,"FULL_PIPELINE_V2","SAP_POST",5,"bl_id=145","{""status"":""SUCCESS"",""sap_document"":""5000000145"",""bl_id"":145}","","SUCCESS","MENDIX_SERVICE_USER","2026-07-31 23:47:29.189"
906,"INGEST_AND_DECIDE","EXTRACT_DOCUMENTS",1,"@LOGISTICS_STAGE","Complete. Processed: 0 | Errors: 0","","SUCCESS","MENDIX_SERVICE_USER","2026-07-31 23:47:30.407"
907,"INGEST_AND_DECIDE","PROMOTE_TO_OPERATIONAL",2,"BILL_OF_LADING_EXTRACTED","{""procedure"":""SYNC_EXTRACTED_TO_BILL_OF_LADING"",""documents_promoted"":0,""target"":""MENDIX_APP.AGENTS.BILL_OF_LADING""}","","SUCCESS","MENDIX_SERVICE_USER","2026-07-31 23:47:30.927"
908,"FULL_PIPELINE_V2","DETECT_ANOMALIES",1,"AUTO","Scan completed","","SUCCESS","MENDIX_SERVICE_USER","2026-07-31 23:47:33.512"
909,"FULL_PIPELINE_V2","AI_INVESTIGATE",2,"no_open_high_alert","SKIPPED: no new HIGH-severity OPEN alert to investigate","","SKIPPED","MENDIX_SERVICE_USER","2026-07-31 23:47:33.880"
910,"FULL_PIPELINE_V2","SAP_POST",5,"bl_id=148","{""status"":""SUCCESS"",""sap_document"":""5000000148"",""bl_id"":148}","","SUCCESS","MENDIX_SERVICE_USER","2026-07-31 23:47:35.205"
911,"INGEST_AND_DECIDE","FRAUD_PIPELINE",3,"AUTO","{""workflow"":""FULL_PIPELINE_V2"",""status"":""COMPLETED"",""steps"":3,""alert_id"":null,""ai_decision"":""NONE"",""ai_reason"":""No open HIGH-severity alert required a decision in this run."",""shipper_screened"":""n/a"",""sap_posting"":{""status"":""SUCCESS"",""sap_document"":""5000000148"",""bl_id"":148},""execution_time_ms"":4182,""audit_trail"":""WORKFLOW_AUDIT_LOG""}","","SUCCESS","MENDIX_SERVICE_USER","2026-07-31 23:47:35.562"
1000,"INGEST_AND_DECIDE","EXTRACT_DOCUMENTS",1,"@LOGISTICS_STAGE","Complete. Processed: 0 | Errors: 0","","SUCCESS","HACKATHON_JUDGE","2026-08-01 20:50:43.873"
1001,"INGEST_AND_DECIDE","PROMOTE_TO_OPERATIONAL",2,"BILL_OF_LADING_EXTRACTED","{""procedure"":""SYNC_EXTRACTED_TO_BILL_OF_LADING"",""documents_promoted"":0,""target"":""MENDIX_APP.AGENTS.BILL_OF_LADING""}","","SUCCESS","HACKATHON_JUDGE","2026-08-01 20:50:44.739"
1002,"FULL_PIPELINE_V2","DETECT_ANOMALIES",1,"AUTO","Scan completed","","SUCCESS","HACKATHON_JUDGE","2026-08-01 20:50:48.468"
1003,"FULL_PIPELINE_V2","AI_INVESTIGATE",2,"no_open_high_alert","SKIPPED: no new HIGH-severity OPEN alert to investigate","","SKIPPED","HACKATHON_JUDGE","2026-08-01 20:50:48.837"
1004,"FULL_PIPELINE_V2","SAP_POST",5,"bl_id=163","{""status"":""SUCCESS"",""sap_document"":""5000000163"",""bl_id"":163}","","SUCCESS","HACKATHON_JUDGE","2026-08-01 20:50:50.455"
1005,"INGEST_AND_DECIDE","FRAUD_PIPELINE",3,"AUTO","{""workflow"":""FULL_PIPELINE_V2"",""status"":""COMPLETED"",""steps"":3,""alert_id"":null,""ai_decision"":""NONE"",""ai_reason"":""No open HIGH-severity alert required a decision in this run."",""shipper_screened"":""n/a"",""sap_posting"":{""status"":""SUCCESS"",""sap_document"":""5000000163"",""bl_id"":163},""execution_time_ms"":5469,""audit_trail"":""WORKFLOW_AUDIT_LOG""}","","SUCCESS","HACKATHON_JUDGE","2026-08-01 20:50:50.807"
1006,"INGEST_AND_DECIDE","EXTRACT_DOCUMENTS",1,"@LOGISTICS_STAGE","Complete. Processed: 0 | Errors: 0","","SUCCESS","CPH","2026-08-01 21:47:22.221"
1007,"INGEST_AND_DECIDE","PROMOTE_TO_OPERATIONAL",2,"BILL_OF_LADING_EXTRACTED","{""procedure"":""SYNC_EXTRACTED_TO_BILL_OF_LADING"",""documents_promoted"":0,""target"":""MENDIX_APP.AGENTS.BILL_OF_LADING""}","","SUCCESS","CPH","2026-08-01 21:47:22.705"
1008,"FULL_PIPELINE_V2","DETECT_ANOMALIES",1,"AUTO","Scan completed","","SUCCESS","CPH","2026-08-01 21:47:25.511"
1009,"FULL_PIPELINE_V2","AI_INVESTIGATE",2,"alert_id=800","AI decision=ESCALATE | reason=AI did not return a structured reason; defaulted to human review.","","SUCCESS","CPH","2026-08-01 21:47:27.036"
1010,"FULL_PIPELINE_V2","SANCTIONS_SCREEN",3,"","Marketplace screening completed","","SUCCESS","CPH","2026-08-01 21:47:27.570"
1011,"FULL_PIPELINE_V2","AUTO_REMEDIATE",4,"alert_id=800,action=ESCALATE (decided by AI)","Action executed: ESCALATE | reason=AI did not return a structured reason; defaulted to human review.","","SUCCESS","CPH","2026-08-01 21:47:28.695"
1012,"FULL_PIPELINE_V2","SAP_POST",5,"bl_id=none","{""status"":""SKIPPED"",""reason"":""no eligible BL""}","","SUCCESS","CPH","2026-08-01 21:47:29.088"
1013,"INGEST_AND_DECIDE","FRAUD_PIPELINE",3,"AUTO","{""workflow"":""FULL_PIPELINE_V2"",""status"":""COMPLETED"",""steps"":5,""alert_id"":800,""ai_decision"":""ESCALATE"",""ai_reason"":""AI did not return a structured reason; defaulted to human review."",""shipper_screened"":""n/a"",""sap_posting"":{""status"":""SKIPPED"",""reason"":""no eligible BL""},""execution_time_ms"":6268,""audit_trail"":""WORKFLOW_AUDIT_LOG""}","","SUCCESS","CPH","2026-08-01 21:47:29.343"
1014,"FULL_PIPELINE_V2","DETECT_ANOMALIES",1,"AUTO","Scan completed","","SUCCESS","CPH","2026-08-01 22:06:15.184"
1015,"FULL_PIPELINE_V2","AI_INVESTIGATE",2,"alert_id=801","AI decision=ESCALATE | reason=AI did not return a structured reason; defaulted to human review.","","SUCCESS","CPH","2026-08-01 22:06:17.416"
1016,"FULL_PIPELINE_V2","SANCTIONS_SCREEN",3,"","Marketplace screening completed","","SUCCESS","CPH","2026-08-01 22:06:18.250"
1017,"FULL_PIPELINE_V2","AUTO_REMEDIATE",4,"alert_id=801,action=ESCALATE (decided by AI)","Action executed: ESCALATE | reason=AI did not return a structured reason; defaulted to human review.","","SUCCESS","CPH","2026-08-01 22:06:19.588"
1018,"FULL_PIPELINE_V2","SAP_POST",5,"bl_id=173","{""status"":""SUCCESS"",""sap_document"":""5000000173"",""bl_id"":173}","","SUCCESS","CPH","2026-08-01 22:06:20.854"
1019,"FULL_PIPELINE_V2","DETECT_ANOMALIES",1,"AUTO","Scan completed","","SUCCESS","CPH","2026-08-01 22:06:39.746"
1020,"FULL_PIPELINE_V2","AI_INVESTIGATE",2,"no_open_high_alert","SKIPPED: no new HIGH-severity OPEN alert to investigate","","SKIPPED","CPH","2026-08-01 22:06:40.063"
1021,"FULL_PIPELINE_V2","SAP_POST",5,"bl_id=190","{""status"":""SUCCESS"",""sap_document"":""5000000190"",""bl_id"":190}","","SUCCESS","CPH","2026-08-01 22:06:41.229"
1022,"FULL_PIPELINE_V2","DETECT_ANOMALIES",1,"AUTO","Scan completed","","SUCCESS","CPH","2026-08-01 22:08:03.022"
1023,"FULL_PIPELINE_V2","AI_INVESTIGATE",2,"no_open_high_alert","SKIPPED: no new HIGH-severity OPEN alert to investigate","","SKIPPED","CPH","2026-08-01 22:08:03.332"
1024,"FULL_PIPELINE_V2","SAP_POST",5,"bl_id=193","{""status"":""SUCCESS"",""sap_document"":""5000000193"",""bl_id"":193}","","SUCCESS","CPH","2026-08-01 22:08:04.503"
1025,"FULL_PIPELINE_V2","DETECT_ANOMALIES",1,"AUTO","Scan completed","","SUCCESS","CPH","2026-08-01 22:09:43.419"
1026,"FULL_PIPELINE_V2","AI_INVESTIGATE",2,"no_open_high_alert","SKIPPED: no new HIGH-severity OPEN alert to investigate","","SKIPPED","CPH","2026-08-01 22:09:43.714"
1027,"FULL_PIPELINE_V2","SAP_POST",5,"bl_id=213","{""status"":""SUCCESS"",""sap_document"":""5000000213"",""bl_id"":213}","","SUCCESS","CPH","2026-08-01 22:09:45.034"
1028,"FULL_PIPELINE_V2","DETECT_ANOMALIES",1,"AUTO","Scan completed","","SUCCESS","CPH","2026-08-01 22:16:27.539"
1029,"FULL_PIPELINE_V2","AI_INVESTIGATE",2,"no_open_high_alert","SKIPPED: no new HIGH-severity OPEN alert to investigate","","SKIPPED","CPH","2026-08-01 22:16:27.885"
1030,"FULL_PIPELINE_V2","SAP_POST",5,"bl_id=none","{""status"":""SKIPPED"",""reason"":""SAP posting only runs after a CLEAR decision in this run""}","","SKIPPED","CPH","2026-08-01 22:16:28.225"
1031,"INGEST_AND_DECIDE","EXTRACT_DOCUMENTS",1,"@LOGISTICS_STAGE","Complete. Processed: 0 | Errors: 0","","SUCCESS","CPH","2026-08-01 22:16:54.082"
1032,"INGEST_AND_DECIDE","PROMOTE_TO_OPERATIONAL",2,"BILL_OF_LADING_EXTRACTED","{""procedure"":""SYNC_EXTRACTED_TO_BILL_OF_LADING"",""documents_promoted"":0,""target"":""MENDIX_APP.AGENTS.BILL_OF_LADING""}","","SUCCESS","CPH","2026-08-01 22:16:54.579"
1033,"FULL_PIPELINE_V2","DETECT_ANOMALIES",1,"AUTO","Scan completed","","SUCCESS","CPH","2026-08-01 22:16:57.045"
1034,"FULL_PIPELINE_V2","AI_INVESTIGATE",2,"alert_id=803","AI decision=ESCALATE | reason=AI did not return a structured reason; defaulted to human review.","","SUCCESS","CPH","2026-08-01 22:16:58.690"
1035,"FULL_PIPELINE_V2","SANCTIONS_SCREEN",3,"","Marketplace screening completed","","SUCCESS","CPH","2026-08-01 22:16:59.314"
1036,"FULL_PIPELINE_V2","AUTO_REMEDIATE",4,"alert_id=803,action=ESCALATE (decided by AI)","Action executed: ESCALATE | reason=AI did not return a structured reason; defaulted to human review.","","SUCCESS","CPH","2026-08-01 22:17:00.575"
1037,"FULL_PIPELINE_V2","SAP_POST",5,"bl_id=none","{""status"":""SKIPPED"",""reason"":""SAP posting only runs after a CLEAR decision in this run""}","","SKIPPED","CPH","2026-08-01 22:17:00.900"
1038,"INGEST_AND_DECIDE","FRAUD_PIPELINE",3,"AUTO","{""workflow"":""FULL_PIPELINE_V2"",""status"":""COMPLETED"",""steps"":5,""alert_id"":803,""ai_decision"":""ESCALATE"",""ai_reason"":""AI did not return a structured reason; defaulted to human review."",""shipper_screened"":""n/a"",""sap_posting"":{""status"":""SKIPPED"",""reason"":""SAP posting only runs after a CLEAR decision in this run""},""execution_time_ms"":6234,""audit_trail"":""WORKFLOW_AUDIT_LOG""}","","SUCCESS","CPH","2026-08-01 22:17:01.242"
1039,"FULL_PIPELINE_V2","DETECT_ANOMALIES",1,"AUTO","Scan completed","","SUCCESS","CPH","2026-08-01 22:17:13.913"
1040,"FULL_PIPELINE_V2","AI_INVESTIGATE",2,"alert_id=804","AI decision=ESCALATE | reason=AI did not return a structured reason; defaulted to human review.","","SUCCESS","CPH","2026-08-01 22:17:15.297"
1041,"FULL_PIPELINE_V2","SANCTIONS_SCREEN",3,"","Marketplace screening completed","","SUCCESS","CPH","2026-08-01 22:17:15.846"
1042,"FULL_PIPELINE_V2","AUTO_REMEDIATE",4,"alert_id=804,action=ESCALATE (decided by AI)","Action executed: ESCALATE | reason=AI did not return a structured reason; defaulted to human review.","","SUCCESS","CPH","2026-08-01 22:17:17.640"
1043,"FULL_PIPELINE_V2","SAP_POST",5,"bl_id=none","{""status"":""SKIPPED"",""reason"":""SAP posting only runs after a CLEAR decision in this run""}","","SKIPPED","CPH","2026-08-01 22:17:17.910"
1044,"FULL_PIPELINE_V2","DETECT_ANOMALIES",1,"AUTO","Scan completed","","SUCCESS","CPH","2026-08-01 22:34:27.273"
1045,"FULL_PIPELINE_V2","AI_INVESTIGATE",2,"alert_id=805","AI decision=ESCALATE | reason=Cost per kg exceeds 5x peer median and shipper name indicates a shell/front company.","","SUCCESS","CPH","2026-08-01 22:34:35.351"
1046,"FULL_PIPELINE_V2","SANCTIONS_SCREEN",3,"SUSPICIOUS TRADING CO","Marketplace screening completed","","SUCCESS","CPH","2026-08-01 22:34:35.976"
1047,"FULL_PIPELINE_V2","AUTO_REMEDIATE",4,"alert_id=805,action=ESCALATE (decided by AI)","Action executed: ESCALATE | reason=Cost per kg exceeds 5x peer median and shipper name indicates a shell/front company.","","SUCCESS","CPH","2026-08-01 22:34:37.680"
1048,"FULL_PIPELINE_V2","SAP_POST",5,"bl_id=none","{""status"":""SKIPPED"",""reason"":""SAP posting only runs after a CLEAR decision in this run""}","","SKIPPED","CPH","2026-08-01 22:34:37.959"
1049,"FULL_PIPELINE_V2","DETECT_ANOMALIES",1,"AUTO","Scan completed","","SUCCESS","CPH","2026-08-01 22:34:59.602"
1050,"FULL_PIPELINE_V2","AI_INVESTIGATE",2,"alert_id=806","AI decision=ESCALATE | reason=Total charges ($51,000) exceed the 95th percentile ($7,832), requiring human judgment.","","SUCCESS","CPH","2026-08-01 22:35:09.831"
1051,"FULL_PIPELINE_V2","SANCTIONS_SCREEN",3,"Pacific Rim Trading Co","Marketplace screening completed","","SUCCESS","CPH","2026-08-01 22:35:10.436"
1052,"FULL_PIPELINE_V2","AUTO_REMEDIATE",4,"alert_id=806,action=ESCALATE (decided by AI)","Action executed: ESCALATE | reason=Total charges ($51,000) exceed the 95th percentile ($7,832), requiring human judgment.","","SUCCESS","CPH","2026-08-01 22:35:11.778"
1053,"FULL_PIPELINE_V2","SAP_POST",5,"bl_id=none","{""status"":""SKIPPED"",""reason"":""SAP posting only runs after a CLEAR decision in this run""}","","SKIPPED","CPH","2026-08-01 22:35:12.044"
1054,"FULL_PIPELINE_V2","DETECT_ANOMALIES",1,"AUTO","Scan completed","","SUCCESS","CPH","2026-08-01 22:36:36.271"
1055,"FULL_PIPELINE_V2","AI_INVESTIGATE",2,"no_open_high_alert","SKIPPED: no new HIGH-severity OPEN alert to investigate","","SKIPPED","CPH","2026-08-01 22:36:36.555"
1056,"FULL_PIPELINE_V2","SAP_POST",5,"bl_id=none","{""status"":""SKIPPED"",""reason"":""SAP posting only runs after a CLEAR decision in this run""}","","SKIPPED","CPH","2026-08-01 22:36:36.919"
1057,"FULL_PIPELINE_V2","DETECT_ANOMALIES",1,"AUTO","Scan completed","","SUCCESS","CPH","2026-08-01 22:40:42.452"
1058,"FULL_PIPELINE_V2","AI_INVESTIGATE",2,"alert_id=807","AI decision=ESCALATE | reason=Cost per kg exceeds 5x the peer median and total charges exceed the 95th percentile.","","SUCCESS","CPH","2026-08-01 22:40:50.127"
1059,"FULL_PIPELINE_V2","SANCTIONS_SCREEN",3,"Viglacera Corp","Marketplace screening completed","","SUCCESS","CPH","2026-08-01 22:40:50.717"
1060,"FULL_PIPELINE_V2","AUTO_REMEDIATE",4,"alert_id=807,action=ESCALATE (decided by AI)","Action executed: ESCALATE | reason=Cost per kg exceeds 5x the peer median and total charges exceed the 95th percentile.","","SUCCESS","CPH","2026-08-01 22:40:52.164"
1061,"FULL_PIPELINE_V2","SAP_POST",5,"bl_id=none","{""status"":""SKIPPED"",""reason"":""SAP posting only runs after a CLEAR decision in this run""}","","SKIPPED","CPH","2026-08-01 22:40:52.417"
1062,"FULL_PIPELINE_V2","DETECT_ANOMALIES",1,"AUTO,max_alerts=1","Scan completed",2120,"SUCCESS","CPH","2026-08-01 23:26:18.545"
1063,"FULL_PIPELINE_V2","AI_INVESTIGATE",2,"alert_id=808","AI decision=BLOCK | reason=Cost/kg exceeds 5x the peer median ($7.9152 > 5 * $0.2559).",4325,"SUCCESS","CPH","2026-08-01 23:26:23.350"
1064,"FULL_PIPELINE_V2","SANCTIONS_SCREEN",3,"Trung Nguyen Coffee","Marketplace screening completed",230,"SUCCESS","CPH","2026-08-01 23:26:23.918"
1065,"FULL_PIPELINE_V2","AUTO_REMEDIATE",4,"alert_id=808,action=BLOCK (decided by AI)","Action executed: BLOCK | reason=Cost/kg exceeds 5x the peer median ($7.9152 > 5 * $0.2559).",1309,"SUCCESS","CPH","2026-08-01 23:26:25.511"
1066,"FULL_PIPELINE_V2","SAP_POST",5,"alert_id=808","{""status"":""SKIPPED"",""reason"":""SAP posting only runs after a CLEAR decision""}",0,"SKIPPED","CPH","2026-08-01 23:26:25.813"
1067,"FULL_PIPELINE_V2","DETECT_ANOMALIES",1,"AUTO,max_alerts=3","Scan completed",1936,"SUCCESS","CPH","2026-08-01 23:26:55.697"
1068,"FULL_PIPELINE_V2","AI_INVESTIGATE",2,"alert_id=809","AI decision=BLOCK | reason=Cost/kg ($1.1915) exceeds 5x the peer median ($0.2559).",4312,"SUCCESS","CPH","2026-08-01 23:27:00.459"
1069,"FULL_PIPELINE_V2","SANCTIONS_SCREEN",3,"Tan Hiep Phat","Marketplace screening completed",219,"SUCCESS","CPH","2026-08-01 23:27:01.012"
1070,"FULL_PIPELINE_V2","AUTO_REMEDIATE",4,"alert_id=809,action=BLOCK (decided by AI)","Action executed: BLOCK | reason=Cost/kg ($1.1915) exceeds 5x the peer median ($0.2559).",1142,"SUCCESS","CPH","2026-08-01 23:27:02.396"
1071,"FULL_PIPELINE_V2","SAP_POST",5,"alert_id=809","{""status"":""SKIPPED"",""reason"":""SAP posting only runs after a CLEAR decision""}",0,"SKIPPED","CPH","2026-08-01 23:27:02.661"
1072,"FULL_PIPELINE_V2","AI_INVESTIGATE",2,"alert_id=810","AI decision=BLOCK | reason=Cost/kg ($23.9577) exceeds 5x the peer median ($0.2559).",4084,"SUCCESS","CPH","2026-08-01 23:27:07.256"
1073,"FULL_PIPELINE_V2","SANCTIONS_SCREEN",3,"ABC Electronics Vietnam","Marketplace screening completed",224,"SUCCESS","CPH","2026-08-01 23:27:07.797"
1074,"FULL_PIPELINE_V2","AUTO_REMEDIATE",4,"alert_id=810,action=BLOCK (decided by AI)","Action executed: BLOCK | reason=Cost/kg ($23.9577) exceeds 5x the peer median ($0.2559).",1106,"SUCCESS","CPH","2026-08-01 23:27:09.168"
1075,"FULL_PIPELINE_V2","SAP_POST",5,"alert_id=810","{""status"":""SKIPPED"",""reason"":""SAP posting only runs after a CLEAR decision""}",0,"SKIPPED","CPH","2026-08-01 23:27:09.406"
1076,"FULL_PIPELINE_V2","AI_INVESTIGATE",2,"alert_id=811","AI decision=BLOCK | reason=Cost/kg exceeds 5x the peer median ($2.5007 > 5 * $0.2559).",4946,"SUCCESS","CPH","2026-08-01 23:27:14.789"
1077,"FULL_PIPELINE_V2","SANCTIONS_SCREEN",3,"Canon Vietnam","Marketplace screening completed",229,"SUCCESS","CPH","2026-08-01 23:27:15.347"
1078,"FULL_PIPELINE_V2","AUTO_REMEDIATE",4,"alert_id=811,action=BLOCK (decided by AI)","Action executed: BLOCK | reason=Cost/kg exceeds 5x the peer median ($2.5007 > 5 * $0.2559).",1142,"SUCCESS","CPH","2026-08-01 23:27:16.734"
1079,"FULL_PIPELINE_V2","SAP_POST",5,"alert_id=811","{""status"":""SKIPPED"",""reason"":""SAP posting only runs after a CLEAR decision""}",0,"SKIPPED","CPH","2026-08-01 23:27:16.974"
1080,"FULL_PIPELINE_V2","DETECT_ANOMALIES",1,"AUTO,max_alerts=5","Scan completed",2569,"SUCCESS","CPH","2026-08-01 23:34:18.657"
1081,"FULL_PIPELINE_V2","AI_INVESTIGATE",2,"alert_id=849","AI decision=BLOCK | reason=Cost per kg ($1.4079) exceeds the 95th percentile ($1.0692).",4416,"SUCCESS","CPH","2026-08-01 23:34:23.495"
1082,"FULL_PIPELINE_V2","SANCTIONS_SCREEN",3,"Hoa Sen Group","Marketplace screening completed",207,"SUCCESS","CPH","2026-08-01 23:34:24.007"
1083,"FULL_PIPELINE_V2","AUTO_REMEDIATE",4,"alert_id=849,action=BLOCK (decided by AI)","Action executed: BLOCK | reason=Cost per kg ($1.4079) exceeds the 95th percentile ($1.0692).",994,"SUCCESS","CPH","2026-08-01 23:34:25.251"
1084,"FULL_PIPELINE_V2","SAP_POST",5,"alert_id=849","{""status"":""SKIPPED"",""reason"":""SAP posting only runs after a CLEAR decision""}",0,"SKIPPED","CPH","2026-08-01 23:34:25.505"
1085,"FULL_PIPELINE_V2","AI_INVESTIGATE",2,"alert_id=850","AI decision=BLOCK | reason=Cost per kg ($2.0524) exceeds 5x the peer median ($0.2558).",5090,"SUCCESS","CPH","2026-08-01 23:34:31.085"
1086,"FULL_PIPELINE_V2","SANCTIONS_SCREEN",3,"Binh Tien Consumer","Marketplace screening completed",209,"SUCCESS","CPH","2026-08-01 23:34:31.611"
1087,"FULL_PIPELINE_V2","AUTO_REMEDIATE",4,"alert_id=850,action=BLOCK (decided by AI)","Action executed: BLOCK | reason=Cost per kg ($2.0524) exceeds 5x the peer median ($0.2558).",1050,"SUCCESS","CPH","2026-08-01 23:34:32.923"
1088,"FULL_PIPELINE_V2","SAP_POST",5,"alert_id=850","{""status"":""SKIPPED"",""reason"":""SAP posting only runs after a CLEAR decision""}",0,"SKIPPED","CPH","2026-08-01 23:34:33.166"
1089,"FULL_PIPELINE_V2","AI_INVESTIGATE",2,"alert_id=851","AI decision=BLOCK | reason=Cost per kg ($1.8159) exceeds 5x the peer median ($0.2558).",4352,"SUCCESS","CPH","2026-08-01 23:34:37.959"
1090,"FULL_PIPELINE_V2","SANCTIONS_SCREEN",3,"Nike Vietnam","Marketplace screening completed",239,"SUCCESS","CPH","2026-08-01 23:34:38.529"
1091,"FULL_PIPELINE_V2","AUTO_REMEDIATE",4,"alert_id=851,action=BLOCK (decided by AI)","Action executed: BLOCK | reason=Cost per kg ($1.8159) exceeds 5x the peer median ($0.2558).",1073,"SUCCESS","CPH","2026-08-01 23:34:39.876"
1092,"FULL_PIPELINE_V2","SAP_POST",5,"alert_id=851","{""status"":""SKIPPED"",""reason"":""SAP posting only runs after a CLEAR decision""}",0,"SKIPPED","CPH","2026-08-01 23:34:40.123"
1093,"FULL_PIPELINE_V2","AI_INVESTIGATE",2,"alert_id=841","AI decision=BLOCK | reason=Cost per kg ($3.2871) exceeds 5x the peer median ($0.2558).",4524,"SUCCESS","CPH","2026-08-01 23:34:45.130"
1094,"FULL_PIPELINE_V2","SANCTIONS_SCREEN",3,"LG Display Vietnam","Marketplace screening completed",224,"SUCCESS","CPH","2026-08-01 23:34:45.688"
1095,"FULL_PIPELINE_V2","AUTO_REMEDIATE",4,"alert_id=841,action=BLOCK (decided by AI)","Action executed: BLOCK | reason=Cost per kg ($3.2871) exceeds 5x the peer median ($0.2558).",1041,"SUCCESS","CPH","2026-08-01 23:34:46.999"
1096,"FULL_PIPELINE_V2","SAP_POST",5,"alert_id=841","{""status"":""SKIPPED"",""reason"":""SAP posting only runs after a CLEAR decision""}",0,"SKIPPED","CPH","2026-08-01 23:34:47.236"
1097,"FULL_PIPELINE_V2","AI_INVESTIGATE",2,"alert_id=842","AI decision=BLOCK | reason=Cost per kg ($3.0871) exceeds 5x the peer median ($0.2558).",4160,"SUCCESS","CPH","2026-08-01 23:34:51.810"
1098,"FULL_PIPELINE_V2","SANCTIONS_SCREEN",3,"Trung Nguyen Coffee","Marketplace screening completed",213,"SUCCESS","CPH","2026-08-01 23:34:52.365"
1099,"FULL_PIPELINE_V2","AUTO_REMEDIATE",4,"alert_id=842,action=BLOCK (decided by AI)","Action executed: BLOCK | reason=Cost per kg ($3.0871) exceeds 5x the peer median ($0.2558).",999,"SUCCESS","CPH","2026-08-01 23:34:53.608"
1100,"FULL_PIPELINE_V2","SAP_POST",5,"alert_id=842","{""status"":""SKIPPED"",""reason"":""SAP posting only runs after a CLEAR decision""}",0,"SKIPPED","CPH","2026-08-01 23:34:53.827"
1101,"FULL_PIPELINE_V2","DETECT_ANOMALIES",1,"AUTO,max_alerts=6","Scan completed",2979,"SUCCESS","CPH","2026-08-01 23:36:26.799"
1102,"FULL_PIPELINE_V2","AI_INVESTIGATE",2,"alert_id=876,severity=HIGH","AI decision=BLOCK | reason=Cost per kg ($2.1956) exceeds 5x the peer median ($0.2558).",4362,"SUCCESS","CPH","2026-08-01 23:36:31.677"
1103,"FULL_PIPELINE_V2","SANCTIONS_SCREEN",3,"Panasonic Vietnam","Marketplace screening completed",246,"SUCCESS","CPH","2026-08-01 23:36:32.258"
1104,"FULL_PIPELINE_V2","AUTO_REMEDIATE",4,"alert_id=876,action=BLOCK (decided by AI)","Action executed: BLOCK | reason=Cost per kg ($2.1956) exceeds 5x the peer median ($0.2558).",1088,"SUCCESS","CPH","2026-08-01 23:36:33.692"
1105,"FULL_PIPELINE_V2","SAP_POST",5,"alert_id=876","{""status"":""SKIPPED"",""reason"":""SAP posting only runs after a CLEAR decision""}",0,"SKIPPED","CPH","2026-08-01 23:36:33.968"
1106,"FULL_PIPELINE_V2","AI_INVESTIGATE",2,"alert_id=879,severity=HIGH","AI decision=BLOCK | reason=Cost per kg ($2.0415) exceeds 5x the peer median ($0.2558).",4149,"SUCCESS","CPH","2026-08-01 23:36:38.660"
1107,"FULL_PIPELINE_V2","SANCTIONS_SCREEN",3,"Viettel Electronics","Marketplace screening completed",213,"SUCCESS","CPH","2026-08-01 23:36:39.227"
1108,"FULL_PIPELINE_V2","AUTO_REMEDIATE",4,"alert_id=879,action=BLOCK (decided by AI)","Action executed: BLOCK | reason=Cost per kg ($2.0415) exceeds 5x the peer median ($0.2558).",1175,"SUCCESS","CPH","2026-08-01 23:36:40.682"
1109,"FULL_PIPELINE_V2","SAP_POST",5,"alert_id=879","{""status"":""SKIPPED"",""reason"":""SAP posting only runs after a CLEAR decision""}",0,"SKIPPED","CPH","2026-08-01 23:36:40.924"
1110,"FULL_PIPELINE_V2","AI_INVESTIGATE",2,"alert_id=865,severity=HIGH","AI decision=BLOCK | reason=Cost per kg ($2.755) exceeds 5x the peer median ($0.2558).",4055,"SUCCESS","CPH","2026-08-01 23:36:45.448"
1111,"FULL_PIPELINE_V2","SANCTIONS_SCREEN",3,"Foxconn Vietnam","Marketplace screening completed",221,"SUCCESS","CPH","2026-08-01 23:36:45.999"
1112,"FULL_PIPELINE_V2","AUTO_REMEDIATE",4,"alert_id=865,action=BLOCK (decided by AI)","Action executed: BLOCK | reason=Cost per kg ($2.755) exceeds 5x the peer median ($0.2558).",1047,"SUCCESS","CPH","2026-08-01 23:36:47.297"
1113,"FULL_PIPELINE_V2","SAP_POST",5,"alert_id=865","{""status"":""SKIPPED"",""reason"":""SAP posting only runs after a CLEAR decision""}",0,"SKIPPED","CPH","2026-08-01 23:36:47.567"
1114,"FULL_PIPELINE_V2","AI_INVESTIGATE",2,"alert_id=866,severity=HIGH","AI decision=BLOCK | reason=Cost per kg ($2.7405) exceeds 5x the peer median ($0.2558).",4214,"SUCCESS","CPH","2026-08-01 23:36:52.220"
1115,"FULL_PIPELINE_V2","SANCTIONS_SCREEN",3,"Panasonic Vietnam","Marketplace screening completed",230,"SUCCESS","CPH","2026-08-01 23:36:52.788"
1116,"FULL_PIPELINE_V2","AUTO_REMEDIATE",4,"alert_id=866,action=BLOCK (decided by AI)","Action executed: BLOCK | reason=Cost per kg ($2.7405) exceeds 5x the peer median ($0.2558).",1090,"SUCCESS","CPH","2026-08-01 23:36:54.122"
1117,"FULL_PIPELINE_V2","SAP_POST",5,"alert_id=866","{""status"":""SKIPPED"",""reason"":""SAP posting only runs after a CLEAR decision""}",0,"SKIPPED","CPH","2026-08-01 23:36:54.368"
1118,"FULL_PIPELINE_V2","AI_INVESTIGATE",2,"alert_id=867,severity=HIGH","AI decision=BLOCK | reason=Cost per kg ($2.7212) exceeds 5x the peer median ($0.2558).",4242,"SUCCESS","CPH","2026-08-01 23:36:59.067"
1119,"FULL_PIPELINE_V2","SANCTIONS_SCREEN",3,"FPT Software","Marketplace screening completed",226,"SUCCESS","CPH","2026-08-01 23:36:59.630"
1120,"FULL_PIPELINE_V2","AUTO_REMEDIATE",4,"alert_id=867,action=BLOCK (decided by AI)","Action executed: BLOCK | reason=Cost per kg ($2.7212) exceeds 5x the peer median ($0.2558).",1113,"SUCCESS","CPH","2026-08-01 23:37:01.063"
1121,"FULL_PIPELINE_V2","SAP_POST",5,"alert_id=867","{""status"":""SKIPPED"",""reason"":""SAP posting only runs after a CLEAR decision""}",0,"SKIPPED","CPH","2026-08-01 23:37:01.302"
1122,"FULL_PIPELINE_V2","AI_INVESTIGATE",2,"alert_id=868,severity=HIGH","AI decision=BLOCK | reason=Cost per kg ($2.7124) exceeds 5x the peer median ($0.2558).",4280,"SUCCESS","CPH","2026-08-01 23:37:06.068"
1123,"FULL_PIPELINE_V2","SANCTIONS_SCREEN",3,"LG Display Vietnam","Marketplace screening completed",225,"SUCCESS","CPH","2026-08-01 23:37:06.659"
1124,"FULL_PIPELINE_V2","AUTO_REMEDIATE",4,"alert_id=868,action=BLOCK (decided by AI)","Action executed: BLOCK | reason=Cost per kg ($2.7124) exceeds 5x the peer median ($0.2558).",1018,"SUCCESS","CPH","2026-08-01 23:37:07.918"
1125,"FULL_PIPELINE_V2","SAP_POST",5,"alert_id=868","{""status"":""SKIPPED"",""reason"":""SAP posting only runs after a CLEAR decision""}",0,"SKIPPED","CPH","2026-08-01 23:37:08.158"
1126,"FULL_PIPELINE_V2","DETECT_ANOMALIES",1,"BACKLOG,max_alerts=20","Scan completed",3328,"SUCCESS","CPH","2026-08-01 23:39:40.662"
1127,"FULL_PIPELINE_V2","AI_INVESTIGATE",2,"alert_id=903,severity=HIGH","AI decision=BLOCK | reason=Cost per kg ($1.1954) exceeds the 95th percentile ($1.0692).",10349,"SUCCESS","CPH","2026-08-01 23:39:51.495"
1128,"FULL_PIPELINE_V2","SANCTIONS_SCREEN",3,"Intel Products Vietnam","Marketplace screening completed",249,"SUCCESS","CPH","2026-08-01 23:39:52.092"
1129,"FULL_PIPELINE_V2","AUTO_REMEDIATE",4,"alert_id=903,action=BLOCK (decided by AI)","Action executed: BLOCK | reason=Cost per kg ($1.1954) exceeds the 95th percentile ($1.0692).",1056,"SUCCESS","CPH","2026-08-01 23:39:53.432"
1130,"FULL_PIPELINE_V2","SAP_POST",5,"alert_id=903","{""status"":""SKIPPED"",""reason"":""SAP posting only runs after a CLEAR decision""}",0,"SKIPPED","CPH","2026-08-01 23:39:53.664"
1131,"FULL_PIPELINE_V2","AI_INVESTIGATE",2,"alert_id=904,severity=HIGH","AI decision=BLOCK | reason=Cost per kg ($1.7098) exceeds 5x the peer median ($0.2558).",4065,"SUCCESS","CPH","2026-08-01 23:39:58.246"
1132,"FULL_PIPELINE_V2","SANCTIONS_SCREEN",3,"Trung Nguyen Coffee","Marketplace screening completed",221,"SUCCESS","CPH","2026-08-01 23:39:58.789"
1133,"FULL_PIPELINE_V2","AUTO_REMEDIATE",4,"alert_id=904,action=BLOCK (decided by AI)","Action executed: BLOCK | reason=Cost per kg ($1.7098) exceeds 5x the peer median ($0.2558).",1115,"SUCCESS","CPH","2026-08-01 23:40:00.145"
1134,"FULL_PIPELINE_V2","SAP_POST",5,"alert_id=904","{""status"":""SKIPPED"",""reason"":""SAP posting only runs after a CLEAR decision""}",0,"SKIPPED","CPH","2026-08-01 23:40:00.394"
1135,"FULL_PIPELINE_V2","AI_INVESTIGATE",2,"alert_id=889,severity=HIGH","AI decision=BLOCK | reason=Cost per kg ($2.6114) exceeds 5x the peer median ($0.2558).",4063,"SUCCESS","CPH","2026-08-01 23:40:04.948"
1136,"FULL_PIPELINE_V2","SANCTIONS_SCREEN",3,"Tan Hiep Phat","Marketplace screening completed",213,"SUCCESS","CPH","2026-08-01 23:40:05.582"
1137,"FULL_PIPELINE_V2","AUTO_REMEDIATE",4,"alert_id=889,action=BLOCK (decided by AI)","Action executed: BLOCK | reason=Cost per kg ($2.6114) exceeds 5x the peer median ($0.2558).",1064,"SUCCESS","CPH","2026-08-01 23:40:06.887"
1138,"FULL_PIPELINE_V2","SAP_POST",5,"alert_id=889","{""status"":""SKIPPED"",""reason"":""SAP posting only runs after a CLEAR decision""}",0,"SKIPPED","CPH","2026-08-01 23:40:07.117"
1139,"FULL_PIPELINE_V2","AI_INVESTIGATE",2,"alert_id=890,severity=HIGH","AI decision=BLOCK | reason=Cost per kg ($2.5679) exceeds 5x the peer median ($0.2558).",4035,"SUCCESS","CPH","2026-08-01 23:40:11.614"
1140,"FULL_PIPELINE_V2","SANCTIONS_SCREEN",3,"FPT Software","Marketplace screening completed",229,"SUCCESS","CPH","2026-08-01 23:40:12.194"
1141,"FULL_PIPELINE_V2","AUTO_REMEDIATE",4,"alert_id=890,action=BLOCK (decided by AI)","Action executed: BLOCK | reason=Cost per kg ($2.5679) exceeds 5x the peer median ($0.2558).",1063,"SUCCESS","CPH","2026-08-01 23:40:13.518"
1142,"FULL_PIPELINE_V2","SAP_POST",5,"alert_id=890","{""status"":""SKIPPED"",""reason"":""SAP posting only runs after a CLEAR decision""}",0,"SKIPPED","CPH","2026-08-01 23:40:13.765"
1143,"FULL_PIPELINE_V2","AI_INVESTIGATE",2,"alert_id=891,severity=HIGH","AI decision=BLOCK | reason=Cost per kg ($2.5302) exceeds 5x the peer median ($0.2558).",3839,"SUCCESS","CPH","2026-08-01 23:40:18.078"
1144,"FULL_PIPELINE_V2","SANCTIONS_SCREEN",3,"Panasonic Vietnam","Marketplace screening completed",211,"SUCCESS","CPH","2026-08-01 23:40:18.634"
1145,"FULL_PIPELINE_V2","AUTO_REMEDIATE",4,"alert_id=891,action=BLOCK (decided by AI)","Action executed: BLOCK | reason=Cost per kg ($2.5302) exceeds 5x the peer median ($0.2558).",1120,"SUCCESS","CPH","2026-08-01 23:40:20.030"
1146,"FULL_PIPELINE_V2","SAP_POST",5,"alert_id=891","{""status"":""SKIPPED"",""reason"":""SAP posting only runs after a CLEAR decision""}",0,"SKIPPED","CPH","2026-08-01 23:40:20.275"
1147,"FULL_PIPELINE_V2","AI_INVESTIGATE",2,"alert_id=892,severity=HIGH","AI decision=BLOCK | reason=Cost per kg ($2.5099) exceeds 5x the peer median ($0.2558).",3722,"SUCCESS","CPH","2026-08-01 23:40:24.463"
1148,"FULL_PIPELINE_V2","SANCTIONS_SCREEN",3,"Phong Phu Garment","Marketplace screening completed",270,"SUCCESS","CPH","2026-08-01 23:40:25.066"
1149,"FULL_PIPELINE_V2","AUTO_REMEDIATE",4,"alert_id=892,action=BLOCK (decided by AI)","Action executed: BLOCK | reason=Cost per kg ($2.5099) exceeds 5x the peer median ($0.2558).",1077,"SUCCESS","CPH","2026-08-01 23:40:26.400"
1150,"FULL_PIPELINE_V2","SAP_POST",5,"alert_id=892","{""status"":""SKIPPED"",""reason"":""SAP posting only runs after a CLEAR decision""}",0,"SKIPPED","CPH","2026-08-01 23:40:26.646"
1151,"FULL_PIPELINE_V2","AI_INVESTIGATE",2,"alert_id=893,severity=HIGH","AI decision=BLOCK | reason=Cost per kg ($2.4153) exceeds 5x the peer median ($0.2558).",4068,"SUCCESS","CPH","2026-08-01 23:40:31.178"
1152,"FULL_PIPELINE_V2","SANCTIONS_SCREEN",3,"Foxconn Vietnam","Marketplace screening completed",198,"SUCCESS","CPH","2026-08-01 23:40:31.706"
1153,"FULL_PIPELINE_V2","AUTO_REMEDIATE",4,"alert_id=893,action=BLOCK (decided by AI)","Action executed: BLOCK | reason=Cost per kg ($2.4153) exceeds 5x the peer median ($0.2558).",1037,"SUCCESS","CPH","2026-08-01 23:40:32.991"
1154,"FULL_PIPELINE_V2","SAP_POST",5,"alert_id=893","{""status"":""SKIPPED"",""reason"":""SAP posting only runs after a CLEAR decision""}",0,"SKIPPED","CPH","2026-08-01 23:40:33.289"
1155,"FULL_PIPELINE_V2","AI_INVESTIGATE",2,"alert_id=894,severity=HIGH","AI decision=BLOCK | reason=Cost per kg ($2.4123) exceeds 5x the peer median ($0.2558).",4004,"SUCCESS","CPH","2026-08-01 23:40:37.724"
1156,"FULL_PIPELINE_V2","SANCTIONS_SCREEN",3,"Samsung Vietnam","Marketplace screening completed",215,"SUCCESS","CPH","2026-08-01 23:40:38.322"
1157,"FULL_PIPELINE_V2","AUTO_REMEDIATE",4,"alert_id=894,action=BLOCK (decided by AI)","Action executed: BLOCK | reason=Cost per kg ($2.4123) exceeds 5x the peer median ($0.2558).",1150,"SUCCESS","CPH","2026-08-01 23:40:39.815"
1158,"FULL_PIPELINE_V2","SAP_POST",5,"alert_id=894","{""status"":""SKIPPED"",""reason"":""SAP posting only runs after a CLEAR decision""}",0,"SKIPPED","CPH","2026-08-01 23:40:40.064"
1159,"FULL_PIPELINE_V2","AI_INVESTIGATE",2,"alert_id=895,severity=HIGH","AI decision=BLOCK | reason=Cost per kg ($2.4114) exceeds 5x the peer median ($0.2558).",3983,"SUCCESS","CPH","2026-08-01 23:40:44.511"
1160,"FULL_PIPELINE_V2","SANCTIONS_SCREEN",3,"Phong Phu Garment","Marketplace screening completed",234,"SUCCESS","CPH","2026-08-01 23:40:45.116"
1161,"FULL_PIPELINE_V2","AUTO_REMEDIATE",4,"alert_id=895,action=BLOCK (decided by AI)","Action executed: BLOCK | reason=Cost per kg ($2.4114) exceeds 5x the peer median ($0.2558).",1153,"SUCCESS","CPH","2026-08-01 23:40:46.525"
1162,"FULL_PIPELINE_V2","SAP_POST",5,"alert_id=895","{""status"":""SKIPPED"",""reason"":""SAP posting only runs after a CLEAR decision""}",0,"SKIPPED","CPH","2026-08-01 23:40:46.758"
1163,"FULL_PIPELINE_V2","AI_INVESTIGATE",2,"alert_id=896,severity=HIGH","AI decision=BLOCK | reason=Cost per kg ($2.3879) exceeds 5x the peer median ($0.2558).",3875,"SUCCESS","CPH","2026-08-01 23:40:51.076"
1164,"FULL_PIPELINE_V2","SANCTIONS_SCREEN",3,"Binh Tien Consumer","Marketplace screening completed",210,"SUCCESS","CPH","2026-08-01 23:40:51.668"
1165,"FULL_PIPELINE_V2","AUTO_REMEDIATE",4,"alert_id=896,action=BLOCK (decided by AI)","Action executed: BLOCK | reason=Cost per kg ($2.3879) exceeds 5x the peer median ($0.2558).",1116,"SUCCESS","CPH","2026-08-01 23:40:53.048"
1166,"FULL_PIPELINE_V2","SAP_POST",5,"alert_id=896","{""status"":""SKIPPED"",""reason"":""SAP posting only runs after a CLEAR decision""}",0,"SKIPPED","CPH","2026-08-01 23:40:53.282"
1167,"FULL_PIPELINE_V2","AI_INVESTIGATE",2,"alert_id=869,severity=HIGH","AI decision=BLOCK | reason=Cost per kg ($2.6736) exceeds 5x the peer median ($0.2558).",6225,"SUCCESS","CPH","2026-08-01 23:40:59.963"
1168,"FULL_PIPELINE_V2","SANCTIONS_SCREEN",3,"Tan Hiep Phat","Marketplace screening completed",221,"SUCCESS","CPH","2026-08-01 23:41:00.518"
1169,"FULL_PIPELINE_V2","AUTO_REMEDIATE",4,"alert_id=869,action=BLOCK (decided by AI)","Action executed: BLOCK | reason=Cost per kg ($2.6736) exceeds 5x the peer median ($0.2558).",1303,"SUCCESS","CPH","2026-08-01 23:41:02.101"
1170,"FULL_PIPELINE_V2","SAP_POST",5,"alert_id=869","{""status"":""SKIPPED"",""reason"":""SAP posting only runs after a CLEAR decision""}",0,"SKIPPED","CPH","2026-08-01 23:41:02.739"
1171,"FULL_PIPELINE_V2","AI_INVESTIGATE",2,"alert_id=870,severity=HIGH","AI decision=BLOCK | reason=Cost per kg ($2.6564) exceeds 5x the peer median ($0.2558).",3813,"SUCCESS","CPH","2026-08-01 23:41:07.042"
1172,"FULL_PIPELINE_V2","SANCTIONS_SCREEN",3,"Phong Phu Garment","Marketplace screening completed",204,"SUCCESS","CPH","2026-08-01 23:41:07.622"
1173,"FULL_PIPELINE_V2","AUTO_REMEDIATE",4,"alert_id=870,action=BLOCK (decided by AI)","Action executed: BLOCK | reason=Cost per kg ($2.6564) exceeds 5x the peer median ($0.2558).",1061,"SUCCESS","CPH","2026-08-01 23:41:08.997"
1174,"FULL_PIPELINE_V2","SAP_POST",5,"alert_id=870","{""status"":""SKIPPED"",""reason"":""SAP posting only runs after a CLEAR decision""}",0,"SKIPPED","CPH","2026-08-01 23:41:09.237"
1175,"FULL_PIPELINE_V2","AI_INVESTIGATE",2,"alert_id=871,severity=HIGH","AI decision=BLOCK | reason=Cost per kg ($2.6551) exceeds 5x the peer median ($0.2558).",5501,"SUCCESS","CPH","2026-08-01 23:41:15.270"
1176,"FULL_PIPELINE_V2","SANCTIONS_SCREEN",3,"Canon Vietnam","Marketplace screening completed",238,"SUCCESS","CPH","2026-08-01 23:41:15.870"
1177,"FULL_PIPELINE_V2","AUTO_REMEDIATE",4,"alert_id=871,action=BLOCK (decided by AI)","Action executed: BLOCK | reason=Cost per kg ($2.6551) exceeds 5x the peer median ($0.2558).",1132,"SUCCESS","CPH","2026-08-01 23:41:17.260"
1178,"FULL_PIPELINE_V2","SAP_POST",5,"alert_id=871","{""status"":""SKIPPED"",""reason"":""SAP posting only runs after a CLEAR decision""}",0,"SKIPPED","CPH","2026-08-01 23:41:17.509"
1179,"FULL_PIPELINE_V2","AI_INVESTIGATE",2,"alert_id=872,severity=HIGH","AI decision=BLOCK | reason=Cost per kg ($2.6344) exceeds 5x the peer median ($0.2558).",5395,"SUCCESS","CPH","2026-08-01 23:41:23.366"
1180,"FULL_PIPELINE_V2","SANCTIONS_SCREEN",3,"Samsung Vietnam","Marketplace screening completed",244,"SUCCESS","CPH","2026-08-01 23:41:23.950"
1181,"FULL_PIPELINE_V2","AUTO_REMEDIATE",4,"alert_id=872,action=BLOCK (decided by AI)","Action executed: BLOCK | reason=Cost per kg ($2.6344) exceeds 5x the peer median ($0.2558).",1108,"SUCCESS","CPH","2026-08-01 23:41:25.336"
1182,"FULL_PIPELINE_V2","SAP_POST",5,"alert_id=872","{""status"":""SKIPPED"",""reason"":""SAP posting only runs after a CLEAR decision""}",0,"SKIPPED","CPH","2026-08-01 23:41:25.590"
1183,"FULL_PIPELINE_V2","AI_INVESTIGATE",2,"alert_id=843,severity=HIGH","AI decision=BLOCK | reason=Cost per kg ($3.0829) exceeds 5x the peer median ($0.2558).",5381,"SUCCESS","CPH","2026-08-01 23:41:31.954"
1184,"FULL_PIPELINE_V2","SANCTIONS_SCREEN",3,"Tan Hiep Phat","Marketplace screening completed",222,"SUCCESS","CPH","2026-08-01 23:41:32.499"
1185,"FULL_PIPELINE_V2","AUTO_REMEDIATE",4,"alert_id=843,action=BLOCK (decided by AI)","Action executed: BLOCK | reason=Cost per kg ($3.0829) exceeds 5x the peer median ($0.2558).",1098,"SUCCESS","CPH","2026-08-01 23:41:33.860"
1186,"FULL_PIPELINE_V2","SAP_POST",5,"alert_id=843","{""status"":""SKIPPED"",""reason"":""SAP posting only runs after a CLEAR decision""}",0,"SKIPPED","CPH","2026-08-01 23:41:34.112"
1187,"FULL_PIPELINE_V2","AI_INVESTIGATE",2,"alert_id=844,severity=HIGH","AI decision=BLOCK | reason=Cost per kg ($3.0646) exceeds 5x the peer median ($0.2558).",4088,"SUCCESS","CPH","2026-08-01 23:41:38.661"
1188,"FULL_PIPELINE_V2","SANCTIONS_SCREEN",3,"Hoa Sen Group","Marketplace screening completed",219,"SUCCESS","CPH","2026-08-01 23:41:39.227"
1189,"FULL_PIPELINE_V2","AUTO_REMEDIATE",4,"alert_id=844,action=BLOCK (decided by AI)","Action executed: BLOCK | reason=Cost per kg ($3.0646) exceeds 5x the peer median ($0.2558).",1192,"SUCCESS","CPH","2026-08-01 23:41:40.675"
1190,"FULL_PIPELINE_V2","SAP_POST",5,"alert_id=844","{""status"":""SKIPPED"",""reason"":""SAP posting only runs after a CLEAR decision""}",0,"SKIPPED","CPH","2026-08-01 23:41:40.920"
1191,"FULL_PIPELINE_V2","AI_INVESTIGATE",2,"alert_id=845,severity=HIGH","AI decision=BLOCK | reason=Cost per kg ($3.032) exceeds 5x the peer median ($0.2558).",5246,"SUCCESS","CPH","2026-08-01 23:41:46.636"
1192,"FULL_PIPELINE_V2","SANCTIONS_SCREEN",3,"Toyota Vietnam","Marketplace screening completed",241,"SUCCESS","CPH","2026-08-01 23:41:47.194"
1193,"FULL_PIPELINE_V2","AUTO_REMEDIATE",4,"alert_id=845,action=BLOCK (decided by AI)","Action executed: BLOCK | reason=Cost per kg ($3.032) exceeds 5x the peer median ($0.2558).",1030,"SUCCESS","CPH","2026-08-01 23:41:48.456"
1194,"FULL_PIPELINE_V2","SAP_POST",5,"alert_id=845","{""status"":""SKIPPED"",""reason"":""SAP posting only runs after a CLEAR decision""}",0,"SKIPPED","CPH","2026-08-01 23:41:48.719"
1195,"FULL_PIPELINE_V2","AI_INVESTIGATE",2,"alert_id=846,severity=HIGH","AI decision=BLOCK | reason=Cost per kg ($2.9497) exceeds 5x the peer median ($0.2558).",10497,"SUCCESS","CPH","2026-08-01 23:41:59.722"
1196,"FULL_PIPELINE_V2","SANCTIONS_SCREEN",3,"Trung Nguyen Coffee","Marketplace screening completed",237,"SUCCESS","CPH","2026-08-01 23:42:00.481"
1197,"FULL_PIPELINE_V2","AUTO_REMEDIATE",4,"alert_id=846,action=BLOCK (decided by AI)","Action executed: BLOCK | reason=Cost per kg ($2.9497) exceeds 5x the peer median ($0.2558).",1258,"SUCCESS","CPH","2026-08-01 23:42:02.236"
1198,"FULL_PIPELINE_V2","SAP_POST",5,"alert_id=846","{""status"":""SKIPPED"",""reason"":""SAP posting only runs after a CLEAR decision""}",0,"SKIPPED","CPH","2026-08-01 23:42:02.575"
1199,"FULL_PIPELINE_V2","AI_INVESTIGATE",2,"alert_id=847,severity=HIGH","AI decision=BLOCK | reason=Cost per kg ($2.9207) exceeds 5x the peer median ($0.2558).",4027,"SUCCESS","CPH","2026-08-01 23:42:07.073"
1200,"FULL_PIPELINE_V2","SANCTIONS_SCREEN",3,"Hoa Sen Group","Marketplace screening completed",200,"SUCCESS","CPH","2026-08-01 23:42:07.612"
1201,"FULL_PIPELINE_V2","AUTO_REMEDIATE",4,"alert_id=847,action=BLOCK (decided by AI)","Action executed: BLOCK | reason=Cost per kg ($2.9207) exceeds 5x the peer median ($0.2558).",1219,"SUCCESS","CPH","2026-08-01 23:42:09.094"
1202,"FULL_PIPELINE_V2","SAP_POST",5,"alert_id=847","{""status"":""SKIPPED"",""reason"":""SAP posting only runs after a CLEAR decision""}",0,"SKIPPED","CPH","2026-08-01 23:42:09.382"
1203,"FULL_PIPELINE_V2","AI_INVESTIGATE",2,"alert_id=848,severity=HIGH","AI decision=BLOCK | reason=Cost per kg ($2.783) exceeds 5x the peer median ($0.2558).",4834,"SUCCESS","CPH","2026-08-01 23:42:14.687"
1204,"FULL_PIPELINE_V2","SANCTIONS_SCREEN",3,"Phong Phu Garment","Marketplace screening completed",209,"SUCCESS","CPH","2026-08-01 23:42:15.260"
1205,"FULL_PIPELINE_V2","AUTO_REMEDIATE",4,"alert_id=848,action=BLOCK (decided by AI)","Action executed: BLOCK | reason=Cost per kg ($2.783) exceeds 5x the peer median ($0.2558).",1029,"SUCCESS","CPH","2026-08-01 23:42:16.592"
1206,"FULL_PIPELINE_V2","SAP_POST",5,"alert_id=848","{""status"":""SKIPPED"",""reason"":""SAP posting only runs after a CLEAR decision""}",0,"SKIPPED","CPH","2026-08-01 23:42:16.817"
1207,"FULL_PIPELINE_V2","DETECT_ANOMALIES",1,"AUTO,max_alerts=8","Scan completed",2656,"SUCCESS","CPH","2026-08-01 23:51:32.505"
1208,"FULL_PIPELINE_V2","AI_INVESTIGATE",2,"alert_id=830,severity=HIGH","AI decision=BLOCK | reason=Cost/kg is MORE THAN 10x the peer median ($2.6665 vs $0.2558).",6691,"SUCCESS","CPH","2026-08-01 23:51:39.715"
1209,"FULL_PIPELINE_V2","SANCTIONS_SCREEN",3,"Binh Tien Consumer","Marketplace screening completed",200,"SUCCESS","CPH","2026-08-01 23:51:40.289"
1210,"FULL_PIPELINE_V2","AUTO_REMEDIATE",4,"alert_id=830,action=BLOCK (decided by AI)","Action executed: BLOCK | reason=Cost/kg is MORE THAN 10x the peer median ($2.6665 vs $0.2558).",1025,"SUCCESS","CPH","2026-08-01 23:51:41.600"
1211,"FULL_PIPELINE_V2","SAP_POST",5,"alert_id=830","{""status"":""SKIPPED"",""reason"":""SAP posting only runs after a CLEAR decision""}",0,"SKIPPED","CPH","2026-08-01 23:51:41.868"
1212,"FULL_PIPELINE_V2","AI_INVESTIGATE",2,"alert_id=817,severity=HIGH","AI decision=BLOCK | reason=Cost/kg is 15.8x the peer median.",5834,"SUCCESS","CPH","2026-08-01 23:51:48.203"
1213,"FULL_PIPELINE_V2","SANCTIONS_SCREEN",3,"Hoa Sen Group","Marketplace screening completed",197,"SUCCESS","CPH","2026-08-01 23:51:48.705"
1214,"FULL_PIPELINE_V2","AUTO_REMEDIATE",4,"alert_id=817,action=BLOCK (decided by AI)","Action executed: BLOCK | reason=Cost/kg is 15.8x the peer median.",1189,"SUCCESS","CPH","2026-08-01 23:51:50.128"
1215,"FULL_PIPELINE_V2","SAP_POST",5,"alert_id=817","{""status"":""SKIPPED"",""reason"":""SAP posting only runs after a CLEAR decision""}",0,"SKIPPED","CPH","2026-08-01 23:51:50.404"
1216,"FULL_PIPELINE_V2","AI_INVESTIGATE",2,"alert_id=818,severity=HIGH","AI decision=BLOCK | reason=Cost per kg is 14.45x the peer median.",3718,"SUCCESS","CPH","2026-08-01 23:51:54.549"
1217,"FULL_PIPELINE_V2","SANCTIONS_SCREEN",3,"Nike Vietnam","Marketplace screening completed",216,"SUCCESS","CPH","2026-08-01 23:51:55.106"
1218,"FULL_PIPELINE_V2","AUTO_REMEDIATE",4,"alert_id=818,action=BLOCK (decided by AI)","Action executed: BLOCK | reason=Cost per kg is 14.45x the peer median.",1020,"SUCCESS","CPH","2026-08-01 23:51:56.371"
1219,"FULL_PIPELINE_V2","SAP_POST",5,"alert_id=818","{""status"":""SKIPPED"",""reason"":""SAP posting only runs after a CLEAR decision""}",0,"SKIPPED","CPH","2026-08-01 23:51:56.616"
1220,"FULL_PIPELINE_V2","AI_INVESTIGATE",2,"alert_id=819,severity=HIGH","AI decision=BLOCK | reason=Cost per kg is 14.15x the peer median.",7934,"SUCCESS","CPH","2026-08-01 23:52:04.984"
1221,"FULL_PIPELINE_V2","SANCTIONS_SCREEN",3,"Hoa Sen Group","Marketplace screening completed",187,"SUCCESS","CPH","2026-08-01 23:52:05.496"
1222,"FULL_PIPELINE_V2","AUTO_REMEDIATE",4,"alert_id=819,action=BLOCK (decided by AI)","Action executed: BLOCK | reason=Cost per kg is 14.15x the peer median.",1036,"SUCCESS","CPH","2026-08-01 23:52:06.774"
1223,"FULL_PIPELINE_V2","SAP_POST",5,"alert_id=819","{""status"":""SKIPPED"",""reason"":""SAP posting only runs after a CLEAR decision""}",0,"SKIPPED","CPH","2026-08-01 23:52:07.004"
1224,"FULL_PIPELINE_V2","AI_INVESTIGATE",2,"alert_id=820,severity=HIGH","AI decision=BLOCK | reason=Cost/kg is 14.07x the peer median.",3989,"SUCCESS","CPH","2026-08-01 23:52:11.431"
1225,"FULL_PIPELINE_V2","SANCTIONS_SCREEN",3,"Foxconn Vietnam","Marketplace screening completed",237,"SUCCESS","CPH","2026-08-01 23:52:12.014"
1226,"FULL_PIPELINE_V2","AUTO_REMEDIATE",4,"alert_id=820,action=BLOCK (decided by AI)","Action executed: BLOCK | reason=Cost/kg is 14.07x the peer median.",1073,"SUCCESS","CPH","2026-08-01 23:52:13.347"
1227,"FULL_PIPELINE_V2","SAP_POST",5,"alert_id=820","{""status"":""SKIPPED"",""reason"":""SAP posting only runs after a CLEAR decision""}",0,"SKIPPED","CPH","2026-08-01 23:52:13.575"
1228,"FULL_PIPELINE_V2","AI_INVESTIGATE",2,"alert_id=821,severity=HIGH","AI decision=BLOCK | reason=Cost/kg is MORE THAN 10x the peer median ($3.5815 vs $0.2558).",4106,"SUCCESS","CPH","2026-08-01 23:52:18.123"
1229,"FULL_PIPELINE_V2","SANCTIONS_SCREEN",3,"Foxconn Vietnam","Marketplace screening completed",202,"SUCCESS","CPH","2026-08-01 23:52:18.658"
1230,"FULL_PIPELINE_V2","AUTO_REMEDIATE",4,"alert_id=821,action=BLOCK (decided by AI)","Action executed: BLOCK | reason=Cost/kg is MORE THAN 10x the peer median ($3.5815 vs $0.2558).",1016,"SUCCESS","CPH","2026-08-01 23:52:19.909"
1231,"FULL_PIPELINE_V2","SAP_POST",5,"alert_id=821","{""status"":""SKIPPED"",""reason"":""SAP posting only runs after a CLEAR decision""}",0,"SKIPPED","CPH","2026-08-01 23:52:20.145"
1232,"FULL_PIPELINE_V2","AI_INVESTIGATE",2,"alert_id=822,severity=HIGH","AI decision=BLOCK | reason=Cost per kg is 13.68x the peer median.",3649,"SUCCESS","CPH","2026-08-01 23:52:24.246"
1233,"FULL_PIPELINE_V2","SANCTIONS_SCREEN",3,"Nike Vietnam","Marketplace screening completed",191,"SUCCESS","CPH","2026-08-01 23:52:24.763"
1234,"FULL_PIPELINE_V2","AUTO_REMEDIATE",4,"alert_id=822,action=BLOCK (decided by AI)","Action executed: BLOCK | reason=Cost per kg is 13.68x the peer median.",995,"SUCCESS","CPH","2026-08-01 23:52:26.016"
1235,"FULL_PIPELINE_V2","SAP_POST",5,"alert_id=822","{""status"":""SKIPPED"",""reason"":""SAP posting only runs after a CLEAR decision""}",0,"SKIPPED","CPH","2026-08-01 23:52:26.270"
1236,"FULL_PIPELINE_V2","AI_INVESTIGATE",2,"alert_id=823,severity=HIGH","AI decision=BLOCK | reason=Cost per kg is 13.56x the peer median.",3627,"SUCCESS","CPH","2026-08-01 23:52:30.333"
1237,"FULL_PIPELINE_V2","SANCTIONS_SCREEN",3,"Hoa Sen Group","Marketplace screening completed",185,"SUCCESS","CPH","2026-08-01 23:52:30.836"
1238,"FULL_PIPELINE_V2","AUTO_REMEDIATE",4,"alert_id=823,action=BLOCK (decided by AI)","Action executed: BLOCK | reason=Cost per kg is 13.56x the peer median.",1002,"SUCCESS","CPH","2026-08-01 23:52:32.088"
1239,"FULL_PIPELINE_V2","SAP_POST",5,"alert_id=823","{""status"":""SKIPPED"",""reason"":""SAP posting only runs after a CLEAR decision""}",0,"SKIPPED","CPH","2026-08-01 23:52:32.319"
1240,"FULL_PIPELINE_V2","DETECT_ANOMALIES",1,"AUTO,max_alerts=8","Scan completed",2511,"SUCCESS","CPH","2026-08-01 23:55:43.829"
1241,"FULL_PIPELINE_V2","AI_INVESTIGATE",2,"alert_id=824,severity=HIGH","AI decision=BLOCK | reason=Cost per kg is 13.55x the peer median.",3908,"SUCCESS","CPH","2026-08-01 23:55:48.244"
1242,"FULL_PIPELINE_V2","SANCTIONS_SCREEN",3,"Phong Phu Garment","Marketplace screening completed",217,"SUCCESS","CPH","2026-08-01 23:55:48.790"
1243,"FULL_PIPELINE_V2","AUTO_REMEDIATE",4,"alert_id=824,action=BLOCK (decided by AI)","Action executed: BLOCK | reason=Cost per kg is 13.55x the peer median.",1261,"SUCCESS","CPH","2026-08-01 23:55:50.302"
1244,"FULL_PIPELINE_V2","SAP_POST",5,"alert_id=824","{""status"":""SKIPPED"",""reason"":""SAP posting only runs after a CLEAR decision""}",0,"SKIPPED","CPH","2026-08-01 23:55:50.572"
1245,"FULL_PIPELINE_V2","AI_INVESTIGATE",2,"alert_id=956,severity=MEDIUM","AI decision=CLEAR | reason=Cost per kg is 0.22x the peer median, and sanctions matches = 0.",3635,"SUCCESS","CPH","2026-08-01 23:55:54.777"
1246,"FULL_PIPELINE_V2","SANCTIONS_SCREEN",3,"Intel Products Vietnam","Marketplace screening completed",221,"SUCCESS","CPH","2026-08-01 23:55:55.361"
1247,"FULL_PIPELINE_V2","AUTO_REMEDIATE",4,"alert_id=956,action=CLEAR (decided by AI)","Action executed: CLEAR | reason=Cost per kg is 0.22x the peer median, and sanctions matches = 0.",899,"SUCCESS","CPH","2026-08-01 23:55:56.527"
1248,"FULL_PIPELINE_V2","SAP_POST",5,"bl_id=1548","{""status"":""SUCCESS"",""sap_document"":""5000001548"",""bl_id"":1548}",889,"SUCCESS","CPH","2026-08-01 23:55:57.815"
1249,"FULL_PIPELINE_V2","AI_INVESTIGATE",2,"alert_id=957,severity=MEDIUM","AI decision=CLEAR | reason=Cost per kg is 0.44x the peer median, and sanctions matches = 0.",4643,"SUCCESS","CPH","2026-08-01 23:56:02.882"
1250,"FULL_PIPELINE_V2","SANCTIONS_SCREEN",3,"Foxconn Vietnam","Marketplace screening completed",224,"SUCCESS","CPH","2026-08-01 23:56:03.447"
1251,"FULL_PIPELINE_V2","AUTO_REMEDIATE",4,"alert_id=957,action=CLEAR (decided by AI)","Action executed: CLEAR | reason=Cost per kg is 0.44x the peer median, and sanctions matches = 0.",866,"SUCCESS","CPH","2026-08-01 23:56:04.581"
1252,"FULL_PIPELINE_V2","SAP_POST",5,"bl_id=409","{""status"":""SUCCESS"",""sap_document"":""5000000409"",""bl_id"":409}",816,"SUCCESS","CPH","2026-08-01 23:56:05.732"
1253,"FULL_PIPELINE_V2","AI_INVESTIGATE",2,"alert_id=958,severity=MEDIUM","AI decision=CLEAR | reason=Cost/kg is 0.31x the peer median, and sanctions matches = 0.",3628,"SUCCESS","CPH","2026-08-01 23:56:09.779"
1254,"FULL_PIPELINE_V2","SANCTIONS_SCREEN",3,"Nike Vietnam","Marketplace screening completed",206,"SUCCESS","CPH","2026-08-01 23:56:10.313"
1255,"FULL_PIPELINE_V2","AUTO_REMEDIATE",4,"alert_id=958,action=CLEAR (decided by AI)","Action executed: CLEAR | reason=Cost/kg is 0.31x the peer median, and sanctions matches = 0.",855,"SUCCESS","CPH","2026-08-01 23:56:11.410"
1256,"FULL_PIPELINE_V2","SAP_POST",5,"bl_id=9784","{""status"":""SUCCESS"",""sap_document"":""5000009784"",""bl_id"":9784}",777,"SUCCESS","CPH","2026-08-01 23:56:12.547"
1257,"FULL_PIPELINE_V2","AI_INVESTIGATE",2,"alert_id=959,severity=MEDIUM","AI decision=CLEAR | reason=Cost/kg is 0.41x the peer median and sanctions matches = 0.",4335,"SUCCESS","CPH","2026-08-01 23:56:17.285"
1258,"FULL_PIPELINE_V2","SANCTIONS_SCREEN",3,"Panasonic Vietnam","Marketplace screening completed",198,"SUCCESS","CPH","2026-08-01 23:56:17.803"
1259,"FULL_PIPELINE_V2","AUTO_REMEDIATE",4,"alert_id=959,action=CLEAR (decided by AI)","Action executed: CLEAR | reason=Cost/kg is 0.41x the peer median and sanctions matches = 0.",834,"SUCCESS","CPH","2026-08-01 23:56:18.871"
1260,"FULL_PIPELINE_V2","SAP_POST",5,"bl_id=8541","{""status"":""SUCCESS"",""sap_document"":""5000008541"",""bl_id"":8541}",758,"SUCCESS","CPH","2026-08-01 23:56:19.965"
1261,"FULL_PIPELINE_V2","AI_INVESTIGATE",2,"alert_id=960,severity=MEDIUM","AI decision=CLEAR | reason=Cost per kg is 0.67x the peer median, and both counterparties are clear of sanctions.",4355,"SUCCESS","CPH","2026-08-01 23:56:24.723"
1262,"FULL_PIPELINE_V2","SANCTIONS_SCREEN",3,"ABC Electronics Vietnam","Marketplace screening completed",235,"SUCCESS","CPH","2026-08-01 23:56:25.290"
1263,"FULL_PIPELINE_V2","AUTO_REMEDIATE",4,"alert_id=960,action=CLEAR (decided by AI)","Action executed: CLEAR | reason=Cost per kg is 0.67x the peer median, and both counterparties are clear of sanctions.",896,"SUCCESS","CPH","2026-08-01 23:56:26.469"
1264,"FULL_PIPELINE_V2","SAP_POST",5,"bl_id=8935","{""status"":""SUCCESS"",""sap_document"":""5000008935"",""bl_id"":8935}",746,"SUCCESS","CPH","2026-08-01 23:56:27.559"
1265,"FULL_PIPELINE_V2","AI_INVESTIGATE",2,"alert_id=961,severity=MEDIUM","AI decision=CLEAR | reason=Cost per kg is 0.47x the peer median, and sanctions matches = 0.",3691,"SUCCESS","CPH","2026-08-01 23:56:31.733"
1266,"FULL_PIPELINE_V2","SANCTIONS_SCREEN",3,"LG Display Vietnam","Marketplace screening completed",204,"SUCCESS","CPH","2026-08-01 23:56:32.261"
1267,"FULL_PIPELINE_V2","AUTO_REMEDIATE",4,"alert_id=961,action=CLEAR (decided by AI)","Action executed: CLEAR | reason=Cost per kg is 0.47x the peer median, and sanctions matches = 0.",860,"SUCCESS","CPH","2026-08-01 23:56:33.383"
1268,"FULL_PIPELINE_V2","SAP_POST",5,"bl_id=9210","{""status"":""SUCCESS"",""sap_document"":""5000009210"",""bl_id"":9210}",758,"SUCCESS","CPH","2026-08-01 23:56:34.464"
1269,"FULL_PIPELINE_V2","AI_INVESTIGATE",2,"alert_id=962,severity=MEDIUM","AI decision=CLEAR | reason=Cost/kg is 0.48x the peer median, sanctions matches = 0, and both counterparties are recognizable real businesses.",5357,"SUCCESS","CPH","2026-08-01 23:56:40.215"
1270,"FULL_PIPELINE_V2","SANCTIONS_SCREEN",3,"Binh Tien Consumer","Marketplace screening completed",193,"SUCCESS","CPH","2026-08-01 23:56:40.730"
1271,"FULL_PIPELINE_V2","AUTO_REMEDIATE",4,"alert_id=962,action=CLEAR (decided by AI)","Action executed: CLEAR | reason=Cost/kg is 0.48x the peer median, sanctions matches = 0, and both counterparties are recognizable real businesses.",868,"SUCCESS","CPH","2026-08-01 23:56:41.836"
1272,"FULL_PIPELINE_V2","SAP_POST",5,"bl_id=818","{""status"":""SUCCESS"",""sap_document"":""5000000818"",""bl_id"":818}",746,"SUCCESS","CPH","2026-08-01 23:56:42.910"
1273,"FULL_PIPELINE_V2","DETECT_ANOMALIES",1,"AUTO,max_alerts=6","Scan completed",2420,"SUCCESS","CPH","2026-08-01 23:57:43.796"
1274,"FULL_PIPELINE_V2","AI_INVESTIGATE",2,"alert_id=980,severity=MEDIUM","AI decision=CLEAR | reason=Cost/kg is 0.65x the peer median and sanctions matches = 0.",3356,"SUCCESS","CPH","2026-08-01 23:57:47.639"
1275,"FULL_PIPELINE_V2","SANCTIONS_SCREEN",3,"Samsung Vietnam","Marketplace screening completed",204,"SUCCESS","CPH","2026-08-01 23:57:48.425"
1276,"FULL_PIPELINE_V2","AUTO_REMEDIATE",4,"alert_id=980,action=CLEAR (decided by AI)","Action executed: CLEAR | reason=Cost/kg is 0.65x the peer median and sanctions matches = 0.",880,"SUCCESS","CPH","2026-08-01 23:57:49.574"
1277,"FULL_PIPELINE_V2","SAP_POST",5,"bl_id=4538","{""status"":""SUCCESS"",""sap_document"":""5000004538"",""bl_id"":4538}",818,"SUCCESS","CPH","2026-08-01 23:57:50.774"
1278,"FULL_PIPELINE_V2","AI_INVESTIGATE",2,"alert_id=981,severity=MEDIUM","AI decision=CLEAR | reason=Cost per kg is 0.55x the peer median, and no sanctions matches.",3980,"SUCCESS","CPH","2026-08-01 23:57:55.212"
1279,"FULL_PIPELINE_V2","SANCTIONS_SCREEN",3,"Tan Hiep Phat","Marketplace screening completed",199,"SUCCESS","CPH","2026-08-01 23:57:55.785"
1280,"FULL_PIPELINE_V2","AUTO_REMEDIATE",4,"alert_id=981,action=CLEAR (decided by AI)","Action executed: CLEAR | reason=Cost per kg is 0.55x the peer median, and no sanctions matches.",853,"SUCCESS","CPH","2026-08-01 23:57:57.091"
1281,"FULL_PIPELINE_V2","SAP_POST",5,"bl_id=4638","{""status"":""SUCCESS"",""sap_document"":""5000004638"",""bl_id"":4638}",741,"SUCCESS","CPH","2026-08-01 23:57:58.176"
1282,"FULL_PIPELINE_V2","AI_INVESTIGATE",2,"alert_id=982,severity=MEDIUM","AI decision=CLEAR | reason=Cost per kg is 0.62x the peer median, both counterparties are recognizable, and no sanctions matches.",4077,"SUCCESS","CPH","2026-08-01 23:58:02.666"
1283,"FULL_PIPELINE_V2","SANCTIONS_SCREEN",3,"Viettel Electronics","Marketplace screening completed",205,"SUCCESS","CPH","2026-08-01 23:58:03.190"
1284,"FULL_PIPELINE_V2","AUTO_REMEDIATE",4,"alert_id=982,action=CLEAR (decided by AI)","Action executed: CLEAR | reason=Cost per kg is 0.62x the peer median, both counterparties are recognizable, and no sanctions matches.",848,"SUCCESS","CPH","2026-08-01 23:58:04.285"
1285,"FULL_PIPELINE_V2","SAP_POST",5,"bl_id=6631","{""status"":""SUCCESS"",""sap_document"":""5000006631"",""bl_id"":6631}",831,"SUCCESS","CPH","2026-08-01 23:58:05.492"
1286,"FULL_PIPELINE_V2","AI_INVESTIGATE",2,"alert_id=983,severity=MEDIUM","AI decision=CLEAR | reason=Cost per kg is 0.59x the peer median, both counterparties are recognizable, and no sanctions matches.",5310,"SUCCESS","CPH","2026-08-01 23:58:11.214"
1287,"FULL_PIPELINE_V2","SANCTIONS_SCREEN",3,"Phong Phu Garment","Marketplace screening completed",205,"SUCCESS","CPH","2026-08-01 23:58:11.764"
1288,"FULL_PIPELINE_V2","AUTO_REMEDIATE",4,"alert_id=983,action=CLEAR (decided by AI)","Action executed: CLEAR | reason=Cost per kg is 0.59x the peer median, both counterparties are recognizable, and no sanctions matches.",894,"SUCCESS","CPH","2026-08-01 23:58:12.907"
1289,"FULL_PIPELINE_V2","SAP_POST",5,"bl_id=5451","{""status"":""SUCCESS"",""sap_document"":""5000005451"",""bl_id"":5451}",760,"SUCCESS","CPH","2026-08-01 23:58:14.009"
1290,"FULL_PIPELINE_V2","AI_INVESTIGATE",2,"alert_id=984,severity=MEDIUM","AI decision=CLEAR | reason=Cost/kg is 0.71x the peer median, both counterparties are recognizable, and no sanctions matches.",5921,"SUCCESS","CPH","2026-08-01 23:58:20.336"
1291,"FULL_PIPELINE_V2","SANCTIONS_SCREEN",3,"Tan Hiep Phat","Marketplace screening completed",192,"SUCCESS","CPH","2026-08-01 23:58:20.858"
1292,"FULL_PIPELINE_V2","AUTO_REMEDIATE",4,"alert_id=984,action=CLEAR (decided by AI)","Action executed: CLEAR | reason=Cost/kg is 0.71x the peer median, both counterparties are recognizable, and no sanctions matches.",905,"SUCCESS","CPH","2026-08-01 23:58:22.014"
1293,"FULL_PIPELINE_V2","SAP_POST",5,"bl_id=5328","{""status"":""SUCCESS"",""sap_document"":""5000005328"",""bl_id"":5328}",760,"SUCCESS","CPH","2026-08-01 23:58:23.116"
1294,"FULL_PIPELINE_V2","AI_INVESTIGATE",2,"alert_id=985,severity=MEDIUM","AI decision=CLEAR | reason=Cost/kg is 0.54x the peer median, and sanctions matches = 0.",4978,"SUCCESS","CPH","2026-08-01 23:58:28.507"
1295,"FULL_PIPELINE_V2","SANCTIONS_SCREEN",3,"Viettel Electronics","Marketplace screening completed",197,"SUCCESS","CPH","2026-08-01 23:58:29.046"
1296,"FULL_PIPELINE_V2","AUTO_REMEDIATE",4,"alert_id=985,action=CLEAR (decided by AI)","Action executed: CLEAR | reason=Cost/kg is 0.54x the peer median, and sanctions matches = 0.",846,"SUCCESS","CPH","2026-08-01 23:58:30.149"
1297,"FULL_PIPELINE_V2","SAP_POST",5,"bl_id=8060","{""status"":""SUCCESS"",""sap_document"":""5000008060"",""bl_id"":8060}",744,"SUCCESS","CPH","2026-08-01 23:58:31.288"
1298,"FULL_PIPELINE_V2","DETECT_ANOMALIES",1,"BACKLOG,max_alerts=40","Scan completed",2648,"SUCCESS","CPH","2026-08-02 00:04:40.029"
1299,"FULL_PIPELINE_V2","AI_INVESTIGATE",2,"alert_id=1008,severity=MEDIUM","AI decision=CLEAR | reason=Sanctions matches = 0, cost-per-kg band is NORMAL_AT_OR_BELOW_5X_MEDIAN, and both counterparties are recognisable real businesses.",4809,"SUCCESS","CPH","2026-08-02 00:04:45.385"
1300,"FULL_PIPELINE_V2","SANCTIONS_SCREEN",3,"Phong Phu Garment","Marketplace screening completed",228,"SUCCESS","CPH","2026-08-02 00:04:45.951"
1301,"FULL_PIPELINE_V2","AUTO_REMEDIATE",4,"alert_id=1008,action=CLEAR (decided by AI)","Action executed: CLEAR | reason=Sanctions matches = 0, cost-per-kg band is NORMAL_AT_OR_BELOW_5X_MEDIAN, and both counterparties are recognisable real businesses.",956,"SUCCESS","CPH","2026-08-02 00:04:47.170"
1302,"FULL_PIPELINE_V2","SAP_POST",5,"bl_id=4938","{""status"":""SUCCESS"",""sap_document"":""5000004938"",""bl_id"":4938}",871,"SUCCESS","CPH","2026-08-02 00:04:48.436"
1303,"FULL_PIPELINE_V2","AI_INVESTIGATE",2,"alert_id=1009,severity=MEDIUM","AI decision=CLEAR | reason=Sanctions matches = 0, cost-per-kg band is NORMAL_AT_OR_BELOW_5X_MEDIAN, and both counterparties are recognisable real businesses.",4518,"SUCCESS","CPH","2026-08-02 00:04:53.460"
1304,"FULL_PIPELINE_V2","SANCTIONS_SCREEN",3,"ABC Electronics Vietnam","Marketplace screening completed",228,"SUCCESS","CPH","2026-08-02 00:04:54.040"
1305,"FULL_PIPELINE_V2","AUTO_REMEDIATE",4,"alert_id=1009,action=CLEAR (decided by AI)","Action executed: CLEAR | reason=Sanctions matches = 0, cost-per-kg band is NORMAL_AT_OR_BELOW_5X_MEDIAN, and both counterparties are recognisable real businesses.",941,"SUCCESS","CPH","2026-08-02 00:04:55.236"
1306,"FULL_PIPELINE_V2","SAP_POST",5,"bl_id=3469","{""status"":""SUCCESS"",""sap_document"":""5000003469"",""bl_id"":3469}",836,"SUCCESS","CPH","2026-08-02 00:04:56.417"
1307,"FULL_PIPELINE_V2","AI_INVESTIGATE",2,"alert_id=1010,severity=MEDIUM","AI decision=CLEAR | reason=Sanctions matches = 0, cost-per-kg band is NORMAL_AT_OR_BELOW_5X_MEDIAN, and both counterparties are recognisable real businesses.",8985,"SUCCESS","CPH","2026-08-02 00:05:05.826"
1308,"FULL_PIPELINE_V2","SANCTIONS_SCREEN",3,"Foxconn Vietnam","Marketplace screening completed",215,"SUCCESS","CPH","2026-08-02 00:05:06.378"
1309,"FULL_PIPELINE_V2","AUTO_REMEDIATE",4,"alert_id=1010,action=CLEAR (decided by AI)","Action executed: CLEAR | reason=Sanctions matches = 0, cost-per-kg band is NORMAL_AT_OR_BELOW_5X_MEDIAN, and both counterparties are recognisable real businesses.",1248,"SUCCESS","CPH","2026-08-02 00:05:07.879"
1310,"FULL_PIPELINE_V2","SAP_POST",5,"bl_id=1396","{""status"":""SUCCESS"",""sap_document"":""5000001396"",""bl_id"":1396}",785,"SUCCESS","CPH","2026-08-02 00:05:09.024"
1311,"FULL_PIPELINE_V2","AI_INVESTIGATE",2,"alert_id=1011,severity=MEDIUM","AI decision=CLEAR | reason=Sanctions matches = 0, cost-per-kg band is NORMAL_AT_OR_BELOW_5X_MEDIAN, and both counterparties are recognisable real businesses.",4843,"SUCCESS","CPH","2026-08-02 00:05:14.293"
1312,"FULL_PIPELINE_V2","SANCTIONS_SCREEN",3,"Phong Phu Garment","Marketplace screening completed",214,"SUCCESS","CPH","2026-08-02 00:05:14.861"
1313,"FULL_PIPELINE_V2","AUTO_REMEDIATE",4,"alert_id=1011,action=CLEAR (decided by AI)","Action executed: CLEAR | reason=Sanctions matches = 0, cost-per-kg band is NORMAL_AT_OR_BELOW_5X_MEDIAN, and both counterparties are recognisable real businesses.",899,"SUCCESS","CPH","2026-08-02 00:05:16.028"
1314,"FULL_PIPELINE_V2","SAP_POST",5,"bl_id=4995","{""status"":""SUCCESS"",""sap_document"":""5000004995"",""bl_id"":4995}",746,"SUCCESS","CPH","2026-08-02 00:05:17.133"
1315,"FULL_PIPELINE_V2","AI_INVESTIGATE",2,"alert_id=1012,severity=MEDIUM","AI decision=CLEAR | reason=Sanctions matches = 0, cost-per-kg band is NORMAL_AT_OR_BELOW_5X_MEDIAN, and both counterparties are recognisable real businesses.",7032,"SUCCESS","CPH","2026-08-02 00:05:24.573"
1316,"FULL_PIPELINE_V2","SANCTIONS_SCREEN",3,"Adidas Sourcing Ltd","Marketplace screening completed",229,"SUCCESS","CPH","2026-08-02 00:05:25.181"
1317,"FULL_PIPELINE_V2","AUTO_REMEDIATE",4,"alert_id=1012,action=CLEAR (decided by AI)","Action executed: CLEAR | reason=Sanctions matches = 0, cost-per-kg band is NORMAL_AT_OR_BELOW_5X_MEDIAN, and both counterparties are recognisable real businesses.",848,"SUCCESS","CPH","2026-08-02 00:05:26.292"
1318,"FULL_PIPELINE_V2","SAP_POST",5,"bl_id=9976","{""status"":""SUCCESS"",""sap_document"":""5000009976"",""bl_id"":9976}",865,"SUCCESS","CPH","2026-08-02 00:05:27.532"
1319,"FULL_PIPELINE_V2","AI_INVESTIGATE",2,"alert_id=1013,severity=MEDIUM","AI decision=CLEAR | reason=Sanctions matches = 0, cost-per-kg band is NORMAL_AT_OR_BELOW_5X_MEDIAN, and both counterparties are recognisable real businesses.",4840,"SUCCESS","CPH","2026-08-02 00:05:32.785"
1320,"FULL_PIPELINE_V2","SANCTIONS_SCREEN",3,"Phong Phu Garment","Marketplace screening completed",232,"SUCCESS","CPH","2026-08-02 00:05:33.369"
1321,"FULL_PIPELINE_V2","AUTO_REMEDIATE",4,"alert_id=1013,action=CLEAR (decided by AI)","Action executed: CLEAR | reason=Sanctions matches = 0, cost-per-kg band is NORMAL_AT_OR_BELOW_5X_MEDIAN, and both counterparties are recognisable real businesses.",867,"SUCCESS","CPH","2026-08-02 00:05:34.501"
1322,"FULL_PIPELINE_V2","SAP_POST",5,"bl_id=6959","{""status"":""SUCCESS"",""sap_document"":""5000006959"",""bl_id"":6959}",800,"SUCCESS","CPH","2026-08-02 00:05:35.650"
1323,"FULL_PIPELINE_V2","AI_INVESTIGATE",2,"alert_id=1014,severity=MEDIUM","AI decision=CLEAR | reason=Sanctions matches = 0, cost-per-kg band is NORMAL_AT_OR_BELOW_5X_MEDIAN, and both counterparties are recognisable real businesses.",4819,"SUCCESS","CPH","2026-08-02 00:05:40.928"
1324,"FULL_PIPELINE_V2","SANCTIONS_SCREEN",3,"Binh Tien Consumer","Marketplace screening completed",231,"SUCCESS","CPH","2026-08-02 00:05:41.540"
1325,"FULL_PIPELINE_V2","AUTO_REMEDIATE",4,"alert_id=1014,action=CLEAR (decided by AI)","Action executed: CLEAR | reason=Sanctions matches = 0, cost-per-kg band is NORMAL_AT_OR_BELOW_5X_MEDIAN, and both counterparties are recognisable real businesses.",929,"SUCCESS","CPH","2026-08-02 00:05:42.760"
1326,"FULL_PIPELINE_V2","SAP_POST",5,"bl_id=5598","{""status"":""SUCCESS"",""sap_document"":""5000005598"",""bl_id"":5598}",830,"SUCCESS","CPH","2026-08-02 00:05:43.980"
1327,"FULL_PIPELINE_V2","AI_INVESTIGATE",2,"alert_id=1015,severity=MEDIUM","AI decision=CLEAR | reason=Sanctions matches = 0, cost-per-kg band is NORMAL_AT_OR_BELOW_5X_MEDIAN, and both counterparties are recognisable real businesses.",8680,"SUCCESS","CPH","2026-08-02 00:05:53.163"
1328,"FULL_PIPELINE_V2","SANCTIONS_SCREEN",3,"Samsung Vietnam","Marketplace screening completed",234,"SUCCESS","CPH","2026-08-02 00:05:53.772"
1329,"FULL_PIPELINE_V2","AUTO_REMEDIATE",4,"alert_id=1015,action=CLEAR (decided by AI)","Action executed: CLEAR | reason=Sanctions matches = 0, cost-per-kg band is NORMAL_AT_OR_BELOW_5X_MEDIAN, and both counterparties are recognisable real businesses.",978,"SUCCESS","CPH","2026-08-02 00:05:55.020"
1330,"FULL_PIPELINE_V2","SAP_POST",5,"bl_id=7964","{""status"":""SUCCESS"",""sap_document"":""5000007964"",""bl_id"":7964}",813,"SUCCESS","CPH","2026-08-02 00:05:56.181"
1331,"FULL_PIPELINE_V2","AI_INVESTIGATE",2,"alert_id=1000,severity=MEDIUM","AI decision=CLEAR | reason=Sanctions matches = 0, cost-per-kg band is NORMAL_AT_OR_BELOW_5X_MEDIAN, and both counterparties are recognizable real businesses.",5753,"SUCCESS","CPH","2026-08-02 00:06:02.350"
1332,"FULL_PIPELINE_V2","SANCTIONS_SCREEN",3,"Phong Phu Garment","Marketplace screening completed",202,"SUCCESS","CPH","2026-08-02 00:06:02.936"
1333,"FULL_PIPELINE_V2","AUTO_REMEDIATE",4,"alert_id=1000,action=CLEAR (decided by AI)","Action executed: CLEAR | reason=Sanctions matches = 0, cost-per-kg band is NORMAL_AT_OR_BELOW_5X_MEDIAN, and both counterparties are recognizable real businesses.",915,"SUCCESS","CPH","2026-08-02 00:06:04.215"
1334,"FULL_PIPELINE_V2","SAP_POST",5,"bl_id=9877","{""status"":""SUCCESS"",""sap_document"":""5000009877"",""bl_id"":9877}",830,"SUCCESS","CPH","2026-08-02 00:06:05.408"
1335,"FULL_PIPELINE_V2","AI_INVESTIGATE",2,"alert_id=1001,severity=MEDIUM","AI decision=CLEAR | reason=Sanctions matches = 0, cost-per-kg band is NORMAL_AT_OR_BELOW_5X_MEDIAN, and both counterparties are recognizable real businesses.",5562,"SUCCESS","CPH","2026-08-02 00:06:11.395"
1336,"FULL_PIPELINE_V2","SANCTIONS_SCREEN",3,"Nike Vietnam","Marketplace screening completed",227,"SUCCESS","CPH","2026-08-02 00:06:11.975"
1337,"FULL_PIPELINE_V2","AUTO_REMEDIATE",4,"alert_id=1001,action=CLEAR (decided by AI)","Action executed: CLEAR | reason=Sanctions matches = 0, cost-per-kg band is NORMAL_AT_OR_BELOW_5X_MEDIAN, and both counterparties are recognizable real businesses.",1437,"SUCCESS","CPH","2026-08-02 00:06:13.676"
1338,"FULL_PIPELINE_V2","SAP_POST",5,"bl_id=1222","{""status"":""SUCCESS"",""sap_document"":""5000001222"",""bl_id"":1222}",836,"SUCCESS","CPH","2026-08-02 00:06:14.852"
1339,"FULL_PIPELINE_V2","AI_INVESTIGATE",2,"alert_id=1002,severity=MEDIUM","AI decision=CLEAR | reason=Sanctions matches = 0, cost-per-kg band is NORMAL_AT_OR_BELOW_5X_MEDIAN, and both counterparties are recognizable real businesses.",11011,"SUCCESS","CPH","2026-08-02 00:06:26.358"
1340,"FULL_PIPELINE_V2","SANCTIONS_SCREEN",3,"Hoa Sen Group","Marketplace screening completed",406,"SUCCESS","CPH","2026-08-02 00:06:27.212"
1341,"FULL_PIPELINE_V2","AUTO_REMEDIATE",4,"alert_id=1002,action=CLEAR (decided by AI)","Action executed: CLEAR | reason=Sanctions matches = 0, cost-per-kg band is NORMAL_AT_OR_BELOW_5X_MEDIAN, and both counterparties are recognizable real businesses.",1992,"SUCCESS","CPH","2026-08-02 00:06:29.592"
1342,"FULL_PIPELINE_V2","SAP_POST",5,"bl_id=9224","{""status"":""SUCCESS"",""sap_document"":""5000009224"",""bl_id"":9224}",1364,"SUCCESS","CPH","2026-08-02 00:06:31.514"
1343,"FULL_PIPELINE_V2","AI_INVESTIGATE",2,"alert_id=1003,severity=MEDIUM","AI decision=CLEAR | reason=Sanctions matches = 0, cost-per-kg band is NORMAL_AT_OR_BELOW_5X_MEDIAN, and both counterparties are recognisable real businesses.",5878,"SUCCESS","CPH","2026-08-02 00:06:39.113"
1344,"FULL_PIPELINE_V2","SANCTIONS_SCREEN",3,"Toyota Vietnam","Marketplace screening completed",913,"SUCCESS","CPH","2026-08-02 00:06:40.937"
1345,"FULL_PIPELINE_V2","AUTO_REMEDIATE",4,"alert_id=1003,action=CLEAR (decided by AI)","Action executed: CLEAR | reason=Sanctions matches = 0, cost-per-kg band is NORMAL_AT_OR_BELOW_5X_MEDIAN, and both counterparties are recognisable real businesses.",2225,"SUCCESS","CPH","2026-08-02 00:06:43.779"
1346,"FULL_PIPELINE_V2","SAP_POST",5,"bl_id=5818","{""status"":""SUCCESS"",""sap_document"":""5000005818"",""bl_id"":5818}",1937,"SUCCESS","CPH","2026-08-02 00:06:46.529"
1347,"FULL_PIPELINE_V2","AI_INVESTIGATE",2,"alert_id=1004,severity=MEDIUM","AI decision=CLEAR | reason=Sanctions matches = 0, cost-per-kg band is NORMAL_AT_OR_BELOW_5X_MEDIAN ($1.2339, 4.82x the peer median of $0.2558), and both counterparties are recognisable real businesses.",12062,"SUCCESS","CPH","2026-08-02 00:06:59.133"
1348,"FULL_PIPELINE_V2","SANCTIONS_SCREEN",3,"Intel Products Vietnam","Marketplace screening completed",227,"SUCCESS","CPH","2026-08-02 00:06:59.708"
1349,"FULL_PIPELINE_V2","AUTO_REMEDIATE",4,"alert_id=1004,action=CLEAR (decided by AI)","Action executed: CLEAR | reason=Sanctions matches = 0, cost-per-kg band is NORMAL_AT_OR_BELOW_5X_MEDIAN ($1.2339, 4.82x the peer median of $0.2558), and both counterparties are recognisable real businesses.",1054,"SUCCESS","CPH","2026-08-02 00:07:01.059"
1350,"FULL_PIPELINE_V2","SAP_POST",5,"bl_id=336","{""status"":""SUCCESS"",""sap_document"":""5000000336"",""bl_id"":336}",1191,"SUCCESS","CPH","2026-08-02 00:07:02.744"
1351,"FULL_PIPELINE_V2","AI_INVESTIGATE",2,"alert_id=1005,severity=MEDIUM","AI decision=CLEAR | reason=Cost per kg is within the normal range (1.82x the peer median of $0.2558) and there are no sanctions matches (0).",5227,"SUCCESS","CPH","2026-08-02 00:07:08.515"
1352,"FULL_PIPELINE_V2","SANCTIONS_SCREEN",3,"Honda Vietnam","Marketplace screening completed",214,"SUCCESS","CPH","2026-08-02 00:07:09.084"
1353,"FULL_PIPELINE_V2","AUTO_REMEDIATE",4,"alert_id=1005,action=CLEAR (decided by AI)","Action executed: CLEAR | reason=Cost per kg is within the normal range (1.82x the peer median of $0.2558) and there are no sanctions matches (0).",933,"SUCCESS","CPH","2026-08-02 00:07:10.279"
1354,"FULL_PIPELINE_V2","SAP_POST",5,"bl_id=6493","{""status"":""SUCCESS"",""sap_document"":""5000006493"",""bl_id"":6493}",770,"SUCCESS","CPH","2026-08-02 00:07:11.404"
1355,"FULL_PIPELINE_V2","AI_INVESTIGATE",2,"alert_id=1006,severity=MEDIUM","AI decision=CLEAR | reason=Sanctions matches = 0, cost-per-kg band is NORMAL_AT_OR_BELOW_5X_MEDIAN, and both counterparties are recognisable real businesses.",4878,"SUCCESS","CPH","2026-08-02 00:07:16.708"
1356,"FULL_PIPELINE_V2","SANCTIONS_SCREEN",3,"FPT Software","Marketplace screening completed",220,"SUCCESS","CPH","2026-08-02 00:07:17.276"
1357,"FULL_PIPELINE_V2","AUTO_REMEDIATE",4,"alert_id=1006,action=CLEAR (decided by AI)","Action executed: CLEAR | reason=Sanctions matches = 0, cost-per-kg band is NORMAL_AT_OR_BELOW_5X_MEDIAN, and both counterparties are recognisable real businesses.",899,"SUCCESS","CPH","2026-08-02 00:07:18.451"
1358,"FULL_PIPELINE_V2","SAP_POST",5,"bl_id=2556","{""status"":""SUCCESS"",""sap_document"":""5000002556"",""bl_id"":2556}",782,"SUCCESS","CPH","2026-08-02 00:07:19.605"
1359,"FULL_PIPELINE_V2","AI_INVESTIGATE",2,"alert_id=1007,severity=MEDIUM","AI decision=CLEAR | reason=Sanctions matches = 0, cost-per-kg band is NORMAL_AT_OR_BELOW_5X_MEDIAN, and both counterparties are recognisable real businesses.",4775,"SUCCESS","CPH","2026-08-02 00:07:24.809"
1360,"FULL_PIPELINE_V2","SANCTIONS_SCREEN",3,"Viglacera Corp","Marketplace screening completed",218,"SUCCESS","CPH","2026-08-02 00:07:25.386"
1361,"FULL_PIPELINE_V2","AUTO_REMEDIATE",4,"alert_id=1007,action=CLEAR (decided by AI)","Action executed: CLEAR | reason=Sanctions matches = 0, cost-per-kg band is NORMAL_AT_OR_BELOW_5X_MEDIAN, and both counterparties are recognisable real businesses.",891,"SUCCESS","CPH","2026-08-02 00:07:26.559"
1362,"FULL_PIPELINE_V2","SAP_POST",5,"bl_id=2535","{""status"":""SUCCESS"",""sap_document"":""5000002535"",""bl_id"":2535}",776,"SUCCESS","CPH","2026-08-02 00:07:27.660"
1363,"FULL_PIPELINE_V2","AI_INVESTIGATE",2,"alert_id=988,severity=MEDIUM","AI decision=ESCALATE | reason=Cost per kg is $2.1421, 8.37x the peer median of $0.2558, placing it in the ELEVATED_BETWEEN_5X_AND_10X_MEDIAN band.",11575,"SUCCESS","CPH","2026-08-02 00:07:39.680"
1364,"FULL_PIPELINE_V2","SANCTIONS_SCREEN",3,"Binh Tien Consumer","Marketplace screening completed",219,"SUCCESS","CPH","2026-08-02 00:07:40.268"
1365,"FULL_PIPELINE_V2","AUTO_REMEDIATE",4,"alert_id=988,action=ESCALATE (decided by AI)","Action executed: ESCALATE | reason=Cost per kg is $2.1421, 8.37x the peer median of $0.2558, placing it in the ELEVATED_BETWEEN_5X_AND_10X_MEDIAN band.",1255,"SUCCESS","CPH","2026-08-02 00:07:41.829"
1366,"FULL_PIPELINE_V2","SAP_POST",5,"alert_id=988","{""status"":""SKIPPED"",""reason"":""SAP posting only runs after a CLEAR decision""}",0,"SKIPPED","CPH","2026-08-02 00:07:42.065"
1367,"FULL_PIPELINE_V2","AI_INVESTIGATE",2,"alert_id=989,severity=MEDIUM","AI decision=ESCALATE | reason=Cost per kg is $2.1375, 8.36x the peer median of $0.2558, placing it in the ELEVATED_BETWEEN_5X_AND_10X_MEDIAN band.",8147,"SUCCESS","CPH","2026-08-02 00:07:50.708"
1368,"FULL_PIPELINE_V2","SANCTIONS_SCREEN",3,"Tan Hiep Phat","Marketplace screening completed",223,"SUCCESS","CPH","2026-08-02 00:07:51.281"
1369,"FULL_PIPELINE_V2","AUTO_REMEDIATE",4,"alert_id=989,action=ESCALATE (decided by AI)","Action executed: ESCALATE | reason=Cost per kg is $2.1375, 8.36x the peer median of $0.2558, placing it in the ELEVATED_BETWEEN_5X_AND_10X_MEDIAN band.",1165,"SUCCESS","CPH","2026-08-02 00:07:52.704"
1370,"FULL_PIPELINE_V2","SAP_POST",5,"alert_id=989","{""status"":""SKIPPED"",""reason"":""SAP posting only runs after a CLEAR decision""}",0,"SKIPPED","CPH","2026-08-02 00:07:52.950"
1371,"FULL_PIPELINE_V2","AI_INVESTIGATE",2,"alert_id=990,severity=MEDIUM","AI decision=ESCALATE | reason=Cost per kg is $2.1258, 8.31x the peer median of $0.2558, falling in the ELEVATED_BETWEEN_5X_AND_10X_MEDIAN band.",5351,"SUCCESS","CPH","2026-08-02 00:07:58.776"
1372,"FULL_PIPELINE_V2","SANCTIONS_SCREEN",3,"LG Display Vietnam","Marketplace screening completed",211,"SUCCESS","CPH","2026-08-02 00:07:59.314"
1373,"FULL_PIPELINE_V2","AUTO_REMEDIATE",4,"alert_id=990,action=ESCALATE (decided by AI)","Action executed: ESCALATE | reason=Cost per kg is $2.1258, 8.31x the peer median of $0.2558, falling in the ELEVATED_BETWEEN_5X_AND_10X_MEDIAN band.",1133,"SUCCESS","CPH","2026-08-02 00:08:00.689"
1374,"FULL_PIPELINE_V2","SAP_POST",5,"alert_id=990","{""status"":""SKIPPED"",""reason"":""SAP posting only runs after a CLEAR decision""}",0,"SKIPPED","CPH","2026-08-02 00:08:00.966"
1375,"FULL_PIPELINE_V2","AI_INVESTIGATE",2,"alert_id=991,severity=MEDIUM","AI decision=ESCALATE | reason=Cost per kg is $2.1011, 8.21x the peer median of $0.2558, placing it in the ELEVATED_BETWEEN_5X_AND_10X_MEDIAN band.",5767,"SUCCESS","CPH","2026-08-02 00:08:07.378"
1376,"FULL_PIPELINE_V2","SANCTIONS_SCREEN",3,"Viglacera Corp","Marketplace screening completed",189,"SUCCESS","CPH","2026-08-02 00:08:07.969"
1377,"FULL_PIPELINE_V2","AUTO_REMEDIATE",4,"alert_id=991,action=ESCALATE (decided by AI)","Action executed: ESCALATE | reason=Cost per kg is $2.1011, 8.21x the peer median of $0.2558, placing it in the ELEVATED_BETWEEN_5X_AND_10X_MEDIAN band.",1096,"SUCCESS","CPH","2026-08-02 00:08:09.337"
1378,"FULL_PIPELINE_V2","SAP_POST",5,"alert_id=991","{""status"":""SKIPPED"",""reason"":""SAP posting only runs after a CLEAR decision""}",0,"SKIPPED","CPH","2026-08-02 00:08:09.587"
1379,"FULL_PIPELINE_V2","AI_INVESTIGATE",2,"alert_id=992,severity=MEDIUM","AI decision=ESCALATE | reason=Cost per kg is $2.0953, 8.19x the median of $0.2558, falling in the ELEVATED band.",4830,"SUCCESS","CPH","2026-08-02 00:08:14.928"
1380,"FULL_PIPELINE_V2","SANCTIONS_SCREEN",3,"Canon Vietnam","Marketplace screening completed",226,"SUCCESS","CPH","2026-08-02 00:08:15.505"
1381,"FULL_PIPELINE_V2","AUTO_REMEDIATE",4,"alert_id=992,action=ESCALATE (decided by AI)","Action executed: ESCALATE | reason=Cost per kg is $2.0953, 8.19x the median of $0.2558, falling in the ELEVATED band.",1206,"SUCCESS","CPH","2026-08-02 00:08:17.039"
1382,"FULL_PIPELINE_V2","SAP_POST",5,"alert_id=992","{""status"":""SKIPPED"",""reason"":""SAP posting only runs after a CLEAR decision""}",0,"SKIPPED","CPH","2026-08-02 00:08:17.321"
1383,"FULL_PIPELINE_V2","AI_INVESTIGATE",2,"alert_id=993,severity=MEDIUM","AI decision=ESCALATE | reason=Cost per kg is $2.0949, 8.19x the peer median of $0.2558, falling in the ELEVATED_BETWEEN_5X_AND_10X_MEDIAN band.",5955,"SUCCESS","CPH","2026-08-02 00:08:24.217"
1384,"FULL_PIPELINE_V2","SANCTIONS_SCREEN",3,"Vinamilk Co Ltd","Marketplace screening completed",212,"SUCCESS","CPH","2026-08-02 00:08:24.785"
1385,"FULL_PIPELINE_V2","AUTO_REMEDIATE",4,"alert_id=993,action=ESCALATE (decided by AI)","Action executed: ESCALATE | reason=Cost per kg is $2.0949, 8.19x the peer median of $0.2558, falling in the ELEVATED_BETWEEN_5X_AND_10X_MEDIAN band.",1138,"SUCCESS","CPH","2026-08-02 00:08:26.199"
1386,"FULL_PIPELINE_V2","SAP_POST",5,"alert_id=993","{""status"":""SKIPPED"",""reason"":""SAP posting only runs after a CLEAR decision""}",0,"SKIPPED","CPH","2026-08-02 00:08:26.445"
1387,"FULL_PIPELINE_V2","AI_INVESTIGATE",2,"alert_id=994,severity=MEDIUM","AI decision=ESCALATE | reason=Cost per kg is $2.0865, 8.16x the peer median of $0.2558, placing it in the ELEVATED_BETWEEN_5X_AND_10X_MEDIAN band.",5402,"SUCCESS","CPH","2026-08-02 00:08:32.328"
1388,"FULL_PIPELINE_V2","SANCTIONS_SCREEN",3,"Canon Vietnam","Marketplace screening completed",205,"SUCCESS","CPH","2026-08-02 00:08:32.872"
1389,"FULL_PIPELINE_V2","AUTO_REMEDIATE",4,"alert_id=994,action=ESCALATE (decided by AI)","Action executed: ESCALATE | reason=Cost per kg is $2.0865, 8.16x the peer median of $0.2558, placing it in the ELEVATED_BETWEEN_5X_AND_10X_MEDIAN band.",1144,"SUCCESS","CPH","2026-08-02 00:08:34.276"
1390,"FULL_PIPELINE_V2","SAP_POST",5,"alert_id=994","{""status"":""SKIPPED"",""reason"":""SAP posting only runs after a CLEAR decision""}",0,"SKIPPED","CPH","2026-08-02 00:08:34.563"
1391,"FULL_PIPELINE_V2","AI_INVESTIGATE",2,"alert_id=995,severity=MEDIUM","AI decision=ESCALATE | reason=Cost per kg is $2.0696, 8.09x the peer median of $0.2558, placing it in the ELEVATED_BETWEEN_5X_AND_10X_MEDIAN band.",7869,"SUCCESS","CPH","2026-08-02 00:08:42.896"
1392,"FULL_PIPELINE_V2","SANCTIONS_SCREEN",3,"Viglacera Corp","Marketplace screening completed",203,"SUCCESS","CPH","2026-08-02 00:08:43.454"
1393,"FULL_PIPELINE_V2","AUTO_REMEDIATE",4,"alert_id=995,action=ESCALATE (decided by AI)","Action executed: ESCALATE | reason=Cost per kg is $2.0696, 8.09x the peer median of $0.2558, placing it in the ELEVATED_BETWEEN_5X_AND_10X_MEDIAN band.",1092,"SUCCESS","CPH","2026-08-02 00:08:44.851"
1394,"FULL_PIPELINE_V2","SAP_POST",5,"alert_id=995","{""status"":""SKIPPED"",""reason"":""SAP posting only runs after a CLEAR decision""}",0,"SKIPPED","CPH","2026-08-02 00:08:45.110"
1395,"FULL_PIPELINE_V2","AI_INVESTIGATE",2,"alert_id=986,severity=MEDIUM","AI decision=CLEAR | reason=Sanctions matches = 0, cost-per-kg band is NORMAL_AT_OR_BELOW_5X_MEDIAN, and both counterparties are recognisable real businesses.",9469,"SUCCESS","CPH","2026-08-02 00:08:55.070"
1396,"FULL_PIPELINE_V2","SANCTIONS_SCREEN",3,"LG Display Vietnam","Marketplace screening completed",205,"SUCCESS","CPH","2026-08-02 00:08:55.612"
1397,"FULL_PIPELINE_V2","AUTO_REMEDIATE",4,"alert_id=986,action=CLEAR (decided by AI)","Action executed: CLEAR | reason=Sanctions matches = 0, cost-per-kg band is NORMAL_AT_OR_BELOW_5X_MEDIAN, and both counterparties are recognisable real businesses.",977,"SUCCESS","CPH","2026-08-02 00:08:56.847"
1398,"FULL_PIPELINE_V2","SAP_POST",5,"bl_id=3477","{""status"":""SUCCESS"",""sap_document"":""5000003477"",""bl_id"":3477}",849,"SUCCESS","CPH","2026-08-02 00:08:58.069"
1399,"FULL_PIPELINE_V2","AI_INVESTIGATE",2,"alert_id=987,severity=MEDIUM","AI decision=CLEAR | reason=Sanctions matches = 0, cost-per-kg band is NORMAL_AT_OR_BELOW_5X_MEDIAN, and both counterparties are recognisable real businesses.",5419,"SUCCESS","CPH","2026-08-02 00:09:04.037"
1400,"FULL_PIPELINE_V2","SANCTIONS_SCREEN",3,"Adidas Sourcing Ltd","Marketplace screening completed",663,"SUCCESS","CPH","2026-08-02 00:09:05.301"
1401,"FULL_PIPELINE_V2","AUTO_REMEDIATE",4,"alert_id=987,action=CLEAR (decided by AI)","Action executed: CLEAR | reason=Sanctions matches = 0, cost-per-kg band is NORMAL_AT_OR_BELOW_5X_MEDIAN, and both counterparties are recognisable real businesses.",1091,"SUCCESS","CPH","2026-08-02 00:09:06.794"
1402,"FULL_PIPELINE_V2","SAP_POST",5,"bl_id=6155","{""status"":""SUCCESS"",""sap_document"":""5000006155"",""bl_id"":6155}",872,"SUCCESS","CPH","2026-08-02 00:09:08.077"
1403,"FULL_PIPELINE_V2","AI_INVESTIGATE",2,"alert_id=972,severity=MEDIUM","AI decision=ESCALATE | reason=Cost per kg is 5.96x the peer median, falling into the ELEVATED_BETWEEN_5X_AND_10X_MEDIAN band.",11975,"SUCCESS","CPH","2026-08-02 00:09:20.525"
1404,"FULL_PIPELINE_V2","SANCTIONS_SCREEN",3,"Adidas Sourcing Ltd","Marketplace screening completed",189,"SUCCESS","CPH","2026-08-02 00:09:21.078"
1405,"FULL_PIPELINE_V2","AUTO_REMEDIATE",4,"alert_id=972,action=ESCALATE (decided by AI)","Action executed: ESCALATE | reason=Cost per kg is 5.96x the peer median, falling into the ELEVATED_BETWEEN_5X_AND_10X_MEDIAN band.",1125,"SUCCESS","CPH","2026-08-02 00:09:22.517"
1406,"FULL_PIPELINE_V2","SAP_POST",5,"alert_id=972","{""status"":""SKIPPED"",""reason"":""SAP posting only runs after a CLEAR decision""}",0,"SKIPPED","CPH","2026-08-02 00:09:22.767"
1407,"FULL_PIPELINE_V2","AI_INVESTIGATE",2,"alert_id=973,severity=MEDIUM","AI decision=CLEAR | reason=Cost per kg is within normal range (1.51x the peer median of $0.2558) and no sanctions matches (0).",10359,"SUCCESS","CPH","2026-08-02 00:09:33.589"
1408,"FULL_PIPELINE_V2","SANCTIONS_SCREEN",3,"Intel Products Vietnam","Marketplace screening completed",213,"SUCCESS","CPH","2026-08-02 00:09:34.150"
1409,"FULL_PIPELINE_V2","AUTO_REMEDIATE",4,"alert_id=973,action=CLEAR (decided by AI)","Action executed: CLEAR | reason=Cost per kg is within normal range (1.51x the peer median of $0.2558) and no sanctions matches (0).",941,"SUCCESS","CPH","2026-08-02 00:09:35.345"
1410,"FULL_PIPELINE_V2","SAP_POST",5,"bl_id=7831","{""status"":""SUCCESS"",""sap_document"":""5000007831"",""bl_id"":7831}",826,"SUCCESS","CPH","2026-08-02 00:09:36.520"
1411,"FULL_PIPELINE_V2","AI_INVESTIGATE",2,"alert_id=974,severity=MEDIUM","AI decision=ESCALATE | reason=Cost per kg is $1.5861 (6.2x the peer median of $0.2558), placing it in the ELEVATED_BETWEEN_5X_AND_10X_MEDIAN band, which mandates escalation for human judgment.",5461,"SUCCESS","CPH","2026-08-02 00:09:42.399"
1412,"FULL_PIPELINE_V2","SANCTIONS_SCREEN",3,"ABC Electronics Vietnam","Marketplace screening completed",214,"SUCCESS","CPH","2026-08-02 00:09:42.960"
1413,"FULL_PIPELINE_V2","AUTO_REMEDIATE",4,"alert_id=974,action=ESCALATE (decided by AI)","Action executed: ESCALATE | reason=Cost per kg is $1.5861 (6.2x the peer median of $0.2558), placing it in the ELEVATED_BETWEEN_5X_AND_10X_MEDIAN band, which mandates escalation for human judgment.",1176,"SUCCESS","CPH","2026-08-02 00:09:44.433"
1414,"FULL_PIPELINE_V2","SAP_POST",5,"alert_id=974","{""status"":""SKIPPED"",""reason"":""SAP posting only runs after a CLEAR decision""}",0,"SKIPPED","CPH","2026-08-02 00:09:44.680"
1415,"FULL_PIPELINE_V2","AI_INVESTIGATE",2,"alert_id=975,severity=MEDIUM","AI decision=CLEAR | reason=Cost per kg is within the normal range (0.96x the peer median of $0.2558) and there are no sanctions matches (0).",5239,"SUCCESS","CPH","2026-08-02 00:09:50.397"
1416,"FULL_PIPELINE_V2","SANCTIONS_SCREEN",3,"Vinamilk Co Ltd","Marketplace screening completed",205,"SUCCESS","CPH","2026-08-02 00:09:50.958"
1417,"FULL_PIPELINE_V2","AUTO_REMEDIATE",4,"alert_id=975,action=CLEAR (decided by AI)","Action executed: CLEAR | reason=Cost per kg is within the normal range (0.96x the peer median of $0.2558) and there are no sanctions matches (0).",905,"SUCCESS","CPH","2026-08-02 00:09:52.171"
1418,"FULL_PIPELINE_V2","SAP_POST",5,"bl_id=5805","{""status"":""SUCCESS"",""sap_document"":""5000005805"",""bl_id"":5805}",759,"SUCCESS","CPH","2026-08-02 00:09:53.283"
1419,"FULL_PIPELINE_V2","AI_INVESTIGATE",2,"alert_id=976,severity=MEDIUM","AI decision=CLEAR | reason=Sanctions matches = 0, cost-per-kg band is NORMAL_AT_OR_BELOW_5X_MEDIAN, and both counterparties are recognisable real businesses.",4171,"SUCCESS","CPH","2026-08-02 00:09:57.872"
1420,"FULL_PIPELINE_V2","SANCTIONS_SCREEN",3,"Foxconn Vietnam","Marketplace screening completed",219,"SUCCESS","CPH","2026-08-02 00:09:58.455"
1421,"FULL_PIPELINE_V2","AUTO_REMEDIATE",4,"alert_id=976,action=CLEAR (decided by AI)","Action executed: CLEAR | reason=Sanctions matches = 0, cost-per-kg band is NORMAL_AT_OR_BELOW_5X_MEDIAN, and both counterparties are recognisable real businesses.",883,"SUCCESS","CPH","2026-08-02 00:09:59.640"
1422,"FULL_PIPELINE_V2","SAP_POST",5,"bl_id=1753","{""status"":""SUCCESS"",""sap_document"":""5000001753"",""bl_id"":1753}",838,"SUCCESS","CPH","2026-08-02 00:10:00.876"
1423,"FULL_PIPELINE_V2","AI_INVESTIGATE",2,"alert_id=977,severity=MEDIUM","AI decision=CLEAR | reason=Sanctions matches = 0, cost-per-kg band is NORMAL_AT_OR_BELOW_5X_MEDIAN, and both counterparties are recognizable real businesses.",5951,"SUCCESS","CPH","2026-08-02 00:10:07.340"
1424,"FULL_PIPELINE_V2","SANCTIONS_SCREEN",3,"Canon Vietnam","Marketplace screening completed",191,"SUCCESS","CPH","2026-08-02 00:10:07.871"
1425,"FULL_PIPELINE_V2","AUTO_REMEDIATE",4,"alert_id=977,action=CLEAR (decided by AI)","Action executed: CLEAR | reason=Sanctions matches = 0, cost-per-kg band is NORMAL_AT_OR_BELOW_5X_MEDIAN, and both counterparties are recognizable real businesses.",927,"SUCCESS","CPH","2026-08-02 00:10:09.120"
1426,"FULL_PIPELINE_V2","SAP_POST",5,"bl_id=1550","{""status"":""SUCCESS"",""sap_document"":""5000001550"",""bl_id"":1550}",815,"SUCCESS","CPH","2026-08-02 00:10:10.340"
1427,"FULL_PIPELINE_V2","AI_INVESTIGATE",2,"alert_id=978,severity=MEDIUM","AI decision=ESCALATE | reason=Cost per kg is 6.54x the peer median, placing it in the ELEVATED_BETWEEN_5X_AND_10X_MEDIAN band.",4950,"SUCCESS","CPH","2026-08-02 00:10:15.702"
1428,"FULL_PIPELINE_V2","SANCTIONS_SCREEN",3,"Honda Vietnam","Marketplace screening completed",218,"SUCCESS","CPH","2026-08-02 00:10:16.297"
1429,"FULL_PIPELINE_V2","AUTO_REMEDIATE",4,"alert_id=978,action=ESCALATE (decided by AI)","Action executed: ESCALATE | reason=Cost per kg is 6.54x the peer median, placing it in the ELEVATED_BETWEEN_5X_AND_10X_MEDIAN band.",1225,"SUCCESS","CPH","2026-08-02 00:10:17.781"
1430,"FULL_PIPELINE_V2","SAP_POST",5,"alert_id=978","{""status"":""SKIPPED"",""reason"":""SAP posting only runs after a CLEAR decision""}",0,"SKIPPED","CPH","2026-08-02 00:10:18.025"
1431,"FULL_PIPELINE_V2","AI_INVESTIGATE",2,"alert_id=979,severity=MEDIUM","AI decision=CLEAR | reason=Cost per kg is within the normal range (1.12x the peer median of $0.2558) and no sanctions matches (0).",4962,"SUCCESS","CPH","2026-08-02 00:10:23.459"
1432,"FULL_PIPELINE_V2","SANCTIONS_SCREEN",3,"Panasonic Vietnam","Marketplace screening completed",228,"SUCCESS","CPH","2026-08-02 00:10:24.020"
1433,"FULL_PIPELINE_V2","AUTO_REMEDIATE",4,"alert_id=979,action=CLEAR (decided by AI)","Action executed: CLEAR | reason=Cost per kg is within the normal range (1.12x the peer median of $0.2558) and no sanctions matches (0).",932,"SUCCESS","CPH","2026-08-02 00:10:25.230"
1434,"FULL_PIPELINE_V2","SAP_POST",5,"bl_id=7952","{""status"":""SUCCESS"",""sap_document"":""5000007952"",""bl_id"":7952}",871,"SUCCESS","CPH","2026-08-02 00:10:26.460"
1435,"FULL_PIPELINE_V2","AI_INVESTIGATE",2,"alert_id=964,severity=MEDIUM","AI decision=ESCALATE | reason=Cost per kg is $2.2507, 8.8x the peer median of $0.2558, falling into the ELEVATED_BETWEEN_5X_AND_10X_MEDIAN band.",6016,"SUCCESS","CPH","2026-08-02 00:10:32.924"
1436,"FULL_PIPELINE_V2","SANCTIONS_SCREEN",3,"LG Display Vietnam","Marketplace screening completed",217,"SUCCESS","CPH","2026-08-02 00:10:33.491"
1437,"FULL_PIPELINE_V2","AUTO_REMEDIATE",4,"alert_id=964,action=ESCALATE (decided by AI)","Action executed: ESCALATE | reason=Cost per kg is $2.2507, 8.8x the peer median of $0.2558, falling into the ELEVATED_BETWEEN_5X_AND_10X_MEDIAN band.",1298,"SUCCESS","CPH","2026-08-02 00:10:35.055"
1438,"FULL_PIPELINE_V2","SAP_POST",5,"alert_id=964","{""status"":""SKIPPED"",""reason"":""SAP posting only runs after a CLEAR decision""}",0,"SKIPPED","CPH","2026-08-02 00:10:35.302"
1439,"FULL_PIPELINE_V2","AI_INVESTIGATE",2,"alert_id=965,severity=MEDIUM","AI decision=ESCALATE | reason=Cost per kg is $2.2488, 8.79x the peer median of $0.2558, falling in the ELEVATED_BETWEEN_5X_AND_10X_MEDIAN band.",5710,"SUCCESS","CPH","2026-08-02 00:10:41.517"
1440,"FULL_PIPELINE_V2","SANCTIONS_SCREEN",3,"Nike Vietnam","Marketplace screening completed",212,"SUCCESS","CPH","2026-08-02 00:10:42.069"
1441,"FULL_PIPELINE_V2","AUTO_REMEDIATE",4,"alert_id=965,action=ESCALATE (decided by AI)","Action executed: ESCALATE | reason=Cost per kg is $2.2488, 8.79x the peer median of $0.2558, falling in the ELEVATED_BETWEEN_5X_AND_10X_MEDIAN band.",1157,"SUCCESS","CPH","2026-08-02 00:10:43.471"
1442,"FULL_PIPELINE_V2","SAP_POST",5,"alert_id=965","{""status"":""SKIPPED"",""reason"":""SAP posting only runs after a CLEAR decision""}",0,"SKIPPED","CPH","2026-08-02 00:10:43.722"
1443,"FULL_PIPELINE_V2","AI_INVESTIGATE",2,"alert_id=966,severity=MEDIUM","AI decision=ESCALATE | reason=Cost per kg is $2.239, 8.75x the peer median of $0.2558, placing it in the ELEVATED_BETWEEN_5X_AND_10X_MEDIAN band.",5407,"SUCCESS","CPH","2026-08-02 00:10:49.622"
1444,"FULL_PIPELINE_V2","SANCTIONS_SCREEN",3,"Vinamilk Co Ltd","Marketplace screening completed",206,"SUCCESS","CPH","2026-08-02 00:10:50.226"
1445,"FULL_PIPELINE_V2","AUTO_REMEDIATE",4,"alert_id=966,action=ESCALATE (decided by AI)","Action executed: ESCALATE | reason=Cost per kg is $2.239, 8.75x the peer median of $0.2558, placing it in the ELEVATED_BETWEEN_5X_AND_10X_MEDIAN band.",1257,"SUCCESS","CPH","2026-08-02 00:10:51.768"
1446,"FULL_PIPELINE_V2","SAP_POST",5,"alert_id=966","{""status"":""SKIPPED"",""reason"":""SAP posting only runs after a CLEAR decision""}",0,"SKIPPED","CPH","2026-08-02 00:10:52.029"
1447,"FULL_PIPELINE_V2","AI_INVESTIGATE",2,"alert_id=967,severity=MEDIUM","AI decision=ESCALATE | reason=Cost per kg is 8.7x the peer median ($2.2261 vs $0.2558), falling into the ELEVATED_BETWEEN_5X_AND_10X_MEDIAN band.",5158,"SUCCESS","CPH","2026-08-02 00:10:57.660"
1448,"FULL_PIPELINE_V2","SANCTIONS_SCREEN",3,"Viettel Electronics","Marketplace screening completed",248,"SUCCESS","CPH","2026-08-02 00:10:58.299"
1449,"FULL_PIPELINE_V2","AUTO_REMEDIATE",4,"alert_id=967,action=ESCALATE (decided by AI)","Action executed: ESCALATE | reason=Cost per kg is 8.7x the peer median ($2.2261 vs $0.2558), falling into the ELEVATED_BETWEEN_5X_AND_10X_MEDIAN band.",1197,"SUCCESS","CPH","2026-08-02 00:10:59.779"
1450,"FULL_PIPELINE_V2","SAP_POST",5,"alert_id=967","{""status"":""SKIPPED"",""reason"":""SAP posting only runs after a CLEAR decision""}",0,"SKIPPED","CPH","2026-08-02 00:11:00.050"
1451,"FULL_PIPELINE_V2","AI_INVESTIGATE",2,"alert_id=968,severity=MEDIUM","AI decision=ESCALATE | reason=Cost per kg is $2.2189, 8.67x the peer median of $0.2558, placing it in the ELEVATED_BETWEEN_5X_AND_10X_MEDIAN band.",6118,"SUCCESS","CPH","2026-08-02 00:11:06.701"
1452,"FULL_PIPELINE_V2","SANCTIONS_SCREEN",3,"Viglacera Corp","Marketplace screening completed",196,"SUCCESS","CPH","2026-08-02 00:11:07.259"
1453,"FULL_PIPELINE_V2","AUTO_REMEDIATE",4,"alert_id=968,action=ESCALATE (decided by AI)","Action executed: ESCALATE | reason=Cost per kg is $2.2189, 8.67x the peer median of $0.2558, placing it in the ELEVATED_BETWEEN_5X_AND_10X_MEDIAN band.",1155,"SUCCESS","CPH","2026-08-02 00:11:08.721"
1454,"FULL_PIPELINE_V2","SAP_POST",5,"alert_id=968","{""status"":""SKIPPED"",""reason"":""SAP posting only runs after a CLEAR decision""}",0,"SKIPPED","CPH","2026-08-02 00:11:08.986"
1455,"FULL_PIPELINE_V2","AI_INVESTIGATE",2,"alert_id=969,severity=MEDIUM","AI decision=ESCALATE | reason=Cost per kg is $2.1955, 8.58x the peer median of $0.2558, placing it in the ELEVATED_BETWEEN_5X_AND_10X_MEDIAN band.",5373,"SUCCESS","CPH","2026-08-02 00:11:14.849"
1456,"FULL_PIPELINE_V2","SANCTIONS_SCREEN",3,"Binh Tien Consumer","Marketplace screening completed",226,"SUCCESS","CPH","2026-08-02 00:11:15.488"
1457,"FULL_PIPELINE_V2","AUTO_REMEDIATE",4,"alert_id=969,action=ESCALATE (decided by AI)","Action executed: ESCALATE | reason=Cost per kg is $2.1955, 8.58x the peer median of $0.2558, placing it in the ELEVATED_BETWEEN_5X_AND_10X_MEDIAN band.",1178,"SUCCESS","CPH","2026-08-02 00:11:16.930"
1458,"FULL_PIPELINE_V2","SAP_POST",5,"alert_id=969","{""status"":""SKIPPED"",""reason"":""SAP posting only runs after a CLEAR decision""}",0,"SKIPPED","CPH","2026-08-02 00:11:17.188"
1459,"FULL_PIPELINE_V2","DETECT_ANOMALIES",1,"BACKLOG,max_alerts=80","Scan completed",845,"SUCCESS","CPH","2026-08-02 00:21:26.894"
1460,"FULL_PIPELINE_V2","AI_INVESTIGATE",2,"alert_id=970,severity=MEDIUM","AI decision=ESCALATE | reason=Cost per kg is $2.1653, 8.46x the median of $0.2558, falling in the ELEVATED band.",5115,"SUCCESS","CPH","2026-08-02 00:21:32.503"
1461,"FULL_PIPELINE_V2","SANCTIONS_SCREEN",3,"Binh Tien Consumer","Marketplace screening completed",196,"SUCCESS","CPH","2026-08-02 00:21:33.048"
1462,"FULL_PIPELINE_V2","AUTO_REMEDIATE",4,"alert_id=970,action=ESCALATE (decided by AI)","Action executed: ESCALATE | reason=Cost per kg is $2.1653, 8.46x the median of $0.2558, falling in the ELEVATED band.",1285,"SUCCESS","CPH","2026-08-02 00:21:34.582"
1463,"FULL_PIPELINE_V2","SAP_POST",5,"alert_id=970","{""status"":""SKIPPED"",""reason"":""SAP posting only runs after a CLEAR decision""}",0,"SKIPPED","CPH","2026-08-02 00:21:34.816"
1464,"FULL_PIPELINE_V2","AI_INVESTIGATE",2,"alert_id=971,severity=MEDIUM","AI decision=ESCALATE | reason=Cost per kg is $2.1577, 8.44x the peer median of $0.2558, placing it in the ELEVATED_BETWEEN_5X_AND_10X_MEDIAN band.",7897,"SUCCESS","CPH","2026-08-02 00:21:43.228"
1465,"FULL_PIPELINE_V2","SANCTIONS_SCREEN",3,"Viglacera Corp","Marketplace screening completed",187,"SUCCESS","CPH","2026-08-02 00:21:43.740"
1466,"FULL_PIPELINE_V2","AUTO_REMEDIATE",4,"alert_id=971,action=ESCALATE (decided by AI)","Action executed: ESCALATE | reason=Cost per kg is $2.1577, 8.44x the peer median of $0.2558, placing it in the ELEVATED_BETWEEN_5X_AND_10X_MEDIAN band.",1068,"SUCCESS","CPH","2026-08-02 00:21:45.047"
1467,"FULL_PIPELINE_V2","SAP_POST",5,"alert_id=971","{""status"":""SKIPPED"",""reason"":""SAP posting only runs after a CLEAR decision""}",0,"SKIPPED","CPH","2026-08-02 00:21:45.276"
1468,"FULL_PIPELINE_V2","AI_INVESTIGATE",2,"alert_id=963,severity=MEDIUM","AI decision=CLEAR | reason=Sanctions matches = 0, cost-per-kg band is NORMAL_AT_OR_BELOW_5X_MEDIAN, and both counterparties are recognisable real businesses.",9312,"SUCCESS","CPH","2026-08-02 00:21:55.005"
1469,"FULL_PIPELINE_V2","SANCTIONS_SCREEN",3,"Canon Vietnam","Marketplace screening completed",196,"SUCCESS","CPH","2026-08-02 00:21:55.556"
1470,"FULL_PIPELINE_V2","AUTO_REMEDIATE",4,"alert_id=963,action=CLEAR (decided by AI)","Action executed: CLEAR | reason=Sanctions matches = 0, cost-per-kg band is NORMAL_AT_OR_BELOW_5X_MEDIAN, and both counterparties are recognisable real businesses.",868,"SUCCESS","CPH","2026-08-02 00:21:56.678"
1471,"FULL_PIPELINE_V2","SAP_POST",5,"bl_id=4667","{""status"":""SUCCESS"",""sap_document"":""5000004667"",""bl_id"":4667}",772,"SUCCESS","CPH","2026-08-02 00:21:57.810"
1472,"FULL_PIPELINE_V2","AI_INVESTIGATE",2,"alert_id=948,severity=MEDIUM","AI decision=CLEAR | reason=Sanctions matches = 0, cost-per-kg band is NORMAL_AT_OR_BELOW_5X_MEDIAN, and both counterparties are recognizable real businesses.",7851,"SUCCESS","CPH","2026-08-02 00:22:06.063"
1473,"FULL_PIPELINE_V2","SANCTIONS_SCREEN",3,"FPT Software","Marketplace screening completed",196,"SUCCESS","CPH","2026-08-02 00:22:06.580"
1474,"FULL_PIPELINE_V2","AUTO_REMEDIATE",4,"alert_id=948,action=CLEAR (decided by AI)","Action executed: CLEAR | reason=Sanctions matches = 0, cost-per-kg band is NORMAL_AT_OR_BELOW_5X_MEDIAN, and both counterparties are recognizable real businesses.",822,"SUCCESS","CPH","2026-08-02 00:22:07.644"
1475,"FULL_PIPELINE_V2","SAP_POST",5,"bl_id=7963","{""status"":""SUCCESS"",""sap_document"":""5000007963"",""bl_id"":7963}",744,"SUCCESS","CPH","2026-08-02 00:22:08.714"
1476,"FULL_PIPELINE_V2","AI_INVESTIGATE",2,"alert_id=949,severity=MEDIUM","AI decision=CLEAR | reason=Cost per kg is within normal range (1.06x the peer median of $0.2558) and no sanctions matches (0).",6706,"SUCCESS","CPH","2026-08-02 00:22:15.819"
1477,"FULL_PIPELINE_V2","SANCTIONS_SCREEN",3,"Viettel Electronics","Marketplace screening completed",194,"SUCCESS","CPH","2026-08-02 00:22:16.335"
1478,"FULL_PIPELINE_V2","AUTO_REMEDIATE",4,"alert_id=949,action=CLEAR (decided by AI)","Action executed: CLEAR | reason=Cost per kg is within normal range (1.06x the peer median of $0.2558) and no sanctions matches (0).",914,"SUCCESS","CPH","2026-08-02 00:22:17.481"
1479,"FULL_PIPELINE_V2","SAP_POST",5,"bl_id=823","{""status"":""SUCCESS"",""sap_document"":""5000000823"",""bl_id"":823}",779,"SUCCESS","CPH","2026-08-02 00:22:18.586"
1480,"FULL_PIPELINE_V2","AI_INVESTIGATE",2,"alert_id=950,severity=MEDIUM","AI decision=CLEAR | reason=Sanctions matches = 0, cost-per-kg band is NORMAL_AT_OR_BELOW_5X_MEDIAN, and both counterparties are recognisable real businesses.",4590,"SUCCESS","CPH","2026-08-02 00:22:23.700"
1481,"FULL_PIPELINE_V2","SANCTIONS_SCREEN",3,"ABC Electronics Vietnam","Marketplace screening completed",214,"SUCCESS","CPH","2026-08-02 00:22:24.279"
1482,"FULL_PIPELINE_V2","AUTO_REMEDIATE",4,"alert_id=950,action=CLEAR (decided by AI)","Action executed: CLEAR | reason=Sanctions matches = 0, cost-per-kg band is NORMAL_AT_OR_BELOW_5X_MEDIAN, and both counterparties are recognisable real businesses.",842,"SUCCESS","CPH","2026-08-02 00:22:25.402"
1483,"FULL_PIPELINE_V2","SAP_POST",5,"bl_id=1803","{""status"":""SUCCESS"",""sap_document"":""5000001803"",""bl_id"":1803}",768,"SUCCESS","CPH","2026-08-02 00:22:26.501"
1484,"FULL_PIPELINE_V2","AI_INVESTIGATE",2,"alert_id=951,severity=MEDIUM","AI decision=CLEAR | reason=Sanctions matches = 0, cost-per-kg band is NORMAL_AT_OR_BELOW_5X_MEDIAN, and both counterparties are recognizable real businesses.",4627,"SUCCESS","CPH","2026-08-02 00:22:31.538"
1485,"FULL_PIPELINE_V2","SANCTIONS_SCREEN",3,"Nike Vietnam","Marketplace screening completed",242,"SUCCESS","CPH","2026-08-02 00:22:32.108"
1486,"FULL_PIPELINE_V2","AUTO_REMEDIATE",4,"alert_id=951,action=CLEAR (decided by AI)","Action executed: CLEAR | reason=Sanctions matches = 0, cost-per-kg band is NORMAL_AT_OR_BELOW_5X_MEDIAN, and both counterparties are recognizable real businesses.",864,"SUCCESS","CPH","2026-08-02 00:22:33.241"
1487,"FULL_PIPELINE_V2","SAP_POST",5,"bl_id=4104","{""status"":""SUCCESS"",""sap_document"":""5000004104"",""bl_id"":4104}",807,"SUCCESS","CPH","2026-08-02 00:22:34.405"
1488,"FULL_PIPELINE_V2","AI_INVESTIGATE",2,"alert_id=952,severity=MEDIUM","AI decision=CLEAR | reason=Sanctions matches = 0, cost-per-kg band is NORMAL_AT_OR_BELOW_5X_MEDIAN, and both counterparties are recognisable real businesses.",4554,"SUCCESS","CPH","2026-08-02 00:22:39.383"
1489,"FULL_PIPELINE_V2","SANCTIONS_SCREEN",3,"Phong Phu Garment","Marketplace screening completed",200,"SUCCESS","CPH","2026-08-02 00:22:39.913"
1490,"FULL_PIPELINE_V2","AUTO_REMEDIATE",4,"alert_id=952,action=CLEAR (decided by AI)","Action executed: CLEAR | reason=Sanctions matches = 0, cost-per-kg band is NORMAL_AT_OR_BELOW_5X_MEDIAN, and both counterparties are recognisable real businesses.",853,"SUCCESS","CPH","2026-08-02 00:22:41.057"
1491,"FULL_PIPELINE_V2","SAP_POST",5,"bl_id=7915","{""status"":""SUCCESS"",""sap_document"":""5000007915"",""bl_id"":7915}",761,"SUCCESS","CPH","2026-08-02 00:22:42.173"
1492,"FULL_PIPELINE_V2","AI_INVESTIGATE",2,"alert_id=953,severity=MEDIUM","AI decision=CLEAR | reason=Cost per kg is within the normal band (1.95x the peer median of $0.2558) and no sanctions matches (0).",6596,"SUCCESS","CPH","2026-08-02 00:22:49.173"
1493,"FULL_PIPELINE_V2","SANCTIONS_SCREEN",3,"Vinamilk Co Ltd","Marketplace screening completed",202,"SUCCESS","CPH","2026-08-02 00:22:49.721"
1494,"FULL_PIPELINE_V2","AUTO_REMEDIATE",4,"alert_id=953,action=CLEAR (decided by AI)","Action executed: CLEAR | reason=Cost per kg is within the normal band (1.95x the peer median of $0.2558) and no sanctions matches (0).",852,"SUCCESS","CPH","2026-08-02 00:22:50.816"
1495,"FULL_PIPELINE_V2","SAP_POST",5,"bl_id=6356","{""status"":""SUCCESS"",""sap_document"":""5000006356"",""bl_id"":6356}",754,"SUCCESS","CPH","2026-08-02 00:22:51.922"
1496,"FULL_PIPELINE_V2","AI_INVESTIGATE",2,"alert_id=954,severity=MEDIUM","AI decision=CLEAR | reason=Cost per kg is within normal range (4.2x the peer median of $0.2558), sanctions matches = 0, and both counterparties are recognizable real businesses.",4857,"SUCCESS","CPH","2026-08-02 00:22:57.169"
1497,"FULL_PIPELINE_V2","SANCTIONS_SCREEN",3,"Hoa Sen Group","Marketplace screening completed",193,"SUCCESS","CPH","2026-08-02 00:22:57.663"
1498,"FULL_PIPELINE_V2","AUTO_REMEDIATE",4,"alert_id=954,action=CLEAR (decided by AI)","Action executed: CLEAR | reason=Cost per kg is within normal range (4.2x the peer median of $0.2558), sanctions matches = 0, and both counterparties are recognizable real businesses.",829,"SUCCESS","CPH","2026-08-02 00:22:58.753"
1499,"FULL_PIPELINE_V2","SAP_POST",5,"bl_id=2401","{""status"":""SUCCESS"",""sap_document"":""5000002401"",""bl_id"":2401}",818,"SUCCESS","CPH","2026-08-02 00:22:59.913"
1500,"FULL_PIPELINE_V2","AI_INVESTIGATE",2,"alert_id=955,severity=MEDIUM","AI decision=CLEAR | reason=Sanctions matches = 0 and the band is NORMAL_AT_OR_BELOW_5X_MEDIAN.",13695,"SUCCESS","CPH","2026-08-02 00:23:14.054"
1501,"FULL_PIPELINE_V2","SANCTIONS_SCREEN",3,"FPT Software","Marketplace screening completed",286,"SUCCESS","CPH","2026-08-02 00:23:14.673"
1502,"FULL_PIPELINE_V2","AUTO_REMEDIATE",4,"alert_id=955,action=CLEAR (decided by AI)","Action executed: CLEAR | reason=Sanctions matches = 0 and the band is NORMAL_AT_OR_BELOW_5X_MEDIAN.",1030,"SUCCESS","CPH","2026-08-02 00:23:15.980"
1503,"FULL_PIPELINE_V2","SAP_POST",5,"bl_id=9711","{""status"":""SUCCESS"",""sap_document"":""5000009711"",""bl_id"":9711}",776,"SUCCESS","CPH","2026-08-02 00:23:17.091"
1504,"FULL_PIPELINE_V2","AI_INVESTIGATE",2,"alert_id=940,severity=MEDIUM","AI decision=ESCALATE | reason=Cost per kg is $2.3026, 9x the peer median of $0.2558, falling into the ELEVATED_BETWEEN_5X_AND_10X_MEDIAN band.",5385,"SUCCESS","CPH","2026-08-02 00:23:22.899"
1505,"FULL_PIPELINE_V2","SANCTIONS_SCREEN",3,"Toyota Vietnam","Marketplace screening completed",195,"SUCCESS","CPH","2026-08-02 00:23:23.431"
1506,"FULL_PIPELINE_V2","AUTO_REMEDIATE",4,"alert_id=940,action=ESCALATE (decided by AI)","Action executed: ESCALATE | reason=Cost per kg is $2.3026, 9x the peer median of $0.2558, falling into the ELEVATED_BETWEEN_5X_AND_10X_MEDIAN band.",1150,"SUCCESS","CPH","2026-08-02 00:23:24.831"
1507,"FULL_PIPELINE_V2","SAP_POST",5,"alert_id=940","{""status"":""SKIPPED"",""reason"":""SAP posting only runs after a CLEAR decision""}",0,"SKIPPED","CPH","2026-08-02 00:23:25.106"
1508,"FULL_PIPELINE_V2","AI_INVESTIGATE",2,"alert_id=941,severity=MEDIUM","AI decision=ESCALATE | reason=Cost per kg is $2.3 (8.99x the peer median of $0.2558), placing it in the ELEVATED_BETWEEN_5X_AND_10X_MEDIAN band.",5422,"SUCCESS","CPH","2026-08-02 00:23:30.964"
1509,"FULL_PIPELINE_V2","SANCTIONS_SCREEN",3,"Foxconn Vietnam","Marketplace screening completed",206,"SUCCESS","CPH","2026-08-02 00:23:31.490"
1510,"FULL_PIPELINE_V2","AUTO_REMEDIATE",4,"alert_id=941,action=ESCALATE (decided by AI)","Action executed: ESCALATE | reason=Cost per kg is $2.3 (8.99x the peer median of $0.2558), placing it in the ELEVATED_BETWEEN_5X_AND_10X_MEDIAN band.",1610,"SUCCESS","CPH","2026-08-02 00:23:33.343"
1511,"FULL_PIPELINE_V2","SAP_POST",5,"alert_id=941","{""status"":""SKIPPED"",""reason"":""SAP posting only runs after a CLEAR decision""}",0,"SKIPPED","CPH","2026-08-02 00:23:33.590"
1512,"FULL_PIPELINE_V2","AI_INVESTIGATE",2,"alert_id=942,severity=MEDIUM","AI decision=ESCALATE | reason=Cost per kg is $2.2982, 8.98x the peer median of $0.2558, falling in the ELEVATED_BETWEEN_5X_AND_10X_MEDIAN band.",15698,"SUCCESS","CPH","2026-08-02 00:23:49.721"
1513,"FULL_PIPELINE_V2","SANCTIONS_SCREEN",3,"Viglacera Corp","Marketplace screening completed",263,"SUCCESS","CPH","2026-08-02 00:23:50.324"
1514,"FULL_PIPELINE_V2","AUTO_REMEDIATE",4,"alert_id=942,action=ESCALATE (decided by AI)","Action executed: ESCALATE | reason=Cost per kg is $2.2982, 8.98x the peer median of $0.2558, falling in the ELEVATED_BETWEEN_5X_AND_10X_MEDIAN band.",1148,"SUCCESS","CPH","2026-08-02 00:23:51.767"
1515,"FULL_PIPELINE_V2","SAP_POST",5,"alert_id=942","{""status"":""SKIPPED"",""reason"":""SAP posting only runs after a CLEAR decision""}",0,"SKIPPED","CPH","2026-08-02 00:23:51.996"
1516,"FULL_PIPELINE_V2","AI_INVESTIGATE",2,"alert_id=943,severity=MEDIUM","AI decision=ESCALATE | reason=Cost per kg is $2.2732, 8.89x the peer median of $0.2558, placing it in the ELEVATED_BETWEEN_5X_AND_10X_MEDIAN band.",6325,"SUCCESS","CPH","2026-08-02 00:23:58.758"
1517,"FULL_PIPELINE_V2","SANCTIONS_SCREEN",3,"Panasonic Vietnam","Marketplace screening completed",211,"SUCCESS","CPH","2026-08-02 00:23:59.293"
1518,"FULL_PIPELINE_V2","AUTO_REMEDIATE",4,"alert_id=943,action=ESCALATE (decided by AI)","Action executed: ESCALATE | reason=Cost per kg is $2.2732, 8.89x the peer median of $0.2558, placing it in the ELEVATED_BETWEEN_5X_AND_10X_MEDIAN band.",1190,"SUCCESS","CPH","2026-08-02 00:24:00.737"
1519,"FULL_PIPELINE_V2","SAP_POST",5,"alert_id=943","{""status"":""SKIPPED"",""reason"":""SAP posting only runs after a CLEAR decision""}",0,"SKIPPED","CPH","2026-08-02 00:24:01.044"
1520,"FULL_PIPELINE_V2","AI_INVESTIGATE",2,"alert_id=944,severity=MEDIUM","AI decision=ESCALATE | reason=Cost per kg is $2.2668, 8.86x the peer median of $0.2558, falling in the ELEVATED_BETWEEN_5X_AND_10X_MEDIAN band.",6501,"SUCCESS","CPH","2026-08-02 00:24:07.997"
1521,"FULL_PIPELINE_V2","SANCTIONS_SCREEN",3,"Viglacera Corp","Marketplace screening completed",182,"SUCCESS","CPH","2026-08-02 00:24:08.514"
1522,"FULL_PIPELINE_V2","AUTO_REMEDIATE",4,"alert_id=944,action=ESCALATE (decided by AI)","Action executed: ESCALATE | reason=Cost per kg is $2.2668, 8.86x the peer median of $0.2558, falling in the ELEVATED_BETWEEN_5X_AND_10X_MEDIAN band.",1401,"SUCCESS","CPH","2026-08-02 00:24:10.163"
1523,"FULL_PIPELINE_V2","SAP_POST",5,"alert_id=944","{""status"":""SKIPPED"",""reason"":""SAP posting only runs after a CLEAR decision""}",0,"SKIPPED","CPH","2026-08-02 00:24:10.618"
1524,"FULL_PIPELINE_V2","AI_INVESTIGATE",2,"alert_id=945,severity=MEDIUM","AI decision=ESCALATE | reason=Cost per kg is $2.261, 8.84x the peer median of $0.2558, falling within the ELEVATED_BETWEEN_5X_AND_10X_MEDIAN band.",5329,"SUCCESS","CPH","2026-08-02 00:24:16.436"
1525,"FULL_PIPELINE_V2","SANCTIONS_SCREEN",3,"LG Display Vietnam","Marketplace screening completed",192,"SUCCESS","CPH","2026-08-02 00:24:16.957"
1526,"FULL_PIPELINE_V2","AUTO_REMEDIATE",4,"alert_id=945,action=ESCALATE (decided by AI)","Action executed: ESCALATE | reason=Cost per kg is $2.261, 8.84x the peer median of $0.2558, falling within the ELEVATED_BETWEEN_5X_AND_10X_MEDIAN band.",1046,"SUCCESS","CPH","2026-08-02 00:24:18.250"
1527,"FULL_PIPELINE_V2","SAP_POST",5,"alert_id=945","{""status"":""SKIPPED"",""reason"":""SAP posting only runs after a CLEAR decision""}",0,"SKIPPED","CPH","2026-08-02 00:24:18.525"
1528,"FULL_PIPELINE_V2","AI_INVESTIGATE",2,"alert_id=946,severity=MEDIUM","AI decision=ESCALATE | reason=Cost per kg is $2.2609, 8.84x the peer median of $0.2558, placing it in the ELEVATED_BETWEEN_5X_AND_10X_MEDIAN band.",7983,"SUCCESS","CPH","2026-08-02 00:24:26.983"
1529,"FULL_PIPELINE_V2","SANCTIONS_SCREEN",3,"ABC Electronics Vietnam","Marketplace screening completed",203,"SUCCESS","CPH","2026-08-02 00:24:27.574"
1530,"FULL_PIPELINE_V2","AUTO_REMEDIATE",4,"alert_id=946,action=ESCALATE (decided by AI)","Action executed: ESCALATE | reason=Cost per kg is $2.2609, 8.84x the peer median of $0.2558, placing it in the ELEVATED_BETWEEN_5X_AND_10X_MEDIAN band.",1142,"SUCCESS","CPH","2026-08-02 00:24:28.984"
1531,"FULL_PIPELINE_V2","SAP_POST",5,"alert_id=946","{""status"":""SKIPPED"",""reason"":""SAP posting only runs after a CLEAR decision""}",0,"SKIPPED","CPH","2026-08-02 00:24:29.237"
1532,"FULL_PIPELINE_V2","AI_INVESTIGATE",2,"alert_id=947,severity=MEDIUM","AI decision=ESCALATE | reason=Cost per kg is $2.2519, 8.8x the peer median of $0.2558, falling in the ELEVATED_BETWEEN_5X_AND_10X_MEDIAN band.",6205,"SUCCESS","CPH","2026-08-02 00:24:35.934"
1533,"FULL_PIPELINE_V2","SANCTIONS_SCREEN",3,"Phong Phu Garment","Marketplace screening completed",243,"SUCCESS","CPH","2026-08-02 00:24:36.535"
1534,"FULL_PIPELINE_V2","AUTO_REMEDIATE",4,"alert_id=947,action=ESCALATE (decided by AI)","Action executed: ESCALATE | reason=Cost per kg is $2.2519, 8.8x the peer median of $0.2558, falling in the ELEVATED_BETWEEN_5X_AND_10X_MEDIAN band.",1156,"SUCCESS","CPH","2026-08-02 00:24:37.951"
1535,"FULL_PIPELINE_V2","SAP_POST",5,"alert_id=947","{""status"":""SKIPPED"",""reason"":""SAP posting only runs after a CLEAR decision""}",0,"SKIPPED","CPH","2026-08-02 00:24:38.208"
1536,"FULL_PIPELINE_V2","AI_INVESTIGATE",2,"alert_id=932,severity=MEDIUM","AI decision=CLEAR | reason=Sanctions matches = 0, cost-per-kg band is NORMAL_AT_OR_BELOW_5X_MEDIAN, and both counterparties are recognisable real businesses.",6316,"SUCCESS","CPH","2026-08-02 00:24:45.004"
1537,"FULL_PIPELINE_V2","SANCTIONS_SCREEN",3,"Panasonic Vietnam","Marketplace screening completed",192,"SUCCESS","CPH","2026-08-02 00:24:45.527"
1538,"FULL_PIPELINE_V2","AUTO_REMEDIATE",4,"alert_id=932,action=CLEAR (decided by AI)","Action executed: CLEAR | reason=Sanctions matches = 0, cost-per-kg band is NORMAL_AT_OR_BELOW_5X_MEDIAN, and both counterparties are recognisable real businesses.",822,"SUCCESS","CPH","2026-08-02 00:24:46.601"
1539,"FULL_PIPELINE_V2","SAP_POST",5,"bl_id=2030","{""status"":""SUCCESS"",""sap_document"":""5000002030"",""bl_id"":2030}",720,"SUCCESS","CPH","2026-08-02 00:24:47.667"
1540,"FULL_PIPELINE_V2","AI_INVESTIGATE",2,"alert_id=933,severity=MEDIUM","AI decision=CLEAR | reason=Sanctions matches = 0, cost-per-kg band is NORMAL_AT_OR_BELOW_5X_MEDIAN, and both counterparties are recognisable real businesses.",9978,"SUCCESS","CPH","2026-08-02 00:24:58.039"
1541,"FULL_PIPELINE_V2","SANCTIONS_SCREEN",3,"ABC Electronics Vietnam","Marketplace screening completed",190,"SUCCESS","CPH","2026-08-02 00:24:58.544"
1542,"FULL_PIPELINE_V2","AUTO_REMEDIATE",4,"alert_id=933,action=CLEAR (decided by AI)","Action executed: CLEAR | reason=Sanctions matches = 0, cost-per-kg band is NORMAL_AT_OR_BELOW_5X_MEDIAN, and both counterparties are recognisable real businesses.",877,"SUCCESS","CPH","2026-08-02 00:24:59.669"
1543,"FULL_PIPELINE_V2","SAP_POST",5,"bl_id=8182","{""status"":""SUCCESS"",""sap_document"":""5000008182"",""bl_id"":8182}",804,"SUCCESS","CPH","2026-08-02 00:25:00.827"
1544,"FULL_PIPELINE_V2","AI_INVESTIGATE",2,"alert_id=934,severity=MEDIUM","AI decision=CLEAR | reason=Sanctions matches = 0, cost-per-kg band is NORMAL_AT_OR_BELOW_5X_MEDIAN, and both counterparties are recognisable real businesses.",4824,"SUCCESS","CPH","2026-08-02 00:25:06.043"
1545,"FULL_PIPELINE_V2","SANCTIONS_SCREEN",3,"Adidas Sourcing Ltd","Marketplace screening completed",198,"SUCCESS","CPH","2026-08-02 00:25:06.573"
1546,"FULL_PIPELINE_V2","AUTO_REMEDIATE",4,"alert_id=934,action=CLEAR (decided by AI)","Action executed: CLEAR | reason=Sanctions matches = 0, cost-per-kg band is NORMAL_AT_OR_BELOW_5X_MEDIAN, and both counterparties are recognisable real businesses.",860,"SUCCESS","CPH","2026-08-02 00:25:07.671"
1547,"FULL_PIPELINE_V2","SAP_POST",5,"bl_id=7606","{""status"":""SUCCESS"",""sap_document"":""5000007606"",""bl_id"":7606}",762,"SUCCESS","CPH","2026-08-02 00:25:08.771"
1548,"FULL_PIPELINE_V2","AI_INVESTIGATE",2,"alert_id=935,severity=MEDIUM","AI decision=CLEAR | reason=Sanctions matches = 0, cost-per-kg band is NORMAL_AT_OR_BELOW_5X_MEDIAN, and both counterparties are recognisable real businesses.",5424,"SUCCESS","CPH","2026-08-02 00:25:14.611"
1549,"FULL_PIPELINE_V2","SANCTIONS_SCREEN",3,"ABC Electronics Vietnam","Marketplace screening completed",199,"SUCCESS","CPH","2026-08-02 00:25:15.145"
1550,"FULL_PIPELINE_V2","AUTO_REMEDIATE",4,"alert_id=935,action=CLEAR (decided by AI)","Action executed: CLEAR | reason=Sanctions matches = 0, cost-per-kg band is NORMAL_AT_OR_BELOW_5X_MEDIAN, and both counterparties are recognisable real businesses.",857,"SUCCESS","CPH","2026-08-02 00:25:16.275"
1551,"FULL_PIPELINE_V2","SAP_POST",5,"bl_id=8427","{""status"":""SUCCESS"",""sap_document"":""5000008427"",""bl_id"":8427}",761,"SUCCESS","CPH","2026-08-02 00:25:17.384"
1552,"FULL_PIPELINE_V2","AI_INVESTIGATE",2,"alert_id=936,severity=MEDIUM","AI decision=CLEAR | reason=Sanctions matches = 0, cost-per-kg band is NORMAL_AT_OR_BELOW_5X_MEDIAN, and both counterparties are recognisable real businesses.",6794,"SUCCESS","CPH","2026-08-02 00:25:24.574"
1553,"FULL_PIPELINE_V2","SANCTIONS_SCREEN",3,"Binh Tien Consumer","Marketplace screening completed",201,"SUCCESS","CPH","2026-08-02 00:25:25.111"
1554,"FULL_PIPELINE_V2","AUTO_REMEDIATE",4,"alert_id=936,action=CLEAR (decided by AI)","Action executed: CLEAR | reason=Sanctions matches = 0, cost-per-kg band is NORMAL_AT_OR_BELOW_5X_MEDIAN, and both counterparties are recognisable real businesses.",931,"SUCCESS","CPH","2026-08-02 00:25:26.348"
1555,"FULL_PIPELINE_V2","SAP_POST",5,"bl_id=8402","{""status"":""SUCCESS"",""sap_document"":""5000008402"",""bl_id"":8402}",806,"SUCCESS","CPH","2026-08-02 00:25:27.571"
1556,"FULL_PIPELINE_V2","AI_INVESTIGATE",2,"alert_id=937,severity=MEDIUM","AI decision=CLEAR | reason=Sanctions matches = 0, cost-per-kg band is NORMAL_AT_OR_BELOW_5X_MEDIAN, and both counterparties are recognisable real businesses.",6217,"SUCCESS","CPH","2026-08-02 00:25:34.192"
1557,"FULL_PIPELINE_V2","SANCTIONS_SCREEN",3,"Honda Vietnam","Marketplace screening completed",190,"SUCCESS","CPH","2026-08-02 00:25:34.744"
1558,"FULL_PIPELINE_V2","AUTO_REMEDIATE",4,"alert_id=937,action=CLEAR (decided by AI)","Action executed: CLEAR | reason=Sanctions matches = 0, cost-per-kg band is NORMAL_AT_OR_BELOW_5X_MEDIAN, and both counterparties are recognisable real businesses.",856,"SUCCESS","CPH","2026-08-02 00:25:35.856"
1559,"FULL_PIPELINE_V2","SAP_POST",5,"bl_id=619","{""status"":""SUCCESS"",""sap_document"":""5000000619"",""bl_id"":619}",788,"SUCCESS","CPH","2026-08-02 00:25:37.041"
1560,"FULL_PIPELINE_V2","AI_INVESTIGATE",2,"alert_id=938,severity=MEDIUM","AI decision=CLEAR | reason=Cost per kg is 0.49x the peer median of $0.2558, sanctions matches = 0, and both counterparties are recognizable real businesses.",4463,"SUCCESS","CPH","2026-08-02 00:25:41.910"
1561,"FULL_PIPELINE_V2","SANCTIONS_SCREEN",3,"Canon Vietnam","Marketplace screening completed",189,"SUCCESS","CPH","2026-08-02 00:25:42.437"
1562,"FULL_PIPELINE_V2","AUTO_REMEDIATE",4,"alert_id=938,action=CLEAR (decided by AI)","Action executed: CLEAR | reason=Cost per kg is 0.49x the peer median of $0.2558, sanctions matches = 0, and both counterparties are recognizable real businesses.",887,"SUCCESS","CPH","2026-08-02 00:25:43.570"
1563,"FULL_PIPELINE_V2","SAP_POST",5,"bl_id=4595","{""status"":""SUCCESS"",""sap_document"":""5000004595"",""bl_id"":4595}",841,"SUCCESS","CPH","2026-08-02 00:25:44.765"
1564,"FULL_PIPELINE_V2","AI_INVESTIGATE",2,"alert_id=939,severity=MEDIUM","AI decision=CLEAR | reason=Sanctions matches = 0, cost-per-kg band is NORMAL_AT_OR_BELOW_5X_MEDIAN, and both counterparties are recognisable real businesses.",6258,"SUCCESS","CPH","2026-08-02 00:25:51.430"
1565,"FULL_PIPELINE_V2","SANCTIONS_SCREEN",3,"Vinamilk Co Ltd","Marketplace screening completed",199,"SUCCESS","CPH","2026-08-02 00:25:51.989"
1566,"FULL_PIPELINE_V2","AUTO_REMEDIATE",4,"alert_id=939,action=CLEAR (decided by AI)","Action executed: CLEAR | reason=Sanctions matches = 0, cost-per-kg band is NORMAL_AT_OR_BELOW_5X_MEDIAN, and both counterparties are recognisable real businesses.",863,"SUCCESS","CPH","2026-08-02 00:25:53.108"
1567,"FULL_PIPELINE_V2","SAP_POST",5,"bl_id=1541","{""status"":""SUCCESS"",""sap_document"":""5000001541"",""bl_id"":1541}",774,"SUCCESS","CPH","2026-08-02 00:25:54.220"
1568,"FULL_PIPELINE_V2","AI_INVESTIGATE",2,"alert_id=924,severity=MEDIUM","AI decision=CLEAR | reason=Sanctions matches = 0, cost-per-kg band is NORMAL_AT_OR_BELOW_5X_MEDIAN, and both counterparties are recognisable real businesses.",5294,"SUCCESS","CPH","2026-08-02 00:25:59.899"
1569,"FULL_PIPELINE_V2","SANCTIONS_SCREEN",3,"Samsung Vietnam","Marketplace screening completed",334,"SUCCESS","CPH","2026-08-02 00:26:00.591"
1570,"FULL_PIPELINE_V2","AUTO_REMEDIATE",4,"alert_id=924,action=CLEAR (decided by AI)","Action executed: CLEAR | reason=Sanctions matches = 0, cost-per-kg band is NORMAL_AT_OR_BELOW_5X_MEDIAN, and both counterparties are recognisable real businesses.",1236,"SUCCESS","CPH","2026-08-02 00:26:02.217"
1571,"FULL_PIPELINE_V2","SAP_POST",5,"bl_id=974","{""status"":""SUCCESS"",""sap_document"":""5000000974"",""bl_id"":974}",866,"SUCCESS","CPH","2026-08-02 00:26:03.499"
1572,"FULL_PIPELINE_V2","AI_INVESTIGATE",2,"alert_id=925,severity=MEDIUM","AI decision=CLEAR | reason=Cost per kg is within normal range ($0.3144, 1.23x median), no sanctions matches (0), and both counterparties are recognizable real businesses.",7456,"SUCCESS","CPH","2026-08-02 00:26:11.350"
1573,"FULL_PIPELINE_V2","SANCTIONS_SCREEN",3,"Panasonic Vietnam","Marketplace screening completed",206,"SUCCESS","CPH","2026-08-02 00:26:11.910"
1574,"FULL_PIPELINE_V2","AUTO_REMEDIATE",4,"alert_id=925,action=CLEAR (decided by AI)","Action executed: CLEAR | reason=Cost per kg is within normal range ($0.3144, 1.23x median), no sanctions matches (0), and both counterparties are recognizable real businesses.",961,"SUCCESS","CPH","2026-08-02 00:26:13.117"
1575,"FULL_PIPELINE_V2","SAP_POST",5,"bl_id=1812","{""status"":""SUCCESS"",""sap_document"":""5000001812"",""bl_id"":1812}",805,"SUCCESS","CPH","2026-08-02 00:26:14.259"
1576,"FULL_PIPELINE_V2","AI_INVESTIGATE",2,"alert_id=926,severity=MEDIUM","AI decision=CLEAR | reason=Sanctions matches = 0, cost-per-kg band is NORMAL_AT_OR_BELOW_5X_MEDIAN, and both counterparties are recognizable real businesses.",8085,"SUCCESS","CPH","2026-08-02 00:26:22.747"
1577,"FULL_PIPELINE_V2","SANCTIONS_SCREEN",3,"Nike Vietnam","Marketplace screening completed",187,"SUCCESS","CPH","2026-08-02 00:26:23.299"
1578,"FULL_PIPELINE_V2","AUTO_REMEDIATE",4,"alert_id=926,action=CLEAR (decided by AI)","Action executed: CLEAR | reason=Sanctions matches = 0, cost-per-kg band is NORMAL_AT_OR_BELOW_5X_MEDIAN, and both counterparties are recognizable real businesses.",900,"SUCCESS","CPH","2026-08-02 00:26:24.447"
1579,"FULL_PIPELINE_V2","SAP_POST",5,"bl_id=978","{""status"":""SUCCESS"",""sap_document"":""5000000978"",""bl_id"":978}",793,"SUCCESS","CPH","2026-08-02 00:26:25.579"
1580,"FULL_PIPELINE_V2","AI_INVESTIGATE",2,"alert_id=927,severity=MEDIUM","AI decision=CLEAR | reason=Cost per kg is within the normal range (2.01x the peer median of $0.2558) and there are no sanctions matches (0).",5287,"SUCCESS","CPH","2026-08-02 00:26:31.259"
1581,"FULL_PIPELINE_V2","SANCTIONS_SCREEN",3,"Trung Nguyen Coffee","Marketplace screening completed",202,"SUCCESS","CPH","2026-08-02 00:26:31.802"
1582,"FULL_PIPELINE_V2","AUTO_REMEDIATE",4,"alert_id=927,action=CLEAR (decided by AI)","Action executed: CLEAR | reason=Cost per kg is within the normal range (2.01x the peer median of $0.2558) and there are no sanctions matches (0).",966,"SUCCESS","CPH","2026-08-02 00:26:33.076"
1583,"FULL_PIPELINE_V2","SAP_POST",5,"bl_id=8706","{""status"":""SUCCESS"",""sap_document"":""5000008706"",""bl_id"":8706}",754,"SUCCESS","CPH","2026-08-02 00:26:34.172"
1584,"FULL_PIPELINE_V2","AI_INVESTIGATE",2,"alert_id=928,severity=MEDIUM","AI decision=CLEAR | reason=Cost per kg is within the normal range (1.58x the peer median of $0.2558), and there are no sanctions matches.",4561,"SUCCESS","CPH","2026-08-02 00:26:39.132"
1585,"FULL_PIPELINE_V2","SANCTIONS_SCREEN",3,"Nike Vietnam","Marketplace screening completed",201,"SUCCESS","CPH","2026-08-02 00:26:39.672"
1586,"FULL_PIPELINE_V2","AUTO_REMEDIATE",4,"alert_id=928,action=CLEAR (decided by AI)","Action executed: CLEAR | reason=Cost per kg is within the normal range (1.58x the peer median of $0.2558), and there are no sanctions matches.",890,"SUCCESS","CPH","2026-08-02 00:26:40.823"
1587,"FULL_PIPELINE_V2","SAP_POST",5,"bl_id=4262","{""status"":""SUCCESS"",""sap_document"":""5000004262"",""bl_id"":4262}",756,"SUCCESS","CPH","2026-08-02 00:26:41.932"
1588,"FULL_PIPELINE_V2","AI_INVESTIGATE",2,"alert_id=929,severity=MEDIUM","AI decision=CLEAR | reason=Sanctions matches = 0, cost-per-kg band is NORMAL_AT_OR_BELOW_5X_MEDIAN, and both counterparties are recognisable real businesses.",4234,"SUCCESS","CPH","2026-08-02 00:26:46.597"
1589,"FULL_PIPELINE_V2","SANCTIONS_SCREEN",3,"Honda Vietnam","Marketplace screening completed",187,"SUCCESS","CPH","2026-08-02 00:26:47.113"
1590,"FULL_PIPELINE_V2","AUTO_REMEDIATE",4,"alert_id=929,action=CLEAR (decided by AI)","Action executed: CLEAR | reason=Sanctions matches = 0, cost-per-kg band is NORMAL_AT_OR_BELOW_5X_MEDIAN, and both counterparties are recognisable real businesses.",858,"SUCCESS","CPH","2026-08-02 00:26:48.248"
1591,"FULL_PIPELINE_V2","SAP_POST",5,"bl_id=6964","{""status"":""SUCCESS"",""sap_document"":""5000006964"",""bl_id"":6964}",777,"SUCCESS","CPH","2026-08-02 00:26:49.382"
1592,"FULL_PIPELINE_V2","AI_INVESTIGATE",2,"alert_id=930,severity=MEDIUM","AI decision=CLEAR | reason=Sanctions matches = 0, cost-per-kg band is NORMAL_AT_OR_BELOW_5X_MEDIAN, and both counterparties are recognisable real businesses.",6123,"SUCCESS","CPH","2026-08-02 00:26:55.918"
1593,"FULL_PIPELINE_V2","SANCTIONS_SCREEN",3,"Toyota Vietnam","Marketplace screening completed",191,"SUCCESS","CPH","2026-08-02 00:26:56.476"
1594,"FULL_PIPELINE_V2","AUTO_REMEDIATE",4,"alert_id=930,action=CLEAR (decided by AI)","Action executed: CLEAR | reason=Sanctions matches = 0, cost-per-kg band is NORMAL_AT_OR_BELOW_5X_MEDIAN, and both counterparties are recognisable real businesses.",877,"SUCCESS","CPH","2026-08-02 00:26:57.590"
1595,"FULL_PIPELINE_V2","SAP_POST",5,"bl_id=8901","{""status"":""SUCCESS"",""sap_document"":""5000008901"",""bl_id"":8901}",815,"SUCCESS","CPH","2026-08-02 00:26:58.773"
1596,"FULL_PIPELINE_V2","AI_INVESTIGATE",2,"alert_id=931,severity=MEDIUM","AI decision=CLEAR | reason=Cost per kg is within normal range (1.67x the peer median of $0.2558) and no sanctions matches (0).",11485,"SUCCESS","CPH","2026-08-02 00:27:10.664"
1597,"FULL_PIPELINE_V2","SANCTIONS_SCREEN",3,"FPT Software","Marketplace screening completed",209,"SUCCESS","CPH","2026-08-02 00:27:11.244"
1598,"FULL_PIPELINE_V2","AUTO_REMEDIATE",4,"alert_id=931,action=CLEAR (decided by AI)","Action executed: CLEAR | reason=Cost per kg is within normal range (1.67x the peer median of $0.2558) and no sanctions matches (0).",884,"SUCCESS","CPH","2026-08-02 00:27:12.413"
1599,"FULL_PIPELINE_V2","SAP_POST",5,"bl_id=7837","{""status"":""SUCCESS"",""sap_document"":""5000007837"",""bl_id"":7837}",787,"SUCCESS","CPH","2026-08-02 00:27:13.562"
1600,"FULL_PIPELINE_V2","AI_INVESTIGATE",2,"alert_id=918,severity=MEDIUM","AI decision=ESCALATE | reason=Cost per kg is $2.3571, 9.21x the peer median of $0.2558, falling in the ELEVATED_BETWEEN_5X_AND_10X_MEDIAN band.",7193,"SUCCESS","CPH","2026-08-02 00:27:21.167"
1601,"FULL_PIPELINE_V2","SANCTIONS_SCREEN",3,"Hoa Sen Group","Marketplace screening completed",202,"SUCCESS","CPH","2026-08-02 00:27:21.705"
1602,"FULL_PIPELINE_V2","AUTO_REMEDIATE",4,"alert_id=918,action=ESCALATE (decided by AI)","Action executed: ESCALATE | reason=Cost per kg is $2.3571, 9.21x the peer median of $0.2558, falling in the ELEVATED_BETWEEN_5X_AND_10X_MEDIAN band.",1130,"SUCCESS","CPH","2026-08-02 00:27:23.085"
1603,"FULL_PIPELINE_V2","SAP_POST",5,"alert_id=918","{""status"":""SKIPPED"",""reason"":""SAP posting only runs after a CLEAR decision""}",0,"SKIPPED","CPH","2026-08-02 00:27:23.363"
1604,"FULL_PIPELINE_V2","AI_INVESTIGATE",2,"alert_id=919,severity=MEDIUM","AI decision=ESCALATE | reason=Cost per kg is $2.3519, 9.19x the peer median of $0.2558, placing it in the ELEVATED_BETWEEN_5X_AND_10X_MEDIAN band.",7579,"SUCCESS","CPH","2026-08-02 00:27:31.382"
1605,"FULL_PIPELINE_V2","SANCTIONS_SCREEN",3,"Binh Tien Consumer","Marketplace screening completed",183,"SUCCESS","CPH","2026-08-02 00:27:31.892"
1606,"FULL_PIPELINE_V2","AUTO_REMEDIATE",4,"alert_id=919,action=ESCALATE (decided by AI)","Action executed: ESCALATE | reason=Cost per kg is $2.3519, 9.19x the peer median of $0.2558, placing it in the ELEVATED_BETWEEN_5X_AND_10X_MEDIAN band.",1084,"SUCCESS","CPH","2026-08-02 00:27:33.254"
1607,"FULL_PIPELINE_V2","SAP_POST",5,"alert_id=919","{""status"":""SKIPPED"",""reason"":""SAP posting only runs after a CLEAR decision""}",0,"SKIPPED","CPH","2026-08-02 00:27:33.488"
1608,"FULL_PIPELINE_V2","AI_INVESTIGATE",2,"alert_id=920,severity=MEDIUM","AI decision=ESCALATE | reason=Cost per kg is $2.3176, 9.06x the peer median of $0.2558, placing it in the ELEVATED_BETWEEN_5X_AND_10X_MEDIAN band.",5641,"SUCCESS","CPH","2026-08-02 00:27:39.556"
1609,"FULL_PIPELINE_V2","SANCTIONS_SCREEN",3,"ABC Electronics Vietnam","Marketplace screening completed",208,"SUCCESS","CPH","2026-08-02 00:27:40.089"
1610,"FULL_PIPELINE_V2","AUTO_REMEDIATE",4,"alert_id=920,action=ESCALATE (decided by AI)","Action executed: ESCALATE | reason=Cost per kg is $2.3176, 9.06x the peer median of $0.2558, placing it in the ELEVATED_BETWEEN_5X_AND_10X_MEDIAN band.",1120,"SUCCESS","CPH","2026-08-02 00:27:41.505"
1611,"FULL_PIPELINE_V2","SAP_POST",5,"alert_id=920","{""status"":""SKIPPED"",""reason"":""SAP posting only runs after a CLEAR decision""}",0,"SKIPPED","CPH","2026-08-02 00:27:41.754"
1612,"FULL_PIPELINE_V2","AI_INVESTIGATE",2,"alert_id=921,severity=MEDIUM","AI decision=ESCALATE | reason=Cost per kg is $2.3155, 9.05x the peer median of $0.2558, falling into the ELEVATED_BETWEEN_5X_AND_10X_MEDIAN band.",7055,"SUCCESS","CPH","2026-08-02 00:27:49.279"
1613,"FULL_PIPELINE_V2","SANCTIONS_SCREEN",3,"Canon Vietnam","Marketplace screening completed",199,"SUCCESS","CPH","2026-08-02 00:27:49.856"
1614,"FULL_PIPELINE_V2","AUTO_REMEDIATE",4,"alert_id=921,action=ESCALATE (decided by AI)","Action executed: ESCALATE | reason=Cost per kg is $2.3155, 9.05x the peer median of $0.2558, falling into the ELEVATED_BETWEEN_5X_AND_10X_MEDIAN band.",1083,"SUCCESS","CPH","2026-08-02 00:27:51.198"
1615,"FULL_PIPELINE_V2","SAP_POST",5,"alert_id=921","{""status"":""SKIPPED"",""reason"":""SAP posting only runs after a CLEAR decision""}",0,"SKIPPED","CPH","2026-08-02 00:27:51.439"
1616,"FULL_PIPELINE_V2","AI_INVESTIGATE",2,"alert_id=922,severity=MEDIUM","AI decision=ESCALATE | reason=Cost per kg is $2.3099, 9.03x the peer median of $0.2558, placing it in the ELEVATED_BETWEEN_5X_AND_10X_MEDIAN band.",7977,"SUCCESS","CPH","2026-08-02 00:27:59.876"
1617,"FULL_PIPELINE_V2","SANCTIONS_SCREEN",3,"Phong Phu Garment","Marketplace screening completed",201,"SUCCESS","CPH","2026-08-02 00:28:00.500"
1618,"FULL_PIPELINE_V2","AUTO_REMEDIATE",4,"alert_id=922,action=ESCALATE (decided by AI)","Action executed: ESCALATE | reason=Cost per kg is $2.3099, 9.03x the peer median of $0.2558, placing it in the ELEVATED_BETWEEN_5X_AND_10X_MEDIAN band.",1121,"SUCCESS","CPH","2026-08-02 00:28:01.871"
1619,"FULL_PIPELINE_V2","SAP_POST",5,"alert_id=922","{""status"":""SKIPPED"",""reason"":""SAP posting only runs after a CLEAR decision""}",0,"SKIPPED","CPH","2026-08-02 00:28:02.119"
1620,"FULL_PIPELINE_V2","AI_INVESTIGATE",2,"alert_id=923,severity=MEDIUM","AI decision=ESCALATE | reason=Cost per kg is $2.3079, 9.02x the peer median of $0.2558, placing it in the ELEVATED_BETWEEN_5X_AND_10X_MEDIAN band.",6513,"SUCCESS","CPH","2026-08-02 00:28:09.090"
1621,"FULL_PIPELINE_V2","SANCTIONS_SCREEN",3,"Honda Vietnam","Marketplace screening completed",194,"SUCCESS","CPH","2026-08-02 00:28:09.620"
1622,"FULL_PIPELINE_V2","AUTO_REMEDIATE",4,"alert_id=923,action=ESCALATE (decided by AI)","Action executed: ESCALATE | reason=Cost per kg is $2.3079, 9.02x the peer median of $0.2558, placing it in the ELEVATED_BETWEEN_5X_AND_10X_MEDIAN band.",1127,"SUCCESS","CPH","2026-08-02 00:28:11.008"
1623,"FULL_PIPELINE_V2","SAP_POST",5,"alert_id=923","{""status"":""SKIPPED"",""reason"":""SAP posting only runs after a CLEAR decision""}",0,"SKIPPED","CPH","2026-08-02 00:28:11.244"
1624,"FULL_PIPELINE_V2","AI_INVESTIGATE",2,"alert_id=908,severity=MEDIUM","AI decision=CLEAR | reason=Sanctions matches = 0, cost-per-kg band is NORMAL_AT_OR_BELOW_5X_MEDIAN, and both counterparties are recognisable real businesses.",4327,"SUCCESS","CPH","2026-08-02 00:28:16.042"
1625,"FULL_PIPELINE_V2","SANCTIONS_SCREEN",3,"Phong Phu Garment","Marketplace screening completed",215,"SUCCESS","CPH","2026-08-02 00:28:16.607"
1626,"FULL_PIPELINE_V2","AUTO_REMEDIATE",4,"alert_id=908,action=CLEAR (decided by AI)","Action executed: CLEAR | reason=Sanctions matches = 0, cost-per-kg band is NORMAL_AT_OR_BELOW_5X_MEDIAN, and both counterparties are recognisable real businesses.",878,"SUCCESS","CPH","2026-08-02 00:28:17.731"
1627,"FULL_PIPELINE_V2","SAP_POST",5,"bl_id=6717","{""status"":""SUCCESS"",""sap_document"":""5000006717"",""bl_id"":6717}",759,"SUCCESS","CPH","2026-08-02 00:28:18.849"
1628,"FULL_PIPELINE_V2","AI_INVESTIGATE",2,"alert_id=909,severity=MEDIUM","AI decision=CLEAR | reason=Sanctions matches = 0, cost-per-kg band is NORMAL_AT_OR_BELOW_5X_MEDIAN, and both counterparties are recognisable real businesses.",5923,"SUCCESS","CPH","2026-08-02 00:28:25.202"
1629,"FULL_PIPELINE_V2","SANCTIONS_SCREEN",3,"Adidas Sourcing Ltd","Marketplace screening completed",209,"SUCCESS","CPH","2026-08-02 00:28:25.741"
1630,"FULL_PIPELINE_V2","AUTO_REMEDIATE",4,"alert_id=909,action=CLEAR (decided by AI)","Action executed: CLEAR | reason=Sanctions matches = 0, cost-per-kg band is NORMAL_AT_OR_BELOW_5X_MEDIAN, and both counterparties are recognisable real businesses.",861,"SUCCESS","CPH","2026-08-02 00:28:26.859"
1631,"FULL_PIPELINE_V2","SAP_POST",5,"bl_id=7178","{""status"":""SUCCESS"",""sap_document"":""5000007178"",""bl_id"":7178}",754,"SUCCESS","CPH","2026-08-02 00:28:27.968"
1632,"FULL_PIPELINE_V2","AI_INVESTIGATE",2,"alert_id=910,severity=MEDIUM","AI decision=CLEAR | reason=Sanctions matches = 0, cost-per-kg band is NORMAL_AT_OR_BELOW_5X_MEDIAN, and both counterparties are recognisable real businesses.",4742,"SUCCESS","CPH","2026-08-02 00:28:33.115"
1633,"FULL_PIPELINE_V2","SANCTIONS_SCREEN",3,"Adidas Sourcing Ltd","Marketplace screening completed",199,"SUCCESS","CPH","2026-08-02 00:28:33.647"
1634,"FULL_PIPELINE_V2","AUTO_REMEDIATE",4,"alert_id=910,action=CLEAR (decided by AI)","Action executed: CLEAR | reason=Sanctions matches = 0, cost-per-kg band is NORMAL_AT_OR_BELOW_5X_MEDIAN, and both counterparties are recognisable real businesses.",849,"SUCCESS","CPH","2026-08-02 00:28:34.735"
1635,"FULL_PIPELINE_V2","SAP_POST",5,"bl_id=9176","{""status"":""SUCCESS"",""sap_document"":""5000009176"",""bl_id"":9176}",763,"SUCCESS","CPH","2026-08-02 00:28:35.866"
1636,"FULL_PIPELINE_V2","AI_INVESTIGATE",2,"alert_id=911,severity=MEDIUM","AI decision=CLEAR | reason=Sanctions matches = 0, cost-per-kg band is NORMAL_AT_OR_BELOW_5X_MEDIAN, and both counterparties are recognisable real businesses.",6416,"SUCCESS","CPH","2026-08-02 00:28:42.738"
1637,"FULL_PIPELINE_V2","SANCTIONS_SCREEN",3,"Toyota Vietnam","Marketplace screening completed",218,"SUCCESS","CPH","2026-08-02 00:28:43.362"
1638,"FULL_PIPELINE_V2","AUTO_REMEDIATE",4,"alert_id=911,action=CLEAR (decided by AI)","Action executed: CLEAR | reason=Sanctions matches = 0, cost-per-kg band is NORMAL_AT_OR_BELOW_5X_MEDIAN, and both counterparties are recognisable real businesses.",911,"SUCCESS","CPH","2026-08-02 00:28:44.511"
1639,"FULL_PIPELINE_V2","SAP_POST",5,"bl_id=9785","{""status"":""SUCCESS"",""sap_document"":""5000009785"",""bl_id"":9785}",811,"SUCCESS","CPH","2026-08-02 00:28:45.662"
1640,"FULL_PIPELINE_V2","AI_INVESTIGATE",2,"alert_id=912,severity=MEDIUM","AI decision=CLEAR | reason=Sanctions matches = 0, cost-per-kg band is NORMAL_AT_OR_BELOW_5X_MEDIAN, and both counterparties are recognisable real businesses.",6652,"SUCCESS","CPH","2026-08-02 00:28:52.725"
1641,"FULL_PIPELINE_V2","SANCTIONS_SCREEN",3,"Foxconn Vietnam","Marketplace screening completed",194,"SUCCESS","CPH","2026-08-02 00:28:53.247"
1642,"FULL_PIPELINE_V2","AUTO_REMEDIATE",4,"alert_id=912,action=CLEAR (decided by AI)","Action executed: CLEAR | reason=Sanctions matches = 0, cost-per-kg band is NORMAL_AT_OR_BELOW_5X_MEDIAN, and both counterparties are recognisable real businesses.",845,"SUCCESS","CPH","2026-08-02 00:28:54.335"
1643,"FULL_PIPELINE_V2","SAP_POST",5,"bl_id=7250","{""status"":""SUCCESS"",""sap_document"":""5000007250"",""bl_id"":7250}",821,"SUCCESS","CPH","2026-08-02 00:28:55.501"
1644,"FULL_PIPELINE_V2","AI_INVESTIGATE",2,"alert_id=913,severity=MEDIUM","AI decision=CLEAR | reason=Sanctions matches = 0, cost-per-kg band is NORMAL_AT_OR_BELOW_5X_MEDIAN, and both counterparties are recognisable real businesses.",8995,"SUCCESS","CPH","2026-08-02 00:29:04.897"
1645,"FULL_PIPELINE_V2","SANCTIONS_SCREEN",3,"Foxconn Vietnam","Marketplace screening completed",193,"SUCCESS","CPH","2026-08-02 00:29:05.417"
1646,"FULL_PIPELINE_V2","AUTO_REMEDIATE",4,"alert_id=913,action=CLEAR (decided by AI)","Action executed: CLEAR | reason=Sanctions matches = 0, cost-per-kg band is NORMAL_AT_OR_BELOW_5X_MEDIAN, and both counterparties are recognisable real businesses.",839,"SUCCESS","CPH","2026-08-02 00:29:06.568"
1647,"FULL_PIPELINE_V2","SAP_POST",5,"bl_id=390","{""status"":""SUCCESS"",""sap_document"":""5000000390"",""bl_id"":390}",794,"SUCCESS","CPH","2026-08-02 00:29:07.730"
1648,"FULL_PIPELINE_V2","AI_INVESTIGATE",2,"alert_id=914,severity=MEDIUM","AI decision=CLEAR | reason=Sanctions matches = 0, cost-per-kg band is NORMAL_AT_OR_BELOW_5X_MEDIAN, and both counterparties are recognisable real businesses.",4831,"SUCCESS","CPH","2026-08-02 00:29:12.978"
1649,"FULL_PIPELINE_V2","SANCTIONS_SCREEN",3,"Samsung Vietnam","Marketplace screening completed",205,"SUCCESS","CPH","2026-08-02 00:29:13.518"
1650,"FULL_PIPELINE_V2","AUTO_REMEDIATE",4,"alert_id=914,action=CLEAR (decided by AI)","Action executed: CLEAR | reason=Sanctions matches = 0, cost-per-kg band is NORMAL_AT_OR_BELOW_5X_MEDIAN, and both counterparties are recognisable real businesses.",884,"SUCCESS","CPH","2026-08-02 00:29:14.654"
1651,"FULL_PIPELINE_V2","SAP_POST",5,"bl_id=2519","{""status"":""SUCCESS"",""sap_document"":""5000002519"",""bl_id"":2519}",1101,"SUCCESS","CPH","2026-08-02 00:29:16.127"
1652,"FULL_PIPELINE_V2","AI_INVESTIGATE",2,"alert_id=915,severity=MEDIUM","AI decision=CLEAR | reason=Sanctions matches = 0, cost-per-kg band is NORMAL_AT_OR_BELOW_5X_MEDIAN, and both counterparties are recognisable real businesses.",5244,"SUCCESS","CPH","2026-08-02 00:29:21.772"
1653,"FULL_PIPELINE_V2","SANCTIONS_SCREEN",3,"Intel Products Vietnam","Marketplace screening completed",201,"SUCCESS","CPH","2026-08-02 00:29:22.284"
1654,"FULL_PIPELINE_V2","AUTO_REMEDIATE",4,"alert_id=915,action=CLEAR (decided by AI)","Action executed: CLEAR | reason=Sanctions matches = 0, cost-per-kg band is NORMAL_AT_OR_BELOW_5X_MEDIAN, and both counterparties are recognisable real businesses.",887,"SUCCESS","CPH","2026-08-02 00:29:23.412"
1655,"FULL_PIPELINE_V2","SAP_POST",5,"bl_id=1938","{""status"":""SUCCESS"",""sap_document"":""5000001938"",""bl_id"":1938}",758,"SUCCESS","CPH","2026-08-02 00:29:24.522"
1656,"FULL_PIPELINE_V2","AI_INVESTIGATE",2,"alert_id=900,severity=MEDIUM","AI decision=CLEAR | reason=Cost per kg is within normal range ($0.333, 1.3x median), no sanctions matches, and both counterparties are recognizable real businesses.",4399,"SUCCESS","CPH","2026-08-02 00:29:29.345"
1657,"FULL_PIPELINE_V2","SANCTIONS_SCREEN",3,"Binh Tien Consumer","Marketplace screening completed",182,"SUCCESS","CPH","2026-08-02 00:29:29.847"
1658,"FULL_PIPELINE_V2","AUTO_REMEDIATE",4,"alert_id=900,action=CLEAR (decided by AI)","Action executed: CLEAR | reason=Cost per kg is within normal range ($0.333, 1.3x median), no sanctions matches, and both counterparties are recognizable real businesses.",847,"SUCCESS","CPH","2026-08-02 00:29:30.960"
1659,"FULL_PIPELINE_V2","SAP_POST",5,"bl_id=251","{""status"":""SUCCESS"",""sap_document"":""5000000251"",""bl_id"":251}",770,"SUCCESS","CPH","2026-08-02 00:29:32.086"
1660,"FULL_PIPELINE_V2","AI_INVESTIGATE",2,"alert_id=901,severity=MEDIUM","AI decision=CLEAR | reason=Cost per kg is within the normal range (1.1x the peer median of $0.2558) and there are no sanctions matches (0).",6111,"SUCCESS","CPH","2026-08-02 00:29:38.628"
1661,"FULL_PIPELINE_V2","SANCTIONS_SCREEN",3,"Viettel Electronics","Marketplace screening completed",188,"SUCCESS","CPH","2026-08-02 00:29:39.168"
1662,"FULL_PIPELINE_V2","AUTO_REMEDIATE",4,"alert_id=901,action=CLEAR (decided by AI)","Action executed: CLEAR | reason=Cost per kg is within the normal range (1.1x the peer median of $0.2558) and there are no sanctions matches (0).",843,"SUCCESS","CPH","2026-08-02 00:29:40.295"
1663,"FULL_PIPELINE_V2","SAP_POST",5,"bl_id=7769","{""status"":""SUCCESS"",""sap_document"":""5000007769"",""bl_id"":7769}",741,"SUCCESS","CPH","2026-08-02 00:29:41.374"
1664,"FULL_PIPELINE_V2","AI_INVESTIGATE",2,"alert_id=902,severity=MEDIUM","AI decision=CLEAR | reason=Sanctions matches = 0, cost-per-kg band is NORMAL_AT_OR_BELOW_5X_MEDIAN, and both counterparties are recognizable real businesses.",5514,"SUCCESS","CPH","2026-08-02 00:29:47.304"
1665,"FULL_PIPELINE_V2","SANCTIONS_SCREEN",3,"Samsung Vietnam","Marketplace screening completed",180,"SUCCESS","CPH","2026-08-02 00:29:47.799"
1666,"FULL_PIPELINE_V2","AUTO_REMEDIATE",4,"alert_id=902,action=CLEAR (decided by AI)","Action executed: CLEAR | reason=Sanctions matches = 0, cost-per-kg band is NORMAL_AT_OR_BELOW_5X_MEDIAN, and both counterparties are recognizable real businesses.",845,"SUCCESS","CPH","2026-08-02 00:29:48.893"
1667,"FULL_PIPELINE_V2","SAP_POST",5,"bl_id=2858","{""status"":""SUCCESS"",""sap_document"":""5000002858"",""bl_id"":2858}",784,"SUCCESS","CPH","2026-08-02 00:29:49.994"
1668,"FULL_PIPELINE_V2","AI_INVESTIGATE",2,"alert_id=905,severity=MEDIUM","AI decision=CLEAR | reason=Sanctions matches = 0, cost-per-kg band is NORMAL_AT_OR_BELOW_5X_MEDIAN, and both counterparties are recognizable real businesses.",11892,"SUCCESS","CPH","2026-08-02 00:30:02.314"
1669,"FULL_PIPELINE_V2","SANCTIONS_SCREEN",3,"Vinamilk Co Ltd","Marketplace screening completed",226,"SUCCESS","CPH","2026-08-02 00:30:02.971"
1670,"FULL_PIPELINE_V2","AUTO_REMEDIATE",4,"alert_id=905,action=CLEAR (decided by AI)","Action executed: CLEAR | reason=Sanctions matches = 0, cost-per-kg band is NORMAL_AT_OR_BELOW_5X_MEDIAN, and both counterparties are recognizable real businesses.",1052,"SUCCESS","CPH","2026-08-02 00:30:04.332"
1671,"FULL_PIPELINE_V2","SAP_POST",5,"bl_id=2275","{""status"":""SUCCESS"",""sap_document"":""5000002275"",""bl_id"":2275}",829,"SUCCESS","CPH","2026-08-02 00:30:05.563"
1672,"FULL_PIPELINE_V2","AI_INVESTIGATE",2,"alert_id=906,severity=MEDIUM","AI decision=CLEAR | reason=Sanctions matches = 0, cost-per-kg band is NORMAL_AT_OR_BELOW_5X_MEDIAN, and both counterparties are recognizable real businesses.",5688,"SUCCESS","CPH","2026-08-02 00:30:11.690"
1673,"FULL_PIPELINE_V2","SANCTIONS_SCREEN",3,"Tan Hiep Phat","Marketplace screening completed",230,"SUCCESS","CPH","2026-08-02 00:30:12.283"
1674,"FULL_PIPELINE_V2","AUTO_REMEDIATE",4,"alert_id=906,action=CLEAR (decided by AI)","Action executed: CLEAR | reason=Sanctions matches = 0, cost-per-kg band is NORMAL_AT_OR_BELOW_5X_MEDIAN, and both counterparties are recognizable real businesses.",935,"SUCCESS","CPH","2026-08-02 00:30:13.493"
1675,"FULL_PIPELINE_V2","SAP_POST",5,"bl_id=5015","{""status"":""SUCCESS"",""sap_document"":""5000005015"",""bl_id"":5015}",884,"SUCCESS","CPH","2026-08-02 00:30:14.731"
1676,"FULL_PIPELINE_V2","AI_INVESTIGATE",2,"alert_id=907,severity=MEDIUM","AI decision=CLEAR | reason=Cost per kg is within the normal range (1.53x the peer median of $0.2558) and there are no sanctions matches (0).",5143,"SUCCESS","CPH","2026-08-02 00:30:20.783"
1677,"FULL_PIPELINE_V2","SANCTIONS_SCREEN",3,"Trung Nguyen Coffee","Marketplace screening completed",200,"SUCCESS","CPH","2026-08-02 00:30:21.352"
1678,"FULL_PIPELINE_V2","AUTO_REMEDIATE",4,"alert_id=907,action=CLEAR (decided by AI)","Action executed: CLEAR | reason=Cost per kg is within the normal range (1.53x the peer median of $0.2558) and there are no sanctions matches (0).",954,"SUCCESS","CPH","2026-08-02 00:30:22.574"
1679,"FULL_PIPELINE_V2","SAP_POST",5,"bl_id=6062","{""status"":""SUCCESS"",""sap_document"":""5000006062"",""bl_id"":6062}",827,"SUCCESS","CPH","2026-08-02 00:30:23.804"
1680,"FULL_PIPELINE_V2","AI_INVESTIGATE",2,"alert_id=881,severity=MEDIUM","AI decision=CLEAR | reason=Sanctions matches = 0, cost-per-kg band is NORMAL_AT_OR_BELOW_5X_MEDIAN, and both counterparties are recognisable real businesses.",4613,"SUCCESS","CPH","2026-08-02 00:30:28.850"
1681,"FULL_PIPELINE_V2","SANCTIONS_SCREEN",3,"Samsung Vietnam","Marketplace screening completed",224,"SUCCESS","CPH","2026-08-02 00:30:29.451"
1682,"FULL_PIPELINE_V2","AUTO_REMEDIATE",4,"alert_id=881,action=CLEAR (decided by AI)","Action executed: CLEAR | reason=Sanctions matches = 0, cost-per-kg band is NORMAL_AT_OR_BELOW_5X_MEDIAN, and both counterparties are recognisable real businesses.",1122,"SUCCESS","CPH","2026-08-02 00:30:30.923"
1683,"FULL_PIPELINE_V2","SAP_POST",5,"bl_id=6513","{""status"":""SUCCESS"",""sap_document"":""5000006513"",""bl_id"":6513}",1009,"SUCCESS","CPH","2026-08-02 00:30:32.302"
1684,"FULL_PIPELINE_V2","AI_INVESTIGATE",2,"alert_id=882,severity=MEDIUM","AI decision=CLEAR | reason=Sanctions matches = 0, cost-per-kg band is NORMAL_AT_OR_BELOW_5X_MEDIAN, and both counterparties are recognisable real businesses.",10877,"SUCCESS","CPH","2026-08-02 00:30:44.237"
1685,"FULL_PIPELINE_V2","SANCTIONS_SCREEN",3,"Phong Phu Garment","Marketplace screening completed",189,"SUCCESS","CPH","2026-08-02 00:30:44.778"
1686,"FULL_PIPELINE_V2","AUTO_REMEDIATE",4,"alert_id=882,action=CLEAR (decided by AI)","Action executed: CLEAR | reason=Sanctions matches = 0, cost-per-kg band is NORMAL_AT_OR_BELOW_5X_MEDIAN, and both counterparties are recognisable real businesses.",1020,"SUCCESS","CPH","2026-08-02 00:30:46.118"
1687,"FULL_PIPELINE_V2","SAP_POST",5,"bl_id=4752","{""status"":""SUCCESS"",""sap_document"":""5000004752"",""bl_id"":4752}",781,"SUCCESS","CPH","2026-08-02 00:30:47.282"
1688,"FULL_PIPELINE_V2","AI_INVESTIGATE",2,"alert_id=883,severity=MEDIUM","AI decision=CLEAR | reason=Sanctions matches = 0, cost-per-kg band is NORMAL_AT_OR_BELOW_5X_MEDIAN, and both counterparties are recognisable real businesses.",20486,"SUCCESS","CPH","2026-08-02 00:31:08.190"
1689,"FULL_PIPELINE_V2","SANCTIONS_SCREEN",3,"Panasonic Vietnam","Marketplace screening completed",201,"SUCCESS","CPH","2026-08-02 00:31:08.759"
1690,"FULL_PIPELINE_V2","AUTO_REMEDIATE",4,"alert_id=883,action=CLEAR (decided by AI)","Action executed: CLEAR | reason=Sanctions matches = 0, cost-per-kg band is NORMAL_AT_OR_BELOW_5X_MEDIAN, and both counterparties are recognisable real businesses.",979,"SUCCESS","CPH","2026-08-02 00:31:10.096"
1691,"FULL_PIPELINE_V2","SAP_POST",5,"bl_id=7079","{""status"":""SUCCESS"",""sap_document"":""5000007079"",""bl_id"":7079}",866,"SUCCESS","CPH","2026-08-02 00:31:11.360"
1692,"FULL_PIPELINE_V2","AI_INVESTIGATE",2,"alert_id=884,severity=MEDIUM","AI decision=CLEAR | reason=Sanctions matches = 0, cost-per-kg band is NORMAL_AT_OR_BELOW_5X_MEDIAN, and both counterparties are recognisable real businesses.",7984,"SUCCESS","CPH","2026-08-02 00:31:19.901"
1693,"FULL_PIPELINE_V2","SANCTIONS_SCREEN",3,"ABC Electronics Vietnam","Marketplace screening completed",228,"SUCCESS","CPH","2026-08-02 00:31:20.508"
1694,"FULL_PIPELINE_V2","AUTO_REMEDIATE",4,"alert_id=884,action=CLEAR (decided by AI)","Action executed: CLEAR | reason=Sanctions matches = 0, cost-per-kg band is NORMAL_AT_OR_BELOW_5X_MEDIAN, and both counterparties are recognisable real businesses.",986,"SUCCESS","CPH","2026-08-02 00:31:21.791"
1695,"FULL_PIPELINE_V2","SAP_POST",5,"bl_id=1002","{""status"":""SUCCESS"",""sap_document"":""5000001002"",""bl_id"":1002}",854,"SUCCESS","CPH","2026-08-02 00:31:23.032"
1696,"FULL_PIPELINE_V2","AI_INVESTIGATE",2,"alert_id=885,severity=MEDIUM","AI decision=CLEAR | reason=Sanctions matches = 0, cost-per-kg band is NORMAL_AT_OR_BELOW_5X_MEDIAN, and both counterparties are recognisable real businesses.",5139,"SUCCESS","CPH","2026-08-02 00:31:28.960"
1697,"FULL_PIPELINE_V2","SANCTIONS_SCREEN",3,"Canon Vietnam","Marketplace screening completed",215,"SUCCESS","CPH","2026-08-02 00:31:29.555"
1698,"FULL_PIPELINE_V2","AUTO_REMEDIATE",4,"alert_id=885,action=CLEAR (decided by AI)","Action executed: CLEAR | reason=Sanctions matches = 0, cost-per-kg band is NORMAL_AT_OR_BELOW_5X_MEDIAN, and both counterparties are recognisable real businesses.",1075,"SUCCESS","CPH","2026-08-02 00:31:30.986"
1699,"FULL_PIPELINE_V2","SAP_POST",5,"bl_id=1546","{""status"":""SUCCESS"",""sap_document"":""5000001546"",""bl_id"":1546}",930,"SUCCESS","CPH","2026-08-02 00:31:32.318"
1700,"FULL_PIPELINE_V2","AI_INVESTIGATE",2,"alert_id=887,severity=MEDIUM","AI decision=CLEAR | reason=Cost per kg is within normal range and no sanctions matches found.",5033,"SUCCESS","CPH","2026-08-02 00:31:37.780"
1701,"FULL_PIPELINE_V2","SANCTIONS_SCREEN",3,"Samsung Vietnam","Marketplace screening completed",219,"SUCCESS","CPH","2026-08-02 00:31:38.362"
1702,"FULL_PIPELINE_V2","AUTO_REMEDIATE",4,"alert_id=887,action=CLEAR (decided by AI)","Action executed: CLEAR | reason=Cost per kg is within normal range and no sanctions matches found.",942,"SUCCESS","CPH","2026-08-02 00:31:39.587"
1703,"FULL_PIPELINE_V2","SAP_POST",5,"bl_id=7290","{""status"":""SUCCESS"",""sap_document"":""5000007290"",""bl_id"":7290}",799,"SUCCESS","CPH","2026-08-02 00:31:40.747"
1704,"FULL_PIPELINE_V2","AI_INVESTIGATE",2,"alert_id=888,severity=MEDIUM","AI decision=CLEAR | reason=Sanctions matches = 0, cost-per-kg band is NORMAL_AT_OR_BELOW_5X_MEDIAN, and both counterparties are recognisable real businesses.",4932,"SUCCESS","CPH","2026-08-02 00:31:46.112"
1705,"FULL_PIPELINE_V2","SANCTIONS_SCREEN",3,"Samsung Vietnam","Marketplace screening completed",214,"SUCCESS","CPH","2026-08-02 00:31:46.682"
1706,"FULL_PIPELINE_V2","AUTO_REMEDIATE",4,"alert_id=888,action=CLEAR (decided by AI)","Action executed: CLEAR | reason=Sanctions matches = 0, cost-per-kg band is NORMAL_AT_OR_BELOW_5X_MEDIAN, and both counterparties are recognisable real businesses.",1122,"SUCCESS","CPH","2026-08-02 00:31:48.080"
1707,"FULL_PIPELINE_V2","SAP_POST",5,"bl_id=2395","{""status"":""SUCCESS"",""sap_document"":""5000002395"",""bl_id"":2395}",799,"SUCCESS","CPH","2026-08-02 00:31:49.254"
1708,"FULL_PIPELINE_V2","AI_INVESTIGATE",2,"alert_id=873,severity=MEDIUM","AI decision=CLEAR | reason=Sanctions matches = 0, cost-per-kg band is NORMAL_AT_OR_BELOW_5X_MEDIAN, and both counterparties are recognizable real businesses.",5673,"SUCCESS","CPH","2026-08-02 00:31:55.340"
1709,"FULL_PIPELINE_V2","SANCTIONS_SCREEN",3,"Vinamilk Co Ltd","Marketplace screening completed",210,"SUCCESS","CPH","2026-08-02 00:31:55.883"
1710,"FULL_PIPELINE_V2","AUTO_REMEDIATE",4,"alert_id=873,action=CLEAR (decided by AI)","Action executed: CLEAR | reason=Sanctions matches = 0, cost-per-kg band is NORMAL_AT_OR_BELOW_5X_MEDIAN, and both counterparties are recognizable real businesses.",880,"SUCCESS","CPH","2026-08-02 00:31:57.039"
1711,"FULL_PIPELINE_V2","SAP_POST",5,"bl_id=3086","{""status"":""SUCCESS"",""sap_document"":""5000003086"",""bl_id"":3086}",740,"SUCCESS","CPH","2026-08-02 00:31:58.139"
1712,"FULL_PIPELINE_V2","AI_INVESTIGATE",2,"alert_id=874,severity=MEDIUM","AI decision=CLEAR | reason=Sanctions matches = 0, cost-per-kg band is NORMAL_AT_OR_BELOW_5X_MEDIAN, and both counterparties are recognisable real businesses.",4609,"SUCCESS","CPH","2026-08-02 00:32:03.158"
1713,"FULL_PIPELINE_V2","SANCTIONS_SCREEN",3,"Hoa Sen Group","Marketplace screening completed",198,"SUCCESS","CPH","2026-08-02 00:32:03.670"
1714,"FULL_PIPELINE_V2","AUTO_REMEDIATE",4,"alert_id=874,action=CLEAR (decided by AI)","Action executed: CLEAR | reason=Sanctions matches = 0, cost-per-kg band is NORMAL_AT_OR_BELOW_5X_MEDIAN, and both counterparties are recognisable real businesses.",838,"SUCCESS","CPH","2026-08-02 00:32:04.765"
1715,"FULL_PIPELINE_V2","SAP_POST",5,"bl_id=4084","{""status"":""SUCCESS"",""sap_document"":""5000004084"",""bl_id"":4084}",787,"SUCCESS","CPH","2026-08-02 00:32:05.906"
1716,"FULL_PIPELINE_V2","AI_INVESTIGATE",2,"alert_id=875,severity=MEDIUM","AI decision=CLEAR | reason=Cost per kg is within normal range ($0.5496, 2.15x median), both counterparties are recognizable, and no sanctions matches (0).",5455,"SUCCESS","CPH","2026-08-02 00:32:11.783"
1717,"FULL_PIPELINE_V2","SANCTIONS_SCREEN",3,"Tan Hiep Phat","Marketplace screening completed",194,"SUCCESS","CPH","2026-08-02 00:32:12.341"
1718,"FULL_PIPELINE_V2","AUTO_REMEDIATE",4,"alert_id=875,action=CLEAR (decided by AI)","Action executed: CLEAR | reason=Cost per kg is within normal range ($0.5496, 2.15x median), both counterparties are recognizable, and no sanctions matches (0).",883,"SUCCESS","CPH","2026-08-02 00:32:13.503"
1719,"FULL_PIPELINE_V2","SAP_POST",5,"bl_id=3214","{""status"":""SUCCESS"",""sap_document"":""5000003214"",""bl_id"":3214}",817,"SUCCESS","CPH","2026-08-02 00:32:14.702"
1720,"FULL_PIPELINE_V2","AI_INVESTIGATE",2,"alert_id=877,severity=MEDIUM","AI decision=CLEAR | reason=Sanctions matches = 0, cost-per-kg band is NORMAL_AT_OR_BELOW_5X_MEDIAN, and both counterparties are recognisable real businesses.",4626,"SUCCESS","CPH","2026-08-02 00:32:19.797"
1721,"FULL_PIPELINE_V2","SANCTIONS_SCREEN",3,"Tan Hiep Phat","Marketplace screening completed",208,"SUCCESS","CPH","2026-08-02 00:32:20.760"
1722,"FULL_PIPELINE_V2","AUTO_REMEDIATE",4,"alert_id=877,action=CLEAR (decided by AI)","Action executed: CLEAR | reason=Sanctions matches = 0, cost-per-kg band is NORMAL_AT_OR_BELOW_5X_MEDIAN, and both counterparties are recognisable real businesses.",917,"SUCCESS","CPH","2026-08-02 00:32:21.942"
1723,"FULL_PIPELINE_V2","SAP_POST",5,"bl_id=3976","{""status"":""SUCCESS"",""sap_document"":""5000003976"",""bl_id"":3976}",772,"SUCCESS","CPH","2026-08-02 00:32:23.084"
1724,"FULL_PIPELINE_V2","AI_INVESTIGATE",2,"alert_id=878,severity=MEDIUM","AI decision=CLEAR | reason=Cost per kg is within the normal band (4.04x the median), and there are no sanctions matches.",54801,"SUCCESS","CPH","2026-08-02 00:33:18.316"
1725,"FULL_PIPELINE_V2","SANCTIONS_SCREEN",3,"LG Display Vietnam","Marketplace screening completed",202,"SUCCESS","CPH","2026-08-02 00:33:18.901"
1726,"FULL_PIPELINE_V2","AUTO_REMEDIATE",4,"alert_id=878,action=CLEAR (decided by AI)","Action executed: CLEAR | reason=Cost per kg is within the normal band (4.04x the median), and there are no sanctions matches.",855,"SUCCESS","CPH","2026-08-02 00:33:20.061"
1727,"FULL_PIPELINE_V2","SAP_POST",5,"bl_id=3518","{""status"":""SUCCESS"",""sap_document"":""5000003518"",""bl_id"":3518}",813,"SUCCESS","CPH","2026-08-02 00:33:21.251"
1728,"FULL_PIPELINE_V2","AI_INVESTIGATE",2,"alert_id=880,severity=MEDIUM","AI decision=CLEAR | reason=Sanctions matches = 0, cost-per-kg band is NORMAL_AT_OR_BELOW_5X_MEDIAN, and both counterparties are recognizable real businesses.",4912,"SUCCESS","CPH","2026-08-02 00:33:26.595"
1729,"FULL_PIPELINE_V2","SANCTIONS_SCREEN",3,"Toyota Vietnam","Marketplace screening completed",195,"SUCCESS","CPH","2026-08-02 00:33:27.108"
1730,"FULL_PIPELINE_V2","AUTO_REMEDIATE",4,"alert_id=880,action=CLEAR (decided by AI)","Action executed: CLEAR | reason=Sanctions matches = 0, cost-per-kg band is NORMAL_AT_OR_BELOW_5X_MEDIAN, and both counterparties are recognizable real businesses.",841,"SUCCESS","CPH","2026-08-02 00:33:28.206"
1731,"FULL_PIPELINE_V2","SAP_POST",5,"bl_id=462","{""status"":""SUCCESS"",""sap_document"":""5000000462"",""bl_id"":462}",772,"SUCCESS","CPH","2026-08-02 00:33:29.330"
1732,"FULL_PIPELINE_V2","AI_INVESTIGATE",2,"alert_id=857,severity=MEDIUM","AI decision=CLEAR | reason=Sanctions matches = 0, cost-per-kg band is NORMAL_AT_OR_BELOW_5X_MEDIAN, and both counterparties are recognisable real businesses.",6429,"SUCCESS","CPH","2026-08-02 00:33:36.212"
1733,"FULL_PIPELINE_V2","SANCTIONS_SCREEN",3,"Intel Products Vietnam","Marketplace screening completed",211,"SUCCESS","CPH","2026-08-02 00:33:37.181"
1734,"FULL_PIPELINE_V2","AUTO_REMEDIATE",4,"alert_id=857,action=CLEAR (decided by AI)","Action executed: CLEAR | reason=Sanctions matches = 0, cost-per-kg band is NORMAL_AT_OR_BELOW_5X_MEDIAN, and both counterparties are recognisable real businesses.",842,"SUCCESS","CPH","2026-08-02 00:33:38.278"
1735,"FULL_PIPELINE_V2","SAP_POST",5,"bl_id=3843","{""status"":""SUCCESS"",""sap_document"":""5000003843"",""bl_id"":3843}",766,"SUCCESS","CPH","2026-08-02 00:33:39.402"
1736,"FULL_PIPELINE_V2","AI_INVESTIGATE",2,"alert_id=858,severity=MEDIUM","AI decision=CLEAR | reason=Sanctions matches = 0, cost-per-kg band is NORMAL_AT_OR_BELOW_5X_MEDIAN, and both counterparties are recognisable real businesses.",4946,"SUCCESS","CPH","2026-08-02 00:33:44.748"
1737,"FULL_PIPELINE_V2","SANCTIONS_SCREEN",3,"Vinamilk Co Ltd","Marketplace screening completed",191,"SUCCESS","CPH","2026-08-02 00:33:45.261"
1738,"FULL_PIPELINE_V2","AUTO_REMEDIATE",4,"alert_id=858,action=CLEAR (decided by AI)","Action executed: CLEAR | reason=Sanctions matches = 0, cost-per-kg band is NORMAL_AT_OR_BELOW_5X_MEDIAN, and both counterparties are recognisable real businesses.",840,"SUCCESS","CPH","2026-08-02 00:33:46.380"
1739,"FULL_PIPELINE_V2","SAP_POST",5,"bl_id=8738","{""status"":""SUCCESS"",""sap_document"":""5000008738"",""bl_id"":8738}",804,"SUCCESS","CPH","2026-08-02 00:33:47.531"
1740,"FULL_PIPELINE_V2","AI_INVESTIGATE",2,"alert_id=859,severity=MEDIUM","AI decision=CLEAR | reason=Sanctions matches = 0, cost-per-kg band is NORMAL_AT_OR_BELOW_5X_MEDIAN, and both counterparties are recognisable real businesses.",4754,"SUCCESS","CPH","2026-08-02 00:33:52.732"
1741,"FULL_PIPELINE_V2","SANCTIONS_SCREEN",3,"ABC Electronics Vietnam","Marketplace screening completed",213,"SUCCESS","CPH","2026-08-02 00:33:53.266"
1742,"FULL_PIPELINE_V2","AUTO_REMEDIATE",4,"alert_id=859,action=CLEAR (decided by AI)","Action executed: CLEAR | reason=Sanctions matches = 0, cost-per-kg band is NORMAL_AT_OR_BELOW_5X_MEDIAN, and both counterparties are recognisable real businesses.",819,"SUCCESS","CPH","2026-08-02 00:33:54.406"
1743,"FULL_PIPELINE_V2","SAP_POST",5,"bl_id=2659","{""status"":""SUCCESS"",""sap_document"":""5000002659"",""bl_id"":2659}",764,"SUCCESS","CPH","2026-08-02 00:33:55.506"
1744,"FULL_PIPELINE_V2","AI_INVESTIGATE",2,"alert_id=860,severity=MEDIUM","AI decision=CLEAR | reason=Sanctions matches = 0, cost-per-kg band is NORMAL_AT_OR_BELOW_5X_MEDIAN, and both counterparties are recognisable real businesses.",4423,"SUCCESS","CPH","2026-08-02 00:34:00.356"
1745,"FULL_PIPELINE_V2","SANCTIONS_SCREEN",3,"Nike Vietnam","Marketplace screening completed",198,"SUCCESS","CPH","2026-08-02 00:34:00.881"
1746,"FULL_PIPELINE_V2","AUTO_REMEDIATE",4,"alert_id=860,action=CLEAR (decided by AI)","Action executed: CLEAR | reason=Sanctions matches = 0, cost-per-kg band is NORMAL_AT_OR_BELOW_5X_MEDIAN, and both counterparties are recognisable real businesses.",902,"SUCCESS","CPH","2026-08-02 00:34:02.035"
1747,"FULL_PIPELINE_V2","SAP_POST",5,"bl_id=547","{""status"":""SUCCESS"",""sap_document"":""5000000547"",""bl_id"":547}",947,"SUCCESS","CPH","2026-08-02 00:34:03.328"
1748,"FULL_PIPELINE_V2","AI_INVESTIGATE",2,"alert_id=861,severity=MEDIUM","AI decision=CLEAR | reason=Sanctions matches = 0, cost-per-kg band is NORMAL_AT_OR_BELOW_5X_MEDIAN, and both counterparties are recognisable real businesses.",4756,"SUCCESS","CPH","2026-08-02 00:34:08.481"
1749,"FULL_PIPELINE_V2","SANCTIONS_SCREEN",3,"Hoa Sen Group","Marketplace screening completed",179,"SUCCESS","CPH","2026-08-02 00:34:08.992"
1750,"FULL_PIPELINE_V2","AUTO_REMEDIATE",4,"alert_id=861,action=CLEAR (decided by AI)","Action executed: CLEAR | reason=Sanctions matches = 0, cost-per-kg band is NORMAL_AT_OR_BELOW_5X_MEDIAN, and both counterparties are recognisable real businesses.",843,"SUCCESS","CPH","2026-08-02 00:34:10.099"
1751,"FULL_PIPELINE_V2","SAP_POST",5,"bl_id=4394","{""status"":""SUCCESS"",""sap_document"":""5000004394"",""bl_id"":4394}",748,"SUCCESS","CPH","2026-08-02 00:34:11.196"
1752,"FULL_PIPELINE_V2","AI_INVESTIGATE",2,"alert_id=862,severity=MEDIUM","AI decision=CLEAR | reason=Sanctions matches = 0, cost-per-kg band is NORMAL_AT_OR_BELOW_5X_MEDIAN, and both counterparties are recognisable real businesses.",6404,"SUCCESS","CPH","2026-08-02 00:34:18.003"
1753,"FULL_PIPELINE_V2","SANCTIONS_SCREEN",3,"Vinamilk Co Ltd","Marketplace screening completed",195,"SUCCESS","CPH","2026-08-02 00:34:18.551"
1754,"FULL_PIPELINE_V2","AUTO_REMEDIATE",4,"alert_id=862,action=CLEAR (decided by AI)","Action executed: CLEAR | reason=Sanctions matches = 0, cost-per-kg band is NORMAL_AT_OR_BELOW_5X_MEDIAN, and both counterparties are recognisable real businesses.",844,"SUCCESS","CPH","2026-08-02 00:34:19.635"
1755,"FULL_PIPELINE_V2","SAP_POST",5,"bl_id=3731","{""status"":""SUCCESS"",""sap_document"":""5000003731"",""bl_id"":3731}",783,"SUCCESS","CPH","2026-08-02 00:34:20.782"
1756,"FULL_PIPELINE_V2","AI_INVESTIGATE",2,"alert_id=863,severity=MEDIUM","AI decision=CLEAR | reason=Sanctions matches = 0, cost-per-kg band is NORMAL_AT_OR_BELOW_5X_MEDIAN, and both counterparties are recognisable real businesses.",4914,"SUCCESS","CPH","2026-08-02 00:34:26.128"
1757,"FULL_PIPELINE_V2","SANCTIONS_SCREEN",3,"Toyota Vietnam","Marketplace screening completed",187,"SUCCESS","CPH","2026-08-02 00:34:26.659"
1758,"FULL_PIPELINE_V2","AUTO_REMEDIATE",4,"alert_id=863,action=CLEAR (decided by AI)","Action executed: CLEAR | reason=Sanctions matches = 0, cost-per-kg band is NORMAL_AT_OR_BELOW_5X_MEDIAN, and both counterparties are recognisable real businesses.",1332,"SUCCESS","CPH","2026-08-02 00:34:28.252"
1759,"FULL_PIPELINE_V2","SAP_POST",5,"bl_id=8318","{""status"":""SUCCESS"",""sap_document"":""5000008318"",""bl_id"":8318}",781,"SUCCESS","CPH","2026-08-02 00:34:29.384"
1760,"FULL_PIPELINE_V2","AI_INVESTIGATE",2,"alert_id=864,severity=MEDIUM","AI decision=CLEAR | reason=Sanctions matches = 0, cost-per-kg band is NORMAL_AT_OR_BELOW_5X_MEDIAN, and both counterparties are recognisable real businesses.",4877,"SUCCESS","CPH","2026-08-02 00:34:34.664"
1761,"FULL_PIPELINE_V2","SANCTIONS_SCREEN",3,"LG Display Vietnam","Marketplace screening completed",200,"SUCCESS","CPH","2026-08-02 00:34:35.196"
1762,"FULL_PIPELINE_V2","AUTO_REMEDIATE",4,"alert_id=864,action=CLEAR (decided by AI)","Action executed: CLEAR | reason=Sanctions matches = 0, cost-per-kg band is NORMAL_AT_OR_BELOW_5X_MEDIAN, and both counterparties are recognisable real businesses.",831,"SUCCESS","CPH","2026-08-02 00:34:36.283"
1763,"FULL_PIPELINE_V2","SAP_POST",5,"bl_id=7737","{""status"":""SUCCESS"",""sap_document"":""5000007737"",""bl_id"":7737}",792,"SUCCESS","CPH","2026-08-02 00:34:37.421"
1764,"FULL_PIPELINE_V2","AI_INVESTIGATE",2,"alert_id=852,severity=MEDIUM","AI decision=CLEAR | reason=Cost per kg is within the normal range (1.46x the peer median of $0.2558) and there are no sanctions matches (0).",7178,"SUCCESS","CPH","2026-08-02 00:34:45.162"
1765,"FULL_PIPELINE_V2","SANCTIONS_SCREEN",3,"Samsung Vietnam","Marketplace screening completed",226,"SUCCESS","CPH","2026-08-02 00:34:45.755"
1766,"FULL_PIPELINE_V2","AUTO_REMEDIATE",4,"alert_id=852,action=CLEAR (decided by AI)","Action executed: CLEAR | reason=Cost per kg is within the normal range (1.46x the peer median of $0.2558) and there are no sanctions matches (0).",829,"SUCCESS","CPH","2026-08-02 00:34:46.852"
1767,"FULL_PIPELINE_V2","SAP_POST",5,"bl_id=7653","{""status"":""SUCCESS"",""sap_document"":""5000007653"",""bl_id"":7653}",783,"SUCCESS","CPH","2026-08-02 00:34:47.970"
1768,"FULL_PIPELINE_V2","AI_INVESTIGATE",2,"alert_id=853,severity=MEDIUM","AI decision=CLEAR | reason=Sanctions matches = 0, cost-per-kg band is NORMAL_AT_OR_BELOW_5X_MEDIAN, and both counterparties are recognizable real businesses.",5559,"SUCCESS","CPH","2026-08-02 00:34:53.937"
1769,"FULL_PIPELINE_V2","SANCTIONS_SCREEN",3,"Panasonic Vietnam","Marketplace screening completed",191,"SUCCESS","CPH","2026-08-02 00:34:54.480"
1770,"FULL_PIPELINE_V2","AUTO_REMEDIATE",4,"alert_id=853,action=CLEAR (decided by AI)","Action executed: CLEAR | reason=Sanctions matches = 0, cost-per-kg band is NORMAL_AT_OR_BELOW_5X_MEDIAN, and both counterparties are recognizable real businesses.",866,"SUCCESS","CPH","2026-08-02 00:34:55.678"
1771,"FULL_PIPELINE_V2","SAP_POST",5,"bl_id=1268","{""status"":""SUCCESS"",""sap_document"":""5000001268"",""bl_id"":1268}",784,"SUCCESS","CPH","2026-08-02 00:34:56.796"
1772,"FULL_PIPELINE_V2","AI_INVESTIGATE",2,"alert_id=854,severity=MEDIUM","AI decision=CLEAR | reason=Cost per kg is within the normal range (1.67x the peer median of $0.2558) and there are no sanctions matches (0).",4928,"SUCCESS","CPH","2026-08-02 00:35:02.132"
1773,"FULL_PIPELINE_V2","SANCTIONS_SCREEN",3,"Samsung Vietnam","Marketplace screening completed",201,"SUCCESS","CPH","2026-08-02 00:35:02.675"
1774,"FULL_PIPELINE_V2","AUTO_REMEDIATE",4,"alert_id=854,action=CLEAR (decided by AI)","Action executed: CLEAR | reason=Cost per kg is within the normal range (1.67x the peer median of $0.2558) and there are no sanctions matches (0).",928,"SUCCESS","CPH","2026-08-02 00:35:03.858"
1775,"FULL_PIPELINE_V2","SAP_POST",5,"bl_id=6255","{""status"":""SUCCESS"",""sap_document"":""5000006255"",""bl_id"":6255}",771,"SUCCESS","CPH","2026-08-02 00:35:04.982"
1776,"FULL_PIPELINE_V2","AI_INVESTIGATE",2,"alert_id=855,severity=MEDIUM","AI decision=CLEAR | reason=Sanctions matches = 0, cost-per-kg band is NORMAL_AT_OR_BELOW_5X_MEDIAN, and both counterparties are recognisable real businesses.",6198,"SUCCESS","CPH","2026-08-02 00:35:11.604"
1777,"FULL_PIPELINE_V2","SANCTIONS_SCREEN",3,"Canon Vietnam","Marketplace screening completed",217,"SUCCESS","CPH","2026-08-02 00:35:12.162"
1778,"FULL_PIPELINE_V2","AUTO_REMEDIATE",4,"alert_id=855,action=CLEAR (decided by AI)","Action executed: CLEAR | reason=Sanctions matches = 0, cost-per-kg band is NORMAL_AT_OR_BELOW_5X_MEDIAN, and both counterparties are recognisable real businesses.",884,"SUCCESS","CPH","2026-08-02 00:35:13.386"
1779,"FULL_PIPELINE_V2","SAP_POST",5,"bl_id=5880","{""status"":""SUCCESS"",""sap_document"":""5000005880"",""bl_id"":5880}",803,"SUCCESS","CPH","2026-08-02 00:35:14.525"
1780,"FULL_PIPELINE_V2","DETECT_ANOMALIES",1,"BACKLOG,max_alerts=80","Scan completed",953,"SUCCESS","CPH","2026-08-02 00:35:27.627"
1781,"FULL_PIPELINE_V2","AI_INVESTIGATE",2,"alert_id=856,severity=MEDIUM","AI decision=CLEAR | reason=Cost per kg is within the normal range ($0.307, 1.2x the peer median of $0.2558) and no sanctions matches (0).",5548,"SUCCESS","CPH","2026-08-02 00:35:33.645"
1782,"FULL_PIPELINE_V2","SANCTIONS_SCREEN",3,"Samsung Vietnam","Marketplace screening completed",186,"SUCCESS","CPH","2026-08-02 00:35:34.194"
1783,"FULL_PIPELINE_V2","AUTO_REMEDIATE",4,"alert_id=856,action=CLEAR (decided by AI)","Action executed: CLEAR | reason=Cost per kg is within the normal range ($0.307, 1.2x the peer median of $0.2558) and no sanctions matches (0).",848,"SUCCESS","CPH","2026-08-02 00:35:35.360"
1784,"FULL_PIPELINE_V2","SAP_POST",5,"bl_id=8216","{""status"":""SUCCESS"",""sap_document"":""5000008216"",""bl_id"":8216}",781,"SUCCESS","CPH","2026-08-02 00:35:36.521"
1785,"FULL_PIPELINE_V2","AI_INVESTIGATE",2,"alert_id=833,severity=MEDIUM","AI decision=CLEAR | reason=Sanctions matches = 0, cost-per-kg band is NORMAL_AT_OR_BELOW_5X_MEDIAN, and both counterparties are recognisable real businesses.",4717,"SUCCESS","CPH","2026-08-02 00:35:41.713"
1786,"FULL_PIPELINE_V2","SANCTIONS_SCREEN",3,"Viglacera Corp","Marketplace screening completed",186,"SUCCESS","CPH","2026-08-02 00:35:42.252"
1787,"FULL_PIPELINE_V2","AUTO_REMEDIATE",4,"alert_id=833,action=CLEAR (decided by AI)","Action executed: CLEAR | reason=Sanctions matches = 0, cost-per-kg band is NORMAL_AT_OR_BELOW_5X_MEDIAN, and both counterparties are recognisable real businesses.",816,"SUCCESS","CPH","2026-08-02 00:35:43.322"
1788,"FULL_PIPELINE_V2","SAP_POST",5,"bl_id=3832","{""status"":""SUCCESS"",""sap_document"":""5000003832"",""bl_id"":3832}",757,"SUCCESS","CPH","2026-08-02 00:35:44.437"
1789,"FULL_PIPELINE_V2","AI_INVESTIGATE",2,"alert_id=834,severity=MEDIUM","AI decision=CLEAR | reason=Sanctions matches = 0, cost-per-kg band is NORMAL_AT_OR_BELOW_5X_MEDIAN, and both counterparties are recognisable real businesses.",53964,"SUCCESS","CPH","2026-08-02 00:36:38.863"
1790,"FULL_PIPELINE_V2","SANCTIONS_SCREEN",3,"Intel Products Vietnam","Marketplace screening completed",219,"SUCCESS","CPH","2026-08-02 00:36:40.277"
1791,"FULL_PIPELINE_V2","AUTO_REMEDIATE",4,"alert_id=834,action=CLEAR (decided by AI)","Action executed: CLEAR | reason=Sanctions matches = 0, cost-per-kg band is NORMAL_AT_OR_BELOW_5X_MEDIAN, and both counterparties are recognisable real businesses.",894,"SUCCESS","CPH","2026-08-02 00:36:41.458"
1792,"FULL_PIPELINE_V2","SAP_POST",5,"bl_id=4784","{""status"":""SUCCESS"",""sap_document"":""5000004784"",""bl_id"":4784}",783,"SUCCESS","CPH","2026-08-02 00:36:42.608"
1793,"FULL_PIPELINE_V2","AI_INVESTIGATE",2,"alert_id=835,severity=MEDIUM","AI decision=CLEAR | reason=Sanctions matches = 0, cost-per-kg band is NORMAL_AT_OR_BELOW_5X_MEDIAN, and both counterparties are recognisable real businesses.",5141,"SUCCESS","CPH","2026-08-02 00:36:48.443"
1794,"FULL_PIPELINE_V2","SANCTIONS_SCREEN",3,"Viglacera Corp","Marketplace screening completed",231,"SUCCESS","CPH","2026-08-02 00:36:49.121"
1795,"FULL_PIPELINE_V2","AUTO_REMEDIATE",4,"alert_id=835,action=CLEAR (decided by AI)","Action executed: CLEAR | reason=Sanctions matches = 0, cost-per-kg band is NORMAL_AT_OR_BELOW_5X_MEDIAN, and both counterparties are recognisable real businesses.",854,"SUCCESS","CPH","2026-08-02 00:36:50.234"
1796,"FULL_PIPELINE_V2","SAP_POST",5,"bl_id=3968","{""status"":""SUCCESS"",""sap_document"":""5000003968"",""bl_id"":3968}",732,"SUCCESS","CPH","2026-08-02 00:36:51.325"
1797,"FULL_PIPELINE_V2","AI_INVESTIGATE",2,"alert_id=836,severity=MEDIUM","AI decision=CLEAR | reason=Sanctions matches = 0, cost-per-kg band is NORMAL_AT_OR_BELOW_5X_MEDIAN, and both counterparties are recognisable real businesses.",38826,"SUCCESS","CPH","2026-08-02 00:37:30.638"
1798,"FULL_PIPELINE_V2","SANCTIONS_SCREEN",3,"Foxconn Vietnam","Marketplace screening completed",192,"SUCCESS","CPH","2026-08-02 00:37:31.228"
1799,"FULL_PIPELINE_V2","AUTO_REMEDIATE",4,"alert_id=836,action=CLEAR (decided by AI)","Action executed: CLEAR | reason=Sanctions matches = 0, cost-per-kg band is NORMAL_AT_OR_BELOW_5X_MEDIAN, and both counterparties are recognisable real businesses.",864,"SUCCESS","CPH","2026-08-02 00:37:32.383"
1800,"FULL_PIPELINE_V2","SAP_POST",5,"bl_id=7927","{""status"":""SUCCESS"",""sap_document"":""5000007927"",""bl_id"":7927}",859,"SUCCESS","CPH","2026-08-02 00:37:33.594"
1801,"FULL_PIPELINE_V2","AI_INVESTIGATE",2,"alert_id=837,severity=MEDIUM","AI decision=CLEAR | reason=Sanctions matches = 0, cost-per-kg band is NORMAL_AT_OR_BELOW_5X_MEDIAN, and both counterparties are recognisable real businesses.",4934,"SUCCESS","CPH","2026-08-02 00:37:38.911"
1802,"FULL_PIPELINE_V2","SANCTIONS_SCREEN",3,"Adidas Sourcing Ltd","Marketplace screening completed",196,"SUCCESS","CPH","2026-08-02 00:37:39.449"
1803,"FULL_PIPELINE_V2","AUTO_REMEDIATE",4,"alert_id=837,action=CLEAR (decided by AI)","Action executed: CLEAR | reason=Sanctions matches = 0, cost-per-kg band is NORMAL_AT_OR_BELOW_5X_MEDIAN, and both counterparties are recognisable real businesses.",861,"SUCCESS","CPH","2026-08-02 00:37:40.551"
1804,"FULL_PIPELINE_V2","SAP_POST",5,"bl_id=1628","{""status"":""SUCCESS"",""sap_document"":""5000001628"",""bl_id"":1628}",831,"SUCCESS","CPH","2026-08-02 00:37:41.721"
1805,"FULL_PIPELINE_V2","AI_INVESTIGATE",2,"alert_id=838,severity=MEDIUM","AI decision=CLEAR | reason=Sanctions matches = 0, cost-per-kg band is NORMAL_AT_OR_BELOW_5X_MEDIAN, and both counterparties are recognisable real businesses.",4427,"SUCCESS","CPH","2026-08-02 00:37:46.537"
1806,"FULL_PIPELINE_V2","SANCTIONS_SCREEN",3,"Trung Nguyen Coffee","Marketplace screening completed",183,"SUCCESS","CPH","2026-08-02 00:37:47.033"
1807,"FULL_PIPELINE_V2","AUTO_REMEDIATE",4,"alert_id=838,action=CLEAR (decided by AI)","Action executed: CLEAR | reason=Sanctions matches = 0, cost-per-kg band is NORMAL_AT_OR_BELOW_5X_MEDIAN, and both counterparties are recognisable real businesses.",975,"SUCCESS","CPH","2026-08-02 00:37:48.247"
1808,"FULL_PIPELINE_V2","SAP_POST",5,"bl_id=6638","{""status"":""SUCCESS"",""sap_document"":""5000006638"",""bl_id"":6638}",747,"SUCCESS","CPH","2026-08-02 00:37:49.331"
1809,"FULL_PIPELINE_V2","AI_INVESTIGATE",2,"alert_id=839,severity=MEDIUM","AI decision=CLEAR | reason=Sanctions matches = 0, cost-per-kg band is NORMAL_AT_OR_BELOW_5X_MEDIAN, and both counterparties are recognisable real businesses.",4869,"SUCCESS","CPH","2026-08-02 00:37:54.592"
1810,"FULL_PIPELINE_V2","SANCTIONS_SCREEN",3,"Viettel Electronics","Marketplace screening completed",221,"SUCCESS","CPH","2026-08-02 00:37:55.138"
1811,"FULL_PIPELINE_V2","AUTO_REMEDIATE",4,"alert_id=839,action=CLEAR (decided by AI)","Action executed: CLEAR | reason=Sanctions matches = 0, cost-per-kg band is NORMAL_AT_OR_BELOW_5X_MEDIAN, and both counterparties are recognisable real businesses.",819,"SUCCESS","CPH","2026-08-02 00:37:56.204"
1812,"FULL_PIPELINE_V2","SAP_POST",5,"bl_id=2821","{""status"":""SUCCESS"",""sap_document"":""5000002821"",""bl_id"":2821}",787,"SUCCESS","CPH","2026-08-02 00:37:57.314"
1813,"FULL_PIPELINE_V2","AI_INVESTIGATE",2,"alert_id=840,severity=MEDIUM","AI decision=CLEAR | reason=Sanctions matches = 0, cost-per-kg band is NORMAL_AT_OR_BELOW_5X_MEDIAN, and both counterparties are recognisable real businesses.",4751,"SUCCESS","CPH","2026-08-02 00:38:02.478"
1814,"FULL_PIPELINE_V2","SANCTIONS_SCREEN",3,"ABC Electronics Vietnam","Marketplace screening completed",192,"SUCCESS","CPH","2026-08-02 00:38:03.009"
1815,"FULL_PIPELINE_V2","AUTO_REMEDIATE",4,"alert_id=840,action=CLEAR (decided by AI)","Action executed: CLEAR | reason=Sanctions matches = 0, cost-per-kg band is NORMAL_AT_OR_BELOW_5X_MEDIAN, and both counterparties are recognisable real businesses.",822,"SUCCESS","CPH","2026-08-02 00:38:04.102"
1816,"FULL_PIPELINE_V2","SAP_POST",5,"bl_id=5705","{""status"":""SUCCESS"",""sap_document"":""5000005705"",""bl_id"":5705}",840,"SUCCESS","CPH","2026-08-02 00:38:05.275"
1817,"FULL_PIPELINE_V2","AI_INVESTIGATE",2,"alert_id=825,severity=MEDIUM","AI decision=CLEAR | reason=Sanctions matches = 0, cost-per-kg band is NORMAL_AT_OR_BELOW_5X_MEDIAN, and both counterparties are recognizable real businesses.",4658,"SUCCESS","CPH","2026-08-02 00:38:10.334"
1818,"FULL_PIPELINE_V2","SANCTIONS_SCREEN",3,"Phong Phu Garment","Marketplace screening completed",197,"SUCCESS","CPH","2026-08-02 00:38:10.867"
1819,"FULL_PIPELINE_V2","AUTO_REMEDIATE",4,"alert_id=825,action=CLEAR (decided by AI)","Action executed: CLEAR | reason=Sanctions matches = 0, cost-per-kg band is NORMAL_AT_OR_BELOW_5X_MEDIAN, and both counterparties are recognizable real businesses.",839,"SUCCESS","CPH","2026-08-02 00:38:11.943"
1820,"FULL_PIPELINE_V2","SAP_POST",5,"bl_id=4382","{""status"":""SUCCESS"",""sap_document"":""5000004382"",""bl_id"":4382}",804,"SUCCESS","CPH","2026-08-02 00:38:13.100"
1821,"FULL_PIPELINE_V2","AI_INVESTIGATE",2,"alert_id=826,severity=MEDIUM","AI decision=CLEAR | reason=Cost per kg is within the normal range (1.58x the peer median of $0.2558) and no sanctions matches (0).",6668,"SUCCESS","CPH","2026-08-02 00:38:20.194"
1822,"FULL_PIPELINE_V2","SANCTIONS_SCREEN",3,"Adidas Sourcing Ltd","Marketplace screening completed",190,"SUCCESS","CPH","2026-08-02 00:38:20.712"
1823,"FULL_PIPELINE_V2","AUTO_REMEDIATE",4,"alert_id=826,action=CLEAR (decided by AI)","Action executed: CLEAR | reason=Cost per kg is within the normal range (1.58x the peer median of $0.2558) and no sanctions matches (0).",864,"SUCCESS","CPH","2026-08-02 00:38:21.838"
1824,"FULL_PIPELINE_V2","SAP_POST",5,"bl_id=5099","{""status"":""SUCCESS"",""sap_document"":""5000005099"",""bl_id"":5099}",780,"SUCCESS","CPH","2026-08-02 00:38:22.956"
1825,"FULL_PIPELINE_V2","AI_INVESTIGATE",2,"alert_id=827,severity=MEDIUM","AI decision=CLEAR | reason=Sanctions matches = 0, cost-per-kg band is NORMAL_AT_OR_BELOW_5X_MEDIAN, and both counterparties are recognisable real businesses.",27372,"SUCCESS","CPH","2026-08-02 00:38:50.735"
1826,"FULL_PIPELINE_V2","SANCTIONS_SCREEN",3,"Tan Hiep Phat","Marketplace screening completed",209,"SUCCESS","CPH","2026-08-02 00:38:51.276"
1827,"FULL_PIPELINE_V2","AUTO_REMEDIATE",4,"alert_id=827,action=CLEAR (decided by AI)","Action executed: CLEAR | reason=Sanctions matches = 0, cost-per-kg band is NORMAL_AT_OR_BELOW_5X_MEDIAN, and both counterparties are recognisable real businesses.",834,"SUCCESS","CPH","2026-08-02 00:38:52.393"
1828,"FULL_PIPELINE_V2","SAP_POST",5,"bl_id=8214","{""status"":""SUCCESS"",""sap_document"":""5000008214"",""bl_id"":8214}",777,"SUCCESS","CPH","2026-08-02 00:38:53.544"
1829,"FULL_PIPELINE_V2","AI_INVESTIGATE",2,"alert_id=828,severity=MEDIUM","AI decision=CLEAR | reason=Sanctions matches = 0, cost-per-kg band is NORMAL_AT_OR_BELOW_5X_MEDIAN, and both counterparties are recognisable real businesses.",4987,"SUCCESS","CPH","2026-08-02 00:38:58.929"
1830,"FULL_PIPELINE_V2","SANCTIONS_SCREEN",3,"Trung Nguyen Coffee","Marketplace screening completed",195,"SUCCESS","CPH","2026-08-02 00:38:59.467"
1831,"FULL_PIPELINE_V2","AUTO_REMEDIATE",4,"alert_id=828,action=CLEAR (decided by AI)","Action executed: CLEAR | reason=Sanctions matches = 0, cost-per-kg band is NORMAL_AT_OR_BELOW_5X_MEDIAN, and both counterparties are recognisable real businesses.",866,"SUCCESS","CPH","2026-08-02 00:39:00.577"
1832,"FULL_PIPELINE_V2","SAP_POST",5,"bl_id=8250","{""status"":""SUCCESS"",""sap_document"":""5000008250"",""bl_id"":8250}",1017,"SUCCESS","CPH","2026-08-02 00:39:02.058"
1833,"FULL_PIPELINE_V2","AI_INVESTIGATE",2,"alert_id=829,severity=MEDIUM","AI decision=CLEAR | reason=Cost per kg is within the normal range (1.69x the peer median of $0.2558) and there are no sanctions matches (0).",6888,"SUCCESS","CPH","2026-08-02 00:39:09.377"
1834,"FULL_PIPELINE_V2","SANCTIONS_SCREEN",3,"Trung Nguyen Coffee","Marketplace screening completed",197,"SUCCESS","CPH","2026-08-02 00:39:09.912"
1835,"FULL_PIPELINE_V2","AUTO_REMEDIATE",4,"alert_id=829,action=CLEAR (decided by AI)","Action executed: CLEAR | reason=Cost per kg is within the normal range (1.69x the peer median of $0.2558) and there are no sanctions matches (0).",918,"SUCCESS","CPH","2026-08-02 00:39:11.078"
1836,"FULL_PIPELINE_V2","SAP_POST",5,"bl_id=5992","{""status"":""SUCCESS"",""sap_document"":""5000005992"",""bl_id"":5992}",870,"SUCCESS","CPH","2026-08-02 00:39:12.277"
1837,"FULL_PIPELINE_V2","AI_INVESTIGATE",2,"alert_id=831,severity=MEDIUM","AI decision=CLEAR | reason=Sanctions matches = 0, cost-per-kg band is NORMAL_AT_OR_BELOW_5X_MEDIAN, and both counterparties are recognisable real businesses.",4978,"SUCCESS","CPH","2026-08-02 00:39:17.664"
1838,"FULL_PIPELINE_V2","SANCTIONS_SCREEN",3,"Viettel Electronics","Marketplace screening completed",183,"SUCCESS","CPH","2026-08-02 00:39:18.170"
1839,"FULL_PIPELINE_V2","AUTO_REMEDIATE",4,"alert_id=831,action=CLEAR (decided by AI)","Action executed: CLEAR | reason=Sanctions matches = 0, cost-per-kg band is NORMAL_AT_OR_BELOW_5X_MEDIAN, and both counterparties are recognisable real businesses.",830,"SUCCESS","CPH","2026-08-02 00:39:19.250"
1840,"FULL_PIPELINE_V2","SAP_POST",5,"bl_id=7120","{""status"":""SUCCESS"",""sap_document"":""5000007120"",""bl_id"":7120}",814,"SUCCESS","CPH","2026-08-02 00:39:20.404"
1841,"FULL_PIPELINE_V2","AI_INVESTIGATE",2,"alert_id=832,severity=MEDIUM","AI decision=CLEAR | reason=Cost per kg is within the normal range (1.14x the peer median of $0.2558), no sanctions matches, and both counterparties are recognizable real businesses.",21437,"SUCCESS","CPH","2026-08-02 00:39:42.223"
1842,"FULL_PIPELINE_V2","SANCTIONS_SCREEN",3,"Hoa Sen Group","Marketplace screening completed",191,"SUCCESS","CPH","2026-08-02 00:39:42.756"
1843,"FULL_PIPELINE_V2","AUTO_REMEDIATE",4,"alert_id=832,action=CLEAR (decided by AI)","Action executed: CLEAR | reason=Cost per kg is within the normal range (1.14x the peer median of $0.2558), no sanctions matches, and both counterparties are recognizable real businesses.",847,"SUCCESS","CPH","2026-08-02 00:39:43.894"
1844,"FULL_PIPELINE_V2","SAP_POST",5,"bl_id=4695","{""status"":""SUCCESS"",""sap_document"":""5000004695"",""bl_id"":4695}",786,"SUCCESS","CPH","2026-08-02 00:39:45.015"
1845,"FULL_PIPELINE_V2","AI_INVESTIGATE",2,"alert_id=708,severity=MEDIUM","AI decision=ESCALATE | reason=Cost per kg is not computable and the container number contains prohibited characters.",5346,"SUCCESS","CPH","2026-08-02 00:39:50.792"
1846,"FULL_PIPELINE_V2","SANCTIONS_SCREEN",3,"","Marketplace screening completed",220,"SUCCESS","CPH","2026-08-02 00:39:51.333"
1847,"FULL_PIPELINE_V2","AUTO_REMEDIATE",4,"alert_id=708,action=ESCALATE (decided by AI)","Action executed: ESCALATE | reason=Cost per kg is not computable and the container number contains prohibited characters.",1136,"SUCCESS","CPH","2026-08-02 00:39:52.728"
1848,"FULL_PIPELINE_V2","SAP_POST",5,"alert_id=708","{""status"":""SKIPPED"",""reason"":""SAP posting only runs after a CLEAR decision""}",0,"SKIPPED","CPH","2026-08-02 00:39:52.969"
1849,"FULL_PIPELINE_V2","AI_INVESTIGATE",2,"alert_id=302,severity=MEDIUM","AI decision=CLEAR | reason=Sanctions matches = 0, cost-per-kg band is NORMAL_AT_OR_BELOW_5X_MEDIAN, and both counterparties are recognisable real businesses.",4435,"SUCCESS","CPH","2026-08-02 00:39:57.858"
1850,"FULL_PIPELINE_V2","SANCTIONS_SCREEN",3,"LG Display Vietnam","Marketplace screening completed",211,"SUCCESS","CPH","2026-08-02 00:39:58.393"
1851,"FULL_PIPELINE_V2","AUTO_REMEDIATE",4,"alert_id=302,action=CLEAR (decided by AI)","Action executed: CLEAR | reason=Sanctions matches = 0, cost-per-kg band is NORMAL_AT_OR_BELOW_5X_MEDIAN, and both counterparties are recognisable real businesses.",829,"SUCCESS","CPH","2026-08-02 00:39:59.458"
1852,"FULL_PIPELINE_V2","SAP_POST",5,"bl_id=4881","{""status"":""SUCCESS"",""sap_document"":""5000004881"",""bl_id"":4881}",799,"SUCCESS","CPH","2026-08-02 00:40:00.594"
1853,"FULL_PIPELINE_V2","AI_INVESTIGATE",2,"alert_id=303,severity=MEDIUM","AI decision=CLEAR | reason=Sanctions matches = 0, cost-per-kg band is NORMAL_AT_OR_BELOW_5X_MEDIAN, and both counterparties are recognisable real businesses.",5978,"SUCCESS","CPH","2026-08-02 00:40:06.967"
1854,"FULL_PIPELINE_V2","SANCTIONS_SCREEN",3,"Adidas Sourcing Ltd","Marketplace screening completed",196,"SUCCESS","CPH","2026-08-02 00:40:07.513"
1855,"FULL_PIPELINE_V2","AUTO_REMEDIATE",4,"alert_id=303,action=CLEAR (decided by AI)","Action executed: CLEAR | reason=Sanctions matches = 0, cost-per-kg band is NORMAL_AT_OR_BELOW_5X_MEDIAN, and both counterparties are recognisable real businesses.",840,"SUCCESS","CPH","2026-08-02 00:40:08.625"
1856,"FULL_PIPELINE_V2","SAP_POST",5,"bl_id=2795","{""status"":""SUCCESS"",""sap_document"":""5000002795"",""bl_id"":2795}",748,"SUCCESS","CPH","2026-08-02 00:40:09.708"
1857,"FULL_PIPELINE_V2","AI_INVESTIGATE",2,"alert_id=304,severity=MEDIUM","AI decision=CLEAR | reason=Sanctions matches = 0, cost-per-kg band is NORMAL_AT_OR_BELOW_5X_MEDIAN, and both counterparties are recognisable real businesses.",4688,"SUCCESS","CPH","2026-08-02 00:40:14.798"
1858,"FULL_PIPELINE_V2","SANCTIONS_SCREEN",3,"ABC Electronics Vietnam","Marketplace screening completed",176,"SUCCESS","CPH","2026-08-02 00:40:15.331"
1859,"FULL_PIPELINE_V2","AUTO_REMEDIATE",4,"alert_id=304,action=CLEAR (decided by AI)","Action executed: CLEAR | reason=Sanctions matches = 0, cost-per-kg band is NORMAL_AT_OR_BELOW_5X_MEDIAN, and both counterparties are recognisable real businesses.",850,"SUCCESS","CPH","2026-08-02 00:40:16.466"
1860,"FULL_PIPELINE_V2","SAP_POST",5,"bl_id=512","{""status"":""SUCCESS"",""sap_document"":""5000000512"",""bl_id"":512}",772,"SUCCESS","CPH","2026-08-02 00:40:17.581"
1861,"FULL_PIPELINE_V2","AI_INVESTIGATE",2,"alert_id=305,severity=MEDIUM","AI decision=CLEAR | reason=Sanctions matches = 0, cost-per-kg band is NORMAL_AT_OR_BELOW_5X_MEDIAN, and both counterparties are recognisable real businesses.",6380,"SUCCESS","CPH","2026-08-02 00:40:24.337"
1862,"FULL_PIPELINE_V2","SANCTIONS_SCREEN",3,"Adidas Sourcing Ltd","Marketplace screening completed",186,"SUCCESS","CPH","2026-08-02 00:40:24.858"
1863,"FULL_PIPELINE_V2","AUTO_REMEDIATE",4,"alert_id=305,action=CLEAR (decided by AI)","Action executed: CLEAR | reason=Sanctions matches = 0, cost-per-kg band is NORMAL_AT_OR_BELOW_5X_MEDIAN, and both counterparties are recognisable real businesses.",837,"SUCCESS","CPH","2026-08-02 00:40:25.983"
1864,"FULL_PIPELINE_V2","SAP_POST",5,"bl_id=9741","{""status"":""SUCCESS"",""sap_document"":""5000009741"",""bl_id"":9741}",725,"SUCCESS","CPH","2026-08-02 00:40:27.038"
1865,"FULL_PIPELINE_V2","AI_INVESTIGATE",2,"alert_id=306,severity=MEDIUM","AI decision=CLEAR | reason=Sanctions matches = 0, cost-per-kg band is NORMAL_AT_OR_BELOW_5X_MEDIAN, and both counterparties are recognisable real businesses.",32236,"SUCCESS","CPH","2026-08-02 00:40:59.670"
1866,"FULL_PIPELINE_V2","SANCTIONS_SCREEN",3,"Intel Products Vietnam","Marketplace screening completed",200,"SUCCESS","CPH","2026-08-02 00:41:00.210"
1867,"FULL_PIPELINE_V2","AUTO_REMEDIATE",4,"alert_id=306,action=CLEAR (decided by AI)","Action executed: CLEAR | reason=Sanctions matches = 0, cost-per-kg band is NORMAL_AT_OR_BELOW_5X_MEDIAN, and both counterparties are recognisable real businesses.",1250,"SUCCESS","CPH","2026-08-02 00:41:01.759"
1868,"FULL_PIPELINE_V2","SAP_POST",5,"bl_id=9402","{""status"":""SUCCESS"",""sap_document"":""5000009402"",""bl_id"":9402}",890,"SUCCESS","CPH","2026-08-02 00:41:03.081"
1869,"FULL_PIPELINE_V2","AI_INVESTIGATE",2,"alert_id=6,severity=MEDIUM","AI decision=CLEAR | reason=Sanctions matches = 0, cost-per-kg band is NORMAL_AT_OR_BELOW_5X_MEDIAN, and both counterparties are recognisable real businesses.",4837,"SUCCESS","CPH","2026-08-02 00:41:08.332"
1870,"FULL_PIPELINE_V2","SANCTIONS_SCREEN",3,"Foxconn Vietnam","Marketplace screening completed",186,"SUCCESS","CPH","2026-08-02 00:41:08.843"
1871,"FULL_PIPELINE_V2","AUTO_REMEDIATE",4,"alert_id=6,action=CLEAR (decided by AI)","Action executed: CLEAR | reason=Sanctions matches = 0, cost-per-kg band is NORMAL_AT_OR_BELOW_5X_MEDIAN, and both counterparties are recognisable real businesses.",842,"SUCCESS","CPH","2026-08-02 00:41:09.955"
1872,"FULL_PIPELINE_V2","SAP_POST",5,"bl_id=9921","{""status"":""SUCCESS"",""sap_document"":""5000009921"",""bl_id"":9921}",754,"SUCCESS","CPH","2026-08-02 00:41:11.070"
1873,"FULL_PIPELINE_V2","AI_INVESTIGATE",2,"alert_id=7,severity=MEDIUM","AI decision=CLEAR | reason=Sanctions matches = 0, cost-per-kg band is NORMAL_AT_OR_BELOW_5X_MEDIAN, and both counterparties are recognisable real businesses.",4840,"SUCCESS","CPH","2026-08-02 00:41:16.305"
1874,"FULL_PIPELINE_V2","SANCTIONS_SCREEN",3,"Vinamilk Co Ltd","Marketplace screening completed",203,"SUCCESS","CPH","2026-08-02 00:41:16.827"
1875,"FULL_PIPELINE_V2","AUTO_REMEDIATE",4,"alert_id=7,action=CLEAR (decided by AI)","Action executed: CLEAR | reason=Sanctions matches = 0, cost-per-kg band is NORMAL_AT_OR_BELOW_5X_MEDIAN, and both counterparties are recognisable real businesses.",835,"SUCCESS","CPH","2026-08-02 00:41:17.900"
1876,"FULL_PIPELINE_V2","SAP_POST",5,"bl_id=9705","{""status"":""SUCCESS"",""sap_document"":""5000009705"",""bl_id"":9705}",835,"SUCCESS","CPH","2026-08-02 00:41:19.068"
1877,"FULL_PIPELINE_V2","AI_INVESTIGATE",2,"alert_id=8,severity=MEDIUM","AI decision=CLEAR | reason=Sanctions matches = 0, cost-per-kg band is NORMAL_AT_OR_BELOW_5X_MEDIAN, and both counterparties are recognisable real businesses.",4914,"SUCCESS","CPH","2026-08-02 00:41:24.416"
1878,"FULL_PIPELINE_V2","SANCTIONS_SCREEN",3,"Foxconn Vietnam","Marketplace screening completed",200,"SUCCESS","CPH","2026-08-02 00:41:24.949"
1879,"FULL_PIPELINE_V2","AUTO_REMEDIATE",4,"alert_id=8,action=CLEAR (decided by AI)","Action executed: CLEAR | reason=Sanctions matches = 0, cost-per-kg band is NORMAL_AT_OR_BELOW_5X_MEDIAN, and both counterparties are recognisable real businesses.",902,"SUCCESS","CPH","2026-08-02 00:41:26.172"
1880,"FULL_PIPELINE_V2","SAP_POST",5,"bl_id=4468","{""status"":""SUCCESS"",""sap_document"":""5000004468"",""bl_id"":4468}",816,"SUCCESS","CPH","2026-08-02 00:41:27.314"
1881,"FULL_PIPELINE_V2","AI_INVESTIGATE",2,"alert_id=9,severity=MEDIUM","AI decision=CLEAR | reason=Sanctions matches = 0, cost-per-kg band is NORMAL_AT_OR_BELOW_5X_MEDIAN, and both counterparties are recognisable real businesses.",7377,"SUCCESS","CPH","2026-08-02 00:41:35.083"
1882,"FULL_PIPELINE_V2","SANCTIONS_SCREEN",3,"Toyota Vietnam","Marketplace screening completed",190,"SUCCESS","CPH","2026-08-02 00:41:35.612"
1883,"FULL_PIPELINE_V2","AUTO_REMEDIATE",4,"alert_id=9,action=CLEAR (decided by AI)","Action executed: CLEAR | reason=Sanctions matches = 0, cost-per-kg band is NORMAL_AT_OR_BELOW_5X_MEDIAN, and both counterparties are recognisable real businesses.",941,"SUCCESS","CPH","2026-08-02 00:41:36.804"
1884,"FULL_PIPELINE_V2","SAP_POST",5,"bl_id=1166","{""status"":""SUCCESS"",""sap_document"":""5000001166"",""bl_id"":1166}",804,"SUCCESS","CPH","2026-08-02 00:41:37.962"
1885,"FULL_PIPELINE_V2","AI_INVESTIGATE",2,"alert_id=10,severity=MEDIUM","AI decision=CLEAR | reason=Sanctions matches = 0, cost-per-kg band is NORMAL_AT_OR_BELOW_5X_MEDIAN, and both counterparties are recognisable real businesses.",52577,"SUCCESS","CPH","2026-08-02 00:42:30.955"
1886,"FULL_PIPELINE_V2","SANCTIONS_SCREEN",3,"Phong Phu Garment","Marketplace screening completed",190,"SUCCESS","CPH","2026-08-02 00:42:31.491"
1887,"FULL_PIPELINE_V2","AUTO_REMEDIATE",4,"alert_id=10,action=CLEAR (decided by AI)","Action executed: CLEAR | reason=Sanctions matches = 0, cost-per-kg band is NORMAL_AT_OR_BELOW_5X_MEDIAN, and both counterparties are recognisable real businesses.",965,"SUCCESS","CPH","2026-08-02 00:42:32.743"
1888,"FULL_PIPELINE_V2","SAP_POST",5,"bl_id=869","{""status"":""SUCCESS"",""sap_document"":""5000000869"",""bl_id"":869}",769,"SUCCESS","CPH","2026-08-02 00:42:33.962"
1889,"FULL_PIPELINE_V2","AI_INVESTIGATE",2,"alert_id=12,severity=MEDIUM","AI decision=CLEAR | reason=Sanctions matches = 0, cost-per-kg band is NORMAL_AT_OR_BELOW_5X_MEDIAN, and both counterparties are recognisable real businesses.",4358,"SUCCESS","CPH","2026-08-02 00:42:38.708"
1890,"FULL_PIPELINE_V2","SANCTIONS_SCREEN",3,"Viglacera Corp","Marketplace screening completed",179,"SUCCESS","CPH","2026-08-02 00:42:39.209"
1891,"FULL_PIPELINE_V2","AUTO_REMEDIATE",4,"alert_id=12,action=CLEAR (decided by AI)","Action executed: CLEAR | reason=Sanctions matches = 0, cost-per-kg band is NORMAL_AT_OR_BELOW_5X_MEDIAN, and both counterparties are recognisable real businesses.",853,"SUCCESS","CPH","2026-08-02 00:42:40.336"
1892,"FULL_PIPELINE_V2","SAP_POST",5,"bl_id=904","{""status"":""SUCCESS"",""sap_document"":""5000000904"",""bl_id"":904}",778,"SUCCESS","CPH","2026-08-02 00:42:41.446"
1893,"FULL_PIPELINE_V2","AI_INVESTIGATE",2,"alert_id=13,severity=MEDIUM","AI decision=CLEAR | reason=Sanctions matches = 0, cost-per-kg band is NORMAL_AT_OR_BELOW_5X_MEDIAN, and both counterparties are recognisable real businesses.",19083,"SUCCESS","CPH","2026-08-02 00:43:00.920"
1894,"FULL_PIPELINE_V2","SANCTIONS_SCREEN",3,"Viettel Electronics","Marketplace screening completed",215,"SUCCESS","CPH","2026-08-02 00:43:01.470"
1895,"FULL_PIPELINE_V2","AUTO_REMEDIATE",4,"alert_id=13,action=CLEAR (decided by AI)","Action executed: CLEAR | reason=Sanctions matches = 0, cost-per-kg band is NORMAL_AT_OR_BELOW_5X_MEDIAN, and both counterparties are recognisable real businesses.",873,"SUCCESS","CPH","2026-08-02 00:43:02.648"
1896,"FULL_PIPELINE_V2","SAP_POST",5,"bl_id=31","{""status"":""SUCCESS"",""sap_document"":""5000000031"",""bl_id"":31}",759,"SUCCESS","CPH","2026-08-02 00:43:03.777"
1897,"FULL_PIPELINE_V2","AI_INVESTIGATE",2,"alert_id=14,severity=MEDIUM","AI decision=CLEAR | reason=Sanctions matches = 0, cost-per-kg band is NORMAL_AT_OR_BELOW_5X_MEDIAN, and both counterparties are recognisable real businesses.",4933,"SUCCESS","CPH","2026-08-02 00:43:09.145"
1898,"FULL_PIPELINE_V2","SANCTIONS_SCREEN",3,"Samsung Vietnam","Marketplace screening completed",185,"SUCCESS","CPH","2026-08-02 00:43:09.660"
1899,"FULL_PIPELINE_V2","AUTO_REMEDIATE",4,"alert_id=14,action=CLEAR (decided by AI)","Action executed: CLEAR | reason=Sanctions matches = 0, cost-per-kg band is NORMAL_AT_OR_BELOW_5X_MEDIAN, and both counterparties are recognisable real businesses.",845,"SUCCESS","CPH","2026-08-02 00:43:10.745"
1900,"FULL_PIPELINE_V2","SAP_POST",5,"bl_id=8073","{""status"":""SUCCESS"",""sap_document"":""5000008073"",""bl_id"":8073}",736,"SUCCESS","CPH","2026-08-02 00:43:11.828"
1901,"FULL_PIPELINE_V2","AI_INVESTIGATE",2,"alert_id=15,severity=MEDIUM","AI decision=CLEAR | reason=Sanctions matches = 0, cost-per-kg band is NORMAL_AT_OR_BELOW_5X_MEDIAN, and both counterparties are recognisable real businesses.",4765,"SUCCESS","CPH","2026-08-02 00:43:17.005"
1902,"FULL_PIPELINE_V2","SANCTIONS_SCREEN",3,"Vinamilk Co Ltd","Marketplace screening completed",176,"SUCCESS","CPH","2026-08-02 00:43:17.517"
1903,"FULL_PIPELINE_V2","AUTO_REMEDIATE",4,"alert_id=15,action=CLEAR (decided by AI)","Action executed: CLEAR | reason=Sanctions matches = 0, cost-per-kg band is NORMAL_AT_OR_BELOW_5X_MEDIAN, and both counterparties are recognisable real businesses.",852,"SUCCESS","CPH","2026-08-02 00:43:18.618"
1904,"FULL_PIPELINE_V2","SAP_POST",5,"bl_id=1052","{""status"":""SUCCESS"",""sap_document"":""5000001052"",""bl_id"":1052}",850,"SUCCESS","CPH","2026-08-02 00:43:19.826"
1905,"FULL_PIPELINE_V2","AI_INVESTIGATE",2,"alert_id=16,severity=MEDIUM","AI decision=CLEAR | reason=Sanctions matches = 0, cost-per-kg band is NORMAL_AT_OR_BELOW_5X_MEDIAN, and both counterparties are recognisable real businesses.",4604,"SUCCESS","CPH","2026-08-02 00:43:24.909"
1906,"FULL_PIPELINE_V2","SANCTIONS_SCREEN",3,"Honda Vietnam","Marketplace screening completed",193,"SUCCESS","CPH","2026-08-02 00:43:25.430"
1907,"FULL_PIPELINE_V2","AUTO_REMEDIATE",4,"alert_id=16,action=CLEAR (decided by AI)","Action executed: CLEAR | reason=Sanctions matches = 0, cost-per-kg band is NORMAL_AT_OR_BELOW_5X_MEDIAN, and both counterparties are recognisable real businesses.",848,"SUCCESS","CPH","2026-08-02 00:43:26.543"
1908,"FULL_PIPELINE_V2","SAP_POST",5,"bl_id=1513","{""status"":""SUCCESS"",""sap_document"":""5000001513"",""bl_id"":1513}",772,"SUCCESS","CPH","2026-08-02 00:43:27.662"
1909,"FULL_PIPELINE_V2","AI_INVESTIGATE",2,"alert_id=17,severity=MEDIUM","AI decision=CLEAR | reason=Sanctions matches = 0, cost-per-kg band is NORMAL_AT_OR_BELOW_5X_MEDIAN, and both counterparties are recognisable real businesses.",4912,"SUCCESS","CPH","2026-08-02 00:43:33.035"
1910,"FULL_PIPELINE_V2","SANCTIONS_SCREEN",3,"Nike Vietnam","Marketplace screening completed",195,"SUCCESS","CPH","2026-08-02 00:43:33.563"
1911,"FULL_PIPELINE_V2","AUTO_REMEDIATE",4,"alert_id=17,action=CLEAR (decided by AI)","Action executed: CLEAR | reason=Sanctions matches = 0, cost-per-kg band is NORMAL_AT_OR_BELOW_5X_MEDIAN, and both counterparties are recognisable real businesses.",819,"SUCCESS","CPH","2026-08-02 00:43:34.632"
1912,"FULL_PIPELINE_V2","SAP_POST",5,"bl_id=5466","{""status"":""SUCCESS"",""sap_document"":""5000005466"",""bl_id"":5466}",729,"SUCCESS","CPH","2026-08-02 00:43:35.914"
1913,"FULL_PIPELINE_V2","AI_INVESTIGATE",2,"alert_id=18,severity=MEDIUM","AI decision=CLEAR | reason=Sanctions matches = 0, cost-per-kg band is NORMAL_AT_OR_BELOW_5X_MEDIAN, and both counterparties are recognizable real businesses.",5215,"SUCCESS","CPH","2026-08-02 00:43:41.611"
1914,"FULL_PIPELINE_V2","SANCTIONS_SCREEN",3,"Binh Tien Consumer","Marketplace screening completed",189,"SUCCESS","CPH","2026-08-02 00:43:42.118"
1915,"FULL_PIPELINE_V2","AUTO_REMEDIATE",4,"alert_id=18,action=CLEAR (decided by AI)","Action executed: CLEAR | reason=Sanctions matches = 0, cost-per-kg band is NORMAL_AT_OR_BELOW_5X_MEDIAN, and both counterparties are recognizable real businesses.",1015,"SUCCESS","CPH","2026-08-02 00:43:43.456"
1916,"FULL_PIPELINE_V2","SAP_POST",5,"bl_id=8774","{""status"":""SUCCESS"",""sap_document"":""5000008774"",""bl_id"":8774}",782,"SUCCESS","CPH","2026-08-02 00:43:44.586"
1917,"FULL_PIPELINE_V2","AI_INVESTIGATE",2,"alert_id=19,severity=MEDIUM","AI decision=CLEAR | reason=Sanctions matches = 0, cost-per-kg band is NORMAL_AT_OR_BELOW_5X_MEDIAN, and both counterparties are recognisable real businesses.",5023,"SUCCESS","CPH","2026-08-02 00:43:50.007"
1918,"FULL_PIPELINE_V2","SANCTIONS_SCREEN",3,"Foxconn Vietnam","Marketplace screening completed",188,"SUCCESS","CPH","2026-08-02 00:43:50.536"
1919,"FULL_PIPELINE_V2","AUTO_REMEDIATE",4,"alert_id=19,action=CLEAR (decided by AI)","Action executed: CLEAR | reason=Sanctions matches = 0, cost-per-kg band is NORMAL_AT_OR_BELOW_5X_MEDIAN, and both counterparties are recognisable real businesses.",2141,"SUCCESS","CPH","2026-08-02 00:43:52.925"
1920,"FULL_PIPELINE_V2","SAP_POST",5,"bl_id=4090","{""status"":""SUCCESS"",""sap_document"":""5000004090"",""bl_id"":4090}",782,"SUCCESS","CPH","2026-08-02 00:43:54.057"
1921,"FULL_PIPELINE_V2","AI_INVESTIGATE",2,"alert_id=20,severity=MEDIUM","AI decision=CLEAR | reason=Sanctions matches = 0, cost-per-kg band is NORMAL_AT_OR_BELOW_5X_MEDIAN, and both counterparties are recognisable real businesses.",26698,"SUCCESS","CPH","2026-08-02 00:44:21.158"
1922,"FULL_PIPELINE_V2","SANCTIONS_SCREEN",3,"Viettel Electronics","Marketplace screening completed",211,"SUCCESS","CPH","2026-08-02 00:44:21.713"
1923,"FULL_PIPELINE_V2","AUTO_REMEDIATE",4,"alert_id=20,action=CLEAR (decided by AI)","Action executed: CLEAR | reason=Sanctions matches = 0, cost-per-kg band is NORMAL_AT_OR_BELOW_5X_MEDIAN, and both counterparties are recognisable real businesses.",864,"SUCCESS","CPH","2026-08-02 00:44:22.902"
1924,"FULL_PIPELINE_V2","SAP_POST",5,"bl_id=354","{""status"":""SUCCESS"",""sap_document"":""5000000354"",""bl_id"":354}",809,"SUCCESS","CPH","2026-08-02 00:44:24.054"
1925,"FULL_PIPELINE_V2","AI_INVESTIGATE",2,"alert_id=21,severity=MEDIUM","AI decision=CLEAR | reason=Sanctions matches = 0, cost-per-kg band is NORMAL_AT_OR_BELOW_5X_MEDIAN, and both counterparties are recognisable real businesses.",4554,"SUCCESS","CPH","2026-08-02 00:44:28.992"
1926,"FULL_PIPELINE_V2","SANCTIONS_SCREEN",3,"Hoa Sen Group","Marketplace screening completed",204,"SUCCESS","CPH","2026-08-02 00:44:29.536"
1927,"FULL_PIPELINE_V2","AUTO_REMEDIATE",4,"alert_id=21,action=CLEAR (decided by AI)","Action executed: CLEAR | reason=Sanctions matches = 0, cost-per-kg band is NORMAL_AT_OR_BELOW_5X_MEDIAN, and both counterparties are recognisable real businesses.",833,"SUCCESS","CPH","2026-08-02 00:44:30.605"
1928,"FULL_PIPELINE_V2","SAP_POST",5,"bl_id=1582","{""status"":""SUCCESS"",""sap_document"":""5000001582"",""bl_id"":1582}",757,"SUCCESS","CPH","2026-08-02 00:44:31.702"
1929,"FULL_PIPELINE_V2","AI_INVESTIGATE",2,"alert_id=22,severity=MEDIUM","AI decision=CLEAR | reason=Sanctions matches = 0, cost-per-kg band is NORMAL_AT_OR_BELOW_5X_MEDIAN, and both counterparties are recognisable real businesses.",4925,"SUCCESS","CPH","2026-08-02 00:44:37.013"
1930,"FULL_PIPELINE_V2","SANCTIONS_SCREEN",3,"Viglacera Corp","Marketplace screening completed",186,"SUCCESS","CPH","2026-08-02 00:44:37.517"
1931,"FULL_PIPELINE_V2","AUTO_REMEDIATE",4,"alert_id=22,action=CLEAR (decided by AI)","Action executed: CLEAR | reason=Sanctions matches = 0, cost-per-kg band is NORMAL_AT_OR_BELOW_5X_MEDIAN, and both counterparties are recognisable real businesses.",814,"SUCCESS","CPH","2026-08-02 00:44:38.593"
1932,"FULL_PIPELINE_V2","SAP_POST",5,"bl_id=9709","{""status"":""SUCCESS"",""sap_document"":""5000009709"",""bl_id"":9709}",816,"SUCCESS","CPH","2026-08-02 00:44:39.728"
1933,"FULL_PIPELINE_V2","AI_INVESTIGATE",2,"alert_id=23,severity=MEDIUM","AI decision=CLEAR | reason=Sanctions matches = 0, cost-per-kg band is NORMAL_AT_OR_BELOW_5X_MEDIAN, and both counterparties are recognisable real businesses.",4751,"SUCCESS","CPH","2026-08-02 00:44:44.893"
1934,"FULL_PIPELINE_V2","SANCTIONS_SCREEN",3,"Viettel Electronics","Marketplace screening completed",235,"SUCCESS","CPH","2026-08-02 00:44:45.675"
1935,"FULL_PIPELINE_V2","AUTO_REMEDIATE",4,"alert_id=23,action=CLEAR (decided by AI)","Action executed: CLEAR | reason=Sanctions matches = 0, cost-per-kg band is NORMAL_AT_OR_BELOW_5X_MEDIAN, and both counterparties are recognisable real businesses.",838,"SUCCESS","CPH","2026-08-02 00:44:46.811"
1936,"FULL_PIPELINE_V2","SAP_POST",5,"bl_id=4","{""status"":""SUCCESS"",""sap_document"":""5000000004"",""bl_id"":4}",730,"SUCCESS","CPH","2026-08-02 00:44:47.887"
1937,"FULL_PIPELINE_V2","AI_INVESTIGATE",2,"alert_id=24,severity=MEDIUM","AI decision=CLEAR | reason=Sanctions matches = 0, cost-per-kg band is NORMAL_AT_OR_BELOW_5X_MEDIAN, and both counterparties are recognisable real businesses.",21884,"SUCCESS","CPH","2026-08-02 00:45:10.196"
1938,"FULL_PIPELINE_V2","SANCTIONS_SCREEN",3,"ABC Electronics Vietnam","Marketplace screening completed",207,"SUCCESS","CPH","2026-08-02 00:45:10.802"
1939,"FULL_PIPELINE_V2","AUTO_REMEDIATE",4,"alert_id=24,action=CLEAR (decided by AI)","Action executed: CLEAR | reason=Sanctions matches = 0, cost-per-kg band is NORMAL_AT_OR_BELOW_5X_MEDIAN, and both counterparties are recognisable real businesses.",891,"SUCCESS","CPH","2026-08-02 00:45:11.992"
1940,"FULL_PIPELINE_V2","SAP_POST",5,"bl_id=9723","{""status"":""SUCCESS"",""sap_document"":""5000009723"",""bl_id"":9723}",1190,"SUCCESS","CPH","2026-08-02 00:45:13.523"
1941,"FULL_PIPELINE_V2","AI_INVESTIGATE",2,"alert_id=25,severity=MEDIUM","AI decision=CLEAR | reason=Sanctions matches = 0, cost-per-kg band is NORMAL_AT_OR_BELOW_5X_MEDIAN, and both counterparties are recognisable real businesses.",4933,"SUCCESS","CPH","2026-08-02 00:45:18.859"
1942,"FULL_PIPELINE_V2","SANCTIONS_SCREEN",3,"Viglacera Corp","Marketplace screening completed",189,"SUCCESS","CPH","2026-08-02 00:45:19.371"
1943,"FULL_PIPELINE_V2","AUTO_REMEDIATE",4,"alert_id=25,action=CLEAR (decided by AI)","Action executed: CLEAR | reason=Sanctions matches = 0, cost-per-kg band is NORMAL_AT_OR_BELOW_5X_MEDIAN, and both counterparties are recognisable real businesses.",896,"SUCCESS","CPH","2026-08-02 00:45:20.528"
1944,"FULL_PIPELINE_V2","SAP_POST",5,"bl_id=7206","{""status"":""SUCCESS"",""sap_document"":""5000007206"",""bl_id"":7206}",789,"SUCCESS","CPH","2026-08-02 00:45:21.663"
1945,"FULL_PIPELINE_V2","AI_INVESTIGATE",2,"alert_id=26,severity=MEDIUM","AI decision=CLEAR | reason=Sanctions matches = 0, cost-per-kg band is NORMAL_AT_OR_BELOW_5X_MEDIAN, and both counterparties are recognisable real businesses.",4916,"SUCCESS","CPH","2026-08-02 00:45:26.995"
1946,"FULL_PIPELINE_V2","SANCTIONS_SCREEN",3,"Panasonic Vietnam","Marketplace screening completed",205,"SUCCESS","CPH","2026-08-02 00:45:27.532"
1947,"FULL_PIPELINE_V2","AUTO_REMEDIATE",4,"alert_id=26,action=CLEAR (decided by AI)","Action executed: CLEAR | reason=Sanctions matches = 0, cost-per-kg band is NORMAL_AT_OR_BELOW_5X_MEDIAN, and both counterparties are recognisable real businesses.",886,"SUCCESS","CPH","2026-08-02 00:45:28.674"
1948,"FULL_PIPELINE_V2","SAP_POST",5,"bl_id=7217","{""status"":""SUCCESS"",""sap_document"":""5000007217"",""bl_id"":7217}",768,"SUCCESS","CPH","2026-08-02 00:45:29.805"
1949,"FULL_PIPELINE_V2","AI_INVESTIGATE",2,"alert_id=27,severity=MEDIUM","AI decision=CLEAR | reason=Sanctions matches = 0, cost-per-kg band is NORMAL_AT_OR_BELOW_5X_MEDIAN, and both counterparties are recognisable real businesses.",4460,"SUCCESS","CPH","2026-08-02 00:45:34.672"
1950,"FULL_PIPELINE_V2","SANCTIONS_SCREEN",3,"Intel Products Vietnam","Marketplace screening completed",249,"SUCCESS","CPH","2026-08-02 00:45:35.253"
1951,"FULL_PIPELINE_V2","AUTO_REMEDIATE",4,"alert_id=27,action=CLEAR (decided by AI)","Action executed: CLEAR | reason=Sanctions matches = 0, cost-per-kg band is NORMAL_AT_OR_BELOW_5X_MEDIAN, and both counterparties are recognisable real businesses.",874,"SUCCESS","CPH","2026-08-02 00:45:36.385"
1952,"FULL_PIPELINE_V2","SAP_POST",5,"bl_id=8267","{""status"":""SUCCESS"",""sap_document"":""5000008267"",""bl_id"":8267}",750,"SUCCESS","CPH","2026-08-02 00:45:37.493"
1953,"FULL_PIPELINE_V2","AI_INVESTIGATE",2,"alert_id=28,severity=MEDIUM","AI decision=CLEAR | reason=Sanctions matches = 0, cost-per-kg band is NORMAL_AT_OR_BELOW_5X_MEDIAN, and both counterparties are recognisable real businesses.",4486,"SUCCESS","CPH","2026-08-02 00:45:42.901"
1954,"FULL_PIPELINE_V2","SANCTIONS_SCREEN",3,"Tan Hiep Phat","Marketplace screening completed",200,"SUCCESS","CPH","2026-08-02 00:45:43.433"
1955,"FULL_PIPELINE_V2","AUTO_REMEDIATE",4,"alert_id=28,action=CLEAR (decided by AI)","Action executed: CLEAR | reason=Sanctions matches = 0, cost-per-kg band is NORMAL_AT_OR_BELOW_5X_MEDIAN, and both counterparties are recognisable real businesses.",972,"SUCCESS","CPH","2026-08-02 00:45:44.653"
1956,"FULL_PIPELINE_V2","SAP_POST",5,"bl_id=6634","{""status"":""SUCCESS"",""sap_document"":""5000006634"",""bl_id"":6634}",796,"SUCCESS","CPH","2026-08-02 00:45:45.792"
1957,"FULL_PIPELINE_V2","AI_INVESTIGATE",2,"alert_id=29,severity=MEDIUM","AI decision=CLEAR | reason=Sanctions matches = 0, cost-per-kg band is NORMAL_AT_OR_BELOW_5X_MEDIAN, and both counterparties are recognisable real businesses.",4434,"SUCCESS","CPH","2026-08-02 00:45:50.617"
1958,"FULL_PIPELINE_V2","SANCTIONS_SCREEN",3,"Nike Vietnam","Marketplace screening completed",194,"SUCCESS","CPH","2026-08-02 00:45:51.147"
1959,"FULL_PIPELINE_V2","AUTO_REMEDIATE",4,"alert_id=29,action=CLEAR (decided by AI)","Action executed: CLEAR | reason=Sanctions matches = 0, cost-per-kg band is NORMAL_AT_OR_BELOW_5X_MEDIAN, and both counterparties are recognisable real businesses.",876,"SUCCESS","CPH","2026-08-02 00:45:52.268"
1960,"FULL_PIPELINE_V2","SAP_POST",5,"bl_id=374","{""status"":""SUCCESS"",""sap_document"":""5000000374"",""bl_id"":374}",797,"SUCCESS","CPH","2026-08-02 00:45:53.400"
1961,"FULL_PIPELINE_V2","AI_INVESTIGATE",2,"alert_id=30,severity=MEDIUM","AI decision=CLEAR | reason=Sanctions matches = 0, cost-per-kg band is NORMAL_AT_OR_BELOW_5X_MEDIAN, and both counterparties are recognisable real businesses.",6556,"SUCCESS","CPH","2026-08-02 00:46:00.358"
1962,"FULL_PIPELINE_V2","SANCTIONS_SCREEN",3,"Hoa Sen Group","Marketplace screening completed",212,"SUCCESS","CPH","2026-08-02 00:46:00.958"
1963,"FULL_PIPELINE_V2","AUTO_REMEDIATE",4,"alert_id=30,action=CLEAR (decided by AI)","Action executed: CLEAR | reason=Sanctions matches = 0, cost-per-kg band is NORMAL_AT_OR_BELOW_5X_MEDIAN, and both counterparties are recognisable real businesses.",896,"SUCCESS","CPH","2026-08-02 00:46:02.141"
1964,"FULL_PIPELINE_V2","SAP_POST",5,"bl_id=5","{""status"":""SUCCESS"",""sap_document"":""5000000005"",""bl_id"":5}",834,"SUCCESS","CPH","2026-08-02 00:46:03.320"
1965,"FULL_PIPELINE_V2","AI_INVESTIGATE",2,"alert_id=31,severity=MEDIUM","AI decision=CLEAR | reason=Sanctions matches = 0, cost-per-kg band is NORMAL_AT_OR_BELOW_5X_MEDIAN, and both counterparties are recognisable real businesses.",15483,"SUCCESS","CPH","2026-08-02 00:46:19.198"
1966,"FULL_PIPELINE_V2","SANCTIONS_SCREEN",3,"LG Display Vietnam","Marketplace screening completed",203,"SUCCESS","CPH","2026-08-02 00:46:19.753"
1967,"FULL_PIPELINE_V2","AUTO_REMEDIATE",4,"alert_id=31,action=CLEAR (decided by AI)","Action executed: CLEAR | reason=Sanctions matches = 0, cost-per-kg band is NORMAL_AT_OR_BELOW_5X_MEDIAN, and both counterparties are recognisable real businesses.",912,"SUCCESS","CPH","2026-08-02 00:46:20.939"
1968,"FULL_PIPELINE_V2","SAP_POST",5,"bl_id=2763","{""status"":""SUCCESS"",""sap_document"":""5000002763"",""bl_id"":2763}",819,"SUCCESS","CPH","2026-08-02 00:46:22.079"
1969,"FULL_PIPELINE_V2","AI_INVESTIGATE",2,"alert_id=32,severity=MEDIUM","AI decision=CLEAR | reason=Sanctions matches = 0, cost-per-kg band is NORMAL_AT_OR_BELOW_5X_MEDIAN, and both counterparties are recognisable real businesses.",13103,"SUCCESS","CPH","2026-08-02 00:46:35.626"
1970,"FULL_PIPELINE_V2","SANCTIONS_SCREEN",3,"Samsung Vietnam","Marketplace screening completed",190,"SUCCESS","CPH","2026-08-02 00:46:36.151"
1971,"FULL_PIPELINE_V2","AUTO_REMEDIATE",4,"alert_id=32,action=CLEAR (decided by AI)","Action executed: CLEAR | reason=Sanctions matches = 0, cost-per-kg band is NORMAL_AT_OR_BELOW_5X_MEDIAN, and both counterparties are recognisable real businesses.",830,"SUCCESS","CPH","2026-08-02 00:46:37.261"
1972,"FULL_PIPELINE_V2","SAP_POST",5,"bl_id=3897","{""status"":""SUCCESS"",""sap_document"":""5000003897"",""bl_id"":3897}",792,"SUCCESS","CPH","2026-08-02 00:46:38.448"
1973,"FULL_PIPELINE_V2","AI_INVESTIGATE",2,"alert_id=33,severity=MEDIUM","AI decision=CLEAR | reason=Sanctions matches = 0, cost-per-kg band is NORMAL_AT_OR_BELOW_5X_MEDIAN, and both counterparties are recognisable real businesses.",4915,"SUCCESS","CPH","2026-08-02 00:46:43.784"
1974,"FULL_PIPELINE_V2","SANCTIONS_SCREEN",3,"LG Display Vietnam","Marketplace screening completed",197,"SUCCESS","CPH","2026-08-02 00:46:44.325"
1975,"FULL_PIPELINE_V2","AUTO_REMEDIATE",4,"alert_id=33,action=CLEAR (decided by AI)","Action executed: CLEAR | reason=Sanctions matches = 0, cost-per-kg band is NORMAL_AT_OR_BELOW_5X_MEDIAN, and both counterparties are recognisable real businesses.",874,"SUCCESS","CPH","2026-08-02 00:46:45.452"
1976,"FULL_PIPELINE_V2","SAP_POST",5,"bl_id=242","{""status"":""SUCCESS"",""sap_document"":""5000000242"",""bl_id"":242}",776,"SUCCESS","CPH","2026-08-02 00:46:46.580"
1977,"FULL_PIPELINE_V2","AI_INVESTIGATE",2,"alert_id=34,severity=MEDIUM","AI decision=CLEAR | reason=Sanctions matches = 0, cost-per-kg band is NORMAL_AT_OR_BELOW_5X_MEDIAN, and both counterparties are recognisable real businesses.",39634,"SUCCESS","CPH","2026-08-02 00:47:26.676"
1978,"FULL_PIPELINE_V2","SANCTIONS_SCREEN",3,"Intel Products Vietnam","Marketplace screening completed",410,"SUCCESS","CPH","2026-08-02 00:47:27.580"
1979,"FULL_PIPELINE_V2","AUTO_REMEDIATE",4,"alert_id=34,action=CLEAR (decided by AI)","Action executed: CLEAR | reason=Sanctions matches = 0, cost-per-kg band is NORMAL_AT_OR_BELOW_5X_MEDIAN, and both counterparties are recognisable real businesses.",1082,"SUCCESS","CPH","2026-08-02 00:47:29.041"
1980,"FULL_PIPELINE_V2","SAP_POST",5,"bl_id=7381","{""status"":""SUCCESS"",""sap_document"":""5000007381"",""bl_id"":7381}",845,"SUCCESS","CPH","2026-08-02 00:47:30.239"
1981,"FULL_PIPELINE_V2","AI_INVESTIGATE",2,"alert_id=35,severity=MEDIUM","AI decision=CLEAR | reason=Sanctions matches = 0, cost-per-kg band is NORMAL_AT_OR_BELOW_5X_MEDIAN, and both counterparties are recognisable real businesses.",80035,"SUCCESS","CPH","2026-08-02 00:48:50.696"
1982,"FULL_PIPELINE_V2","SANCTIONS_SCREEN",3,"Vinamilk Co Ltd","Marketplace screening completed",202,"SUCCESS","CPH","2026-08-02 00:48:51.239"
1983,"FULL_PIPELINE_V2","AUTO_REMEDIATE",4,"alert_id=35,action=CLEAR (decided by AI)","Action executed: CLEAR | reason=Sanctions matches = 0, cost-per-kg band is NORMAL_AT_OR_BELOW_5X_MEDIAN, and both counterparties are recognisable real businesses.",853,"SUCCESS","CPH","2026-08-02 00:48:52.397"
1984,"FULL_PIPELINE_V2","SAP_POST",5,"bl_id=7513","{""status"":""SUCCESS"",""sap_document"":""5000007513"",""bl_id"":7513}",784,"SUCCESS","CPH","2026-08-02 00:48:53.516"
1985,"FULL_PIPELINE_V2","AI_INVESTIGATE",2,"alert_id=36,severity=MEDIUM","AI decision=CLEAR | reason=Sanctions matches = 0, cost-per-kg band is NORMAL_AT_OR_BELOW_5X_MEDIAN, and both counterparties are recognisable real businesses.",6385,"SUCCESS","CPH","2026-08-02 00:49:00.312"
1986,"FULL_PIPELINE_V2","SANCTIONS_SCREEN",3,"Nike Vietnam","Marketplace screening completed",199,"SUCCESS","CPH","2026-08-02 00:49:00.854"
1987,"FULL_PIPELINE_V2","AUTO_REMEDIATE",4,"alert_id=36,action=CLEAR (decided by AI)","Action executed: CLEAR | reason=Sanctions matches = 0, cost-per-kg band is NORMAL_AT_OR_BELOW_5X_MEDIAN, and both counterparties are recognisable real businesses.",869,"SUCCESS","CPH","2026-08-02 00:49:01.996"
1988,"FULL_PIPELINE_V2","SAP_POST",5,"bl_id=9724","{""status"":""SUCCESS"",""sap_document"":""5000009724"",""bl_id"":9724}",776,"SUCCESS","CPH","2026-08-02 00:49:03.111"
1989,"FULL_PIPELINE_V2","AI_INVESTIGATE",2,"alert_id=37,severity=MEDIUM","AI decision=CLEAR | reason=Sanctions matches = 0, cost-per-kg band is NORMAL_AT_OR_BELOW_5X_MEDIAN, and both counterparties are recognisable real businesses.",6374,"SUCCESS","CPH","2026-08-02 00:49:09.895"
1990,"FULL_PIPELINE_V2","SANCTIONS_SCREEN",3,"Foxconn Vietnam","Marketplace screening completed",182,"SUCCESS","CPH","2026-08-02 00:49:10.400"
1991,"FULL_PIPELINE_V2","AUTO_REMEDIATE",4,"alert_id=37,action=CLEAR (decided by AI)","Action executed: CLEAR | reason=Sanctions matches = 0, cost-per-kg band is NORMAL_AT_OR_BELOW_5X_MEDIAN, and both counterparties are recognisable real businesses.",834,"SUCCESS","CPH","2026-08-02 00:49:11.476"
1992,"FULL_PIPELINE_V2","SAP_POST",5,"bl_id=2134","{""status"":""SUCCESS"",""sap_document"":""5000002134"",""bl_id"":2134}",787,"SUCCESS","CPH","2026-08-02 00:49:12.610"
1993,"FULL_PIPELINE_V2","AI_INVESTIGATE",2,"alert_id=38,severity=MEDIUM","AI decision=CLEAR | reason=Sanctions matches = 0, cost-per-kg band is NORMAL_AT_OR_BELOW_5X_MEDIAN, and both counterparties are recognisable real businesses.",136537,"SUCCESS","CPH","2026-08-02 00:51:29.555"
1994,"FULL_PIPELINE_V2","SANCTIONS_SCREEN",3,"Honda Vietnam","Marketplace screening completed",245,"SUCCESS","CPH","2026-08-02 00:51:30.155"
1995,"FULL_PIPELINE_V2","AUTO_REMEDIATE",4,"alert_id=38,action=CLEAR (decided by AI)","Action executed: CLEAR | reason=Sanctions matches = 0, cost-per-kg band is NORMAL_AT_OR_BELOW_5X_MEDIAN, and both counterparties are recognisable real businesses.",866,"SUCCESS","CPH","2026-08-02 00:51:31.314"
1996,"FULL_PIPELINE_V2","SAP_POST",5,"bl_id=3732","{""status"":""SUCCESS"",""sap_document"":""5000003732"",""bl_id"":3732}",775,"SUCCESS","CPH","2026-08-02 00:51:32.427"
1997,"FULL_PIPELINE_V2","AI_INVESTIGATE",2,"alert_id=39,severity=MEDIUM","AI decision=CLEAR | reason=Sanctions matches = 0, cost-per-kg band is NORMAL_AT_OR_BELOW_5X_MEDIAN, and both counterparties are recognisable real businesses.",4446,"SUCCESS","CPH","2026-08-02 00:51:37.264"
1998,"FULL_PIPELINE_V2","SANCTIONS_SCREEN",3,"Viglacera Corp","Marketplace screening completed",189,"SUCCESS","CPH","2026-08-02 00:51:37.766"
1999,"FULL_PIPELINE_V2","AUTO_REMEDIATE",4,"alert_id=39,action=CLEAR (decided by AI)","Action executed: CLEAR | reason=Sanctions matches = 0, cost-per-kg band is NORMAL_AT_OR_BELOW_5X_MEDIAN, and both counterparties are recognisable real businesses.",838,"SUCCESS","CPH","2026-08-02 00:51:38.867"
2000,"FULL_PIPELINE_V2","SAP_POST",5,"bl_id=221","{""status"":""SUCCESS"",""sap_document"":""5000000221"",""bl_id"":221}",769,"SUCCESS","CPH","2026-08-02 00:51:39.980"
2001,"FULL_PIPELINE_V2","AI_INVESTIGATE",2,"alert_id=40,severity=MEDIUM","AI decision=CLEAR | reason=Sanctions matches = 0, cost-per-kg band is NORMAL_AT_OR_BELOW_5X_MEDIAN, and both counterparties are recognisable real businesses.",4726,"SUCCESS","CPH","2026-08-02 00:51:45.134"
2002,"FULL_PIPELINE_V2","SANCTIONS_SCREEN",3,"Nike Vietnam","Marketplace screening completed",193,"SUCCESS","CPH","2026-08-02 00:51:45.637"
2003,"FULL_PIPELINE_V2","AUTO_REMEDIATE",4,"alert_id=40,action=CLEAR (decided by AI)","Action executed: CLEAR | reason=Sanctions matches = 0, cost-per-kg band is NORMAL_AT_OR_BELOW_5X_MEDIAN, and both counterparties are recognisable real businesses.",833,"SUCCESS","CPH","2026-08-02 00:51:46.711"
2004,"FULL_PIPELINE_V2","SAP_POST",5,"bl_id=6656","{""status"":""SUCCESS"",""sap_document"":""5000006656"",""bl_id"":6656}",769,"SUCCESS","CPH","2026-08-02 00:51:47.820"
2005,"FULL_PIPELINE_V2","AI_INVESTIGATE",2,"alert_id=41,severity=MEDIUM","AI decision=CLEAR | reason=Sanctions matches = 0, cost-per-kg band is NORMAL_AT_OR_BELOW_5X_MEDIAN, and both counterparties are recognisable real businesses.",4733,"SUCCESS","CPH","2026-08-02 00:51:52.952"
2006,"FULL_PIPELINE_V2","SANCTIONS_SCREEN",3,"LG Display Vietnam","Marketplace screening completed",205,"SUCCESS","CPH","2026-08-02 00:51:53.485"
2007,"FULL_PIPELINE_V2","AUTO_REMEDIATE",4,"alert_id=41,action=CLEAR (decided by AI)","Action executed: CLEAR | reason=Sanctions matches = 0, cost-per-kg band is NORMAL_AT_OR_BELOW_5X_MEDIAN, and both counterparties are recognisable real businesses.",819,"SUCCESS","CPH","2026-08-02 00:51:54.573"
2008,"FULL_PIPELINE_V2","SAP_POST",5,"bl_id=7477","{""status"":""SUCCESS"",""sap_document"":""5000007477"",""bl_id"":7477}",717,"SUCCESS","CPH","2026-08-02 00:51:55.622"
2009,"FULL_PIPELINE_V2","AI_INVESTIGATE",2,"alert_id=42,severity=MEDIUM","AI decision=CLEAR | reason=Sanctions matches = 0, cost-per-kg band is NORMAL_AT_OR_BELOW_5X_MEDIAN, and both counterparties are recognisable real businesses.",6376,"SUCCESS","CPH","2026-08-02 00:52:02.382"
2010,"FULL_PIPELINE_V2","SANCTIONS_SCREEN",3,"Trung Nguyen Coffee","Marketplace screening completed",184,"SUCCESS","CPH","2026-08-02 00:52:02.882"
2011,"FULL_PIPELINE_V2","AUTO_REMEDIATE",4,"alert_id=42,action=CLEAR (decided by AI)","Action executed: CLEAR | reason=Sanctions matches = 0, cost-per-kg band is NORMAL_AT_OR_BELOW_5X_MEDIAN, and both counterparties are recognisable real businesses.",839,"SUCCESS","CPH","2026-08-02 00:52:03.965"
2012,"FULL_PIPELINE_V2","SAP_POST",5,"bl_id=6823","{""status"":""SUCCESS"",""sap_document"":""5000006823"",""bl_id"":6823}",730,"SUCCESS","CPH","2026-08-02 00:52:05.021"
2013,"FULL_PIPELINE_V2","AI_INVESTIGATE",2,"alert_id=43,severity=MEDIUM","AI decision=CLEAR | reason=Sanctions matches = 0, cost-per-kg band is NORMAL_AT_OR_BELOW_5X_MEDIAN, and both counterparties are recognisable real businesses.",4823,"SUCCESS","CPH","2026-08-02 00:52:10.246"
2014,"FULL_PIPELINE_V2","SANCTIONS_SCREEN",3,"Panasonic Vietnam","Marketplace screening completed",186,"SUCCESS","CPH","2026-08-02 00:52:10.757"
2015,"FULL_PIPELINE_V2","AUTO_REMEDIATE",4,"alert_id=43,action=CLEAR (decided by AI)","Action executed: CLEAR | reason=Sanctions matches = 0, cost-per-kg band is NORMAL_AT_OR_BELOW_5X_MEDIAN, and both counterparties are recognisable real businesses.",813,"SUCCESS","CPH","2026-08-02 00:52:11.814"
2016,"FULL_PIPELINE_V2","SAP_POST",5,"bl_id=8543","{""status"":""SUCCESS"",""sap_document"":""5000008543"",""bl_id"":8543}",728,"SUCCESS","CPH","2026-08-02 00:52:12.883"
2017,"FULL_PIPELINE_V2","AI_INVESTIGATE",2,"alert_id=44,severity=MEDIUM","AI decision=CLEAR | reason=Sanctions matches = 0, cost-per-kg band is NORMAL_AT_OR_BELOW_5X_MEDIAN, and both counterparties are recognisable real businesses.",4639,"SUCCESS","CPH","2026-08-02 00:52:17.925"
2018,"FULL_PIPELINE_V2","SANCTIONS_SCREEN",3,"Canon Vietnam","Marketplace screening completed",180,"SUCCESS","CPH","2026-08-02 00:52:18.433"
2019,"FULL_PIPELINE_V2","AUTO_REMEDIATE",4,"alert_id=44,action=CLEAR (decided by AI)","Action executed: CLEAR | reason=Sanctions matches = 0, cost-per-kg band is NORMAL_AT_OR_BELOW_5X_MEDIAN, and both counterparties are recognisable real businesses.",832,"SUCCESS","CPH","2026-08-02 00:52:19.508"
2020,"FULL_PIPELINE_V2","SAP_POST",5,"bl_id=7658","{""status"":""SUCCESS"",""sap_document"":""5000007658"",""bl_id"":7658}",753,"SUCCESS","CPH","2026-08-02 00:52:20.597"
2021,"FULL_PIPELINE_V2","AI_INVESTIGATE",2,"alert_id=45,severity=MEDIUM","AI decision=CLEAR | reason=Sanctions matches = 0, cost-per-kg band is NORMAL_AT_OR_BELOW_5X_MEDIAN, and both counterparties are recognisable real businesses.",4958,"SUCCESS","CPH","2026-08-02 00:52:25.941"
2022,"FULL_PIPELINE_V2","SANCTIONS_SCREEN",3,"Canon Vietnam","Marketplace screening completed",186,"SUCCESS","CPH","2026-08-02 00:52:26.441"
2023,"FULL_PIPELINE_V2","AUTO_REMEDIATE",4,"alert_id=45,action=CLEAR (decided by AI)","Action executed: CLEAR | reason=Sanctions matches = 0, cost-per-kg band is NORMAL_AT_OR_BELOW_5X_MEDIAN, and both counterparties are recognisable real businesses.",853,"SUCCESS","CPH","2026-08-02 00:52:27.525"
2024,"FULL_PIPELINE_V2","SAP_POST",5,"bl_id=6553","{""status"":""SUCCESS"",""sap_document"":""5000006553"",""bl_id"":6553}",795,"SUCCESS","CPH","2026-08-02 00:52:28.671"
2025,"FULL_PIPELINE_V2","AI_INVESTIGATE",2,"alert_id=46,severity=MEDIUM","AI decision=CLEAR | reason=Sanctions matches = 0, cost-per-kg band is NORMAL_AT_OR_BELOW_5X_MEDIAN, and both counterparties are recognizable real businesses.",4751,"SUCCESS","CPH","2026-08-02 00:52:33.810"
2026,"FULL_PIPELINE_V2","SANCTIONS_SCREEN",3,"Vinamilk Co Ltd","Marketplace screening completed",179,"SUCCESS","CPH","2026-08-02 00:52:34.304"
2027,"FULL_PIPELINE_V2","AUTO_REMEDIATE",4,"alert_id=46,action=CLEAR (decided by AI)","Action executed: CLEAR | reason=Sanctions matches = 0, cost-per-kg band is NORMAL_AT_OR_BELOW_5X_MEDIAN, and both counterparties are recognizable real businesses.",936,"SUCCESS","CPH","2026-08-02 00:52:35.482"
2028,"FULL_PIPELINE_V2","SAP_POST",5,"bl_id=901","{""status"":""SUCCESS"",""sap_document"":""5000000901"",""bl_id"":901}",764,"SUCCESS","CPH","2026-08-02 00:52:36.568"
2029,"FULL_PIPELINE_V2","AI_INVESTIGATE",2,"alert_id=47,severity=MEDIUM","AI decision=CLEAR | reason=Sanctions matches = 0, cost-per-kg band is NORMAL_AT_OR_BELOW_5X_MEDIAN, and both counterparties are recognisable real businesses.",4000,"SUCCESS","CPH","2026-08-02 00:52:40.967"
2030,"FULL_PIPELINE_V2","SANCTIONS_SCREEN",3,"Toyota Vietnam","Marketplace screening completed",187,"SUCCESS","CPH","2026-08-02 00:52:41.461"
2031,"FULL_PIPELINE_V2","AUTO_REMEDIATE",4,"alert_id=47,action=CLEAR (decided by AI)","Action executed: CLEAR | reason=Sanctions matches = 0, cost-per-kg band is NORMAL_AT_OR_BELOW_5X_MEDIAN, and both counterparties are recognisable real businesses.",802,"SUCCESS","CPH","2026-08-02 00:52:42.505"
2032,"FULL_PIPELINE_V2","SAP_POST",5,"bl_id=7160","{""status"":""SUCCESS"",""sap_document"":""5000007160"",""bl_id"":7160}",720,"SUCCESS","CPH","2026-08-02 00:52:43.545"
2033,"FULL_PIPELINE_V2","AI_INVESTIGATE",2,"alert_id=48,severity=MEDIUM","AI decision=CLEAR | reason=Sanctions matches = 0, cost-per-kg band is NORMAL_AT_OR_BELOW_5X_MEDIAN, and both counterparties are recognizable real businesses.",6366,"SUCCESS","CPH","2026-08-02 00:52:50.355"
2034,"FULL_PIPELINE_V2","SANCTIONS_SCREEN",3,"Hoa Sen Group","Marketplace screening completed",193,"SUCCESS","CPH","2026-08-02 00:52:50.863"
2035,"FULL_PIPELINE_V2","AUTO_REMEDIATE",4,"alert_id=48,action=CLEAR (decided by AI)","Action executed: CLEAR | reason=Sanctions matches = 0, cost-per-kg band is NORMAL_AT_OR_BELOW_5X_MEDIAN, and both counterparties are recognizable real businesses.",794,"SUCCESS","CPH","2026-08-02 00:52:51.891"
2036,"FULL_PIPELINE_V2","SAP_POST",5,"bl_id=4339","{""status"":""SUCCESS"",""sap_document"":""5000004339"",""bl_id"":4339}",701,"SUCCESS","CPH","2026-08-02 00:52:52.931"
2037,"FULL_PIPELINE_V2","AI_INVESTIGATE",2,"alert_id=49,severity=MEDIUM","AI decision=CLEAR | reason=Sanctions matches = 0, cost-per-kg band is NORMAL_AT_OR_BELOW_5X_MEDIAN, and both counterparties are recognisable real businesses.",4688,"SUCCESS","CPH","2026-08-02 00:52:58.009"
2038,"FULL_PIPELINE_V2","SANCTIONS_SCREEN",3,"FPT Software","Marketplace screening completed",194,"SUCCESS","CPH","2026-08-02 00:52:58.520"
2039,"FULL_PIPELINE_V2","AUTO_REMEDIATE",4,"alert_id=49,action=CLEAR (decided by AI)","Action executed: CLEAR | reason=Sanctions matches = 0, cost-per-kg band is NORMAL_AT_OR_BELOW_5X_MEDIAN, and both counterparties are recognisable real businesses.",877,"SUCCESS","CPH","2026-08-02 00:52:59.639"
2040,"FULL_PIPELINE_V2","SAP_POST",5,"bl_id=9","{""status"":""SUCCESS"",""sap_document"":""5000000009"",""bl_id"":9}",808,"SUCCESS","CPH","2026-08-02 00:53:00.801"
2041,"FULL_PIPELINE_V2","AI_INVESTIGATE",2,"alert_id=50,severity=MEDIUM","AI decision=CLEAR | reason=Sanctions matches = 0, cost-per-kg band is NORMAL_AT_OR_BELOW_5X_MEDIAN, and both counterparties are recognisable real businesses.",4926,"SUCCESS","CPH","2026-08-02 00:53:06.126"
2042,"FULL_PIPELINE_V2","SANCTIONS_SCREEN",3,"Trung Nguyen Coffee","Marketplace screening completed",179,"SUCCESS","CPH","2026-08-02 00:53:06.614"
2043,"FULL_PIPELINE_V2","AUTO_REMEDIATE",4,"alert_id=50,action=CLEAR (decided by AI)","Action executed: CLEAR | reason=Sanctions matches = 0, cost-per-kg band is NORMAL_AT_OR_BELOW_5X_MEDIAN, and both counterparties are recognisable real businesses.",810,"SUCCESS","CPH","2026-08-02 00:53:07.676"
2044,"FULL_PIPELINE_V2","SAP_POST",5,"bl_id=6004","{""status"":""SUCCESS"",""sap_document"":""5000006004"",""bl_id"":6004}",729,"SUCCESS","CPH","2026-08-02 00:53:08.726"
2045,"FULL_PIPELINE_V2","AI_INVESTIGATE",2,"alert_id=51,severity=MEDIUM","AI decision=CLEAR | reason=Sanctions matches = 0, cost-per-kg band is NORMAL_AT_OR_BELOW_5X_MEDIAN, and both counterparties are recognisable real businesses.",4693,"SUCCESS","CPH","2026-08-02 00:53:13.824"
2046,"FULL_PIPELINE_V2","SANCTIONS_SCREEN",3,"Phong Phu Garment","Marketplace screening completed",183,"SUCCESS","CPH","2026-08-02 00:53:14.332"
2047,"FULL_PIPELINE_V2","AUTO_REMEDIATE",4,"alert_id=51,action=CLEAR (decided by AI)","Action executed: CLEAR | reason=Sanctions matches = 0, cost-per-kg band is NORMAL_AT_OR_BELOW_5X_MEDIAN, and both counterparties are recognisable real businesses.",801,"SUCCESS","CPH","2026-08-02 00:53:15.389"
2048,"FULL_PIPELINE_V2","SAP_POST",5,"bl_id=8703","{""status"":""SUCCESS"",""sap_document"":""5000008703"",""bl_id"":8703}",713,"SUCCESS","CPH","2026-08-02 00:53:16.548"
2049,"FULL_PIPELINE_V2","AI_INVESTIGATE",2,"alert_id=52,severity=MEDIUM","AI decision=CLEAR | reason=Sanctions matches = 0, cost-per-kg band is NORMAL_AT_OR_BELOW_5X_MEDIAN, and both counterparties are recognisable real businesses.",5060,"SUCCESS","CPH","2026-08-02 00:53:21.994"
2050,"FULL_PIPELINE_V2","SANCTIONS_SCREEN",3,"Intel Products Vietnam","Marketplace screening completed",192,"SUCCESS","CPH","2026-08-02 00:53:22.512"
2051,"FULL_PIPELINE_V2","AUTO_REMEDIATE",4,"alert_id=52,action=CLEAR (decided by AI)","Action executed: CLEAR | reason=Sanctions matches = 0, cost-per-kg band is NORMAL_AT_OR_BELOW_5X_MEDIAN, and both counterparties are recognisable real businesses.",937,"SUCCESS","CPH","2026-08-02 00:53:23.697"
2052,"FULL_PIPELINE_V2","SAP_POST",5,"bl_id=8148","{""status"":""SUCCESS"",""sap_document"":""5000008148"",""bl_id"":8148}",767,"SUCCESS","CPH","2026-08-02 00:53:24.827"
2053,"FULL_PIPELINE_V2","AI_INVESTIGATE",2,"alert_id=53,severity=MEDIUM","AI decision=CLEAR | reason=Sanctions matches = 0, cost-per-kg band is NORMAL_AT_OR_BELOW_5X_MEDIAN, and both counterparties are recognisable real businesses.",68320,"SUCCESS","CPH","2026-08-02 00:54:33.585"
2054,"FULL_PIPELINE_V2","SANCTIONS_SCREEN",3,"Binh Tien Consumer","Marketplace screening completed",186,"SUCCESS","CPH","2026-08-02 00:54:34.108"
2055,"FULL_PIPELINE_V2","AUTO_REMEDIATE",4,"alert_id=53,action=CLEAR (decided by AI)","Action executed: CLEAR | reason=Sanctions matches = 0, cost-per-kg band is NORMAL_AT_OR_BELOW_5X_MEDIAN, and both counterparties are recognisable real businesses.",831,"SUCCESS","CPH","2026-08-02 00:54:35.224"
2056,"FULL_PIPELINE_V2","SAP_POST",5,"bl_id=268","{""status"":""SUCCESS"",""sap_document"":""5000000268"",""bl_id"":268}",758,"SUCCESS","CPH","2026-08-02 00:54:36.321"
2057,"FULL_PIPELINE_V2","AI_INVESTIGATE",2,"alert_id=54,severity=MEDIUM","AI decision=CLEAR | reason=Sanctions matches = 0, cost-per-kg band is NORMAL_AT_OR_BELOW_5X_MEDIAN, and both counterparties are recognizable real businesses.",46013,"SUCCESS","CPH","2026-08-02 00:55:22.720"
2058,"FULL_PIPELINE_V2","SANCTIONS_SCREEN",3,"Panasonic Vietnam","Marketplace screening completed",174,"SUCCESS","CPH","2026-08-02 00:55:23.208"
2059,"FULL_PIPELINE_V2","AUTO_REMEDIATE",4,"alert_id=54,action=CLEAR (decided by AI)","Action executed: CLEAR | reason=Sanctions matches = 0, cost-per-kg band is NORMAL_AT_OR_BELOW_5X_MEDIAN, and both counterparties are recognizable real businesses.",804,"SUCCESS","CPH","2026-08-02 00:55:24.293"
2060,"FULL_PIPELINE_V2","SAP_POST",5,"bl_id=4246","{""status"":""SUCCESS"",""sap_document"":""5000004246"",""bl_id"":4246}",753,"SUCCESS","CPH","2026-08-02 00:55:25.399"
2061,"FULL_PIPELINE_V2","AI_INVESTIGATE",2,"alert_id=55,severity=MEDIUM","AI decision=CLEAR | reason=Sanctions matches = 0, cost-per-kg band is NORMAL_AT_OR_BELOW_5X_MEDIAN, and both counterparties are recognisable real businesses.",4964,"SUCCESS","CPH","2026-08-02 00:55:30.758"
2062,"FULL_PIPELINE_V2","SANCTIONS_SCREEN",3,"Nike Vietnam","Marketplace screening completed",178,"SUCCESS","CPH","2026-08-02 00:55:31.258"
2063,"FULL_PIPELINE_V2","AUTO_REMEDIATE",4,"alert_id=55,action=CLEAR (decided by AI)","Action executed: CLEAR | reason=Sanctions matches = 0, cost-per-kg band is NORMAL_AT_OR_BELOW_5X_MEDIAN, and both counterparties are recognisable real businesses.",832,"SUCCESS","CPH","2026-08-02 00:55:32.578"
2064,"FULL_PIPELINE_V2","SAP_POST",5,"bl_id=6739","{""status"":""SUCCESS"",""sap_document"":""5000006739"",""bl_id"":6739}",776,"SUCCESS","CPH","2026-08-02 00:55:33.697"
2065,"FULL_PIPELINE_V2","AI_INVESTIGATE",2,"alert_id=56,severity=MEDIUM","AI decision=CLEAR | reason=Sanctions matches = 0, cost-per-kg band is NORMAL_AT_OR_BELOW_5X_MEDIAN, and both counterparties are recognisable real businesses.",69188,"SUCCESS","CPH","2026-08-02 00:56:43.274"
2066,"FULL_PIPELINE_V2","SANCTIONS_SCREEN",3,"FPT Software","Marketplace screening completed",196,"SUCCESS","CPH","2026-08-02 00:56:43.821"
2067,"FULL_PIPELINE_V2","AUTO_REMEDIATE",4,"alert_id=56,action=CLEAR (decided by AI)","Action executed: CLEAR | reason=Sanctions matches = 0, cost-per-kg band is NORMAL_AT_OR_BELOW_5X_MEDIAN, and both counterparties are recognisable real businesses.",842,"SUCCESS","CPH","2026-08-02 00:56:44.940"
2068,"FULL_PIPELINE_V2","SAP_POST",5,"bl_id=3849","{""status"":""SUCCESS"",""sap_document"":""5000003849"",""bl_id"":3849}",795,"SUCCESS","CPH","2026-08-02 00:56:46.079"
2069,"FULL_PIPELINE_V2","AI_INVESTIGATE",2,"alert_id=57,severity=MEDIUM","AI decision=CLEAR | reason=Sanctions matches = 0, cost-per-kg band is NORMAL_AT_OR_BELOW_5X_MEDIAN, and both counterparties are recognisable real businesses.",39108,"SUCCESS","CPH","2026-08-02 00:57:25.570"
2070,"FULL_PIPELINE_V2","SANCTIONS_SCREEN",3,"LG Display Vietnam","Marketplace screening completed",181,"SUCCESS","CPH","2026-08-02 00:57:26.073"
2071,"FULL_PIPELINE_V2","AUTO_REMEDIATE",4,"alert_id=57,action=CLEAR (decided by AI)","Action executed: CLEAR | reason=Sanctions matches = 0, cost-per-kg band is NORMAL_AT_OR_BELOW_5X_MEDIAN, and both counterparties are recognisable real businesses.",810,"SUCCESS","CPH","2026-08-02 00:57:27.192"
2072,"FULL_PIPELINE_V2","SAP_POST",5,"bl_id=7621","{""status"":""SUCCESS"",""sap_document"":""5000007621"",""bl_id"":7621}",1036,"SUCCESS","CPH","2026-08-02 00:57:28.567"
2073,"FULL_PIPELINE_V2","AI_INVESTIGATE",2,"alert_id=58,severity=MEDIUM","AI decision=CLEAR | reason=Sanctions matches = 0, cost-per-kg band is NORMAL_AT_OR_BELOW_5X_MEDIAN, and both counterparties are recognisable real businesses.",20301,"SUCCESS","CPH","2026-08-02 00:57:49.263"
2074,"FULL_PIPELINE_V2","SANCTIONS_SCREEN",3,"Honda Vietnam","Marketplace screening completed",184,"SUCCESS","CPH","2026-08-02 00:57:49.783"
2075,"FULL_PIPELINE_V2","AUTO_REMEDIATE",4,"alert_id=58,action=CLEAR (decided by AI)","Action executed: CLEAR | reason=Sanctions matches = 0, cost-per-kg band is NORMAL_AT_OR_BELOW_5X_MEDIAN, and both counterparties are recognisable real businesses.",868,"SUCCESS","CPH","2026-08-02 00:57:50.948"
2076,"FULL_PIPELINE_V2","SAP_POST",5,"bl_id=6232","{""status"":""SUCCESS"",""sap_document"":""5000006232"",""bl_id"":6232}",794,"SUCCESS","CPH","2026-08-02 00:57:52.095"
2077,"FULL_PIPELINE_V2","AI_INVESTIGATE",2,"alert_id=59,severity=MEDIUM","AI decision=CLEAR | reason=Sanctions matches = 0, cost-per-kg band is NORMAL_AT_OR_BELOW_5X_MEDIAN, and both counterparties are recognisable real businesses.",4396,"SUCCESS","CPH","2026-08-02 00:57:56.914"
2078,"FULL_PIPELINE_V2","SANCTIONS_SCREEN",3,"Viglacera Corp","Marketplace screening completed",195,"SUCCESS","CPH","2026-08-02 00:57:57.424"
2079,"FULL_PIPELINE_V2","AUTO_REMEDIATE",4,"alert_id=59,action=CLEAR (decided by AI)","Action executed: CLEAR | reason=Sanctions matches = 0, cost-per-kg band is NORMAL_AT_OR_BELOW_5X_MEDIAN, and both counterparties are recognisable real businesses.",830,"SUCCESS","CPH","2026-08-02 00:57:58.513"
2080,"FULL_PIPELINE_V2","SAP_POST",5,"bl_id=7117","{""status"":""SUCCESS"",""sap_document"":""5000007117"",""bl_id"":7117}",759,"SUCCESS","CPH","2026-08-02 00:57:59.631"
2081,"FULL_PIPELINE_V2","AI_INVESTIGATE",2,"alert_id=60,severity=MEDIUM","AI decision=CLEAR | reason=Sanctions matches = 0, cost-per-kg band is NORMAL_AT_OR_BELOW_5X_MEDIAN, and both counterparties are recognisable real businesses.",4855,"SUCCESS","CPH","2026-08-02 00:58:04.898"
2082,"FULL_PIPELINE_V2","SANCTIONS_SCREEN",3,"Viettel Electronics","Marketplace screening completed",194,"SUCCESS","CPH","2026-08-02 00:58:05.422"
2083,"FULL_PIPELINE_V2","AUTO_REMEDIATE",4,"alert_id=60,action=CLEAR (decided by AI)","Action executed: CLEAR | reason=Sanctions matches = 0, cost-per-kg band is NORMAL_AT_OR_BELOW_5X_MEDIAN, and both counterparties are recognisable real businesses.",849,"SUCCESS","CPH","2026-08-02 00:58:06.512"
2084,"FULL_PIPELINE_V2","SAP_POST",5,"bl_id=9488","{""status"":""SUCCESS"",""sap_document"":""5000009488"",""bl_id"":9488}",744,"SUCCESS","CPH","2026-08-02 00:58:07.586"
2085,"FULL_PIPELINE_V2","AI_INVESTIGATE",2,"alert_id=61,severity=MEDIUM","AI decision=CLEAR | reason=Sanctions matches = 0, cost-per-kg band is NORMAL_AT_OR_BELOW_5X_MEDIAN, and both counterparties are recognisable real businesses.",12823,"SUCCESS","CPH","2026-08-02 00:58:20.819"
2086,"FULL_PIPELINE_V2","SANCTIONS_SCREEN",3,"Canon Vietnam","Marketplace screening completed",195,"SUCCESS","CPH","2026-08-02 00:58:21.368"
2087,"FULL_PIPELINE_V2","AUTO_REMEDIATE",4,"alert_id=61,action=CLEAR (decided by AI)","Action executed: CLEAR | reason=Sanctions matches = 0, cost-per-kg band is NORMAL_AT_OR_BELOW_5X_MEDIAN, and both counterparties are recognisable real businesses.",854,"SUCCESS","CPH","2026-08-02 00:58:22.518"
2088,"FULL_PIPELINE_V2","SAP_POST",5,"bl_id=2268","{""status"":""SUCCESS"",""sap_document"":""5000002268"",""bl_id"":2268}",742,"SUCCESS","CPH","2026-08-02 00:58:23.605"
2089,"FULL_PIPELINE_V2","AI_INVESTIGATE",2,"alert_id=62,severity=MEDIUM","AI decision=CLEAR | reason=Sanctions matches = 0, cost-per-kg band is NORMAL_AT_OR_BELOW_5X_MEDIAN, and both counterparties are recognisable real businesses.",4324,"SUCCESS","CPH","2026-08-02 00:58:28.328"
2090,"FULL_PIPELINE_V2","SANCTIONS_SCREEN",3,"Honda Vietnam","Marketplace screening completed",178,"SUCCESS","CPH","2026-08-02 00:58:28.842"
2091,"FULL_PIPELINE_V2","AUTO_REMEDIATE",4,"alert_id=62,action=CLEAR (decided by AI)","Action executed: CLEAR | reason=Sanctions matches = 0, cost-per-kg band is NORMAL_AT_OR_BELOW_5X_MEDIAN, and both counterparties are recognisable real businesses.",853,"SUCCESS","CPH","2026-08-02 00:58:29.951"
2092,"FULL_PIPELINE_V2","SAP_POST",5,"bl_id=5758","{""status"":""SUCCESS"",""sap_document"":""5000005758"",""bl_id"":5758}",752,"SUCCESS","CPH","2026-08-02 00:58:31.052"
2093,"FULL_PIPELINE_V2","AI_INVESTIGATE",2,"alert_id=63,severity=MEDIUM","AI decision=CLEAR | reason=Sanctions matches = 0, cost-per-kg band is NORMAL_AT_OR_BELOW_5X_MEDIAN, and both counterparties are recognisable real businesses.",4774,"SUCCESS","CPH","2026-08-02 00:58:36.234"
2094,"FULL_PIPELINE_V2","SANCTIONS_SCREEN",3,"Adidas Sourcing Ltd","Marketplace screening completed",194,"SUCCESS","CPH","2026-08-02 00:58:36.765"
2095,"FULL_PIPELINE_V2","AUTO_REMEDIATE",4,"alert_id=63,action=CLEAR (decided by AI)","Action executed: CLEAR | reason=Sanctions matches = 0, cost-per-kg band is NORMAL_AT_OR_BELOW_5X_MEDIAN, and both counterparties are recognisable real businesses.",836,"SUCCESS","CPH","2026-08-02 00:58:37.855"
2096,"FULL_PIPELINE_V2","SAP_POST",5,"bl_id=183","{""status"":""SUCCESS"",""sap_document"":""5000000183"",""bl_id"":183}",751,"SUCCESS","CPH","2026-08-02 00:58:38.954"
2097,"FULL_PIPELINE_V2","AI_INVESTIGATE",2,"alert_id=64,severity=MEDIUM","AI decision=CLEAR | reason=Sanctions matches = 0, cost-per-kg band is NORMAL_AT_OR_BELOW_5X_MEDIAN, and both counterparties are recognisable real businesses.",6508,"SUCCESS","CPH","2026-08-02 00:58:45.879"
2098,"FULL_PIPELINE_V2","SANCTIONS_SCREEN",3,"FPT Software","Marketplace screening completed",189,"SUCCESS","CPH","2026-08-02 00:58:46.404"
2099,"FULL_PIPELINE_V2","AUTO_REMEDIATE",4,"alert_id=64,action=CLEAR (decided by AI)","Action executed: CLEAR | reason=Sanctions matches = 0, cost-per-kg band is NORMAL_AT_OR_BELOW_5X_MEDIAN, and both counterparties are recognisable real businesses.",852,"SUCCESS","CPH","2026-08-02 00:58:47.566"
2100,"FULL_PIPELINE_V2","SAP_POST",5,"bl_id=2466","{""status"":""SUCCESS"",""sap_document"":""5000002466"",""bl_id"":2466}",795,"SUCCESS","CPH","2026-08-02 00:58:48.710"
2101,"FULL_PIPELINE_V2","DETECT_ANOMALIES",1,"BACKLOG,max_alerts=70","Scan completed",1172,"SUCCESS","CPH","2026-08-02 01:02:04.894"
2102,"FULL_PIPELINE_V2","AI_INVESTIGATE",2,"alert_id=65,severity=MEDIUM","AI decision=CLEAR | reason=Sanctions matches = 0, cost-per-kg band is NORMAL_AT_OR_BELOW_5X_MEDIAN, and both counterparties are recognisable real businesses.",4404,"SUCCESS","CPH","2026-08-02 01:02:09.850"
2103,"FULL_PIPELINE_V2","SANCTIONS_SCREEN",3,"ABC Electronics Vietnam","Marketplace screening completed",320,"SUCCESS","CPH","2026-08-02 01:02:10.993"
2104,"FULL_PIPELINE_V2","AUTO_REMEDIATE",4,"alert_id=65,action=CLEAR (decided by AI)","Action executed: CLEAR | reason=Sanctions matches = 0, cost-per-kg band is NORMAL_AT_OR_BELOW_5X_MEDIAN, and both counterparties are recognisable real businesses.",970,"SUCCESS","CPH","2026-08-02 01:02:12.282"
2105,"FULL_PIPELINE_V2","SAP_POST",5,"bl_id=9961","{""status"":""SUCCESS"",""sap_document"":""5000009961"",""bl_id"":9961}",864,"SUCCESS","CPH","2026-08-02 01:02:13.571"
2106,"FULL_PIPELINE_V2","AI_INVESTIGATE",2,"alert_id=66,severity=MEDIUM","AI decision=CLEAR | reason=Sanctions matches = 0, cost-per-kg band is NORMAL_AT_OR_BELOW_5X_MEDIAN, and both counterparties are recognisable real businesses.",4922,"SUCCESS","CPH","2026-08-02 01:02:18.985"
2107,"FULL_PIPELINE_V2","SANCTIONS_SCREEN",3,"Trung Nguyen Coffee","Marketplace screening completed",212,"SUCCESS","CPH","2026-08-02 01:02:19.530"
2108,"FULL_PIPELINE_V2","AUTO_REMEDIATE",4,"alert_id=66,action=CLEAR (decided by AI)","Action executed: CLEAR | reason=Sanctions matches = 0, cost-per-kg band is NORMAL_AT_OR_BELOW_5X_MEDIAN, and both counterparties are recognisable real businesses.",952,"SUCCESS","CPH","2026-08-02 01:02:20.746"
2109,"FULL_PIPELINE_V2","SAP_POST",5,"bl_id=9481","{""status"":""SUCCESS"",""sap_document"":""5000009481"",""bl_id"":9481}",787,"SUCCESS","CPH","2026-08-02 01:02:21.865"
2110,"FULL_PIPELINE_V2","AI_INVESTIGATE",2,"alert_id=67,severity=MEDIUM","AI decision=CLEAR | reason=Sanctions matches = 0, cost-per-kg band is NORMAL_AT_OR_BELOW_5X_MEDIAN, and both counterparties are recognisable real businesses.",5189,"SUCCESS","CPH","2026-08-02 01:02:27.472"
2111,"FULL_PIPELINE_V2","SANCTIONS_SCREEN",3,"Binh Tien Consumer","Marketplace screening completed",203,"SUCCESS","CPH","2026-08-02 01:02:28.028"
2112,"FULL_PIPELINE_V2","AUTO_REMEDIATE",4,"alert_id=67,action=CLEAR (decided by AI)","Action executed: CLEAR | reason=Sanctions matches = 0, cost-per-kg band is NORMAL_AT_OR_BELOW_5X_MEDIAN, and both counterparties are recognisable real businesses.",840,"SUCCESS","CPH","2026-08-02 01:02:29.162"
2113,"FULL_PIPELINE_V2","SAP_POST",5,"bl_id=3963","{""status"":""SUCCESS"",""sap_document"":""5000003963"",""bl_id"":3963}",814,"SUCCESS","CPH","2026-08-02 01:02:30.333"
2114,"FULL_PIPELINE_V2","AI_INVESTIGATE",2,"alert_id=68,severity=MEDIUM","AI decision=CLEAR | reason=Sanctions matches = 0, cost-per-kg band is NORMAL_AT_OR_BELOW_5X_MEDIAN, and both counterparties are recognisable real businesses.",20732,"SUCCESS","CPH","2026-08-02 01:02:51.480"
2115,"FULL_PIPELINE_V2","SANCTIONS_SCREEN",3,"Vinamilk Co Ltd","Marketplace screening completed",188,"SUCCESS","CPH","2026-08-02 01:02:52.009"
2116,"FULL_PIPELINE_V2","AUTO_REMEDIATE",4,"alert_id=68,action=CLEAR (decided by AI)","Action executed: CLEAR | reason=Sanctions matches = 0, cost-per-kg band is NORMAL_AT_OR_BELOW_5X_MEDIAN, and both counterparties are recognisable real businesses.",900,"SUCCESS","CPH","2026-08-02 01:02:53.202"
2117,"FULL_PIPELINE_V2","SAP_POST",5,"bl_id=2298","{""status"":""SUCCESS"",""sap_document"":""5000002298"",""bl_id"":2298}",838,"SUCCESS","CPH","2026-08-02 01:02:54.376"
2118,"FULL_PIPELINE_V2","AI_INVESTIGATE",2,"alert_id=69,severity=MEDIUM","AI decision=CLEAR | reason=Sanctions matches = 0, cost-per-kg band is NORMAL_AT_OR_BELOW_5X_MEDIAN, and both counterparties are recognisable real businesses.",5164,"SUCCESS","CPH","2026-08-02 01:02:59.932"
2119,"FULL_PIPELINE_V2","SANCTIONS_SCREEN",3,"Hoa Sen Group","Marketplace screening completed",252,"SUCCESS","CPH","2026-08-02 01:03:00.532"
2120,"FULL_PIPELINE_V2","AUTO_REMEDIATE",4,"alert_id=69,action=CLEAR (decided by AI)","Action executed: CLEAR | reason=Sanctions matches = 0, cost-per-kg band is NORMAL_AT_OR_BELOW_5X_MEDIAN, and both counterparties are recognisable real businesses.",898,"SUCCESS","CPH","2026-08-02 01:03:01.704"
2121,"FULL_PIPELINE_V2","SAP_POST",5,"bl_id=74","{""status"":""SUCCESS"",""sap_document"":""5000000074"",""bl_id"":74}",932,"SUCCESS","CPH","2026-08-02 01:03:03.004"
2122,"FULL_PIPELINE_V2","AI_INVESTIGATE",2,"alert_id=70,severity=MEDIUM","AI decision=CLEAR | reason=Sanctions matches = 0, cost-per-kg band is NORMAL_AT_OR_BELOW_5X_MEDIAN, and both counterparties are recognisable real businesses.",5078,"SUCCESS","CPH","2026-08-02 01:03:08.597"
2123,"FULL_PIPELINE_V2","SANCTIONS_SCREEN",3,"ABC Electronics Vietnam","Marketplace screening completed",310,"SUCCESS","CPH","2026-08-02 01:03:09.278"
2124,"FULL_PIPELINE_V2","AUTO_REMEDIATE",4,"alert_id=70,action=CLEAR (decided by AI)","Action executed: CLEAR | reason=Sanctions matches = 0, cost-per-kg band is NORMAL_AT_OR_BELOW_5X_MEDIAN, and both counterparties are recognisable real businesses.",880,"SUCCESS","CPH","2026-08-02 01:03:10.438"
2125,"FULL_PIPELINE_V2","SAP_POST",5,"bl_id=2163","{""status"":""SUCCESS"",""sap_document"":""5000002163"",""bl_id"":2163}",812,"SUCCESS","CPH","2026-08-02 01:03:11.587"
2126,"FULL_PIPELINE_V2","AI_INVESTIGATE",2,"alert_id=307,severity=MEDIUM","AI decision=CLEAR | reason=Sanctions matches = 0, cost-per-kg band is NORMAL_AT_OR_BELOW_5X_MEDIAN, and both counterparties are recognisable real businesses.",4704,"SUCCESS","CPH","2026-08-02 01:03:16.711"
2127,"FULL_PIPELINE_V2","SANCTIONS_SCREEN",3,"Vinamilk Co Ltd","Marketplace screening completed",186,"SUCCESS","CPH","2026-08-02 01:03:17.246"
2128,"FULL_PIPELINE_V2","AUTO_REMEDIATE",4,"alert_id=307,action=CLEAR (decided by AI)","Action executed: CLEAR | reason=Sanctions matches = 0, cost-per-kg band is NORMAL_AT_OR_BELOW_5X_MEDIAN, and both counterparties are recognisable real businesses.",849,"SUCCESS","CPH","2026-08-02 01:03:18.382"
2129,"FULL_PIPELINE_V2","SAP_POST",5,"bl_id=3560","{""status"":""SUCCESS"",""sap_document"":""5000003560"",""bl_id"":3560}",788,"SUCCESS","CPH","2026-08-02 01:03:19.537"
2130,"FULL_PIPELINE_V2","AI_INVESTIGATE",2,"alert_id=102,severity=MEDIUM","AI decision=CLEAR | reason=Sanctions matches = 0, cost-per-kg band is NORMAL_AT_OR_BELOW_5X_MEDIAN, and both counterparties are recognisable real businesses.",6463,"SUCCESS","CPH","2026-08-02 01:03:26.423"
2131,"FULL_PIPELINE_V2","SANCTIONS_SCREEN",3,"Foxconn Vietnam","Marketplace screening completed",201,"SUCCESS","CPH","2026-08-02 01:03:26.954"
2132,"FULL_PIPELINE_V2","AUTO_REMEDIATE",4,"alert_id=102,action=CLEAR (decided by AI)","Action executed: CLEAR | reason=Sanctions matches = 0, cost-per-kg band is NORMAL_AT_OR_BELOW_5X_MEDIAN, and both counterparties are recognisable real businesses.",850,"SUCCESS","CPH","2026-08-02 01:03:28.056"
2133,"FULL_PIPELINE_V2","SAP_POST",5,"bl_id=6035","{""status"":""SUCCESS"",""sap_document"":""5000006035"",""bl_id"":6035}",763,"SUCCESS","CPH","2026-08-02 01:03:29.169"
2134,"FULL_PIPELINE_V2","AI_INVESTIGATE",2,"alert_id=103,severity=MEDIUM","AI decision=CLEAR | reason=Sanctions matches = 0, cost-per-kg band is NORMAL_AT_OR_BELOW_5X_MEDIAN, and both counterparties are recognisable real businesses.",4970,"SUCCESS","CPH","2026-08-02 01:03:34.616"
2135,"FULL_PIPELINE_V2","SANCTIONS_SCREEN",3,"Hoa Sen Group","Marketplace screening completed",188,"SUCCESS","CPH","2026-08-02 01:03:35.159"
2136,"FULL_PIPELINE_V2","AUTO_REMEDIATE",4,"alert_id=103,action=CLEAR (decided by AI)","Action executed: CLEAR | reason=Sanctions matches = 0, cost-per-kg band is NORMAL_AT_OR_BELOW_5X_MEDIAN, and both counterparties are recognisable real businesses.",862,"SUCCESS","CPH","2026-08-02 01:03:36.322"
2137,"FULL_PIPELINE_V2","SAP_POST",5,"bl_id=2699","{""status"":""SUCCESS"",""sap_document"":""5000002699"",""bl_id"":2699}",755,"SUCCESS","CPH","2026-08-02 01:03:37.434"
2138,"FULL_PIPELINE_V2","AI_INVESTIGATE",2,"alert_id=104,severity=MEDIUM","AI decision=CLEAR | reason=Sanctions matches = 0, cost-per-kg band is NORMAL_AT_OR_BELOW_5X_MEDIAN, and both counterparties are recognisable real businesses.",6434,"SUCCESS","CPH","2026-08-02 01:03:44.294"
2139,"FULL_PIPELINE_V2","SANCTIONS_SCREEN",3,"Intel Products Vietnam","Marketplace screening completed",210,"SUCCESS","CPH","2026-08-02 01:03:44.861"
2140,"FULL_PIPELINE_V2","AUTO_REMEDIATE",4,"alert_id=104,action=CLEAR (decided by AI)","Action executed: CLEAR | reason=Sanctions matches = 0, cost-per-kg band is NORMAL_AT_OR_BELOW_5X_MEDIAN, and both counterparties are recognisable real businesses.",885,"SUCCESS","CPH","2026-08-02 01:03:45.992"
2141,"FULL_PIPELINE_V2","SAP_POST",5,"bl_id=2380","{""status"":""SUCCESS"",""sap_document"":""5000002380"",""bl_id"":2380}",770,"SUCCESS","CPH","2026-08-02 01:03:47.142"
2142,"FULL_PIPELINE_V2","AI_INVESTIGATE",2,"alert_id=105,severity=MEDIUM","AI decision=CLEAR | reason=Sanctions matches = 0, cost-per-kg band is NORMAL_AT_OR_BELOW_5X_MEDIAN, and both counterparties are recognisable real businesses.",6382,"SUCCESS","CPH","2026-08-02 01:03:53.924"
2143,"FULL_PIPELINE_V2","SANCTIONS_SCREEN",3,"Samsung Vietnam","Marketplace screening completed",186,"SUCCESS","CPH","2026-08-02 01:03:54.436"
2144,"FULL_PIPELINE_V2","AUTO_REMEDIATE",4,"alert_id=105,action=CLEAR (decided by AI)","Action executed: CLEAR | reason=Sanctions matches = 0, cost-per-kg band is NORMAL_AT_OR_BELOW_5X_MEDIAN, and both counterparties are recognisable real businesses.",857,"SUCCESS","CPH","2026-08-02 01:03:55.554"
2145,"FULL_PIPELINE_V2","SAP_POST",5,"bl_id=3090","{""status"":""SUCCESS"",""sap_document"":""5000003090"",""bl_id"":3090}",785,"SUCCESS","CPH","2026-08-02 01:03:56.695"
2146,"FULL_PIPELINE_V2","AI_INVESTIGATE",2,"alert_id=106,severity=MEDIUM","AI decision=CLEAR | reason=Sanctions matches = 0, cost-per-kg band is NORMAL_AT_OR_BELOW_5X_MEDIAN, and both counterparties are recognisable real businesses.",6553,"SUCCESS","CPH","2026-08-02 01:04:03.674"
2147,"FULL_PIPELINE_V2","SANCTIONS_SCREEN",3,"FPT Software","Marketplace screening completed",196,"SUCCESS","CPH","2026-08-02 01:04:04.235"
2148,"FULL_PIPELINE_V2","AUTO_REMEDIATE",4,"alert_id=106,action=CLEAR (decided by AI)","Action executed: CLEAR | reason=Sanctions matches = 0, cost-per-kg band is NORMAL_AT_OR_BELOW_5X_MEDIAN, and both counterparties are recognisable real businesses.",842,"SUCCESS","CPH","2026-08-02 01:04:05.318"
2149,"FULL_PIPELINE_V2","SAP_POST",5,"bl_id=653","{""status"":""SUCCESS"",""sap_document"":""5000000653"",""bl_id"":653}",765,"SUCCESS","CPH","2026-08-02 01:04:06.427"
2150,"FULL_PIPELINE_V2","AI_INVESTIGATE",2,"alert_id=107,severity=MEDIUM","AI decision=CLEAR | reason=Sanctions matches = 0, cost-per-kg band is NORMAL_AT_OR_BELOW_5X_MEDIAN, and both counterparties are recognisable real businesses.",4563,"SUCCESS","CPH","2026-08-02 01:04:11.388"
2151,"FULL_PIPELINE_V2","SANCTIONS_SCREEN",3,"Toyota Vietnam","Marketplace screening completed",196,"SUCCESS","CPH","2026-08-02 01:04:11.935"
2152,"FULL_PIPELINE_V2","AUTO_REMEDIATE",4,"alert_id=107,action=CLEAR (decided by AI)","Action executed: CLEAR | reason=Sanctions matches = 0, cost-per-kg band is NORMAL_AT_OR_BELOW_5X_MEDIAN, and both counterparties are recognisable real businesses.",854,"SUCCESS","CPH","2026-08-02 01:04:13.049"
2153,"FULL_PIPELINE_V2","SAP_POST",5,"bl_id=9030","{""status"":""SUCCESS"",""sap_document"":""5000009030"",""bl_id"":9030}",746,"SUCCESS","CPH","2026-08-02 01:04:14.156"
2154,"FULL_PIPELINE_V2","AI_INVESTIGATE",2,"alert_id=108,severity=MEDIUM","AI decision=CLEAR | reason=Sanctions matches = 0, cost-per-kg band is NORMAL_AT_OR_BELOW_5X_MEDIAN, and both counterparties are recognisable real businesses.",4829,"SUCCESS","CPH","2026-08-02 01:04:19.398"
2155,"FULL_PIPELINE_V2","SANCTIONS_SCREEN",3,"Tan Hiep Phat","Marketplace screening completed",196,"SUCCESS","CPH","2026-08-02 01:04:19.925"
2156,"FULL_PIPELINE_V2","AUTO_REMEDIATE",4,"alert_id=108,action=CLEAR (decided by AI)","Action executed: CLEAR | reason=Sanctions matches = 0, cost-per-kg band is NORMAL_AT_OR_BELOW_5X_MEDIAN, and both counterparties are recognisable real businesses.",850,"SUCCESS","CPH","2026-08-02 01:04:21.050"
2157,"FULL_PIPELINE_V2","SAP_POST",5,"bl_id=862","{""status"":""SUCCESS"",""sap_document"":""5000000862"",""bl_id"":862}",786,"SUCCESS","CPH","2026-08-02 01:04:22.196"
2158,"FULL_PIPELINE_V2","AI_INVESTIGATE",2,"alert_id=109,severity=MEDIUM","AI decision=CLEAR | reason=Sanctions matches = 0, cost-per-kg band is NORMAL_AT_OR_BELOW_5X_MEDIAN, and both counterparties are recognisable real businesses.",27107,"SUCCESS","CPH","2026-08-02 01:04:49.709"
2159,"FULL_PIPELINE_V2","SANCTIONS_SCREEN",3,"Vinamilk Co Ltd","Marketplace screening completed",203,"SUCCESS","CPH","2026-08-02 01:04:50.253"
2160,"FULL_PIPELINE_V2","AUTO_REMEDIATE",4,"alert_id=109,action=CLEAR (decided by AI)","Action executed: CLEAR | reason=Sanctions matches = 0, cost-per-kg band is NORMAL_AT_OR_BELOW_5X_MEDIAN, and both counterparties are recognisable real businesses.",910,"SUCCESS","CPH","2026-08-02 01:04:51.459"
2161,"FULL_PIPELINE_V2","SAP_POST",5,"bl_id=8701","{""status"":""SUCCESS"",""sap_document"":""5000008701"",""bl_id"":8701}",801,"SUCCESS","CPH","2026-08-02 01:04:52.617"
2162,"FULL_PIPELINE_V2","AI_INVESTIGATE",2,"alert_id=110,severity=MEDIUM","AI decision=CLEAR | reason=Sanctions matches = 0, cost-per-kg band is NORMAL_AT_OR_BELOW_5X_MEDIAN, and both counterparties are recognisable real businesses.",4568,"SUCCESS","CPH","2026-08-02 01:04:57.600"
2163,"FULL_PIPELINE_V2","SANCTIONS_SCREEN",3,"ABC Electronics Vietnam","Marketplace screening completed",193,"SUCCESS","CPH","2026-08-02 01:04:58.139"
2164,"FULL_PIPELINE_V2","AUTO_REMEDIATE",4,"alert_id=110,action=CLEAR (decided by AI)","Action executed: CLEAR | reason=Sanctions matches = 0, cost-per-kg band is NORMAL_AT_OR_BELOW_5X_MEDIAN, and both counterparties are recognisable real businesses.",850,"SUCCESS","CPH","2026-08-02 01:04:59.241"
2165,"FULL_PIPELINE_V2","SAP_POST",5,"bl_id=1651","{""status"":""SUCCESS"",""sap_document"":""5000001651"",""bl_id"":1651}",783,"SUCCESS","CPH","2026-08-02 01:05:00.360"
2166,"FULL_PIPELINE_V2","AI_INVESTIGATE",2,"alert_id=111,severity=MEDIUM","AI decision=CLEAR | reason=Sanctions matches = 0, cost-per-kg band is NORMAL_AT_OR_BELOW_5X_MEDIAN, and both counterparties are recognisable real businesses.",7228,"SUCCESS","CPH","2026-08-02 01:05:08.183"
2167,"FULL_PIPELINE_V2","SANCTIONS_SCREEN",3,"Viglacera Corp","Marketplace screening completed",190,"SUCCESS","CPH","2026-08-02 01:05:09.198"
2168,"FULL_PIPELINE_V2","AUTO_REMEDIATE",4,"alert_id=111,action=CLEAR (decided by AI)","Action executed: CLEAR | reason=Sanctions matches = 0, cost-per-kg band is NORMAL_AT_OR_BELOW_5X_MEDIAN, and both counterparties are recognisable real businesses.",912,"SUCCESS","CPH","2026-08-02 01:05:10.422"
2169,"FULL_PIPELINE_V2","SAP_POST",5,"bl_id=2478","{""status"":""SUCCESS"",""sap_document"":""5000002478"",""bl_id"":2478}",811,"SUCCESS","CPH","2026-08-02 01:05:11.590"
2170,"FULL_PIPELINE_V2","AI_INVESTIGATE",2,"alert_id=112,severity=MEDIUM","AI decision=CLEAR | reason=Sanctions matches = 0, cost-per-kg band is NORMAL_AT_OR_BELOW_5X_MEDIAN, and both counterparties are recognisable real businesses.",6613,"SUCCESS","CPH","2026-08-02 01:05:18.630"
2171,"FULL_PIPELINE_V2","SANCTIONS_SCREEN",3,"Honda Vietnam","Marketplace screening completed",187,"SUCCESS","CPH","2026-08-02 01:05:19.166"
2172,"FULL_PIPELINE_V2","AUTO_REMEDIATE",4,"alert_id=112,action=CLEAR (decided by AI)","Action executed: CLEAR | reason=Sanctions matches = 0, cost-per-kg band is NORMAL_AT_OR_BELOW_5X_MEDIAN, and both counterparties are recognisable real businesses.",849,"SUCCESS","CPH","2026-08-02 01:05:20.297"
2173,"FULL_PIPELINE_V2","SAP_POST",5,"bl_id=8612","{""status"":""SUCCESS"",""sap_document"":""5000008612"",""bl_id"":8612}",855,"SUCCESS","CPH","2026-08-02 01:05:21.514"
2174,"FULL_PIPELINE_V2","AI_INVESTIGATE",2,"alert_id=113,severity=MEDIUM","AI decision=CLEAR | reason=Sanctions matches = 0, cost-per-kg band is NORMAL_AT_OR_BELOW_5X_MEDIAN, and both counterparties are recognisable real businesses.",5004,"SUCCESS","CPH","2026-08-02 01:05:26.991"
2175,"FULL_PIPELINE_V2","SANCTIONS_SCREEN",3,"Panasonic Vietnam","Marketplace screening completed",312,"SUCCESS","CPH","2026-08-02 01:05:27.742"
2176,"FULL_PIPELINE_V2","AUTO_REMEDIATE",4,"alert_id=113,action=CLEAR (decided by AI)","Action executed: CLEAR | reason=Sanctions matches = 0, cost-per-kg band is NORMAL_AT_OR_BELOW_5X_MEDIAN, and both counterparties are recognisable real businesses.",1107,"SUCCESS","CPH","2026-08-02 01:05:29.168"
2177,"FULL_PIPELINE_V2","SAP_POST",5,"bl_id=9950","{""status"":""SUCCESS"",""sap_document"":""5000009950"",""bl_id"":9950}",1015,"SUCCESS","CPH","2026-08-02 01:05:30.644"
2178,"FULL_PIPELINE_V2","AI_INVESTIGATE",2,"alert_id=114,severity=MEDIUM","AI decision=CLEAR | reason=Sanctions matches = 0, cost-per-kg band is NORMAL_AT_OR_BELOW_5X_MEDIAN, and both counterparties are recognisable real businesses.",11790,"SUCCESS","CPH","2026-08-02 01:05:43.808"
2179,"FULL_PIPELINE_V2","SANCTIONS_SCREEN",3,"Canon Vietnam","Marketplace screening completed",389,"SUCCESS","CPH","2026-08-02 01:05:44.730"
2180,"FULL_PIPELINE_V2","AUTO_REMEDIATE",4,"alert_id=114,action=CLEAR (decided by AI)","Action executed: CLEAR | reason=Sanctions matches = 0, cost-per-kg band is NORMAL_AT_OR_BELOW_5X_MEDIAN, and both counterparties are recognisable real businesses.",1399,"SUCCESS","CPH","2026-08-02 01:05:46.594"
2181,"FULL_PIPELINE_V2","SAP_POST",5,"bl_id=8822","{""status"":""SUCCESS"",""sap_document"":""5000008822"",""bl_id"":8822}",1065,"SUCCESS","CPH","2026-08-02 01:05:48.152"
2182,"FULL_PIPELINE_V2","AI_INVESTIGATE",2,"alert_id=115,severity=MEDIUM","AI decision=CLEAR | reason=Sanctions matches = 0, cost-per-kg band is NORMAL_AT_OR_BELOW_5X_MEDIAN, and both counterparties are recognisable real businesses.",37207,"SUCCESS","CPH","2026-08-02 01:06:25.825"
2183,"FULL_PIPELINE_V2","SANCTIONS_SCREEN",3,"Toyota Vietnam","Marketplace screening completed",194,"SUCCESS","CPH","2026-08-02 01:06:26.372"
2184,"FULL_PIPELINE_V2","AUTO_REMEDIATE",4,"alert_id=115,action=CLEAR (decided by AI)","Action executed: CLEAR | reason=Sanctions matches = 0, cost-per-kg band is NORMAL_AT_OR_BELOW_5X_MEDIAN, and both counterparties are recognisable real businesses.",866,"SUCCESS","CPH","2026-08-02 01:06:27.534"
2185,"FULL_PIPELINE_V2","SAP_POST",5,"bl_id=5863","{""status"":""SUCCESS"",""sap_document"":""5000005863"",""bl_id"":5863}",789,"SUCCESS","CPH","2026-08-02 01:06:28.671"
2186,"FULL_PIPELINE_V2","AI_INVESTIGATE",2,"alert_id=116,severity=MEDIUM","AI decision=CLEAR | reason=Sanctions matches = 0, cost-per-kg band is NORMAL_AT_OR_BELOW_5X_MEDIAN, and both counterparties are recognisable real businesses.",4833,"SUCCESS","CPH","2026-08-02 01:06:34.687"
2187,"FULL_PIPELINE_V2","SANCTIONS_SCREEN",3,"ABC Electronics Vietnam","Marketplace screening completed",193,"SUCCESS","CPH","2026-08-02 01:06:35.234"
2188,"FULL_PIPELINE_V2","AUTO_REMEDIATE",4,"alert_id=116,action=CLEAR (decided by AI)","Action executed: CLEAR | reason=Sanctions matches = 0, cost-per-kg band is NORMAL_AT_OR_BELOW_5X_MEDIAN, and both counterparties are recognisable real businesses.",866,"SUCCESS","CPH","2026-08-02 01:06:36.340"
2189,"FULL_PIPELINE_V2","SAP_POST",5,"bl_id=2714","{""status"":""SUCCESS"",""sap_document"":""5000002714"",""bl_id"":2714}",800,"SUCCESS","CPH","2026-08-02 01:06:37.493"
2190,"FULL_PIPELINE_V2","AI_INVESTIGATE",2,"alert_id=117,severity=MEDIUM","AI decision=CLEAR | reason=Sanctions matches = 0, cost-per-kg band is NORMAL_AT_OR_BELOW_5X_MEDIAN, and both counterparties are recognisable real businesses.",22220,"SUCCESS","CPH","2026-08-02 01:07:00.151"
2191,"FULL_PIPELINE_V2","SANCTIONS_SCREEN",3,"Viglacera Corp","Marketplace screening completed",462,"SUCCESS","CPH","2026-08-02 01:07:01.021"
2192,"FULL_PIPELINE_V2","AUTO_REMEDIATE",4,"alert_id=117,action=CLEAR (decided by AI)","Action executed: CLEAR | reason=Sanctions matches = 0, cost-per-kg band is NORMAL_AT_OR_BELOW_5X_MEDIAN, and both counterparties are recognisable real businesses.",1325,"SUCCESS","CPH","2026-08-02 01:07:02.710"
2193,"FULL_PIPELINE_V2","SAP_POST",5,"bl_id=1688","{""status"":""SUCCESS"",""sap_document"":""5000001688"",""bl_id"":1688}",961,"SUCCESS","CPH","2026-08-02 01:07:04.145"
2194,"FULL_PIPELINE_V2","AI_INVESTIGATE",2,"alert_id=118,severity=MEDIUM","AI decision=CLEAR | reason=Sanctions matches = 0, cost-per-kg band is NORMAL_AT_OR_BELOW_5X_MEDIAN, and both counterparties are recognisable real businesses.",4678,"SUCCESS","CPH","2026-08-02 01:07:09.292"
2195,"FULL_PIPELINE_V2","SANCTIONS_SCREEN",3,"Panasonic Vietnam","Marketplace screening completed",266,"SUCCESS","CPH","2026-08-02 01:07:09.938"
2196,"FULL_PIPELINE_V2","AUTO_REMEDIATE",4,"alert_id=118,action=CLEAR (decided by AI)","Action executed: CLEAR | reason=Sanctions matches = 0, cost-per-kg band is NORMAL_AT_OR_BELOW_5X_MEDIAN, and both counterparties are recognisable real businesses.",997,"SUCCESS","CPH","2026-08-02 01:07:11.210"
2197,"FULL_PIPELINE_V2","SAP_POST",5,"bl_id=875","{""status"":""SUCCESS"",""sap_document"":""5000000875"",""bl_id"":875}",1501,"SUCCESS","CPH","2026-08-02 01:07:13.136"
2198,"FULL_PIPELINE_V2","AI_INVESTIGATE",2,"alert_id=119,severity=MEDIUM","AI decision=CLEAR | reason=Sanctions matches = 0, cost-per-kg band is NORMAL_AT_OR_BELOW_5X_MEDIAN, and both counterparties are recognisable real businesses.",5925,"SUCCESS","CPH","2026-08-02 01:07:19.648"
2199,"FULL_PIPELINE_V2","SANCTIONS_SCREEN",3,"LG Display Vietnam","Marketplace screening completed",691,"SUCCESS","CPH","2026-08-02 01:07:21.159"
2200,"FULL_PIPELINE_V2","AUTO_REMEDIATE",4,"alert_id=119,action=CLEAR (decided by AI)","Action executed: CLEAR | reason=Sanctions matches = 0, cost-per-kg band is NORMAL_AT_OR_BELOW_5X_MEDIAN, and both counterparties are recognisable real businesses.",1394,"SUCCESS","CPH","2026-08-02 01:07:22.994"
2201,"FULL_PIPELINE_V2","SAP_POST",5,"bl_id=9199","{""status"":""SUCCESS"",""sap_document"":""5000009199"",""bl_id"":9199}",1105,"SUCCESS","CPH","2026-08-02 01:07:24.523"
2202,"FULL_PIPELINE_V2","AI_INVESTIGATE",2,"alert_id=120,severity=MEDIUM","AI decision=CLEAR | reason=Sanctions matches = 0, cost-per-kg band is NORMAL_AT_OR_BELOW_5X_MEDIAN, and both counterparties are recognisable real businesses.",24303,"SUCCESS","CPH","2026-08-02 01:07:49.232"
2203,"FULL_PIPELINE_V2","SANCTIONS_SCREEN",3,"LG Display Vietnam","Marketplace screening completed",195,"SUCCESS","CPH","2026-08-02 01:07:49.813"
2204,"FULL_PIPELINE_V2","AUTO_REMEDIATE",4,"alert_id=120,action=CLEAR (decided by AI)","Action executed: CLEAR | reason=Sanctions matches = 0, cost-per-kg band is NORMAL_AT_OR_BELOW_5X_MEDIAN, and both counterparties are recognisable real businesses.",853,"SUCCESS","CPH","2026-08-02 01:07:50.936"
2205,"FULL_PIPELINE_V2","SAP_POST",5,"bl_id=5231","{""status"":""SUCCESS"",""sap_document"":""5000005231"",""bl_id"":5231}",786,"SUCCESS","CPH","2026-08-02 01:07:52.045"
2206,"FULL_PIPELINE_V2","AI_INVESTIGATE",2,"alert_id=121,severity=MEDIUM","AI decision=CLEAR | reason=Sanctions matches = 0, cost-per-kg band is NORMAL_AT_OR_BELOW_5X_MEDIAN, and both counterparties are recognisable real businesses.",6702,"SUCCESS","CPH","2026-08-02 01:07:59.141"
2207,"FULL_PIPELINE_V2","SANCTIONS_SCREEN",3,"Binh Tien Consumer","Marketplace screening completed",199,"SUCCESS","CPH","2026-08-02 01:07:59.696"
2208,"FULL_PIPELINE_V2","AUTO_REMEDIATE",4,"alert_id=121,action=CLEAR (decided by AI)","Action executed: CLEAR | reason=Sanctions matches = 0, cost-per-kg band is NORMAL_AT_OR_BELOW_5X_MEDIAN, and both counterparties are recognisable real businesses.",963,"SUCCESS","CPH","2026-08-02 01:08:00.912"
2209,"FULL_PIPELINE_V2","SAP_POST",5,"bl_id=1291","{""status"":""SUCCESS"",""sap_document"":""5000001291"",""bl_id"":1291}",878,"SUCCESS","CPH","2026-08-02 01:08:02.156"
2210,"FULL_PIPELINE_V2","AI_INVESTIGATE",2,"alert_id=122,severity=MEDIUM","AI decision=CLEAR | reason=Sanctions matches = 0, cost-per-kg band is NORMAL_AT_OR_BELOW_5X_MEDIAN, and both counterparties are recognisable real businesses.",23720,"SUCCESS","CPH","2026-08-02 01:08:26.301"
2211,"FULL_PIPELINE_V2","SANCTIONS_SCREEN",3,"Intel Products Vietnam","Marketplace screening completed",192,"SUCCESS","CPH","2026-08-02 01:08:26.807"
2212,"FULL_PIPELINE_V2","AUTO_REMEDIATE",4,"alert_id=122,action=CLEAR (decided by AI)","Action executed: CLEAR | reason=Sanctions matches = 0, cost-per-kg band is NORMAL_AT_OR_BELOW_5X_MEDIAN, and both counterparties are recognisable real businesses.",859,"SUCCESS","CPH","2026-08-02 01:08:27.966"
2213,"FULL_PIPELINE_V2","SAP_POST",5,"bl_id=7200","{""status"":""SUCCESS"",""sap_document"":""5000007200"",""bl_id"":7200}",775,"SUCCESS","CPH","2026-08-02 01:08:29.081"
2214,"FULL_PIPELINE_V2","AI_INVESTIGATE",2,"alert_id=123,severity=MEDIUM","AI decision=CLEAR | reason=Sanctions matches = 0, cost-per-kg band is NORMAL_AT_OR_BELOW_5X_MEDIAN, and both counterparties are recognisable real businesses.",5101,"SUCCESS","CPH","2026-08-02 01:08:34.574"
2215,"FULL_PIPELINE_V2","SANCTIONS_SCREEN",3,"Toyota Vietnam","Marketplace screening completed",192,"SUCCESS","CPH","2026-08-02 01:08:35.104"
2216,"FULL_PIPELINE_V2","AUTO_REMEDIATE",4,"alert_id=123,action=CLEAR (decided by AI)","Action executed: CLEAR | reason=Sanctions matches = 0, cost-per-kg band is NORMAL_AT_OR_BELOW_5X_MEDIAN, and both counterparties are recognisable real businesses.",834,"SUCCESS","CPH","2026-08-02 01:08:36.177"
2217,"FULL_PIPELINE_V2","SAP_POST",5,"bl_id=9153","{""status"":""SUCCESS"",""sap_document"":""5000009153"",""bl_id"":9153}",755,"SUCCESS","CPH","2026-08-02 01:08:37.274"
2218,"FULL_PIPELINE_V2","AI_INVESTIGATE",2,"alert_id=124,severity=MEDIUM","AI decision=CLEAR | reason=Sanctions matches = 0, cost-per-kg band is NORMAL_AT_OR_BELOW_5X_MEDIAN, and both counterparties are recognisable real businesses.",5876,"SUCCESS","CPH","2026-08-02 01:08:43.548"
2219,"FULL_PIPELINE_V2","SANCTIONS_SCREEN",3,"Binh Tien Consumer","Marketplace screening completed",190,"SUCCESS","CPH","2026-08-02 01:08:44.057"
2220,"FULL_PIPELINE_V2","AUTO_REMEDIATE",4,"alert_id=124,action=CLEAR (decided by AI)","Action executed: CLEAR | reason=Sanctions matches = 0, cost-per-kg band is NORMAL_AT_OR_BELOW_5X_MEDIAN, and both counterparties are recognisable real businesses.",837,"SUCCESS","CPH","2026-08-02 01:08:45.150"
2221,"FULL_PIPELINE_V2","SAP_POST",5,"bl_id=3303","{""status"":""SUCCESS"",""sap_document"":""5000003303"",""bl_id"":3303}",798,"SUCCESS","CPH","2026-08-02 01:08:46.302"
2222,"FULL_PIPELINE_V2","AI_INVESTIGATE",2,"alert_id=125,severity=MEDIUM","AI decision=CLEAR | reason=Sanctions matches = 0, cost-per-kg band is NORMAL_AT_OR_BELOW_5X_MEDIAN, and both counterparties are recognisable real businesses.",5640,"SUCCESS","CPH","2026-08-02 01:08:52.343"
2223,"FULL_PIPELINE_V2","SANCTIONS_SCREEN",3,"Samsung Vietnam","Marketplace screening completed",184,"SUCCESS","CPH","2026-08-02 01:08:52.847"
2224,"FULL_PIPELINE_V2","AUTO_REMEDIATE",4,"alert_id=125,action=CLEAR (decided by AI)","Action executed: CLEAR | reason=Sanctions matches = 0, cost-per-kg band is NORMAL_AT_OR_BELOW_5X_MEDIAN, and both counterparties are recognisable real businesses.",848,"SUCCESS","CPH","2026-08-02 01:08:53.949"
2225,"FULL_PIPELINE_V2","SAP_POST",5,"bl_id=5022","{""status"":""SUCCESS"",""sap_document"":""5000005022"",""bl_id"":5022}",729,"SUCCESS","CPH","2026-08-02 01:08:55.058"
2226,"FULL_PIPELINE_V2","AI_INVESTIGATE",2,"alert_id=126,severity=MEDIUM","AI decision=CLEAR | reason=Sanctions matches = 0, cost-per-kg band is NORMAL_AT_OR_BELOW_5X_MEDIAN, and both counterparties are recognisable real businesses.",4891,"SUCCESS","CPH","2026-08-02 01:09:00.351"
2227,"FULL_PIPELINE_V2","SANCTIONS_SCREEN",3,"Samsung Vietnam","Marketplace screening completed",246,"SUCCESS","CPH","2026-08-02 01:09:01.038"
2228,"FULL_PIPELINE_V2","AUTO_REMEDIATE",4,"alert_id=126,action=CLEAR (decided by AI)","Action executed: CLEAR | reason=Sanctions matches = 0, cost-per-kg band is NORMAL_AT_OR_BELOW_5X_MEDIAN, and both counterparties are recognisable real businesses.",1072,"SUCCESS","CPH","2026-08-02 01:09:02.428"
2229,"FULL_PIPELINE_V2","SAP_POST",5,"bl_id=5815","{""status"":""SUCCESS"",""sap_document"":""5000005815"",""bl_id"":5815}",782,"SUCCESS","CPH","2026-08-02 01:09:03.556"
2230,"FULL_PIPELINE_V2","AI_INVESTIGATE",2,"alert_id=127,severity=MEDIUM","AI decision=CLEAR | reason=Sanctions matches = 0, cost-per-kg band is NORMAL_AT_OR_BELOW_5X_MEDIAN, and both counterparties are recognisable real businesses.",9414,"SUCCESS","CPH","2026-08-02 01:09:13.370"
2231,"FULL_PIPELINE_V2","SANCTIONS_SCREEN",3,"Toyota Vietnam","Marketplace screening completed",239,"SUCCESS","CPH","2026-08-02 01:09:13.948"
2232,"FULL_PIPELINE_V2","AUTO_REMEDIATE",4,"alert_id=127,action=CLEAR (decided by AI)","Action executed: CLEAR | reason=Sanctions matches = 0, cost-per-kg band is NORMAL_AT_OR_BELOW_5X_MEDIAN, and both counterparties are recognisable real businesses.",1216,"SUCCESS","CPH","2026-08-02 01:09:15.403"
2233,"FULL_PIPELINE_V2","SAP_POST",5,"bl_id=3874","{""status"":""SUCCESS"",""sap_document"":""5000003874"",""bl_id"":3874}",745,"SUCCESS","CPH","2026-08-02 01:09:16.584"
2234,"FULL_PIPELINE_V2","AI_INVESTIGATE",2,"alert_id=128,severity=MEDIUM","AI decision=CLEAR | reason=Sanctions matches = 0, cost-per-kg band is NORMAL_AT_OR_BELOW_5X_MEDIAN, and both counterparties are recognisable real businesses.",8655,"SUCCESS","CPH","2026-08-02 01:09:25.643"
2235,"FULL_PIPELINE_V2","SANCTIONS_SCREEN",3,"Vinamilk Co Ltd","Marketplace screening completed",189,"SUCCESS","CPH","2026-08-02 01:09:26.168"
2236,"FULL_PIPELINE_V2","AUTO_REMEDIATE",4,"alert_id=128,action=CLEAR (decided by AI)","Action executed: CLEAR | reason=Sanctions matches = 0, cost-per-kg band is NORMAL_AT_OR_BELOW_5X_MEDIAN, and both counterparties are recognisable real businesses.",831,"SUCCESS","CPH","2026-08-02 01:09:27.256"
2237,"FULL_PIPELINE_V2","SAP_POST",5,"bl_id=2","{""status"":""SUCCESS"",""sap_document"":""5000000002"",""bl_id"":2}",786,"SUCCESS","CPH","2026-08-02 01:09:28.387"
2238,"FULL_PIPELINE_V2","AI_INVESTIGATE",2,"alert_id=129,severity=MEDIUM","AI decision=CLEAR | reason=Sanctions matches = 0, cost-per-kg band is NORMAL_AT_OR_BELOW_5X_MEDIAN, and both counterparties are recognisable real businesses.",4259,"SUCCESS","CPH","2026-08-02 01:09:33.070"
2239,"FULL_PIPELINE_V2","SANCTIONS_SCREEN",3,"Toyota Vietnam","Marketplace screening completed",176,"SUCCESS","CPH","2026-08-02 01:09:33.558"
2240,"FULL_PIPELINE_V2","AUTO_REMEDIATE",4,"alert_id=129,action=CLEAR (decided by AI)","Action executed: CLEAR | reason=Sanctions matches = 0, cost-per-kg band is NORMAL_AT_OR_BELOW_5X_MEDIAN, and both counterparties are recognisable real businesses.",809,"SUCCESS","CPH","2026-08-02 01:09:34.603"
2241,"FULL_PIPELINE_V2","SAP_POST",5,"bl_id=3120","{""status"":""SUCCESS"",""sap_document"":""5000003120"",""bl_id"":3120}",703,"SUCCESS","CPH","2026-08-02 01:09:35.633"
2242,"FULL_PIPELINE_V2","AI_INVESTIGATE",2,"alert_id=130,severity=MEDIUM","AI decision=CLEAR | reason=Sanctions matches = 0, cost-per-kg band is NORMAL_AT_OR_BELOW_5X_MEDIAN, and both counterparties are recognisable real businesses.",32423,"SUCCESS","CPH","2026-08-02 01:10:08.463"
2243,"FULL_PIPELINE_V2","SANCTIONS_SCREEN",3,"Viglacera Corp","Marketplace screening completed",255,"SUCCESS","CPH","2026-08-02 01:10:09.057"
2244,"FULL_PIPELINE_V2","AUTO_REMEDIATE",4,"alert_id=130,action=CLEAR (decided by AI)","Action executed: CLEAR | reason=Sanctions matches = 0, cost-per-kg band is NORMAL_AT_OR_BELOW_5X_MEDIAN, and both counterparties are recognisable real businesses.",899,"SUCCESS","CPH","2026-08-02 01:10:10.247"
2245,"FULL_PIPELINE_V2","SAP_POST",5,"bl_id=1984","{""status"":""SUCCESS"",""sap_document"":""5000001984"",""bl_id"":1984}",793,"SUCCESS","CPH","2026-08-02 01:10:11.462"
2246,"FULL_PIPELINE_V2","AI_INVESTIGATE",2,"alert_id=131,severity=MEDIUM","AI decision=CLEAR | reason=Cost per kg is within normal range ($0.1325, 0.52x the peer median) and no sanctions matches (0).",5099,"SUCCESS","CPH","2026-08-02 01:10:16.958"
2247,"FULL_PIPELINE_V2","SANCTIONS_SCREEN",3,"Canon Vietnam","Marketplace screening completed",202,"SUCCESS","CPH","2026-08-02 01:10:17.490"
2248,"FULL_PIPELINE_V2","AUTO_REMEDIATE",4,"alert_id=131,action=CLEAR (decided by AI)","Action executed: CLEAR | reason=Cost per kg is within normal range ($0.1325, 0.52x the peer median) and no sanctions matches (0).",930,"SUCCESS","CPH","2026-08-02 01:10:18.711"
2249,"FULL_PIPELINE_V2","SAP_POST",5,"bl_id=433","{""status"":""SUCCESS"",""sap_document"":""5000000433"",""bl_id"":433}",783,"SUCCESS","CPH","2026-08-02 01:10:19.844"
2250,"FULL_PIPELINE_V2","AI_INVESTIGATE",2,"alert_id=132,severity=MEDIUM","AI decision=CLEAR | reason=Sanctions matches = 0, cost-per-kg band is NORMAL_AT_OR_BELOW_5X_MEDIAN, and both counterparties are recognizable real businesses.",5938,"SUCCESS","CPH","2026-08-02 01:10:26.162"
2251,"FULL_PIPELINE_V2","SANCTIONS_SCREEN",3,"Adidas Sourcing Ltd","Marketplace screening completed",218,"SUCCESS","CPH","2026-08-02 01:10:26.728"
2252,"FULL_PIPELINE_V2","AUTO_REMEDIATE",4,"alert_id=132,action=CLEAR (decided by AI)","Action executed: CLEAR | reason=Sanctions matches = 0, cost-per-kg band is NORMAL_AT_OR_BELOW_5X_MEDIAN, and both counterparties are recognizable real businesses.",867,"SUCCESS","CPH","2026-08-02 01:10:27.853"
2253,"FULL_PIPELINE_V2","SAP_POST",5,"bl_id=6457","{""status"":""SUCCESS"",""sap_document"":""5000006457"",""bl_id"":6457}",802,"SUCCESS","CPH","2026-08-02 01:10:29.008"
2254,"FULL_PIPELINE_V2","AI_INVESTIGATE",2,"alert_id=133,severity=MEDIUM","AI decision=CLEAR | reason=Sanctions matches = 0, cost-per-kg band is NORMAL_AT_OR_BELOW_5X_MEDIAN, and both counterparties are recognisable real businesses.",4929,"SUCCESS","CPH","2026-08-02 01:10:34.344"
2255,"FULL_PIPELINE_V2","SANCTIONS_SCREEN",3,"Toyota Vietnam","Marketplace screening completed",198,"SUCCESS","CPH","2026-08-02 01:10:34.869"
2256,"FULL_PIPELINE_V2","AUTO_REMEDIATE",4,"alert_id=133,action=CLEAR (decided by AI)","Action executed: CLEAR | reason=Sanctions matches = 0, cost-per-kg band is NORMAL_AT_OR_BELOW_5X_MEDIAN, and both counterparties are recognisable real businesses.",870,"SUCCESS","CPH","2026-08-02 01:10:36.027"
2257,"FULL_PIPELINE_V2","SAP_POST",5,"bl_id=3426","{""status"":""SUCCESS"",""sap_document"":""5000003426"",""bl_id"":3426}",766,"SUCCESS","CPH","2026-08-02 01:10:37.141"
2258,"FULL_PIPELINE_V2","AI_INVESTIGATE",2,"alert_id=134,severity=MEDIUM","AI decision=CLEAR | reason=Sanctions matches = 0, cost-per-kg band is NORMAL_AT_OR_BELOW_5X_MEDIAN, and both counterparties are recognizable real businesses.",4799,"SUCCESS","CPH","2026-08-02 01:10:42.339"
2259,"FULL_PIPELINE_V2","SANCTIONS_SCREEN",3,"Trung Nguyen Coffee","Marketplace screening completed",202,"SUCCESS","CPH","2026-08-02 01:10:42.893"
2260,"FULL_PIPELINE_V2","AUTO_REMEDIATE",4,"alert_id=134,action=CLEAR (decided by AI)","Action executed: CLEAR | reason=Sanctions matches = 0, cost-per-kg band is NORMAL_AT_OR_BELOW_5X_MEDIAN, and both counterparties are recognizable real businesses.",900,"SUCCESS","CPH","2026-08-02 01:10:44.034"
2261,"FULL_PIPELINE_V2","SAP_POST",5,"bl_id=2405","{""status"":""SUCCESS"",""sap_document"":""5000002405"",""bl_id"":2405}",827,"SUCCESS","CPH","2026-08-02 01:10:45.215"
2262,"FULL_PIPELINE_V2","AI_INVESTIGATE",2,"alert_id=135,severity=MEDIUM","AI decision=CLEAR | reason=Sanctions matches = 0, cost-per-kg band is NORMAL_AT_OR_BELOW_5X_MEDIAN, and both counterparties are recognisable real businesses.",4832,"SUCCESS","CPH","2026-08-02 01:10:50.460"
2263,"FULL_PIPELINE_V2","SANCTIONS_SCREEN",3,"Viglacera Corp","Marketplace screening completed",207,"SUCCESS","CPH","2026-08-02 01:10:51.004"
2264,"FULL_PIPELINE_V2","AUTO_REMEDIATE",4,"alert_id=135,action=CLEAR (decided by AI)","Action executed: CLEAR | reason=Sanctions matches = 0, cost-per-kg band is NORMAL_AT_OR_BELOW_5X_MEDIAN, and both counterparties are recognisable real businesses.",876,"SUCCESS","CPH","2026-08-02 01:10:52.164"
2265,"FULL_PIPELINE_V2","SAP_POST",5,"bl_id=1357","{""status"":""SUCCESS"",""sap_document"":""5000001357"",""bl_id"":1357}",737,"SUCCESS","CPH","2026-08-02 01:10:53.238"
2266,"FULL_PIPELINE_V2","AI_INVESTIGATE",2,"alert_id=136,severity=MEDIUM","AI decision=CLEAR | reason=Sanctions matches = 0, cost-per-kg band is NORMAL_AT_OR_BELOW_5X_MEDIAN, and both counterparties are recognisable real businesses.",4376,"SUCCESS","CPH","2026-08-02 01:10:58.002"
2267,"FULL_PIPELINE_V2","SANCTIONS_SCREEN",3,"Adidas Sourcing Ltd","Marketplace screening completed",192,"SUCCESS","CPH","2026-08-02 01:10:58.508"
2268,"FULL_PIPELINE_V2","AUTO_REMEDIATE",4,"alert_id=136,action=CLEAR (decided by AI)","Action executed: CLEAR | reason=Sanctions matches = 0, cost-per-kg band is NORMAL_AT_OR_BELOW_5X_MEDIAN, and both counterparties are recognisable real businesses.",887,"SUCCESS","CPH","2026-08-02 01:10:59.654"
2269,"FULL_PIPELINE_V2","SAP_POST",5,"bl_id=327","{""status"":""SUCCESS"",""sap_document"":""5000000327"",""bl_id"":327}",947,"SUCCESS","CPH","2026-08-02 01:11:00.948"
2270,"FULL_PIPELINE_V2","AI_INVESTIGATE",2,"alert_id=138,severity=MEDIUM","AI decision=CLEAR | reason=Sanctions matches = 0, cost-per-kg band is NORMAL_AT_OR_BELOW_5X_MEDIAN, and both counterparties are recognisable real businesses.",6706,"SUCCESS","CPH","2026-08-02 01:11:08.133"
2271,"FULL_PIPELINE_V2","SANCTIONS_SCREEN",3,"Adidas Sourcing Ltd","Marketplace screening completed",210,"SUCCESS","CPH","2026-08-02 01:11:08.704"
2272,"FULL_PIPELINE_V2","AUTO_REMEDIATE",4,"alert_id=138,action=CLEAR (decided by AI)","Action executed: CLEAR | reason=Sanctions matches = 0, cost-per-kg band is NORMAL_AT_OR_BELOW_5X_MEDIAN, and both counterparties are recognisable real businesses.",869,"SUCCESS","CPH","2026-08-02 01:11:09.827"
2273,"FULL_PIPELINE_V2","SAP_POST",5,"bl_id=1643","{""status"":""SUCCESS"",""sap_document"":""5000001643"",""bl_id"":1643}",820,"SUCCESS","CPH","2026-08-02 01:11:11.029"
2274,"FULL_PIPELINE_V2","AI_INVESTIGATE",2,"alert_id=140,severity=MEDIUM","AI decision=CLEAR | reason=Sanctions matches = 0, cost-per-kg band is NORMAL_AT_OR_BELOW_5X_MEDIAN, and both counterparties are recognisable real businesses.",4640,"SUCCESS","CPH","2026-08-02 01:11:16.063"
2275,"FULL_PIPELINE_V2","SANCTIONS_SCREEN",3,"Phong Phu Garment","Marketplace screening completed",270,"SUCCESS","CPH","2026-08-02 01:11:16.664"
2276,"FULL_PIPELINE_V2","AUTO_REMEDIATE",4,"alert_id=140,action=CLEAR (decided by AI)","Action executed: CLEAR | reason=Sanctions matches = 0, cost-per-kg band is NORMAL_AT_OR_BELOW_5X_MEDIAN, and both counterparties are recognisable real businesses.",888,"SUCCESS","CPH","2026-08-02 01:11:17.815"
2277,"FULL_PIPELINE_V2","SAP_POST",5,"bl_id=3408","{""status"":""SUCCESS"",""sap_document"":""5000003408"",""bl_id"":3408}",785,"SUCCESS","CPH","2026-08-02 01:11:18.960"
2278,"FULL_PIPELINE_V2","AI_INVESTIGATE",2,"alert_id=141,severity=MEDIUM","AI decision=CLEAR | reason=Sanctions matches = 0, cost-per-kg band is NORMAL_AT_OR_BELOW_5X_MEDIAN, and both counterparties are recognisable real businesses.",5756,"SUCCESS","CPH","2026-08-02 01:11:25.154"
2279,"FULL_PIPELINE_V2","SANCTIONS_SCREEN",3,"FPT Software","Marketplace screening completed",242,"SUCCESS","CPH","2026-08-02 01:11:25.761"
2280,"FULL_PIPELINE_V2","AUTO_REMEDIATE",4,"alert_id=141,action=CLEAR (decided by AI)","Action executed: CLEAR | reason=Sanctions matches = 0, cost-per-kg band is NORMAL_AT_OR_BELOW_5X_MEDIAN, and both counterparties are recognisable real businesses.",1039,"SUCCESS","CPH","2026-08-02 01:11:27.165"
2281,"FULL_PIPELINE_V2","SAP_POST",5,"bl_id=8030","{""status"":""SUCCESS"",""sap_document"":""5000008030"",""bl_id"":8030}",1055,"SUCCESS","CPH","2026-08-02 01:11:28.639"
2282,"FULL_PIPELINE_V2","AI_INVESTIGATE",2,"alert_id=142,severity=MEDIUM","AI decision=CLEAR | reason=Sanctions matches = 0, cost-per-kg band is NORMAL_AT_OR_BELOW_5X_MEDIAN, and both counterparties are recognisable real businesses.",6309,"SUCCESS","CPH","2026-08-02 01:11:35.493"
2283,"FULL_PIPELINE_V2","SANCTIONS_SCREEN",3,"Adidas Sourcing Ltd","Marketplace screening completed",206,"SUCCESS","CPH","2026-08-02 01:11:36.035"
2284,"FULL_PIPELINE_V2","AUTO_REMEDIATE",4,"alert_id=142,action=CLEAR (decided by AI)","Action executed: CLEAR | reason=Sanctions matches = 0, cost-per-kg band is NORMAL_AT_OR_BELOW_5X_MEDIAN, and both counterparties are recognisable real businesses.",1093,"SUCCESS","CPH","2026-08-02 01:11:37.404"
2285,"FULL_PIPELINE_V2","SAP_POST",5,"bl_id=8780","{""status"":""SUCCESS"",""sap_document"":""5000008780"",""bl_id"":8780}",1036,"SUCCESS","CPH","2026-08-02 01:11:38.874"
2286,"FULL_PIPELINE_V2","AI_INVESTIGATE",2,"alert_id=143,severity=MEDIUM","AI decision=CLEAR | reason=Sanctions matches = 0, cost-per-kg band is NORMAL_AT_OR_BELOW_5X_MEDIAN, and both counterparties are recognisable real businesses.",48907,"SUCCESS","CPH","2026-08-02 01:12:28.231"
2287,"FULL_PIPELINE_V2","SANCTIONS_SCREEN",3,"Trung Nguyen Coffee","Marketplace screening completed",192,"SUCCESS","CPH","2026-08-02 01:12:28.776"
2288,"FULL_PIPELINE_V2","AUTO_REMEDIATE",4,"alert_id=143,action=CLEAR (decided by AI)","Action executed: CLEAR | reason=Sanctions matches = 0, cost-per-kg band is NORMAL_AT_OR_BELOW_5X_MEDIAN, and both counterparties are recognisable real businesses.",881,"SUCCESS","CPH","2026-08-02 01:12:29.931"
2289,"FULL_PIPELINE_V2","SAP_POST",5,"bl_id=4884","{""status"":""SUCCESS"",""sap_document"":""5000004884"",""bl_id"":4884}",815,"SUCCESS","CPH","2026-08-02 01:12:31.113"
2290,"FULL_PIPELINE_V2","AI_INVESTIGATE",2,"alert_id=144,severity=MEDIUM","AI decision=CLEAR | reason=Sanctions matches = 0, cost-per-kg band is NORMAL_AT_OR_BELOW_5X_MEDIAN, and both counterparties are recognisable real businesses.",26641,"SUCCESS","CPH","2026-08-02 01:12:58.166"
2291,"FULL_PIPELINE_V2","SANCTIONS_SCREEN",3,"Panasonic Vietnam","Marketplace screening completed",224,"SUCCESS","CPH","2026-08-02 01:12:58.733"
2292,"FULL_PIPELINE_V2","AUTO_REMEDIATE",4,"alert_id=144,action=CLEAR (decided by AI)","Action executed: CLEAR | reason=Sanctions matches = 0, cost-per-kg band is NORMAL_AT_OR_BELOW_5X_MEDIAN, and both counterparties are recognisable real businesses.",893,"SUCCESS","CPH","2026-08-02 01:12:59.942"
2293,"FULL_PIPELINE_V2","SAP_POST",5,"bl_id=9860","{""status"":""SUCCESS"",""sap_document"":""5000009860"",""bl_id"":9860}",858,"SUCCESS","CPH","2026-08-02 01:13:01.167"
2294,"FULL_PIPELINE_V2","AI_INVESTIGATE",2,"alert_id=145,severity=MEDIUM","AI decision=CLEAR | reason=Sanctions matches = 0, cost-per-kg band is NORMAL_AT_OR_BELOW_5X_MEDIAN, and both counterparties are recognisable real businesses.",4824,"SUCCESS","CPH","2026-08-02 01:13:06.692"
2295,"FULL_PIPELINE_V2","SANCTIONS_SCREEN",3,"Samsung Vietnam","Marketplace screening completed",203,"SUCCESS","CPH","2026-08-02 01:13:07.258"
2296,"FULL_PIPELINE_V2","AUTO_REMEDIATE",4,"alert_id=145,action=CLEAR (decided by AI)","Action executed: CLEAR | reason=Sanctions matches = 0, cost-per-kg band is NORMAL_AT_OR_BELOW_5X_MEDIAN, and both counterparties are recognisable real businesses.",891,"SUCCESS","CPH","2026-08-02 01:13:08.398"
2297,"FULL_PIPELINE_V2","SAP_POST",5,"bl_id=5428","{""status"":""SUCCESS"",""sap_document"":""5000005428"",""bl_id"":5428}",756,"SUCCESS","CPH","2026-08-02 01:13:09.488"
2298,"FULL_PIPELINE_V2","AI_INVESTIGATE",2,"alert_id=146,severity=MEDIUM","AI decision=CLEAR | reason=Sanctions matches = 0, cost-per-kg band is NORMAL_AT_OR_BELOW_5X_MEDIAN, and both counterparties are recognisable real businesses.",80067,"SUCCESS","CPH","2026-08-02 01:14:29.984"
2299,"FULL_PIPELINE_V2","SANCTIONS_SCREEN",3,"ABC Electronics Vietnam","Marketplace screening completed",219,"SUCCESS","CPH","2026-08-02 01:14:31.092"
2300,"FULL_PIPELINE_V2","AUTO_REMEDIATE",4,"alert_id=146,action=CLEAR (decided by AI)","Action executed: CLEAR | reason=Sanctions matches = 0, cost-per-kg band is NORMAL_AT_OR_BELOW_5X_MEDIAN, and both counterparties are recognisable real businesses.",951,"SUCCESS","CPH","2026-08-02 01:14:32.324"
2301,"FULL_PIPELINE_V2","SAP_POST",5,"bl_id=1846","{""status"":""SUCCESS"",""sap_document"":""5000001846"",""bl_id"":1846}",846,"SUCCESS","CPH","2026-08-02 01:14:33.551"
2302,"FULL_PIPELINE_V2","AI_INVESTIGATE",2,"alert_id=147,severity=MEDIUM","AI decision=CLEAR | reason=Sanctions matches = 0, cost-per-kg band is NORMAL_AT_OR_BELOW_5X_MEDIAN, and both counterparties are recognisable real businesses.",4821,"SUCCESS","CPH","2026-08-02 01:14:38.769"
2303,"FULL_PIPELINE_V2","SANCTIONS_SCREEN",3,"Canon Vietnam","Marketplace screening completed",186,"SUCCESS","CPH","2026-08-02 01:14:39.302"
2304,"FULL_PIPELINE_V2","AUTO_REMEDIATE",4,"alert_id=147,action=CLEAR (decided by AI)","Action executed: CLEAR | reason=Sanctions matches = 0, cost-per-kg band is NORMAL_AT_OR_BELOW_5X_MEDIAN, and both counterparties are recognisable real businesses.",948,"SUCCESS","CPH","2026-08-02 01:14:40.509"
2305,"FULL_PIPELINE_V2","SAP_POST",5,"bl_id=4211","{""status"":""SUCCESS"",""sap_document"":""5000004211"",""bl_id"":4211}",797,"SUCCESS","CPH","2026-08-02 01:14:41.678"
2306,"FULL_PIPELINE_V2","AI_INVESTIGATE",2,"alert_id=148,severity=MEDIUM","AI decision=CLEAR | reason=Sanctions matches = 0, cost-per-kg band is NORMAL_AT_OR_BELOW_5X_MEDIAN, and both counterparties are recognisable real businesses.",6491,"SUCCESS","CPH","2026-08-02 01:14:48.596"
2307,"FULL_PIPELINE_V2","SANCTIONS_SCREEN",3,"LG Display Vietnam","Marketplace screening completed",208,"SUCCESS","CPH","2026-08-02 01:14:49.187"
2308,"FULL_PIPELINE_V2","AUTO_REMEDIATE",4,"alert_id=148,action=CLEAR (decided by AI)","Action executed: CLEAR | reason=Sanctions matches = 0, cost-per-kg band is NORMAL_AT_OR_BELOW_5X_MEDIAN, and both counterparties are recognisable real businesses.",899,"SUCCESS","CPH","2026-08-02 01:14:50.371"
2309,"FULL_PIPELINE_V2","SAP_POST",5,"bl_id=1982","{""status"":""SUCCESS"",""sap_document"":""5000001982"",""bl_id"":1982}",839,"SUCCESS","CPH","2026-08-02 01:14:51.563"
2310,"FULL_PIPELINE_V2","AI_INVESTIGATE",2,"alert_id=149,severity=MEDIUM","AI decision=CLEAR | reason=Sanctions matches = 0, cost-per-kg band is NORMAL_AT_OR_BELOW_5X_MEDIAN, and both counterparties are recognisable real businesses.",4265,"SUCCESS","CPH","2026-08-02 01:14:56.230"
2311,"FULL_PIPELINE_V2","SANCTIONS_SCREEN",3,"Adidas Sourcing Ltd","Marketplace screening completed",199,"SUCCESS","CPH","2026-08-02 01:14:56.772"
2312,"FULL_PIPELINE_V2","AUTO_REMEDIATE",4,"alert_id=149,action=CLEAR (decided by AI)","Action executed: CLEAR | reason=Sanctions matches = 0, cost-per-kg band is NORMAL_AT_OR_BELOW_5X_MEDIAN, and both counterparties are recognisable real businesses.",907,"SUCCESS","CPH","2026-08-02 01:14:58.042"
2313,"FULL_PIPELINE_V2","SAP_POST",5,"bl_id=1119","{""status"":""SUCCESS"",""sap_document"":""5000001119"",""bl_id"":1119}",747,"SUCCESS","CPH","2026-08-02 01:14:59.127"
2314,"FULL_PIPELINE_V2","AI_INVESTIGATE",2,"alert_id=150,severity=MEDIUM","AI decision=CLEAR | reason=Sanctions matches = 0, cost-per-kg band is NORMAL_AT_OR_BELOW_5X_MEDIAN, and both counterparties are recognisable real businesses.",4695,"SUCCESS","CPH","2026-08-02 01:15:04.222"
2315,"FULL_PIPELINE_V2","SANCTIONS_SCREEN",3,"Binh Tien Consumer","Marketplace screening completed",206,"SUCCESS","CPH","2026-08-02 01:15:04.809"
2316,"FULL_PIPELINE_V2","AUTO_REMEDIATE",4,"alert_id=150,action=CLEAR (decided by AI)","Action executed: CLEAR | reason=Sanctions matches = 0, cost-per-kg band is NORMAL_AT_OR_BELOW_5X_MEDIAN, and both counterparties are recognisable real businesses.",918,"SUCCESS","CPH","2026-08-02 01:15:05.972"
2317,"FULL_PIPELINE_V2","SAP_POST",5,"bl_id=4513","{""status"":""SUCCESS"",""sap_document"":""5000004513"",""bl_id"":4513}",766,"SUCCESS","CPH","2026-08-02 01:15:07.077"
2318,"FULL_PIPELINE_V2","AI_INVESTIGATE",2,"alert_id=151,severity=MEDIUM","AI decision=CLEAR | reason=Sanctions matches = 0, cost-per-kg band is NORMAL_AT_OR_BELOW_5X_MEDIAN, and both counterparties are recognisable real businesses.",46324,"SUCCESS","CPH","2026-08-02 01:15:53.807"
2319,"FULL_PIPELINE_V2","SANCTIONS_SCREEN",3,"Panasonic Vietnam","Marketplace screening completed",200,"SUCCESS","CPH","2026-08-02 01:15:54.336"
2320,"FULL_PIPELINE_V2","AUTO_REMEDIATE",4,"alert_id=151,action=CLEAR (decided by AI)","Action executed: CLEAR | reason=Sanctions matches = 0, cost-per-kg band is NORMAL_AT_OR_BELOW_5X_MEDIAN, and both counterparties are recognisable real businesses.",1175,"SUCCESS","CPH","2026-08-02 01:15:55.769"
2321,"FULL_PIPELINE_V2","SAP_POST",5,"bl_id=5092","{""status"":""SUCCESS"",""sap_document"":""5000005092"",""bl_id"":5092}",997,"SUCCESS","CPH","2026-08-02 01:15:57.211"
2322,"FULL_PIPELINE_V2","AI_INVESTIGATE",2,"alert_id=152,severity=MEDIUM","AI decision=CLEAR | reason=Sanctions matches = 0, cost-per-kg band is NORMAL_AT_OR_BELOW_5X_MEDIAN, and both counterparties are recognisable real businesses.",17097,"SUCCESS","CPH","2026-08-02 01:16:14.783"
2323,"FULL_PIPELINE_V2","SANCTIONS_SCREEN",3,"Intel Products Vietnam","Marketplace screening completed",233,"SUCCESS","CPH","2026-08-02 01:16:15.383"
2324,"FULL_PIPELINE_V2","AUTO_REMEDIATE",4,"alert_id=152,action=CLEAR (decided by AI)","Action executed: CLEAR | reason=Sanctions matches = 0, cost-per-kg band is NORMAL_AT_OR_BELOW_5X_MEDIAN, and both counterparties are recognisable real businesses.",931,"SUCCESS","CPH","2026-08-02 01:16:16.571"
2325,"FULL_PIPELINE_V2","SAP_POST",5,"bl_id=2000","{""status"":""SUCCESS"",""sap_document"":""5000002000"",""bl_id"":2000}",835,"SUCCESS","CPH","2026-08-02 01:16:17.786"
2326,"FULL_PIPELINE_V2","AI_INVESTIGATE",2,"alert_id=153,severity=MEDIUM","AI decision=CLEAR | reason=Sanctions matches = 0, cost-per-kg band is NORMAL_AT_OR_BELOW_5X_MEDIAN, and both counterparties are recognisable real businesses.",4410,"SUCCESS","CPH","2026-08-02 01:16:22.612"
2327,"FULL_PIPELINE_V2","SANCTIONS_SCREEN",3,"Phong Phu Garment","Marketplace screening completed",236,"SUCCESS","CPH","2026-08-02 01:16:23.189"
2328,"FULL_PIPELINE_V2","AUTO_REMEDIATE",4,"alert_id=153,action=CLEAR (decided by AI)","Action executed: CLEAR | reason=Sanctions matches = 0, cost-per-kg band is NORMAL_AT_OR_BELOW_5X_MEDIAN, and both counterparties are recognisable real businesses.",898,"SUCCESS","CPH","2026-08-02 01:16:24.367"
2329,"FULL_PIPELINE_V2","SAP_POST",5,"bl_id=2586","{""status"":""SUCCESS"",""sap_document"":""5000002586"",""bl_id"":2586}",869,"SUCCESS","CPH","2026-08-02 01:16:25.580"
2330,"FULL_PIPELINE_V2","AI_INVESTIGATE",2,"alert_id=154,severity=MEDIUM","AI decision=CLEAR | reason=Sanctions matches = 0, cost-per-kg band is NORMAL_AT_OR_BELOW_5X_MEDIAN, and both counterparties are recognisable real businesses.",4902,"SUCCESS","CPH","2026-08-02 01:16:30.918"
2331,"FULL_PIPELINE_V2","SANCTIONS_SCREEN",3,"Hoa Sen Group","Marketplace screening completed",210,"SUCCESS","CPH","2026-08-02 01:16:31.495"
2332,"FULL_PIPELINE_V2","AUTO_REMEDIATE",4,"alert_id=154,action=CLEAR (decided by AI)","Action executed: CLEAR | reason=Sanctions matches = 0, cost-per-kg band is NORMAL_AT_OR_BELOW_5X_MEDIAN, and both counterparties are recognisable real businesses.",899,"SUCCESS","CPH","2026-08-02 01:16:32.693"
2333,"FULL_PIPELINE_V2","SAP_POST",5,"bl_id=6893","{""status"":""SUCCESS"",""sap_document"":""5000006893"",""bl_id"":6893}",798,"SUCCESS","CPH","2026-08-02 01:16:33.836"
2334,"FULL_PIPELINE_V2","AI_INVESTIGATE",2,"alert_id=155,severity=MEDIUM","AI decision=CLEAR | reason=Sanctions matches = 0, cost-per-kg band is NORMAL_AT_OR_BELOW_5X_MEDIAN, and both counterparties are recognisable real businesses.",7272,"SUCCESS","CPH","2026-08-02 01:16:41.519"
2335,"FULL_PIPELINE_V2","SANCTIONS_SCREEN",3,"Vinamilk Co Ltd","Marketplace screening completed",197,"SUCCESS","CPH","2026-08-02 01:16:42.046"
2336,"FULL_PIPELINE_V2","AUTO_REMEDIATE",4,"alert_id=155,action=CLEAR (decided by AI)","Action executed: CLEAR | reason=Sanctions matches = 0, cost-per-kg band is NORMAL_AT_OR_BELOW_5X_MEDIAN, and both counterparties are recognisable real businesses.",854,"SUCCESS","CPH","2026-08-02 01:16:43.156"
2337,"FULL_PIPELINE_V2","SAP_POST",5,"bl_id=6891","{""status"":""SUCCESS"",""sap_document"":""5000006891"",""bl_id"":6891}",770,"SUCCESS","CPH","2026-08-02 01:16:44.278"
2338,"FULL_PIPELINE_V2","AI_INVESTIGATE",2,"alert_id=156,severity=MEDIUM","AI decision=CLEAR | reason=Cost per kg is within normal range ($0.1911, 0.75x median) and no sanctions matches (0).",3886,"SUCCESS","CPH","2026-08-02 01:16:48.582"
2339,"FULL_PIPELINE_V2","SANCTIONS_SCREEN",3,"Viettel Electronics","Marketplace screening completed",188,"SUCCESS","CPH","2026-08-02 01:16:49.116"
2340,"FULL_PIPELINE_V2","AUTO_REMEDIATE",4,"alert_id=156,action=CLEAR (decided by AI)","Action executed: CLEAR | reason=Cost per kg is within normal range ($0.1911, 0.75x median) and no sanctions matches (0).",896,"SUCCESS","CPH","2026-08-02 01:16:50.252"
2341,"FULL_PIPELINE_V2","SAP_POST",5,"bl_id=325","{""status"":""SUCCESS"",""sap_document"":""5000000325"",""bl_id"":325}",752,"SUCCESS","CPH","2026-08-02 01:16:51.359"
2342,"FULL_PIPELINE_V2","AI_INVESTIGATE",2,"alert_id=157,severity=MEDIUM","AI decision=CLEAR | reason=Sanctions matches = 0, cost-per-kg band is NORMAL_AT_OR_BELOW_5X_MEDIAN, and both counterparties are recognisable real businesses.",4320,"SUCCESS","CPH","2026-08-02 01:16:56.122"
2343,"FULL_PIPELINE_V2","SANCTIONS_SCREEN",3,"Trung Nguyen Coffee","Marketplace screening completed",187,"SUCCESS","CPH","2026-08-02 01:16:56.655"
2344,"FULL_PIPELINE_V2","AUTO_REMEDIATE",4,"alert_id=157,action=CLEAR (decided by AI)","Action executed: CLEAR | reason=Sanctions matches = 0, cost-per-kg band is NORMAL_AT_OR_BELOW_5X_MEDIAN, and both counterparties are recognisable real businesses.",869,"SUCCESS","CPH","2026-08-02 01:16:57.774"
2345,"FULL_PIPELINE_V2","SAP_POST",5,"bl_id=8812","{""status"":""SUCCESS"",""sap_document"":""5000008812"",""bl_id"":8812}",753,"SUCCESS","CPH","2026-08-02 01:16:58.898"
2346,"FULL_PIPELINE_V2","AI_INVESTIGATE",2,"alert_id=158,severity=MEDIUM","AI decision=CLEAR | reason=Sanctions matches = 0, cost-per-kg band is NORMAL_AT_OR_BELOW_5X_MEDIAN, and both counterparties are recognisable real businesses.",9350,"SUCCESS","CPH","2026-08-02 01:17:08.690"
2347,"FULL_PIPELINE_V2","SANCTIONS_SCREEN",3,"Samsung Vietnam","Marketplace screening completed",195,"SUCCESS","CPH","2026-08-02 01:17:09.269"
2348,"FULL_PIPELINE_V2","AUTO_REMEDIATE",4,"alert_id=158,action=CLEAR (decided by AI)","Action executed: CLEAR | reason=Sanctions matches = 0, cost-per-kg band is NORMAL_AT_OR_BELOW_5X_MEDIAN, and both counterparties are recognisable real businesses.",934,"SUCCESS","CPH","2026-08-02 01:17:10.747"
2349,"FULL_PIPELINE_V2","SAP_POST",5,"bl_id=1159","{""status"":""SUCCESS"",""sap_document"":""5000001159"",""bl_id"":1159}",835,"SUCCESS","CPH","2026-08-02 01:17:11.942"
2350,"FULL_PIPELINE_V2","AI_INVESTIGATE",2,"alert_id=159,severity=MEDIUM","AI decision=CLEAR | reason=Sanctions matches = 0, cost-per-kg band is NORMAL_AT_OR_BELOW_5X_MEDIAN, and both counterparties are recognisable real businesses.",4268,"SUCCESS","CPH","2026-08-02 01:17:16.598"
2351,"FULL_PIPELINE_V2","SANCTIONS_SCREEN",3,"Foxconn Vietnam","Marketplace screening completed",193,"SUCCESS","CPH","2026-08-02 01:17:17.114"
2352,"FULL_PIPELINE_V2","AUTO_REMEDIATE",4,"alert_id=159,action=CLEAR (decided by AI)","Action executed: CLEAR | reason=Sanctions matches = 0, cost-per-kg band is NORMAL_AT_OR_BELOW_5X_MEDIAN, and both counterparties are recognisable real businesses.",850,"SUCCESS","CPH","2026-08-02 01:17:18.217"
2353,"FULL_PIPELINE_V2","SAP_POST",5,"bl_id=432","{""status"":""SUCCESS"",""sap_document"":""5000000432"",""bl_id"":432}",838,"SUCCESS","CPH","2026-08-02 01:17:19.404"
2354,"FULL_PIPELINE_V2","AI_INVESTIGATE",2,"alert_id=160,severity=MEDIUM","AI decision=CLEAR | reason=Sanctions matches = 0, cost-per-kg band is NORMAL_AT_OR_BELOW_5X_MEDIAN, and both counterparties are recognisable real businesses.",6544,"SUCCESS","CPH","2026-08-02 01:17:26.354"
2355,"FULL_PIPELINE_V2","SANCTIONS_SCREEN",3,"LG Display Vietnam","Marketplace screening completed",188,"SUCCESS","CPH","2026-08-02 01:17:26.879"
2356,"FULL_PIPELINE_V2","AUTO_REMEDIATE",4,"alert_id=160,action=CLEAR (decided by AI)","Action executed: CLEAR | reason=Sanctions matches = 0, cost-per-kg band is NORMAL_AT_OR_BELOW_5X_MEDIAN, and both counterparties are recognisable real businesses.",823,"SUCCESS","CPH","2026-08-02 01:17:27.937"
2357,"FULL_PIPELINE_V2","SAP_POST",5,"bl_id=6767","{""status"":""SUCCESS"",""sap_document"":""5000006767"",""bl_id"":6767}",774,"SUCCESS","CPH","2026-08-02 01:17:29.100"
2358,"FULL_PIPELINE_V2","AI_INVESTIGATE",2,"alert_id=161,severity=MEDIUM","AI decision=CLEAR | reason=Sanctions matches = 0, cost-per-kg band is NORMAL_AT_OR_BELOW_5X_MEDIAN, and both counterparties are recognisable real businesses.",4698,"SUCCESS","CPH","2026-08-02 01:17:34.197"
2359,"FULL_PIPELINE_V2","SANCTIONS_SCREEN",3,"Intel Products Vietnam","Marketplace screening completed",194,"SUCCESS","CPH","2026-08-02 01:17:34.719"
2360,"FULL_PIPELINE_V2","AUTO_REMEDIATE",4,"alert_id=161,action=CLEAR (decided by AI)","Action executed: CLEAR | reason=Sanctions matches = 0, cost-per-kg band is NORMAL_AT_OR_BELOW_5X_MEDIAN, and both counterparties are recognisable real businesses.",921,"SUCCESS","CPH","2026-08-02 01:17:35.899"
2361,"FULL_PIPELINE_V2","SAP_POST",5,"bl_id=5827","{""status"":""SUCCESS"",""sap_document"":""5000005827"",""bl_id"":5827}",771,"SUCCESS","CPH","2026-08-02 01:17:37.041"
2362,"FULL_PIPELINE_V2","AI_INVESTIGATE",2,"alert_id=162,severity=MEDIUM","AI decision=CLEAR | reason=Sanctions matches = 0, cost-per-kg band is NORMAL_AT_OR_BELOW_5X_MEDIAN, and both counterparties are recognisable real businesses.",4768,"SUCCESS","CPH","2026-08-02 01:17:42.221"
2363,"FULL_PIPELINE_V2","SANCTIONS_SCREEN",3,"Adidas Sourcing Ltd","Marketplace screening completed",204,"SUCCESS","CPH","2026-08-02 01:17:42.758"
2364,"FULL_PIPELINE_V2","AUTO_REMEDIATE",4,"alert_id=162,action=CLEAR (decided by AI)","Action executed: CLEAR | reason=Sanctions matches = 0, cost-per-kg band is NORMAL_AT_OR_BELOW_5X_MEDIAN, and both counterparties are recognisable real businesses.",892,"SUCCESS","CPH","2026-08-02 01:17:43.908"
2365,"FULL_PIPELINE_V2","SAP_POST",5,"bl_id=5009","{""status"":""SUCCESS"",""sap_document"":""5000005009"",""bl_id"":5009}",787,"SUCCESS","CPH","2026-08-02 01:17:45.059"
2366,"FULL_PIPELINE_V2","AI_INVESTIGATE",2,"alert_id=163,severity=MEDIUM","AI decision=CLEAR | reason=Sanctions matches = 0, cost-per-kg band is NORMAL_AT_OR_BELOW_5X_MEDIAN, and both counterparties are recognisable real businesses.",4750,"SUCCESS","CPH","2026-08-02 01:17:50.202"
2367,"FULL_PIPELINE_V2","SANCTIONS_SCREEN",3,"Adidas Sourcing Ltd","Marketplace screening completed",182,"SUCCESS","CPH","2026-08-02 01:17:50.754"
2368,"FULL_PIPELINE_V2","AUTO_REMEDIATE",4,"alert_id=163,action=CLEAR (decided by AI)","Action executed: CLEAR | reason=Sanctions matches = 0, cost-per-kg band is NORMAL_AT_OR_BELOW_5X_MEDIAN, and both counterparties are recognisable real businesses.",860,"SUCCESS","CPH","2026-08-02 01:17:51.878"
2369,"FULL_PIPELINE_V2","SAP_POST",5,"bl_id=3036","{""status"":""SUCCESS"",""sap_document"":""5000003036"",""bl_id"":3036}",776,"SUCCESS","CPH","2026-08-02 01:17:52.999"
2370,"FULL_PIPELINE_V2","AI_INVESTIGATE",2,"alert_id=164,severity=MEDIUM","AI decision=CLEAR | reason=Sanctions matches = 0, cost-per-kg band is NORMAL_AT_OR_BELOW_5X_MEDIAN, and both counterparties are recognisable real businesses.",4498,"SUCCESS","CPH","2026-08-02 01:17:58.045"
2371,"FULL_PIPELINE_V2","SANCTIONS_SCREEN",3,"Foxconn Vietnam","Marketplace screening completed",183,"SUCCESS","CPH","2026-08-02 01:17:58.546"
2372,"FULL_PIPELINE_V2","AUTO_REMEDIATE",4,"alert_id=164,action=CLEAR (decided by AI)","Action executed: CLEAR | reason=Sanctions matches = 0, cost-per-kg band is NORMAL_AT_OR_BELOW_5X_MEDIAN, and both counterparties are recognisable real businesses.",825,"SUCCESS","CPH","2026-08-02 01:17:59.616"
2373,"FULL_PIPELINE_V2","SAP_POST",5,"bl_id=418","{""status"":""SUCCESS"",""sap_document"":""5000000418"",""bl_id"":418}",879,"SUCCESS","CPH","2026-08-02 01:18:00.816"
2374,"FULL_PIPELINE_V2","AI_INVESTIGATE",2,"alert_id=165,severity=MEDIUM","AI decision=CLEAR | reason=Sanctions matches = 0, cost-per-kg band is NORMAL_AT_OR_BELOW_5X_MEDIAN, and both counterparties are recognisable real businesses.",4379,"SUCCESS","CPH","2026-08-02 01:18:05.619"
2375,"FULL_PIPELINE_V2","SANCTIONS_SCREEN",3,"ABC Electronics Vietnam","Marketplace screening completed",188,"SUCCESS","CPH","2026-08-02 01:18:06.133"
2376,"FULL_PIPELINE_V2","AUTO_REMEDIATE",4,"alert_id=165,action=CLEAR (decided by AI)","Action executed: CLEAR | reason=Sanctions matches = 0, cost-per-kg band is NORMAL_AT_OR_BELOW_5X_MEDIAN, and both counterparties are recognisable real businesses.",890,"SUCCESS","CPH","2026-08-02 01:18:07.321"
2377,"FULL_PIPELINE_V2","SAP_POST",5,"bl_id=9863","{""status"":""SUCCESS"",""sap_document"":""5000009863"",""bl_id"":9863}",730,"SUCCESS","CPH","2026-08-02 01:18:08.408"
2378,"FULL_PIPELINE_V2","AI_INVESTIGATE",2,"alert_id=166,severity=MEDIUM","AI decision=CLEAR | reason=Sanctions matches = 0, cost-per-kg band is NORMAL_AT_OR_BELOW_5X_MEDIAN, and both counterparties are recognisable real businesses.",6426,"SUCCESS","CPH","2026-08-02 01:18:15.240"
2379,"FULL_PIPELINE_V2","SANCTIONS_SCREEN",3,"Trung Nguyen Coffee","Marketplace screening completed",184,"SUCCESS","CPH","2026-08-02 01:18:15.765"
2380,"FULL_PIPELINE_V2","AUTO_REMEDIATE",4,"alert_id=166,action=CLEAR (decided by AI)","Action executed: CLEAR | reason=Sanctions matches = 0, cost-per-kg band is NORMAL_AT_OR_BELOW_5X_MEDIAN, and both counterparties are recognisable real businesses.",871,"SUCCESS","CPH","2026-08-02 01:18:16.901"
2381,"FULL_PIPELINE_V2","SAP_POST",5,"bl_id=7223","{""status"":""SUCCESS"",""sap_document"":""5000007223"",""bl_id"":7223}",786,"SUCCESS","CPH","2026-08-02 01:18:18.023"
2382,"FULL_PIPELINE_V2","DETECT_ANOMALIES",1,"AUTO,max_alerts=1","Scan completed",2533,"SUCCESS","CPH","2026-08-02 01:36:30.555"
2383,"FULL_PIPELINE_V2","AI_INVESTIGATE",2,"alert_id=1032,severity=MEDIUM","AI decision=CLEAR | reason=Sanctions matches = 0, cost-per-kg band is NORMAL_AT_OR_BELOW_5X_MEDIAN, and both counterparties are recognisable real businesses.",4560,"SUCCESS","CPH","2026-08-02 01:36:35.562"
2384,"FULL_PIPELINE_V2","SANCTIONS_SCREEN",3,"Samsung Vietnam","Marketplace screening completed",219,"SUCCESS","CPH","2026-08-02 01:36:36.113"
2385,"FULL_PIPELINE_V2","AUTO_REMEDIATE",4,"alert_id=1032,action=CLEAR (decided by AI)","Action executed: CLEAR | reason=Sanctions matches = 0, cost-per-kg band is NORMAL_AT_OR_BELOW_5X_MEDIAN, and both counterparties are recognisable real businesses.",891,"SUCCESS","CPH","2026-08-02 01:36:37.343"
2386,"FULL_PIPELINE_V2","SAP_POST",5,"bl_id=5054","{""status"":""SUCCESS"",""sap_document"":""5000005054"",""bl_id"":5054}",763,"SUCCESS","CPH","2026-08-02 01:36:38.497"
2387,"FULL_PIPELINE_V2","DETECT_ANOMALIES",1,"AUTO,max_alerts=3","Scan completed",1043,"SUCCESS","CPH","2026-08-02 01:37:27.471"
2388,"FULL_PIPELINE_V2","AI_INVESTIGATE",2,"alert_id=310,severity=HIGH","AI decision=BLOCK | reason=BLOCK due to suspicious counterparty names: 'SUSPICIOUS TRADING CO' and 'SHELL CORP INTL'.",4574,"SUCCESS","CPH","2026-08-02 01:37:32.532"
2389,"FULL_PIPELINE_V2","SANCTIONS_SCREEN",3,"SUSPICIOUS TRADING CO","Marketplace screening completed",230,"SUCCESS","CPH","2026-08-02 01:37:33.113"
2390,"FULL_PIPELINE_V2","AUTO_REMEDIATE",4,"alert_id=310,action=BLOCK (decided by AI)","Action executed: BLOCK | reason=BLOCK due to suspicious counterparty names: 'SUSPICIOUS TRADING CO' and 'SHELL CORP INTL'.",1074,"SUCCESS","CPH","2026-08-02 01:37:34.494"
2391,"FULL_PIPELINE_V2","SAP_POST",5,"alert_id=310","{""status"":""SKIPPED"",""reason"":""SAP posting only runs after a CLEAR decision""}",0,"SKIPPED","CPH","2026-08-02 01:37:34.750"
2392,"FULL_PIPELINE_V2","AI_INVESTIGATE",2,"alert_id=408,severity=HIGH","AI decision=BLOCK | reason=Counterparty names indicate shell/front companies (SUSPICIOUS TRADING CO, SHELL CORP INTL).",4477,"SUCCESS","CPH","2026-08-02 01:37:39.733"
2393,"FULL_PIPELINE_V2","SANCTIONS_SCREEN",3,"SUSPICIOUS TRADING CO","Marketplace screening completed",232,"SUCCESS","CPH","2026-08-02 01:37:40.360"
2394,"FULL_PIPELINE_V2","AUTO_REMEDIATE",4,"alert_id=408,action=BLOCK (decided by AI)","Action executed: BLOCK | reason=Counterparty names indicate shell/front companies (SUSPICIOUS TRADING CO, SHELL CORP INTL).",1121,"SUCCESS","CPH","2026-08-02 01:37:41.746"
2395,"FULL_PIPELINE_V2","SAP_POST",5,"alert_id=408","{""status"":""SKIPPED"",""reason"":""SAP posting only runs after a CLEAR decision""}",0,"SKIPPED","CPH","2026-08-02 01:37:41.982"
2396,"FULL_PIPELINE_V2","AI_INVESTIGATE",2,"alert_id=1033,severity=MEDIUM","AI decision=CLEAR | reason=Sanctions matches = 0, cost-per-kg band is NORMAL_AT_OR_BELOW_5X_MEDIAN, and both counterparties are recognisable real businesses.",4899,"SUCCESS","CPH","2026-08-02 01:37:47.332"
2397,"FULL_PIPELINE_V2","SANCTIONS_SCREEN",3,"Samsung Vietnam","Marketplace screening completed",201,"SUCCESS","CPH","2026-08-02 01:37:47.871"
2398,"FULL_PIPELINE_V2","AUTO_REMEDIATE",4,"alert_id=1033,action=CLEAR (decided by AI)","Action executed: CLEAR | reason=Sanctions matches = 0, cost-per-kg band is NORMAL_AT_OR_BELOW_5X_MEDIAN, and both counterparties are recognisable real businesses.",841,"SUCCESS","CPH","2026-08-02 01:37:48.982"
2399,"FULL_PIPELINE_V2","SAP_POST",5,"bl_id=9873","{""status"":""SUCCESS"",""sap_document"":""5000009873"",""bl_id"":9873}",759,"SUCCESS","CPH","2026-08-02 01:37:50.097"
2400,"FULL_PIPELINE_V2","DETECT_ANOMALIES",1,"AUTO,max_alerts=3","Scan completed",2027,"SUCCESS","CPH","2026-08-02 03:23:36.852"
2401,"FULL_PIPELINE_V2","AI_INVESTIGATE",2,"alert_id=310,severity=HIGH","AI decision=BLOCK | reason=BLOCK due to suspicious counterparty names: 'SUSPICIOUS TRADING CO' and 'SHELL CORP INTL'.",4869,"SUCCESS","CPH","2026-08-02 03:23:42.326"
2402,"FULL_PIPELINE_V2","SANCTIONS_SCREEN",3,"SUSPICIOUS TRADING CO","Marketplace screening completed",233,"SUCCESS","CPH","2026-08-02 03:23:42.915"
2403,"FULL_PIPELINE_V2","AUTO_REMEDIATE",4,"alert_id=310,action=BLOCK (decided by AI)","Action executed: BLOCK | reason=BLOCK due to suspicious counterparty names: 'SUSPICIOUS TRADING CO' and 'SHELL CORP INTL'.",1154,"SUCCESS","CPH","2026-08-02 03:23:44.388"
2404,"FULL_PIPELINE_V2","SAP_POST",5,"alert_id=310","{""status"":""SKIPPED"",""reason"":""SAP posting only runs after a CLEAR decision""}",0,"SKIPPED","CPH","2026-08-02 03:23:44.651"
2405,"FULL_PIPELINE_V2","AI_INVESTIGATE",2,"alert_id=408,severity=HIGH","AI decision=BLOCK | reason=BLOCK due to suspicious counterparty names: SUSPICIOUS TRADING CO and SHELL CORP INTL.",3981,"SUCCESS","CPH","2026-08-02 03:23:49.192"
2406,"FULL_PIPELINE_V2","SANCTIONS_SCREEN",3,"SUSPICIOUS TRADING CO","Marketplace screening completed",219,"SUCCESS","CPH","2026-08-02 03:23:49.762"
2407,"FULL_PIPELINE_V2","AUTO_REMEDIATE",4,"alert_id=408,action=BLOCK (decided by AI)","Action executed: BLOCK | reason=BLOCK due to suspicious counterparty names: SUSPICIOUS TRADING CO and SHELL CORP INTL.",1552,"SUCCESS","CPH","2026-08-02 03:23:51.585"
2408,"FULL_PIPELINE_V2","SAP_POST",5,"alert_id=408","{""status"":""SKIPPED"",""reason"":""SAP posting only runs after a CLEAR decision""}",0,"SKIPPED","CPH","2026-08-02 03:23:51.868"
2409,"FULL_PIPELINE_V2","AI_INVESTIGATE",2,"alert_id=1034,severity=MEDIUM","AI decision=CLEAR | reason=Sanctions matches = 0, cost-per-kg band is NORMAL_AT_OR_BELOW_5X_MEDIAN, and both counterparties are recognisable real businesses.",5139,"SUCCESS","CPH","2026-08-02 03:23:57.484"
2410,"FULL_PIPELINE_V2","SANCTIONS_SCREEN",3,"Panasonic Vietnam","Marketplace screening completed",235,"SUCCESS","CPH","2026-08-02 03:23:58.112"
2411,"FULL_PIPELINE_V2","AUTO_REMEDIATE",4,"alert_id=1034,action=CLEAR (decided by AI)","Action executed: CLEAR | reason=Sanctions matches = 0, cost-per-kg band is NORMAL_AT_OR_BELOW_5X_MEDIAN, and both counterparties are recognisable real businesses.",1006,"SUCCESS","CPH","2026-08-02 03:23:59.385"
2412,"FULL_PIPELINE_V2","SAP_POST",5,"bl_id=5475","{""status"":""SUCCESS"",""sap_document"":""5000005475"",""bl_id"":5475}",1002,"SUCCESS","CPH","2026-08-02 03:24:00.776"
2700,"FULL_PIPELINE_V2","DETECT_ANOMALIES",1,"AUTO,max_alerts=1","Scan completed",3175,"SUCCESS","CPH","2026-08-16 21:34:25.924"
2701,"FULL_PIPELINE_V2","AI_INVESTIGATE",2,"alert_id=1216,severity=MEDIUM","AI decision=CLEAR | reason=Sanctions matches = 0, cost-per-kg band is NORMAL_AT_OR_BELOW_5X_MEDIAN, and both counterparties are recognisable real businesses.",5627,"SUCCESS","CPH","2026-08-16 21:34:32.140"
2702,"FULL_PIPELINE_V2","SANCTIONS_SCREEN",3,"Viettel Electronics","Marketplace screening completed",272,"SUCCESS","CPH","2026-08-16 21:34:32.767"
2703,"FULL_PIPELINE_V2","AUTO_REMEDIATE",4,"alert_id=1216,action=CLEAR (decided by AI)","Action executed: CLEAR | reason=Sanctions matches = 0, cost-per-kg band is NORMAL_AT_OR_BELOW_5X_MEDIAN, and both counterparties are recognisable real businesses.",999,"SUCCESS","CPH","2026-08-16 21:34:34.088"
2704,"FULL_PIPELINE_V2","SAP_POST",5,"bl_id=195","{""status"":""SUCCESS"",""sap_document"":""5000000195"",""bl_id"":195}",1073,"SUCCESS","CPH","2026-08-16 21:34:35.586"
2705,"FULL_PIPELINE_V2","DETECT_ANOMALIES",1,"AUTO,max_alerts=1","Scan completed",1121,"SUCCESS","CPH","2026-08-16 22:55:47.000"
2706,"FULL_PIPELINE_V2","AI_INVESTIGATE",2,"alert_id=1217,severity=MEDIUM","AI decision=CLEAR | reason=Sanctions matches = 0, cost-per-kg band is NORMAL_AT_OR_BELOW_5X_MEDIAN, and both counterparties are recognisable real businesses.",5771,"SUCCESS","CPH","2026-08-16 22:55:53.321"
2707,"FULL_PIPELINE_V2","SANCTIONS_SCREEN",3,"LG Display Vietnam","Marketplace screening completed",663,"SUCCESS","CPH","2026-08-16 22:55:54.382"
2708,"FULL_PIPELINE_V2","AUTO_REMEDIATE",4,"alert_id=1217,action=CLEAR (decided by AI)","Action executed: CLEAR | reason=Sanctions matches = 0, cost-per-kg band is NORMAL_AT_OR_BELOW_5X_MEDIAN, and both counterparties are recognisable real businesses.",1397,"SUCCESS","CPH","2026-08-16 22:55:56.199"
2709,"FULL_PIPELINE_V2","SAP_POST",5,"bl_id=9736","{""status"":""SUCCESS"",""sap_document"":""5000009736"",""bl_id"":9736}",993,"SUCCESS","CPH","2026-08-16 22:55:57.641"
2710,"FULL_PIPELINE_V2","DETECT_ANOMALIES",1,"AUTO,max_alerts=1","Scan completed",1438,"SUCCESS","CPH","2026-08-16 23:22:17.097"
2711,"FULL_PIPELINE_V2","AI_INVESTIGATE",2,"alert_id=1218,severity=MEDIUM","AI decision=CLEAR | reason=Sanctions matches = 0, cost-per-kg band is NORMAL_AT_OR_BELOW_5X_MEDIAN, and both counterparties are recognisable real businesses.",7915,"SUCCESS","CPH","2026-08-16 23:22:25.642"
2712,"FULL_PIPELINE_V2","SANCTIONS_SCREEN",3,"Phong Phu Garment","Marketplace screening completed",721,"SUCCESS","CPH","2026-08-16 23:22:26.769"
2713,"FULL_PIPELINE_V2","AUTO_REMEDIATE",4,"alert_id=1218,action=CLEAR (decided by AI)","Action executed: CLEAR | reason=Sanctions matches = 0, cost-per-kg band is NORMAL_AT_OR_BELOW_5X_MEDIAN, and both counterparties are recognisable real businesses.",1067,"SUCCESS","CPH","2026-08-16 23:22:28.135"
2714,"FULL_PIPELINE_V2","SAP_POST",5,"bl_id=9912","{""status"":""SUCCESS"",""sap_document"":""5000009912"",""bl_id"":9912}",997,"SUCCESS","CPH","2026-08-16 23:22:29.584"
800,"FULL_PIPELINE_V2","DETECT_ANOMALIES",1,"AUTO,max=1","Scan completed",3525,"SUCCESS","CPHOA","2026-08-17 22:32:06.252"
801,"FULL_PIPELINE_V2","AI_INVESTIGATE",2,"alert=808","decision=CLEAR",6009,"SUCCESS","CPHOA","2026-08-17 22:32:13.364"
802,"FULL_PIPELINE_V2","SANCTIONS_SCREEN",3,"Phong Phu Garment","Completed",700,"SUCCESS","CPHOA","2026-08-17 22:32:14.511"
803,"FULL_PIPELINE_V2","AUTO_REMEDIATE",4,"alert=808,action=CLEAR","Executed",1184,"SUCCESS","CPHOA","2026-08-17 22:32:16.026"
804,"FULL_PIPELINE_V2","SAP_POST",5,"bl_id=9167","{""status"":""SUCCESS"",""sap_document"":""5000009167"",""bl_id"":9167}",988,"SUCCESS","CPHOA","2026-08-17 22:32:17.458"
900,"INGEST_AND_DECIDE","EXTRACT_DOCUMENTS",1,"@LOGISTICS_STAGE","{""processed"":0,""errors"":0,""synced"":true}",684,"SUCCESS","SYSTEM","2026-08-18 06:51:12.125"
901,"INGEST_AND_DECIDE","PROMOTE_TO_OPERATIONAL",2,"BILL_OF_LADING_EXTRACTED","{""procedure"":""SYNC_EXTRACTED_TO_BILL_OF_LADING"",""documents_promoted"":0}",232,"SUCCESS","SYSTEM","2026-08-18 06:51:12.902"
902,"FULL_PIPELINE_V2","DETECT_ANOMALIES",1,"AUTO,max=1","Scan completed",1109,"SUCCESS","SYSTEM","2026-08-18 06:51:14.517"
1000,"INGEST_AND_DECIDE","EXTRACT_DOCUMENTS",1,"@LOGISTICS_STAGE","{""processed"":0,""errors"":0,""synced"":true}",682,"SUCCESS","SYSTEM","2026-08-18 06:56:12.453"
1001,"INGEST_AND_DECIDE","PROMOTE_TO_OPERATIONAL",2,"BILL_OF_LADING_EXTRACTED","{""procedure"":""SYNC_EXTRACTED_TO_BILL_OF_LADING"",""documents_promoted"":0}",152,"SUCCESS","SYSTEM","2026-08-18 06:56:13.093"
1002,"FULL_PIPELINE_V2","DETECT_ANOMALIES",1,"AUTO,max=1","Scan completed",972,"SUCCESS","SYSTEM","2026-08-18 06:56:14.557"
903,"INGEST_AND_DECIDE","EXTRACT_DOCUMENTS",1,"@LOGISTICS_STAGE","{""processed"":0,""errors"":0,""synced"":true}",743,"SUCCESS","SYSTEM","2026-08-18 07:01:12.292"
904,"INGEST_AND_DECIDE","PROMOTE_TO_OPERATIONAL",2,"BILL_OF_LADING_EXTRACTED","{""procedure"":""SYNC_EXTRACTED_TO_BILL_OF_LADING"",""documents_promoted"":0}",197,"SUCCESS","SYSTEM","2026-08-18 07:01:12.849"
905,"FULL_PIPELINE_V2","DETECT_ANOMALIES",1,"AUTO,max=1","Scan completed",1048,"SUCCESS","SYSTEM","2026-08-18 07:01:14.420"
906,"INGEST_AND_DECIDE","EXTRACT_DOCUMENTS",1,"@LOGISTICS_STAGE","{""processed"":0,""errors"":0,""synced"":true}",677,"SUCCESS","SYSTEM","2026-08-18 07:06:12.469"
907,"INGEST_AND_DECIDE","PROMOTE_TO_OPERATIONAL",2,"BILL_OF_LADING_EXTRACTED","{""procedure"":""SYNC_EXTRACTED_TO_BILL_OF_LADING"",""documents_promoted"":0}",187,"SUCCESS","SYSTEM","2026-08-18 07:06:12.985"
908,"FULL_PIPELINE_V2","DETECT_ANOMALIES",1,"AUTO,max=1","Scan completed",3208,"SUCCESS","SYSTEM","2026-08-18 07:06:16.701"
909,"INGEST_AND_DECIDE","EXTRACT_DOCUMENTS",1,"@LOGISTICS_STAGE","{""processed"":0,""errors"":0,""synced"":true}",655,"SUCCESS","SYSTEM","2026-08-18 07:11:12.157"
910,"INGEST_AND_DECIDE","PROMOTE_TO_OPERATIONAL",2,"BILL_OF_LADING_EXTRACTED","{""procedure"":""SYNC_EXTRACTED_TO_BILL_OF_LADING"",""documents_promoted"":0}",159,"SUCCESS","SYSTEM","2026-08-18 07:11:12.652"
911,"FULL_PIPELINE_V2","DETECT_ANOMALIES",1,"AUTO,max=1","Scan completed",1036,"SUCCESS","SYSTEM","2026-08-18 07:11:14.160"
912,"INGEST_AND_DECIDE","EXTRACT_DOCUMENTS",1,"@LOGISTICS_STAGE","{""processed"":0,""errors"":0,""synced"":true}",663,"SUCCESS","SYSTEM","2026-08-18 07:16:12.466"
913,"INGEST_AND_DECIDE","PROMOTE_TO_OPERATIONAL",2,"BILL_OF_LADING_EXTRACTED","{""procedure"":""SYNC_EXTRACTED_TO_BILL_OF_LADING"",""documents_promoted"":0}",172,"SUCCESS","SYSTEM","2026-08-18 07:16:12.965"
914,"FULL_PIPELINE_V2","DETECT_ANOMALIES",1,"AUTO,max=1","Scan completed",1025,"SUCCESS","SYSTEM","2026-08-18 07:16:14.462"
1003,"INGEST_AND_DECIDE","EXTRACT_DOCUMENTS",1,"@LOGISTICS_STAGE","{""processed"":0,""errors"":0,""synced"":true}",668,"SUCCESS","SYSTEM","2026-08-18 07:21:12.337"
1004,"INGEST_AND_DECIDE","PROMOTE_TO_OPERATIONAL",2,"BILL_OF_LADING_EXTRACTED","{""procedure"":""SYNC_EXTRACTED_TO_BILL_OF_LADING"",""documents_promoted"":0}",160,"SUCCESS","SYSTEM","2026-08-18 07:21:12.858"
1005,"FULL_PIPELINE_V2","DETECT_ANOMALIES",1,"AUTO,max=1","Scan completed",967,"SUCCESS","SYSTEM","2026-08-18 07:21:14.320"
915,"INGEST_AND_DECIDE","EXTRACT_DOCUMENTS",1,"@LOGISTICS_STAGE","{""processed"":0,""errors"":0,""synced"":true}",638,"SUCCESS","SYSTEM","2026-08-18 07:26:12.431"
916,"INGEST_AND_DECIDE","PROMOTE_TO_OPERATIONAL",2,"BILL_OF_LADING_EXTRACTED","{""procedure"":""SYNC_EXTRACTED_TO_BILL_OF_LADING"",""documents_promoted"":0}",159,"SUCCESS","SYSTEM","2026-08-18 07:26:12.927"
917,"FULL_PIPELINE_V2","DETECT_ANOMALIES",1,"AUTO,max=1","Scan completed",977,"SUCCESS","SYSTEM","2026-08-18 07:26:14.390"
1006,"FULL_PIPELINE_V2","DETECT_ANOMALIES",1,"AUTO,max=1","Scan completed",952,"SUCCESS","CPHOA","2026-08-18 07:26:16.952"
918,"FULL_PIPELINE_V2","AI_INVESTIGATE",2,"alert=1240","decision=ESCALATE",5955,"SUCCESS","SYSTEM","2026-08-18 07:26:20.925"
919,"FULL_PIPELINE_V2","SANCTIONS_SCREEN",3,"Nike Vietnam","Completed",549,"SUCCESS","SYSTEM","2026-08-18 07:26:21.919"
920,"FULL_PIPELINE_V2","AUTO_REMEDIATE",4,"alert=1240,action=ESCALATE","Executed",1547,"SUCCESS","SYSTEM","2026-08-18 07:26:23.765"
921,"INGEST_AND_DECIDE","FRAUD_PIPELINE",3,"AUTO","{""workflow"":""FULL_PIPELINE_V2"",""status"":""COMPLETED"",""alerts_processed"":1,""decisions"":{""blocked"":0,""escalated"":1,""cleared"":0},""sap_posted"":0,""ai_decision"":""ESCALATE"",""ai_reason"":""The cost per kg band is ELEVATED_BETWEEN_5X_AND_10X_MEDIAN, which mandates escalation for human judgment."",""execution_ms"":10741}",10943,"SUCCESS","SYSTEM","2026-08-18 07:26:24.178"
1007,"FULL_PIPELINE_V2","AI_INVESTIGATE",2,"alert=1240","decision=ESCALATE",11290,"SUCCESS","CPHOA","2026-08-18 07:26:28.749"
1008,"FULL_PIPELINE_V2","SANCTIONS_SCREEN",3,"Nike Vietnam","Completed",493,"SUCCESS","CPHOA","2026-08-18 07:26:29.655"
1009,"FULL_PIPELINE_V2","AUTO_REMEDIATE",4,"alert=1240,action=ESCALATE","Executed",1097,"SUCCESS","CPHOA","2026-08-18 07:26:31.035"
1010,"INGEST_AND_DECIDE","EXTRACT_DOCUMENTS",1,"@LOGISTICS_STAGE","{""processed"":0,""errors"":0,""synced"":true}",671,"SUCCESS","CPHOA","2026-08-18 07:27:29.784"
1011,"INGEST_AND_DECIDE","PROMOTE_TO_OPERATIONAL",2,"BILL_OF_LADING_EXTRACTED","{""procedure"":""SYNC_EXTRACTED_TO_BILL_OF_LADING"",""documents_promoted"":0}",161,"SUCCESS","CPHOA","2026-08-18 07:27:30.234"
1012,"FULL_PIPELINE_V2","DETECT_ANOMALIES",1,"AUTO,max=1","Scan completed",961,"SUCCESS","CPHOA","2026-08-18 07:27:31.649"
1013,"FULL_PIPELINE_V2","AI_INVESTIGATE",2,"alert=1241","decision=ESCALATE",4250,"SUCCESS","CPHOA","2026-08-18 07:27:36.417"
1014,"FULL_PIPELINE_V2","SANCTIONS_SCREEN",3,"Foxconn Vietnam","Completed",442,"SUCCESS","CPHOA","2026-08-18 07:27:37.204"
1015,"FULL_PIPELINE_V2","AUTO_REMEDIATE",4,"alert=1241,action=ESCALATE","Executed",1159,"SUCCESS","CPHOA","2026-08-18 07:27:38.659"
1016,"INGEST_AND_DECIDE","FRAUD_PIPELINE",3,"AUTO","{""workflow"":""FULL_PIPELINE_V2"",""status"":""COMPLETED"",""alerts_processed"":1,""decisions"":{""blocked"":0,""escalated"":1,""cleared"":0},""sap_posted"":0,""ai_decision"":""ESCALATE"",""ai_reason"":""Cost per kg is elevated and falls within the ELEVATED_BETWEEN_5X_AND_10X_MEDIAN band."",""execution_ms"":8343}",8550,"SUCCESS","CPHOA","2026-08-18 07:27:39.057"
922,"INGEST_AND_DECIDE","EXTRACT_DOCUMENTS",1,"@LOGISTICS_STAGE","{""processed"":0,""errors"":0,""synced"":true}",713,"SUCCESS","SYSTEM","2026-08-18 07:31:12.452"
923,"INGEST_AND_DECIDE","PROMOTE_TO_OPERATIONAL",2,"BILL_OF_LADING_EXTRACTED","{""procedure"":""SYNC_EXTRACTED_TO_BILL_OF_LADING"",""documents_promoted"":0}",174,"SUCCESS","SYSTEM","2026-08-18 07:31:12.947"
924,"FULL_PIPELINE_V2","DETECT_ANOMALIES",1,"AUTO,max=1","Scan completed",1252,"SUCCESS","SYSTEM","2026-08-18 07:31:14.665"
925,"FULL_PIPELINE_V2","AI_INVESTIGATE",2,"alert=1242","decision=ESCALATE",6283,"SUCCESS","SYSTEM","2026-08-18 07:31:21.551"
926,"FULL_PIPELINE_V2","SANCTIONS_SCREEN",3,"Binh Tien Consumer","Completed",475,"SUCCESS","SYSTEM","2026-08-18 07:31:22.444"
927,"FULL_PIPELINE_V2","AUTO_REMEDIATE",4,"alert=1242,action=ESCALATE","Executed",1316,"SUCCESS","SYSTEM","2026-08-18 07:31:24.055"
928,"INGEST_AND_DECIDE","FRAUD_PIPELINE",3,"AUTO","{""workflow"":""FULL_PIPELINE_V2"",""status"":""COMPLETED"",""alerts_processed"":1,""decisions"":{""blocked"":0,""escalated"":1,""cleared"":0},""sap_posted"":0,""ai_decision"":""ESCALATE"",""ai_reason"":""ELEVATED_BETWEEN_5X_AND_10X_MEDIAN cost band"",""execution_ms"":11051}",11268,"SUCCESS","SYSTEM","2026-08-18 07:31:24.490"
1017,"INGEST_AND_DECIDE","EXTRACT_DOCUMENTS",1,"@LOGISTICS_STAGE","{""processed"":0,""errors"":0,""synced"":true}",701,"SUCCESS","SYSTEM","2026-08-18 07:36:12.294"
1018,"INGEST_AND_DECIDE","PROMOTE_TO_OPERATIONAL",2,"BILL_OF_LADING_EXTRACTED","{""procedure"":""SYNC_EXTRACTED_TO_BILL_OF_LADING"",""documents_promoted"":0}",175,"SUCCESS","SYSTEM","2026-08-18 07:36:12.843"
1019,"FULL_PIPELINE_V2","DETECT_ANOMALIES",1,"AUTO,max=1","Scan completed",1264,"SUCCESS","SYSTEM","2026-08-18 07:36:14.655"
1020,"FULL_PIPELINE_V2","AI_INVESTIGATE",2,"alert=1243","decision=ESCALATE",4652,"SUCCESS","SYSTEM","2026-08-18 07:36:19.937"
1021,"FULL_PIPELINE_V2","SANCTIONS_SCREEN",3,"Foxconn Vietnam","Completed",521,"SUCCESS","SYSTEM","2026-08-18 07:36:20.937"
1022,"FULL_PIPELINE_V2","AUTO_REMEDIATE",4,"alert=1243,action=ESCALATE","Executed",1387,"SUCCESS","SYSTEM","2026-08-18 07:36:22.643"
1023,"INGEST_AND_DECIDE","FRAUD_PIPELINE",3,"AUTO","{""workflow"":""FULL_PIPELINE_V2"",""status"":""COMPLETED"",""alerts_processed"":1,""decisions"":{""blocked"":0,""escalated"":1,""cleared"":0},""sap_posted"":0,""ai_decision"":""ESCALATE"",""ai_reason"":""Cost per kg is ELEVATED_BETWEEN_5X_AND_10X_MEDIAN"",""execution_ms"":9695}",9915,"SUCCESS","SYSTEM","2026-08-18 07:36:23.113"
1100,"INGEST_AND_DECIDE","EXTRACT_DOCUMENTS",1,"@LOGISTICS_STAGE","{""processed"":0,""errors"":0,""synced"":true}",1195,"SUCCESS","SYSTEM","2026-08-18 07:41:12.952"
1101,"INGEST_AND_DECIDE","PROMOTE_TO_OPERATIONAL",2,"BILL_OF_LADING_EXTRACTED","{""procedure"":""SYNC_EXTRACTED_TO_BILL_OF_LADING"",""documents_promoted"":0}",196,"SUCCESS","SYSTEM","2026-08-18 07:41:13.835"
1102,"FULL_PIPELINE_V2","DETECT_ANOMALIES",1,"AUTO,max=1","Scan completed",3665,"SUCCESS","SYSTEM","2026-08-18 07:41:18.018"
1103,"FULL_PIPELINE_V2","AI_INVESTIGATE",2,"alert=1400","decision=ESCALATE",5936,"SUCCESS","SYSTEM","2026-08-18 07:41:24.586"
1104,"FULL_PIPELINE_V2","SANCTIONS_SCREEN",3,"Panasonic Vietnam","Completed",576,"SUCCESS","SYSTEM","2026-08-18 07:41:25.607"
1105,"FULL_PIPELINE_V2","AUTO_REMEDIATE",4,"alert=1400,action=ESCALATE","Executed",1408,"SUCCESS","SYSTEM","2026-08-18 07:41:27.371"
1106,"INGEST_AND_DECIDE","FRAUD_PIPELINE",3,"AUTO","{""workflow"":""FULL_PIPELINE_V2"",""status"":""COMPLETED"",""alerts_processed"":1,""decisions"":{""blocked"":0,""escalated"":1,""cleared"":0},""sap_posted"":0,""ai_decision"":""ESCALATE"",""ai_reason"":""The cost per kg band is ELEVATED, which mandates escalation for human judgment."",""execution_ms"":13450}",13689,"SUCCESS","SYSTEM","2026-08-18 07:41:27.839"
929,"INGEST_AND_DECIDE","EXTRACT_DOCUMENTS",1,"@LOGISTICS_STAGE","{""processed"":0,""errors"":0,""synced"":true}",782,"SUCCESS","SYSTEM","2026-08-18 07:46:12.279"
930,"INGEST_AND_DECIDE","PROMOTE_TO_OPERATIONAL",2,"BILL_OF_LADING_EXTRACTED","{""procedure"":""SYNC_EXTRACTED_TO_BILL_OF_LADING"",""documents_promoted"":0}",165,"SUCCESS","SYSTEM","2026-08-18 07:46:12.780"
931,"FULL_PIPELINE_V2","DETECT_ANOMALIES",1,"AUTO,max=1","Scan completed",1063,"SUCCESS","SYSTEM","2026-08-18 07:46:14.326"
932,"FULL_PIPELINE_V2","AI_INVESTIGATE",2,"alert=1401","decision=ESCALATE",11005,"SUCCESS","SYSTEM","2026-08-18 07:46:25.891"
933,"FULL_PIPELINE_V2","SANCTIONS_SCREEN",3,"Trung Nguyen Coffee","Completed",464,"SUCCESS","SYSTEM","2026-08-18 07:46:26.747"
934,"FULL_PIPELINE_V2","AUTO_REMEDIATE",4,"alert=1401,action=ESCALATE","Executed",1291,"SUCCESS","SYSTEM","2026-08-18 07:46:28.357"
935,"INGEST_AND_DECIDE","FRAUD_PIPELINE",3,"AUTO","{""workflow"":""FULL_PIPELINE_V2"",""status"":""COMPLETED"",""alerts_processed"":1,""decisions"":{""blocked"":0,""escalated"":1,""cleared"":0},""sap_posted"":0,""ai_decision"":""ESCALATE"",""ai_reason"":""Cost per kg is elevated and requires human judgment."",""execution_ms"":15525}",15725,"SUCCESS","SYSTEM","2026-08-18 07:46:28.815"
936,"INGEST_AND_DECIDE","EXTRACT_DOCUMENTS",1,"@LOGISTICS_STAGE","{""processed"":0,""errors"":0,""synced"":true}",696,"SUCCESS","SYSTEM","2026-08-18 07:51:12.276"
937,"INGEST_AND_DECIDE","PROMOTE_TO_OPERATIONAL",2,"BILL_OF_LADING_EXTRACTED","{""procedure"":""SYNC_EXTRACTED_TO_BILL_OF_LADING"",""documents_promoted"":0}",155,"SUCCESS","SYSTEM","2026-08-18 07:51:12.765"
938,"FULL_PIPELINE_V2","DETECT_ANOMALIES",1,"AUTO,max=1","Scan completed",973,"SUCCESS","SYSTEM","2026-08-18 07:51:14.438"
939,"FULL_PIPELINE_V2","AI_INVESTIGATE",2,"alert=1402","decision=ESCALATE",3758,"SUCCESS","SYSTEM","2026-08-18 07:51:18.788"
940,"FULL_PIPELINE_V2","SANCTIONS_SCREEN",3,"Panasonic Vietnam","Completed",425,"SUCCESS","SYSTEM","2026-08-18 07:51:19.648"
941,"FULL_PIPELINE_V2","AUTO_REMEDIATE",4,"alert=1402,action=ESCALATE","Executed",1365,"SUCCESS","SYSTEM","2026-08-18 07:51:21.363"
942,"INGEST_AND_DECIDE","FRAUD_PIPELINE",3,"AUTO","{""workflow"":""FULL_PIPELINE_V2"",""status"":""COMPLETED"",""alerts_processed"":1,""decisions"":{""blocked"":0,""escalated"":1,""cleared"":0},""sap_posted"":0,""ai_decision"":""ESCALATE"",""ai_reason"":""Cost per kg is elevated and requires human judgment."",""execution_ms"":8516}",8721,"SUCCESS","SYSTEM","2026-08-18 07:51:21.797"
1107,"INGEST_AND_DECIDE","EXTRACT_DOCUMENTS",1,"@LOGISTICS_STAGE","{""processed"":0,""errors"":0,""synced"":true}",734,"SUCCESS","SYSTEM","2026-08-18 07:56:12.252"
1108,"INGEST_AND_DECIDE","PROMOTE_TO_OPERATIONAL",2,"BILL_OF_LADING_EXTRACTED","{""procedure"":""SYNC_EXTRACTED_TO_BILL_OF_LADING"",""documents_promoted"":0}",191,"SUCCESS","SYSTEM","2026-08-18 07:56:12.810"
1109,"FULL_PIPELINE_V2","DETECT_ANOMALIES",1,"AUTO,max=1","Scan completed",1158,"SUCCESS","SYSTEM","2026-08-18 07:56:14.488"
1110,"FULL_PIPELINE_V2","AI_INVESTIGATE",2,"alert=1403","decision=ESCALATE",22587,"SUCCESS","SYSTEM","2026-08-18 07:56:37.698"
1111,"FULL_PIPELINE_V2","SANCTIONS_SCREEN",3,"Phong Phu Garment","Completed",576,"SUCCESS","SYSTEM","2026-08-18 07:56:38.825"
1112,"FULL_PIPELINE_V2","AUTO_REMEDIATE",4,"alert=1403,action=ESCALATE","Executed",1359,"SUCCESS","SYSTEM","2026-08-18 07:56:40.510"
1113,"INGEST_AND_DECIDE","FRAUD_PIPELINE",3,"AUTO","{""workflow"":""FULL_PIPELINE_V2"",""status"":""COMPLETED"",""alerts_processed"":1,""decisions"":{""blocked"":0,""escalated"":1,""cleared"":0},""sap_posted"":0,""ai_decision"":""ESCALATE"",""ai_reason"":""Cost per kg is elevated and requires human judgment."",""execution_ms"":27642}",27863,"SUCCESS","SYSTEM","2026-08-18 07:56:40.998"
943,"INGEST_AND_DECIDE","EXTRACT_DOCUMENTS",1,"@LOGISTICS_STAGE","{""processed"":0,""errors"":0,""synced"":true}",672,"SUCCESS","SYSTEM","2026-08-18 08:01:12.360"
944,"INGEST_AND_DECIDE","PROMOTE_TO_OPERATIONAL",2,"BILL_OF_LADING_EXTRACTED","{""procedure"":""SYNC_EXTRACTED_TO_BILL_OF_LADING"",""documents_promoted"":0}",175,"SUCCESS","SYSTEM","2026-08-18 08:01:12.869"
945,"FULL_PIPELINE_V2","DETECT_ANOMALIES",1,"AUTO,max=1","Scan completed",1036,"SUCCESS","SYSTEM","2026-08-18 08:01:14.399"
946,"FULL_PIPELINE_V2","AI_INVESTIGATE",2,"alert=1404","decision=ESCALATE",143903,"SUCCESS","SYSTEM","2026-08-18 08:03:38.885"
947,"FULL_PIPELINE_V2","SANCTIONS_SCREEN",3,"Phong Phu Garment","Completed",428,"SUCCESS","SYSTEM","2026-08-18 08:03:39.750"
948,"FULL_PIPELINE_V2","AUTO_REMEDIATE",4,"alert=1404,action=ESCALATE","Executed",1273,"SUCCESS","SYSTEM","2026-08-18 08:03:41.354"
949,"INGEST_AND_DECIDE","FRAUD_PIPELINE",3,"AUTO","{""workflow"":""FULL_PIPELINE_V2"",""status"":""COMPLETED"",""alerts_processed"":1,""decisions"":{""blocked"":0,""escalated"":1,""cleared"":0},""sap_posted"":0,""ai_decision"":""ESCALATE"",""ai_reason"":""ELEVATED_BETWEEN_5X_AND_10X_MEDIAN"",""execution_ms"":148398}",148608,"SUCCESS","SYSTEM","2026-08-18 08:03:41.787"
950,"INGEST_AND_DECIDE","EXTRACT_DOCUMENTS",1,"@LOGISTICS_STAGE","{""processed"":0,""errors"":0,""synced"":true}",600,"SUCCESS","SYSTEM","2026-08-18 08:06:12.301"
951,"INGEST_AND_DECIDE","PROMOTE_TO_OPERATIONAL",2,"BILL_OF_LADING_EXTRACTED","{""procedure"":""SYNC_EXTRACTED_TO_BILL_OF_LADING"",""documents_promoted"":0}",160,"SUCCESS","SYSTEM","2026-08-18 08:06:12.767"
952,"FULL_PIPELINE_V2","DETECT_ANOMALIES",1,"AUTO,max=1","Scan completed",961,"SUCCESS","SYSTEM","2026-08-18 08:06:14.181"
953,"FULL_PIPELINE_V2","AI_INVESTIGATE",2,"alert=1405","decision=ESCALATE",5611,"SUCCESS","SYSTEM","2026-08-18 08:06:20.337"
954,"FULL_PIPELINE_V2","SANCTIONS_SCREEN",3,"Nike Vietnam","Completed",437,"SUCCESS","SYSTEM","2026-08-18 08:06:21.190"
955,"FULL_PIPELINE_V2","AUTO_REMEDIATE",4,"alert=1405,action=ESCALATE","Executed",1314,"SUCCESS","SYSTEM","2026-08-18 08:06:22.789"
956,"INGEST_AND_DECIDE","FRAUD_PIPELINE",3,"AUTO","{""workflow"":""FULL_PIPELINE_V2"",""status"":""COMPLETED"",""alerts_processed"":1,""decisions"":{""blocked"":0,""escalated"":1,""cleared"":0},""sap_posted"":0,""ai_decision"":""ESCALATE"",""ai_reason"":""ELEVATED_BETWEEN_5X_AND_10X_MEDIAN"",""execution_ms"":9965}",10163,"SUCCESS","SYSTEM","2026-08-18 08:06:23.214"
957,"INGEST_AND_DECIDE","EXTRACT_DOCUMENTS",1,"@LOGISTICS_STAGE","{""processed"":0,""errors"":0,""synced"":true}",671,"SUCCESS","SYSTEM","2026-08-18 08:11:12.327"
958,"INGEST_AND_DECIDE","PROMOTE_TO_OPERATIONAL",2,"BILL_OF_LADING_EXTRACTED","{""procedure"":""SYNC_EXTRACTED_TO_BILL_OF_LADING"",""documents_promoted"":0}",167,"SUCCESS","SYSTEM","2026-08-18 08:11:12.814"
959,"FULL_PIPELINE_V2","DETECT_ANOMALIES",1,"AUTO,max=1","Scan completed",1219,"SUCCESS","SYSTEM","2026-08-18 08:11:14.505"
960,"FULL_PIPELINE_V2","AI_INVESTIGATE",2,"alert=1406","decision=ESCALATE",15809,"SUCCESS","SYSTEM","2026-08-18 08:11:30.874"
961,"FULL_PIPELINE_V2","SANCTIONS_SCREEN",3,"ABC Electronics Vietnam","Completed",508,"SUCCESS","SYSTEM","2026-08-18 08:11:31.809"
962,"FULL_PIPELINE_V2","AUTO_REMEDIATE",4,"alert=1406,action=ESCALATE","Executed",1293,"SUCCESS","SYSTEM","2026-08-18 08:11:33.397"
963,"INGEST_AND_DECIDE","FRAUD_PIPELINE",3,"AUTO","{""workflow"":""FULL_PIPELINE_V2"",""status"":""COMPLETED"",""alerts_processed"":1,""decisions"":{""blocked"":0,""escalated"":1,""cleared"":0},""sap_posted"":0,""ai_decision"":""ESCALATE"",""ai_reason"":""The cost per kg is elevated, requiring human judgement."",""execution_ms"":20506}",20714,"SUCCESS","SYSTEM","2026-08-18 08:11:33.816"
964,"INGEST_AND_DECIDE","EXTRACT_DOCUMENTS",1,"@LOGISTICS_STAGE","{""processed"":0,""errors"":0,""synced"":true}",677,"SUCCESS","SYSTEM","2026-08-18 08:16:12.412"
965,"INGEST_AND_DECIDE","PROMOTE_TO_OPERATIONAL",2,"BILL_OF_LADING_EXTRACTED","{""procedure"":""SYNC_EXTRACTED_TO_BILL_OF_LADING"",""documents_promoted"":0}",172,"SUCCESS","SYSTEM","2026-08-18 08:16:12.909"
966,"FULL_PIPELINE_V2","DETECT_ANOMALIES",1,"AUTO,max=1","Scan completed",1020,"SUCCESS","SYSTEM","2026-08-18 08:16:14.418"
967,"FULL_PIPELINE_V2","AI_INVESTIGATE",2,"alert=1407","decision=ESCALATE",5707,"SUCCESS","SYSTEM","2026-08-18 08:16:20.676"
968,"FULL_PIPELINE_V2","SANCTIONS_SCREEN",3,"Trung Nguyen Coffee","Completed",470,"SUCCESS","SYSTEM","2026-08-18 08:16:21.537"
969,"FULL_PIPELINE_V2","AUTO_REMEDIATE",4,"alert=1407,action=ESCALATE","Executed",1333,"SUCCESS","SYSTEM","2026-08-18 08:16:23.177"
970,"INGEST_AND_DECIDE","FRAUD_PIPELINE",3,"AUTO","{""workflow"":""FULL_PIPELINE_V2"",""status"":""COMPLETED"",""alerts_processed"":1,""decisions"":{""blocked"":0,""escalated"":1,""cleared"":0},""sap_posted"":0,""ai_decision"":""ESCALATE"",""ai_reason"":""The cost per kg band is ELEVATED_BETWEEN_5X_AND_10X_MEDIAN, which mandates escalation for human judgment."",""execution_ms"":10220}",10434,"SUCCESS","SYSTEM","2026-08-18 08:16:23.645"
1114,"TASK_PROCESS_NEW_BL","CONSUME_NEW_PDF_STREAM",0,"new_files=28","stream offset advanced",0,"SUCCESS","SYSTEM","2026-08-18 08:21:59.097"
1115,"INGEST_AND_DECIDE","EXTRACT_DOCUMENTS",1,"@LOGISTICS_STAGE","{""processed"":0,""errors"":0,""synced"":true}",850,"SUCCESS","SYSTEM","2026-08-18 08:22:00.722"
1116,"INGEST_AND_DECIDE","PROMOTE_TO_OPERATIONAL",2,"BILL_OF_LADING_EXTRACTED","{""procedure"":""SYNC_EXTRACTED_TO_BILL_OF_LADING"",""documents_promoted"":0}",208,"SUCCESS","SYSTEM","2026-08-18 08:22:01.284"
1117,"FULL_PIPELINE_V2","DETECT_ANOMALIES",1,"AUTO,max=1","Scan completed",3488,"SUCCESS","SYSTEM","2026-08-18 08:22:05.428"
1120,"FULL_PIPELINE_V2","AUTO_REMEDIATE",4,"alert=1408,action=ESCALATE","Executed",1499,"SUCCESS","SYSTEM","2026-08-18 08:22:13.236"
1121,"INGEST_AND_DECIDE","FRAUD_PIPELINE",3,"AUTO","{""workflow"":""FULL_PIPELINE_V2"",""status"":""COMPLETED"",""alerts_processed"":1,""decisions"":{""blocked"":0,""escalated"":1,""cleared"":0},""sap_posted"":0,""ai_decision"":""ESCALATE"",""ai_reason"":""Cost per kg is elevated and falls between 5x and 10x the median."",""execution_ms"":11800}",12090,"SUCCESS","SYSTEM","2026-08-18 08:22:13.767"
1122,"TASK_COMPLIANCE_CHECK","CONSUME_BL_COMPLIANCE_STREAM",0,"queued=1","checked=1",0,"SUCCESS","SYSTEM","2026-08-18 08:26:18.620"
1123,"TASK_FRAUD_SCAN","CONSUME_BL_CHANGE_STREAM",0,"changed_rows=0","stream offset advanced",0,"SUCCESS","SYSTEM","2026-08-18 08:27:26.223"
1025,"TASK_NOTIFY_HIGH_FRAUD","CONSUME_FRAUD_NOTIFY_STREAM",0,"changed_alerts=8","stream offset advanced",0,"SUCCESS","SYSTEM","2026-08-18 08:27:37.304"
1026,"TASK_AI_EXPLAIN_ANOMALY","CONSUME_FRAUD_EXPLAIN_STREAM",0,"changed_alerts=8","stream offset advanced",0,"SUCCESS","SYSTEM","2026-08-18 08:27:52.309"
1027,"TASK_COMPLIANCE_CHECK","CONSUME_BL_COMPLIANCE_STREAM",0,"queued=10016","checked=5",0,"SUCCESS","SYSTEM","2026-08-18 17:26:24.993"
971,"TASK_COMPLIANCE_CHECK","CONSUME_BL_COMPLIANCE_STREAM",0,"queued=0","checked=5",0,"SUCCESS","SYSTEM","2026-08-18 17:56:24.302"
972,"TASK_COMPLIANCE_CHECK","CONSUME_BL_COMPLIANCE_STREAM",0,"queued=0","checked=5",0,"SUCCESS","SYSTEM","2026-08-18 18:26:24.237"
1028,"TASK_AI_EXPLAIN_ANOMALY","CONSUME_FRAUD_EXPLAIN_STREAM",0,"changed_alerts=2","stream offset advanced",0,"SUCCESS","SYSTEM","2026-08-18 18:27:52.854"
974,"TASK_COMPLIANCE_CHECK","CONSUME_BL_COMPLIANCE_STREAM",0,"queued=0","checked=5",0,"SUCCESS","SYSTEM","2026-08-18 18:56:25.632"
1300,"TASK_COMPLIANCE_CHECK","CONSUME_BL_COMPLIANCE_STREAM",0,"queued=0","checked=5",0,"SUCCESS","SYSTEM","2026-08-18 19:26:26.960"
1400,"TASK_REFRESH_PDF_URLS","CONSUME_EXTRACTED_DOCS_STREAM",0,"changed_docs=0","stream offset advanced",0,"SUCCESS","SYSTEM","2026-08-18 21:00:02.794"
1125,"TASK_FRAUD_SCAN","CONSUME_BL_CHANGE_STREAM",0,"changed_rows=1","stream offset advanced",0,"SUCCESS","SYSTEM","2026-08-18 21:10:01.753"
1500,"TASK_FRAUD_SCAN","CONSUME_BL_CHANGE_STREAM",0,"changed_rows=2","stream offset advanced",0,"SUCCESS","SYSTEM","2026-08-18 22:10:01.583"
